,0,1,2
0,폴드2 찬양...,"질문/추천 금지 X



 














​​폴드2 자급제 실사용 2달째ㅎㅎㅎㅎㅎ너무 편하고 뿌듯하고 좋습니다​그 외 아이패드 4세대 및 버즈 워치!​버즈 워치 호환성은 말할 것도 없구 워치4는 조금 바꿔보고 싶네요.​폴드3나오기 직전 구매한거지만 전혀 후회없이 사용할 것 같네요😊😊😊",2021.08.12. 22:17
1,폴드2 벌써 1년되가네요,"질문/추천 금지 X



 

























폴드2구입한지벌써 1년이다되어가네요그래서 케이스교체한번해봤네요ㅎㅎ벌써 3년이 넘어가는 기어s3 이것도 케이스교체하니 쫌  고급스러워진느낌ㅎㅎ사용후기는 좀 무거운거빼고는 넘 좋네요 화면도크고 저는 앞으로 폴드계열만 쭉~~쓸것같네요 ㅎㅎ",2021.08.11. 21:26
2,제가 생각하는 폴드2의 최대 강점들,딴거 다 모르겠고 십수년간 스마트폰 써본 중에 가장 만족하는 점이 세 가지인데요​하나는 압도적인 스피커 음량입니다.사람없는 야외에서 스피커로 유튜브 등을 보는데요. 대부분의 경우 최대 음량을 안해도 원하는 소리가 나옵니다.이게 정말큰데 다른건 듣다가 폰을 귀에 가져다 대곤 했었는데요.이건 양쪽에서 서라운드로 들려주는데 손에 잔잔한 진동도 느껴지고 ㅎㅎ정말 만족하는 부분입니다.​다른 하나는 또 압도적인 배터리 용량배터리때문에 받는 스트레스가 많이 줄었어요특별한 경우 아니면 하루종일 쓰는데 문제 없구요. 중간중간 충전하면 충전속도도 빨라 금방 퍼센트 올라가구요예전엔 술마시고 모임있고 이럼 배터리 관리를 미리미리 신경써서 해야하고 또 배터리 모자라 삼성페이 결제 못하기도하구요. 그랬는데 이 폰을 사고는 이런 일이 한 번도 없습니다. 뭐 코로나 영향도 있긴 하겠지만요​세번째는 속도입니다.제가 256기가 중 245기가 정도 쓰고 있는데요용량이 없어 조절은 하지만 그거때문에 느려졌다는 느낌이 1도 없습니다.아무렇게나 써도 그걸 채워주는 압도적인 속도 ... 캬 이런 만족감이 또 없어요 ㅎㅎ​단점이라 생각하는 부분이 몇가지 있지만 이런 장점들 때문에라도 당분간은 폴드를 벗어나긴 어려울 것 같아요.,2021.08.11. 03:56
3,갤럭시Z폴드2 후기 3~4달 써봄,질문/추천 금지 X​​장점​1. 성능 좋음 느리다는 느낌이 전혀 없음​2. 펼쳐지는 디스플레이로 인해 동영상 시청시 매우 만족함​3. 애플에 없는 삼성페이​​​단점​1. 무거움 매우 무거움 흉기로 쓰기 딱 좋음​2. 화면비가 좀 아쉽다​3. 수리비가 비쌈 / 내부액정 파손으로 56만 8천원 냈음​4. 생각보다 내구성이 떨어진다(내부 패널)​​​결론은 폴드2 사지마세요​폴드3는 써봐야 알겠지만 내구성 ㅈ망입니다​원래 아이폰 유저로 폴더블폰을 써보고 싶어서 아이폰 약정상태라 폴드2 자급제로 그냥 긁음​​​처음에는 무겁지만 점점 적응되고 화면 넓은것도 매우 만족스러웠음​근데 3달쯤 썼을까..​갑자기 내부액정에 가운데 1자로 실기스가 쭉 가있길래​뭔가 하고 그냥 썼음​근데 며칠 지나니까 그부분이 검은색으로 바가 쭉 생기고 화면 안나오고 터치도 안됨(외부 액정 정상)​​외부 파손도 안됐는데 내부액정이 나가버리니까 황당했음​무상으로 서비스 될까 했는데 안되더라..^^​그자리에서 폰 집어던지고 올려다 참고​수리해서 그냥 팔아버리기로 맘먹었음​​새거사서 3달만에 내부액정이 나가버리는데 또 3달뒤에 57만원가량 수리비를 들어서 고쳐 써야하나?​이런 쓰레기같은 물건이 있을까 약간 생각하고 중고로 싸게 팔아버림​​아 그리고 중고가 방어도 그지같이 안되는게 이 폰의 단점임​자급제로 180주고 사서 3달후 57만 들여서 수리​그리고 중고 100에 팔음 ​감가 80에 수리비 57​180만원짜리 물건이 3달만에 43만원이 되어버리는 마법​​이런 쓰레기같은거 쓰지마세요​아무리 애국심으로 팔아줘야한다고 하지만 ​잠깐 삼성에 속은 내가 잘못임​​앞으로 내 인생에 삼성폰은 없다​​​​​,2021.08.10. 12:47
4,폴드2 브론즈 박스풀 a급 인데,질문/추천 금지 X​아이폰12프로맥스로 교환하고 싶은데요세 두폰 모두 시세가 어떻게되나요? 폴드2는 사전예약때 자급제로 구매하였습니다.무거워서 손목이 날라갈거같네요,2021.08.09. 10:47
5,폴드3로 넘어가기 전 폴드2 후기,"(슬림아머프로는 폴드2 케이스 중 가장 완벽한 듯)​​지난주에 중고로 업어와서 잘 쓰고 있습니다.​결론부터 말하자면 무게, 접었을 때 두꺼운 두께 빼곤 만족한다는 것입니다.앞으로 폴드시리즈의 가장 큰 과제는 경량화, 그리고 소형화라 봅니다.다행히(?) 폴드3에선 더 완벽히 접히고 두께도 더 얇아진다 하니 기대해 보고요.​​우선 장점부터 말하자면​1. 접었을 때 가로 길이가 짧다.제가 가장 만족한 부분입니다. 폴드라고 항상 펼쳐서 쓰진 않죠.제 사용패던 특성상 60~70%는 접어서 씁니다. 잠깐 카톡이나 인터넷하는데 펼쳐보긴 그렇잖아요?접었을 때 가로길이가 짧아 S21U는 물론 Z플립보다도 한손조작이 용이하다는 것이죠.진짜 후속작에서 무게만 더 가벼우면 계속 쓸 의향 있으니 S21U처럼 다시 돼지 만들면 안됩니다.​2. 펼칠 때 그 맛!그 예전에 갤럭시탭 7인치짜리 나왔을 때 아시려나? 모 드라마에서 그걸로 귀에 대고 전화하는 거?어쩌면 삼성은 태블릿을 전화기처럼 쓰게 만들고 싶었을지도요.영상 볼 때는 그렇게 막 좋진 않으나 PDF파일, 만화 등을 보기 좋습니다.엣지 패널을 이용하면 멀티태스킹도 무난히 가능하고요.(S펜까지 되면 진짜 요긴하게 쓸 수 있을 듯)​​​단점은​1. 돼지(툭히 갑옷 씌우면 오크 그 자체)제발 경량화! 제발 다이어트! 제발 슬림화!나랑 같이 다이어트 좀 하자!​2. 유리대포아직은 조심스렇게 써야겠지요. 보험은 필수랍니다.​3. 소프트웨어이건 현 삼성의 문제점입니다. 옴레기시절이 그렇게 그립습니까?서드파티 호환성이야 그렇다 쳐도 기본어플 광고가 너무 크게 보이잖소!​​전 12일이 되자마자 실물 확인하고 512GB모델을 살 것 같습니다.필자는 애플은 써본 적이 없는만큼 삼성이 정신차려서 잘 됐으면 합니다.애플껀 쓰기 싫은데 자꾸 이러면 애플로 갈아탈지도 모른다 이 말입니다.",2021.08.08. 08:54
6,s21울트라에서 넘어왔습니다.,질문/추천 금지 X​s21울트라 사용하다가 발열때문에 폴드2로 넘어왔는데 신세계네요....​중고로 싸게 넘어왔는데 3 나오면 바로 넘어가야겠습니다.​아쉬운점이라면 작은화면 120주사율이 아니라는점인데 3에서 이부분이 해결된다니 정말 기대됩니다.​왜 이제서야 폴드로 넘어왔나 후회되네요,2021.08.07. 09:22
7,예판 때 부터 쓴 폴드2 지금까지 굴려본 후기,"폴드2 액정 내구성 때문에 구입을 고려하시는 분들에게저는 생각 보다 튼튼하다고 말씀드리고 싶습니다​제가 휴대폰을 정말 자주 떨어뜨리는 편인데다다른건 몰라도 액정에 금가거나 깨지면 너무 신경쓰여서 무조건 바로 교환하는지라 폴드2 살때 고민을 좀 했었는데요역시나 비싼 폰 산다해서 떨어뜨리는 습관이 사라지진 않더군요​보통 1주에 두세번은 떨어뜨리는 편인데요폴드2 구입 후 애지중지 하다 한달도 안되서정면 베젤이 휘어버리는 사태가 발생하였습니다​아래 사진 처럼 말이죠



 

























​이걸 손보고 싶어서 센터에 갔더니 전면 베젤이 액정과 일체형이라교환하려면 액정까지 싹 갈아야 한다고 하더라고요​아무리 삼케플이 있어도 좀 아니다 싶어서이왕 베젤 찌그러진거 액정 깨질 때 까지마음 편하게 쓰다 액정 깨지면 싹 갈아버리자 했던게 지금 까지 왔네요 ㅎㅎ​하도 많이 떨어뜨리다 보니 여기저기 찍히고 벋겨지고 갈리고 바디 자체는 손상이 많이 됐는데 액정이 멀쩡한게 너무나도 의외라서 한번 끄적여봤습니다",2021.08.04. 22:32
8,"30분(...) 폴드2 후기(과거 S21U, 현 Z플립 사용자)",Z플립3냐 Z폴드3냐 고민하던 찰나이 참에(?) 중고로 폴드2 샀습니다.(플립은 이미 사서 쓰는 중)​결론부터 말하자면 무게만 제외하면 아주 좋다는 겁니다.​전 한손조작을 선호하는데 폴드2 접힌화면은그 특성상 한손컨트롤이 용이합니다.게다가 길쭉해서 손에 꽉 쥐고 휴대하기엔 S21U보다 좋습니다.​펼쳤을 때는 동영상만 보는 건 그렇게 좋진 않지만유튜브 보며 댓글을 보거나 인터넷 하기엔 괜찮네요. ​30분 뿐이라 이 정도입니다.​,2021.08.04. 22:31
9,약 8개월정도 폴드2  쓴 후기입니다,질문/추천 금지 X​지금까지는 삼성폰 계속 사용했고 마지막폰이 z폴드2였습니다a7 노트10 s20플러스 z폴드2 이렇게 사용해봤고 어떻게보면 삼성의 거의 모든 라인을 다 사용해봤습니다 가장만족했던거는 s20 플러스 이고요​폴드2  좋은 폰입니다 단점이 있긴하지만 애초에 저한테는 이런 폼팩터 자체만으로도 매우 큰 장점이였기에 구매했는데 장점은 화면이 크다 120hz 정도?(이건 요즘 다들어가있긴합니다)​번외-은근히 방수가 된다? 아주 약간은 방수가 되는것 같습니다 샤워할때 수증기나 위에서 약간 물 흘렸을때 정도?간단하게 되긴합니다만 조십합니다​단점 1.무겁다.두껍다 그냥 말그대로 손목 나갈뻔했습니다 유튜브나 넷플릭스 볼때는 엄청 좋지만 손목이 힘들어하네요2.방수방진 없음 이건 뭐 그렇다 칩시다3.카메라 성능 이건 사람취향이란게 있을수도 있으나 저한테는 s20plus보다 더 안좋았습니다 삼성의 최고급 라인인데 카메라 성능은 좀 아쉬웠습니다4. 외부 액정120hz 없음 이것도 진짜 역체감이 너무 심합니다 간단하게 볼때 외부화면으로 보는데 답답합니다5.여기서부터는  삼성폰의 공통?단점이겠네요기본앱 광고 ** 진짜 폴드2 는 갤럭시 스토어? 같은데 들어가면 광고가 너무 크게 보입니다 간간히 삼성멤버스에서도 광고 알림이 오기도 하고요(이건 귀찮아서 안끈것도 있긴합니다 ㅋㅋ)6. 뭐만 하면 할인 출고가240짜리가 지금은 폴드3때문에 떡락한건 뭐 어쩔수없는데 그전부터 계속 할인해주고 ㅋㅋㅋ 사전예약한분들이나 초기에 구매하신분들은 상대적 박탈감 지릴거같네요​결론 영상을 ㅈㄴ많이 본다=산다그 외에는 폴드3 가 나오긴하는데 아마 무게.두께에서 혁신이 나오진 않는이상 삼성의 주력 플래그쉽  자리는 힘들거 같네요 upc도 1세대라 그닥 기대를 안하지만 방수지원은 꽤 크네요,2021.07.31. 18:40
10,폴드는 폴드다.,"질문/추천 금지 X​노트10 플러스로 버티고 버티다가 폴드2로 기변한지 2달이 넘어 가내요.​폴드1 출시 됐을때는 첫 모델이여서 고가의 금액과 함께  망설였다가 폴드3가 출시 얘가 솔솔 나오던 4월말에 폴드2를 구입한 이유는 출시가가 많이 떨어져서 이제는 구입 할 만 하구나 싶은 마음에 구입을 했었내요.​폴드3가 터치펜이 되고, 조금 더 두께가 얇게 출시된다 하지만 아직까진 제 눈엔 이뻐 보이내요.​워치와 버즈라이브까지 함께하면 든든한 깔맞춤 아이템 입니다.



 














​",2021.07.13. 01:07
11,폴드2 막차탔습니다!!,"질문/추천 금지 X​갤럭시클럽의 마지막으로 노트울트라20으로 변경하는데처음부터 폰에 정이 안가더라구요ㅠ​10개월? 11개월? 정도를 아아 싫어싫어 하면서꾸역꾸역 쓰다가결국엔 이번에 출고가도 떨어지고 노울이 중고값이 생각보다 잘나와서기변해버렸습니다ㅠ​첨엔 폴드3에 마이크로sd카드 슬롯이 추가되면 어쩌지 하다가분위기생 이번에도 안들어갈거 같고제 값 다주고 폴드3냐, 금액이 싼 폴드2냐 재고재고 또 재다가폴드4를 기약하며폴드2 막차를 탔습니다!!​외부 액정도 시원시원하게 하나의 스마트폰과 같아서 좋고내부 액정은 뭐 말할것도 없네요👍👍다만 첫 쿼티키보드를 쓰는 거라ㅠ 이 부분은 차츰 적응해나가야겠습니다ㅠ​많은 지도 편달 부탁드리겠습니다🙇‍♂️🙇‍♂️",2021.07.05. 10:10
12,폴드2 부작용,"질문/추천 금지 X​사전예약으로 구매해서 약 1년 좀 안되게 사용 중인데,​정말 다 좋아요.. 근데 무게가 너무 무거워요.​​1년 가까이 사용하면서 오른쪽 손목이 많이 안좋아졌네요...​손목이 너무 아파서 병원까지 다녀왔어요.​유저마다 사용법이나 패턴에 따라 다를수도 있겠지만 구매하시기 전에 참고한번 하세요.",2021.07.04. 07:27
13,너무좋아요 폴드2,질문/추천 금지 X저번주입문했는데 폴드2너무좋네요다신기합니다,2021.07.03. 21:12
14,갓 삼성 충성하겠음,질문/추천 금지 X사고 한 두달댓나요?아침에 일어나서 화면을 피니 쩌저적 소리와 함께 가운데 줄이 쫘악ㅎ​그래서 섭센 갔더니 배터리까지 무상 싹교체... 아 애플 버리기 잘했다 갓삼성,2021.06.19. 12:16
15,폴드2 미스틱브론즈 자급제 일주일째 사용중!,"질문/추천 금지 X



 














이걸 왜 이제 샀나싶네요... 엄청 이쁘고 엄청 편하고... 품위있어버리고...내외부 지문방지 필름만 붙여서 생폰으로 사용중입니다 ㅎㅎ​사진찍은폰은 서브폰인 포코폰입니다​",2021.06.17. 16:52
16,방금 돈주고 액정 필름 갈구 왔는데,"폰질문금지, 판매글금지, 추천인(수익)글 금지, ​내부액정필름에서 약간 고무 비슷한 냄새가 좀 나네요...지난번에 쿠폰으로 필름 갈때는 냄새가 없었는데...이게 뭐가 좀 바뀌었나 봅니다.물어보니 두께가 좀 두꺼워졌다고는 하고 자세한건 모르겠다 하시더군요.​아, 외부액정은 냄새 안나네요.참조하세요",2021.06.05. 11:49
17,폴드2를 잘샀다고 생각되는 시점,"질문/추천 금지 X



 

























꿀",2021.06.05. 10:43
18,폴드 사용후기,질문/추천 금지 X폴드요플 기변으로  44에 구매해고  장장44일 기다려서받은 애증의 폴드2 구매전이 ㅅㅍㄱ 에서 케이스 진즉에 주문하고 ㅋㅇㅇ 에서 필름 구매라고케이스는 폴드2 오자마자 바로 끼웠고 필름은 기존에 붙어있는거 써서 아직 안붙였어요.​일단 무게감은 있어요 하지만 들고다니기 힘들정도는 아닙니다.화면은 좁은 화면과 큰화면  둘다 적응 하는데 시간이 좀 걸리네요.너무 가늘고 긴화면  너무 넓고 비율엉망인 화면  근데 이것도 보다보니까 적응이 됩니다​삼케플 가입하고 이것저것 쿠폰받고 혜택도 꽤괜찮고 좋습니다​전체적으로 만족하고있으며 주변의 시선이 ㄱㅊ합니다.​​,2021.06.04. 23:38
19,폴드2 개통후기 (디플),"이마트 삼성디플에서 개통했습니다​투고서비스때 사용해보고 반납했지만화면에서주는 만족감을 다른폰에서는 느낄 수 없을것 같아 계속 아른거렸죠​생각보다 싸게 구매했고(원래는 자급제 구매하려 했습니다)통신사 보험계약 후 나왔는데​막상 생폰이니 불안감이 엄습..미끄러워서 떨어트릴것 같고 해서급하게 케이스 공수하고 스마트링 달았네요​



 














​슈피겐 슬림프로인가? 힌지커버 케이스 제품도 실물로 봤는데끼면 너무 두꺼울것같아 일단 패스하긴 했는데 자꾸 아른거리긴 합니다예전에 할인이벤트로 5만얼마대에 본것같긴했는데 지금은 9만원대이니... 가격이 일단 너무 비쌌어요​화면이 크니 꾸미는 맛도 좀 있는것 같습니다​



 














​확실히 이전폰에 비해 좀 더 무게가 있는 편이긴 합니다만그렇게 무겁지는 않았어요​통신속도는 5G라해서 전에쓰던 LTE와 크게 다르진 않네요사운드는 제법 큽니다 노래 자주틀어놓는지라 이부분은 좋았어요​장점중 하나 꼽자면 화면비중이 가장 큰것 같네요분할화면으로 멀티태스킹도 가능하고만화책이나 웹툰 볼때 시원시원합니다​



 







전에는 왼쪽 오른쪽 나눠보거나 확대해서 봤었는데 꽉찬화면이라니 !!







​아는분은 너무크지 않냐고 무겁지 않냐고 그러시는데​개인적으로 s10+ 사용했던 입장에서 너무 만족스럽습니다솔직히 노트20u 랑 많이 고민했는데 폴드구매하길 잘한것 같아요​단점은바 형태의 폰이 너무 작아보인다는것? 마치 아이폰se보는것 같은 너낌...",2021.06.02. 10:06
20,힌지교체 받고 왔어요.,"질문/추천 금지 X​얼마전부터 폴드2 플렉스로 뭔가할때 열면 닫히고 열면 닫히고 하는 증상이 있길래...​어제 아침에 가서 증상 이야기 했더니, 수리 시간 40분정도 이야기 하면서 교체 해주셨어요.​처음 구매했을때 처럼 빡빡한 맛이 있을 줄 알았는데... 넘나 부드러운...;;​여튼 힌지 교체 덕분에 반 올갈이 진행받고 왔어요.​교체 제외 된 부분은 외부 액정하고 메인보드, 뒷판인것 같아요.​여튼 힌지가 문제 있으신분들은 무상으로 교체가 가능한것 같아요.​​",2021.05.29. 03:19
21,폴드2  몇일 후기..,질문/추천 금지 X​폴드2  5일정도 쓴 후기 입니다.​1. 화면외부화면이 커져서 좋은데 저 같은경우 외부2내부8  비율로 사용해서이동 시 불편하네요실내 고정된 자리에서는 펼쳐놓으면 되는데지하철같은곳에서는 접었다 폈다 해야되서 매우 귀찮네요.큰 화면은 만족하지만 가로로 조금만 좁았으면 좋겠다 생각이 듭니다.​2. 스피커매우 만족합니다. s나 노트에 비해 소리가 훨씬 크네요​3. 카메라열고 찍기에는 폰이 너무커서 적응이 안되네요.​4. 기타방수 걱정했는데 일단 화장실에 못 가지고 들어가는것 이외에는 평소페턴대로 쓰고 있습니다.삼캐플과 z프리미엄서비스로 한번 수리하고 중고로 팔게되면 폴드 탈출할것같네요​필요한 기기이지만 휴대하면서 쓰는건 다소 불편하다이런 결론입니다.,2021.05.19. 22:52
22,무겁네요..,질문/추천 금지 X​무거운건 어쩔수없지만..​무겁습나다 ㅠ,2021.05.16. 21:44
23,폴드는 화면이 널찍해 꾸미는맛이있네요 ...,질문/추천 금지 X​배경꾸민건 그때 다른폴드회원님 화면보고 따라한건대 느낌좋네요 ...,2021.05.16. 20:19
24,"폴드 2 2주  후기 입니다. (악세(아이링슬라이드,플립북 후기까지...)","lg번이가 삼디플에서 괜찮은 가격에 나와서 사게됬네요.일반적으로는 펼처서분할화면으로쓰면 6인치 폰 2개처럼 쓸수 있어서 활용도가 좋습니다.​게임예시



 














​런처는 삼성 기본런처는커버랑 내부랑 런처가 다르기도하고 기본 런처가 너무 지겨워서 와이드런처 쓰고 있는데매우 좋더라구요



 

























(키우는고양이도 너무기엽구요)



 














역시 갤럭시는 굿락입니다네비바 날려버리니 속시원하네요.오랜만에 쓰는 삼성이라 키즈카페도 나와서 맘에들구요😁



 














​아이폰이든 타폰이든 절대로 못하는게 빅스비루틴입니다. 이제 빅스비까지 연동되서 일정시간에 날씨와 뉴스 브리핑까지 해줍니다.



 














집나가기 전 시간으로 설정해놓으시면 편합니다.



 














​​삼디플에서 준 케이스에 아이링슬라이드 붙이니 활용성 갑입니다.



 














​가로로 영상시청시 형태



 














​세로로 웹툰, 인스타볼때



 














​​폴드도 화면크기가 부족할 때가 있습니다...(집에서)​그럴때는...플립북을 사용합니다. ​요즘 민방위 때문에....여러개를 해야 되서 좀 바쁘네요..ㅎㅎ​



 














​",2021.05.15. 10:40
25,폴드2 샀어요 하악하악,"폰질문금지, 판매글금지, 추천인(수익)글 금지, ​지마켓 쿠폰 뿌릴때 장만했는데와 진짜 신세계네요 ㅠㅠㅠ 12프로맥스 쓰는 중인데 맥스 대비해서펼쳐서 쓸땐 그닥 무거운지 모르겟고 오히려 가볍다고 느껴지기까지 할때도 있어요 ㅋㅋㅋ화면 시원시원하고 생각보다 가운데 주름도 안거슬리네요아 너무 행복합니다 드디어 다시 삼성페이 ㅠㅠㅠ



 














질문/추천 금지 X",2021.05.12. 18:47
26,폴드2 개통 후기,"질문/추천 금지 X​어제 집 근처 디프 가서 예약하고 오늘 수령했습니다​확실히 블랙이 브론즈보단 이쁘게 느껴지는데, 뒷면에 지문이 남는 게 흉하네요. 조만간 무광필름이라도 붙여야겠습니다​v50s와 아이폰 11 프맥, s20u를 쓰다보니 폴드2가 무겁게 느껴지지 않네요. 오히려 펼쳤을 때에는 가볍게 느껴집니다​4월 생산품이라 신형 필름이 붙어있는 걸로 보이는데, 그럼에도 불구하고 기스가 쉽게 생기네요. 화면 닦을 때에는 에어 스프레이로 먼지 제거한 뒤에 극세사로 닦아야할 것 같습니다",2021.05.10. 21:16
27,무상교체 후기,"질문/추천 금지 X



 

























얼마전부터 접히는 부분 액정에 금이 가더라구요오늘센터가니   외부액정과 메인보드를 제외한배터리 내부액정 프레임까지 모둔부분을 교체해주네요새폰받은 느낌으로 집에 왔습니다",2021.05.10. 17:18
28,폴드2 한달사용 후기 + 중가보프로그램,"​폴드2로 바꾼지 한 달이 되었네요.저는 유플러스로 s10 5g 를 중고폰가격보장 프로그램으로 이용을 했고,(다행히 차감없이 다 보장받아서 할부금 털어버렸네요.)한 달전 2년이 되어 기변을 했습니다.​유플러스는 다행히 다른 프리미엄 시리즈로 기변이 가능해서 s, 노트, 폴드 중에서폴드2로 선택했네요.한달동안 사용하면서 느낀점을 간단히 써보겠습니다.​큼지막한 대화면​확실히 큰 내부화면으로 유튜브를 많이 보는 저로서는 만족스럽게 사용하고 있습니다.최근에 갤탭7과 아이패드에어4 뽐뿌가 왔는데, 다행히 폴드2 성능이 프리미엄 태블릿수준이라 제 지갑을 지켜주었네요. ㅎㅎ​아쉬운 카메라​이전 폰인 s10 5g에서 옆그레이드된 성능이라 사진을 찍을 때 많이 아쉽습니다.사진 찍을때면 노트20u 나 s21u가 자꾸 생각납니다.폴드2 사기전에 투고로 s21u를 써봐서 더더욱 체감이 되네요.​지문범벅 내부필름​필름 촉감은 써보신분은 아시겠지만, 안 써보신분들을 위해 비유하자면얇은 수영튜브재질과 느낌이 비슷합니다. 손톱으로 눌러보았을때는 더 그렇게 느껴집니다.전면필름처럼 부들부들하지 않아서 컨트롤을 요하는 게임을 한 때는 불편합니다.and지문이 너무 남고, 유분을 많이 먹습니다.액정을 시간 날때 마다 닦아주는 편인데, 어머니께 처음으로 보여준 날 중고로 사온거 아니냐고소리를 들었네요. ㅜㅜ​억O 아2링은 필수(광고 X)​폴드 2 사자마자 케이스에 붙여서 사용중입니다.다양한 방법으로 파지가 가능해서 아직까지 손목이 아픈 적은 없었습니다.태블릿처럼 스탠드 각도를 조절해서 책상위에 세워놓고 볼 수 있어서 엄청 편하네요.​대화면이 다 캐리하는 폴드2! 라고 할 수 있겠습니다.​",2021.05.07. 22:21
29,폴드는역시 쌩폰이네요...,"질문/추천 금지 X​



 















































​그냥쓰기에는 지문때문에 저반사필름만부착해 사용중인대 가벼워서 좋네요..ㅋㅋ",2021.05.04. 20:13
30,Z 폴드2 개통했어요,질문/추천 금지 X​안녕하세요~~ 몇일동안 Z 폴드2 뽐뿌가와서카페에서 정보얻고 마침 디플에서 유플기변 가격좋다고해서​오늘 인근 디플 오픈하자마자 전화돌리고 다녀왔어요 ㅎ5월 가정의달 행사로 10만원 쿠폰 또는 삼케플 1년무료 이벤트도 하더라구요​공시지원금 이랑 매장 지원금 해서 저렴하게 잘구매한거 같아요폴드1 썻었는데 만족하다가 아이폰 가따가 다시 돌아오니 역시 좋으네여 ​,2021.05.03. 17:27
31,쿠폰으로 액정보호필름 교체받고 왔습니다,"질문/추천 금지 X​재고 여부 전화로 확인후 다녀왔습니다​쿠폰 제시하고 외부, 내부 둘다 교체받았습니다​대략 20분정도 기다리니 다되었다고 주더라구요​처음 폴드 샀을때 내부 필름이 별로라서​케x안꺼 사서 부착했는데​순정필름이 뭔가 바뀌었다는 소식을 접하고​바꾸었는데 진짜 바뀌었네요​외부필름이야 원래도 만족스러웠으니 패스고​내부필름이 정말 마음에 들게 바뀌었어요​기존은 뭔가 누런 느낌에 촉감도 별로였는데​바뀐 필름은 화면도 쨍쨍하고​거진 외부필름 느낌이랑 비슷한거 같아요 ㅎㅎ",2021.04.22. 15:32
32,일주일 사용후기 및 초보자팁,"아이폰을 4년쓰다가 갤럭시Z 폴드2로(이하 '갤폴드2') 갈아탔습니다.전에 갤럭시 사용하다가 아이폰 갈아탄 큰 이유는 속도였습니다​갤폴드2 사용해보니앱로딩 속도가 아이폰 못지않게 빠르네요하드웨어, 안드로이드 OS가 많이 진보된 것 같습니다이제 2~3년 써도 안 느려지면 아이폰이 굳이 비쌀 이유가 없을거 같은데요. 쿨럭~​www.samsung.com에서 PDF 사용메뉴얼을 다운받아서 보고 있는데무려 161페이지까지 있네요 ㅠㅠ​생각나는대로 후기 적어봅니다.​1. 단점크고 무게감이 있어 낙상사고 은근 신경쓰임강화유리필름 부착 불가능한 접는 폰이라 기스조심해야함.강화유리에 익숙해져서인지 손톱으로 먼지 떼어 내다가 ㅠㅠ중복되거나 불필요한 기능이 너무 많은것 같음 쿨럭~ (특히,라디오앱은 ???)​2. 장점넓은 화면으로 대부분 앱의 글자 크기를 0.5포인트 이상 늘려서 넓고 크게 볼수 있음멀티태스킹 강점으로 멀티윈도우 3개 지원, 멀티팝업창 등Edge 패널로 원하는 앱 빠른 실행가능아이폰보다 사용자편의 기능이 훨씬 많음(문자메시지 카테고리 기능은 신세계~)야밤에 강도 만나면 무기로 사용가능할수도 쿨럭~​3. 무선충전기 선택충전시 고민좀 했습니다스탠드형 충전기가 있어서 여기에 폰을 접어서 사용하려니 화면이 좁고대화면 장점인 폰을 이렇게 계속사용하기는 막 짜증이 날려고 해서 ㅎㅎ그래서 눕혀서 충전가능한 패드형 충전기로 바꿨습니다저는 책상에 유리 받침대가 있어 그 위에 눕혀서 충전도하면서 폰사용하니 불편하지 않네요(책상이 낮고 유리받침대 없으면 거북목 주의요)



 














4. 기타- 펼친화면에서 뒤로가기 버튼사용시설정의 네비게이션바 스와이프 제스처로 왼쪽에서 오른쪽으로 쓸어서 뒤로가기했는데화면이 크니 그냥 버튼으로 하는게 웹서핑시 더 편리했음요​- 듀얼 메신저 좋네요두번째 카톡은 일회성으로 사용하는 택배나 광고성 메시지 받을때 편리함​- 사진 촬영기능이 너무 많아서 메뉴얼읽다가 포기하고 나중에 ㅋ​- 보조메뉴 기능화면캡쳐나 음량 조절할때 편리함특히 책상에 놓고 통화나 음악 들을때 음량 조절 엄청 편리함(슬라이더 앱을 찾아봤으나 아주 오래된 버전들만)​​고급사용자로 가려면 빅스비 루틴 사용법, 보안폴더 등을 익혀두면 좋을것 같습니다​이상 갤폴드2 일주일 사용기였습니다​초보자를 위한 꿀팁 몇가지



 














블루투스 이어폰 사용시 보조메뉴의 음량 버튼 사용하면 편리함​​



 














쿼티 키보드에 익숙한 사용자라면 펼친화면에서 키보드 입력시 가운데는 손가락이 안 닿아요 그래서 키보드 입력화면 우측 상단 쩜쩜쩜(....)을 누르고 ""키보드 크기"" 선택해서 조절하면 ​



 














이렇게 됩니다. 위처럼 안 나오면 키보드 변경모드 눌러주면 됩니다​​



 














커서 이동이 빈번할때 화살표로 쉽게 조작하는 기능있습니다



 














화면에 플로팅기능의 키보드 기능도 있습니다​​웃픈 일화- 처음 산 날, 대화면으로 보고있다가 전화가 울려서 받아야 하는데 접어서 받아야 하는지 생각이 안나서   그냥  양손잡고 펼친 화면으로 전화통화함. 주변에서 쳐다보는 눈빛이 ㅋㅋㅋ​",2021.04.18. 12:50
33,폴드2 3주사용 후기,"질문/추천 금지 X​4/2 금요일 밤에 급하게 폴드2 가격 떨어졌다는 애길 듣고 토요일 아침에  바로 공시로 구매를 했습니다.몇번 실물을 만져봤을때부터 갖고싶다는 생각이 들었는데 좋은 기회가 되었습니다​영업관련 직장인이라외부에서 폰으로 엑셀, 파포, 메일 등 업무를 많이 확인 편인데 확실히 편하긴 하네요.유튜브는 자주 보지 않는데도 만족하고 있습니다​기존아이폰xs 맥스가 통화 녹음 및 업무에 조금 불편 한거 같아서  결국 -> 갤노트울트라 자급제 ->이번에 폴드2로 넘어왔는데 진짜 만족하고 쓰고 있습니다.​무겁다고는 하나정장 상의에 주로 넣고 다니고신지모루 스트랩 하나 장착하니 크게 불편한거 없구요​케이스는 추천 많이 하신 알리 케블라 앞면 + 삼성 정품 아라미드 사용 하니 불편함 없이 잘 쓰고 있습니다​폴드2 사자마자 근처 폰케이스 매장에서 산내셔녈지오그래픽 케이스도 튼튼하고 좋았는데확실히 케블라 + 아라미드가 좀더 얇고 가벼워요~​접고 사용해도 딱히 타자치는데 불편함 없고,1년 넘게 버티다가 폴드3나 폴드4 가격 떨어지면 넘어가면 될듯 합니다ㅎㅎ​장점 : 1. 접었을때 한손에 잘들어오고 생각외로 타자치는데 불편함이나 이질감 없음2. 무겁다고는 하나 스트랩 사용시 떨어트릴 일 없음3. 주위 시선을 느낄 수 있음​단점1. 가격2. 방수(아직은 문제 없지만)3. 혹시 모를 힌지쪽 파손 위험 등? as 비용?(삼케플 있지만....없다고 가정 한다면?)4. 앞면 케이스는 얇은 3m 스티커 부착하는 방식이 대부분임 -> 필름 교체 혹은 앞면 케이스 교체시 3m 테이프 매번 새롭게 부착해줘야 하는 문제 발생​결론은 여유되시면 사시면 괜찮으실꺼예요^^​",2021.04.17. 23:28
34,액정무상교체 하고 왔습니다.,"사전예약으로 처음 폰을 받고서 필름이 완전 저질이라 띠어버리고 격하게 카트라이더를 했는대요 엄지손가락으로 움직이던 그자리가 액정이 필려서 쭈글쭈글해져서 지금까지 사용하던중에 삼촌 핸드폰이 고장나서 식사같이하고 같이 서비스센터 간김에 저도 한번 물어볼겸했는대 무상으로 해주신다고 해서액정 교체 받고왔습니다. ​카페 글을 보니 액정을 교체하면 같이 교체되는 부품들이 딸려와서 같이 된다고 하던대요 기사님이 자리를 비우셔서 그냥 받고만 왔는대요 필름이 예전거와는 다르네요 반들반들하니 전면 내부 힌지까지 필름이 붙어져있네요 힌지도 흡집이 있었는대 사라진게 교체된거 같아보이구요 기분이 새폰 받은 기분이라 좋네요 필름도 확인해보니 전체 필름이네요 ​



 

























​",2021.04.16. 15:26
35,폴드 2주정도 지난후기...,이주정도 사용하고나서 치명적인 단점을 발견했네요.​이제 다시는 일반 바형 스마트폰으로는 돌아갈 수 없습니다 ㅠㅠ​물론 호주머니가 묵직해지는 무게감 등 단점은 있겠지만그정도는 감수하게만드는 이점이 너무나도큽니다.​최적화도 잘되어있는지 배터리도 제 기준에선 무진장 오래가네요.삼케플 1년무료지원과 통신사보험 젤 저렴이(2900원) 들어놓으니 걱정도없구요.​예전 v50쓸때는 수시로일어나는 프리징과 듀얼화면을 쓰면 진짜 배터리가 살살녹았는데삼성...칭찬합니다...너무 쾌적하네요판매하려고 50%쿠폰으로 샀던 워치3도 결국 제가 차고있습니다;;​​,2021.04.16. 00:22
36,폴드2 서비스센터 필름 부착후기,질문/추천 금지 X​​방금가서 서비스센터 입구 도착​어떻게 오셨나 물어보심​폴드2 필름 부착하러 왔다고 말함​바로 직원이 쿠폰 있으시나요 물어봄 ​삼성맴버스 앱 켜서 혜택 클릭해서 쿠폰 클릭​10분정도 기다림​보고 검수중 다량의 기스 발견... 이게 맞나 싶어서 다시 재 부착 시공 이번에는 최대한 기스 없긴 했는데 그래도 기스 보임...​직원 왈 융천으로 밀때 어쩔 수 없이 기스가 발생한다...​​보호필름 붙이는데 기스가 나는건.. 이건 뭐지 싶었네요... 이런 경우는 첨이라ㅋㅋㅋㅋ​보호필름 붙이고 받았을때 깨끗하고 투명한 그 느낌을 기대 했눈데ㅠㅠ​후기 찾아보니 기스에 약하다고 몇몇 분들도 글 쓰신거 확인..​궁금증 예전에 노트8 쓸때 그때도 서비스센터 와서 필름 교체 했는데 그때는 경화기로 필름에다가 빛 쏴서 해주던데​이번에는 그런거 없이 밀어서 부착 끝.. 원래 경화기로 안 구워주나요? 아시는 분 댓글 부탁드립니다​마지막 결론​그냥 처음에 핸드폰사고 개봉 초기에 부착 되어 있는 필름 쓰시다가 이제 기스도 많고 바꿔야 겠다​싶으실때 서비스센터 가시는 걸 추천드립니다..​ 서비스센터 필름보다 초기에 붙은 필름이 더 괜찮다고 느껴져서요 사람마다 차이는 있겠지만..​,2021.04.15. 14:02
37,듀얼 메신저 사용,"통신사에서 부가서비스로 번호하나 더 사용중인데2개 번호 카카오톡 따로 따로 사용가능하네요듀얼메신저지원되는 앱이 페이스북, 텔레그램 등이 지원되는군요​



 














​",2021.04.13. 22:38
38,폴드2 떠나 볼려고요,질문/추천 금지 X​주말이나 휴가때는 딱 좋은데​일하면서 쓸려니 눈치가 보이네요​펼쳐서 쓸려면 주위 시선이​팔때가 된거 같아요,2021.04.09. 13:27
39,폴드2 서비스센터 필름 후기,"질문/추천 금지 X​​제가 땀이 많은지라 내부는 지문방지 필름을 사용하고 꽤 만족하면서 쓰고 있었더랬죠.​그 만족도는 꽤나 커서 사용 중이던 패드 프로까지 강화유리를 벗겨내고 지문방지 필름으로 바꾸게 하였습니다.​​그런데...​최근 내부 필름이 개선되었다는 글들이 꽤나 보이더라구요.​지문이 덜 묻는다. 그러면서 화질은 좋다. 기존 필름과 감촉이 다르다. ​​쿠폰도 있으니 바꿔보자 하는 생각이 들었습니다.​​화요일 오후에 재고 없음을 확인 후 예약을 해놓고 어제(목요일) 재고가 입고되었음을 연락받았습니다.​​교환 후에 느껴지는 것은​1. 외부 필름은 기존에도 만족중이었고 크게 바뀐 것이 있나 싶습니다.​2. 내부 필름은 출고시 있던 필름의 그 쫀득? 끈적?한 느낌은 없어진 것 같습니다.​3. 지문은 기존이나 현재나 도긴개긴 같습니다.​4. 지문방지에서 넘어오다 보니 선명함은 확실히 살아납니다.​​결론)​그냥 올갈이 할 때까지 쓰다가 다시 지문방지 가야겠습니다 ㅋㅋ​간만에 선명함을 보니 기분은 새로운데, 역시나 지문이 시야를 더럽히네요...​매번 액정 닦아가며 쓸 부지런함이 없는 저에겐 참 계륵같은 필름인 것 같습니다ㅠ​



 














​",2021.04.09. 09:14
40,폴드2 후기..,질문/추천 금지 X​한손으로 들어서 보는거 힘듦계속 들다보면 손에 쥐남​그래서 이쯤에서 놓아줘야 겠네요잘 펼쳐보지도 않고 제가 활용을 잘 못하는듯 합니다,2021.04.08. 18:25
41,"폴드2, 가장 얇은 투명 케이스가 어떤걸까요  . . .?","질문/추천 금지 X



 














​어차피 보험을 풀로 들고 쓰지만 .. . ​최대한 얇은 상황으로 쓰고 싶어요 ​생폰이나, 스킨 정도가 가장 얇지만 그래도​심리적 안정감을 위해서..​케이스 얇은걸 하나 끼우고 싶습니다 . . ​​가장 얇은 케이스 하나만 추천 부탁드립니다.",2021.04.08. 17:56
42,폴드2 기변했습니다!,"​​질문/추천 금지 X​​



 














​​​눈독만 들이다가드디어 기변성공했습니다!다루는데는 조금 어렵지만​큼직해서 좋네요.​​​보통 사은품은 삼케플 가입하시나요?",2021.04.07. 22:19
43,폴드2 정말 대박이네요.. 이걸 왜 이제샀을까...,"질문/추천 금지 X



 














​매장 지나가는데 폴드2 할인을​많이해서 들어가서 구매하고​어제 오늘 쓰는중인데 정말 마음에​드네요 넓은 화면, 좁은화면 모두 ​아주 쓸만합니다 ​넓직한게 딱 쓰기 좋아요​이걸 왜 이제 샀을까 싶네요 ㅎㄹ",2021.04.07. 09:45
44,힌지 깨지고 나서 z프리미어 디스플레이 70퍼 할인+ 삼성디지털프라자 디스플레이 30퍼 할인 받아 거의 무상교체한 후기,"질문/추천 금지 X​저번주 수요일엔가 폰들고 걷다가 ㅇ_ㅠ 넘어져서 힌지쪽이 아스팔트에 갈려버렸는데요.​힌지가 약간 까실거려서 펴면 내부에 기스날까봐ㅠ 바로 AS센터에 달려갔습니다.​첨에 잘 모르고 뒷판까지 교체해서 (뒷판은 정상이었음..) 보험적용하려고 좀 알아보니까ㅠ Z프리미어 단독으로 가능하고, 제가 폴드2 디프 예약구매자라 디스플레이 30퍼도 있어서 디스플레이만 했을경우 무상교체가 가능하다는 걸 좀 늦게알았어요.ㅠ​삼성화재에 요청한 서류 다 냈고, 금요일 / 화요일 이렇게 나눠서 들어왔네요.결제한금액 690,000 (디스플레이만 했을경우 648000원)보험적용되서 받은금액 646,421 (193926 + 452495 각각 들어옴)​​아마 648,000원이 아니라 646,421원이 나온게 공임비에서 뒷판교체를 가격기준으로 제외한듯합니다. ^^;;​삼성화재 전화해서 단말기 내 일련번호 불러주면 디스플레이 30퍼 적용여부 확인할 수 있고,Z프리미어 적용여부도 알 수 있으니 교체 전 확인하시면 될 거 같아요!!​일단 저는 삼성케어플러스 / Z프리미어 / 디플 디스플레이 30퍼 가 있는 상태였고, 통신사보험은 안들었습니다.다들 Z프리미어가 마지막이라고해서 어케 적용되나 궁금했는데다른분이 글쓰신거처럼 이렇게 두개만 적용 가능하고, 실제로 거의 원금회수 수준이라 공유차 글씁니다 + _ +​그럼 이만​​",2021.04.07. 00:28
45,폴드2 서비스센터 무료필름 후기.,질문/추천 금지 X​예전에 초창기에 나오던 필름은 워낙 악명이 자자했고​이후에 다들 사용하는 빅쏘부터 힐링쉴드까지 많은 필름을 사용하다가 ​결국 빅쏘로 정착했네요.​그러다 어느 순간 서비스센터에서 부착해주는 필름이 업그레이드 되었다 란 말이​돌고 어제 저녁에 센터 방문해서 무료 쿠폰 사용했습니다 ​결론적으로는... 가장 좋습니다... 얼른 가서 교체 하시길 바랍니다.​화질 망가지는것도 없고 무엇보다 우레탄 재질 같은데 희한하게 지문이 거의​안묻습니다. 빅쏘 보다 몇배는 낫더라구요... ​앞으로는 센터 필름만 사용할것 같네요.,2021.04.06. 13:01
46,폴드2 긱벤,"질문/추천 금지 X



 

























cpu온도 약26도에서 돌렸습니다",2021.04.06. 04:59
47,폴드2 점검 및 무료 필름 부착,질문/추천 금지 X방금 액정 검어져서 다녀왔는데 기기 이상은 없다고 그러더군요 제가 볼땐 메인보드가 나가기 직전인거 같았는데 수리기사 말로는 아무 하자가 없다고해서 한시름 놓았네요겸사겸사 무료 필름 부착도 해서 새폰 같은 느낌입니다 서비스만 놓고 보면 삼성이 제일 괜찮은거 같아요 그리고 전시 되어있는 21울트라 제트플립 만져봤는데 제트플립 정말 좋더군요 사진만 보다가 실물보니 사고 싶어졌습니다 생폰 느낌 좋더군요 2가 몇 달뒤에 나오니 구매하실분들은 적극 추천합니다 영업맨 아니에요 ㅋ,2021.04.05. 11:08
48,폴드2  놓아줘야겠습니다ㅜ,질문/추천 금지 X​큰화면으로 영상보는거 외엔 저에게 크게 메리트가없네요ㅜㅜ손목이너무아파요,2021.04.03. 12:07
49,삼성케어플러스 + z프리미어 사용기,"질문/추천 금지 X​​예판때 신청해서 쓰고 있었습니다. 그런데 디스플레이스가 찍힘 발생해서 ​수리를 했습니다. ​​요즘은 수리가 부품단위가 아닌 어셈블리로 교체하는 형식이라서 수리바가 꽤 나가더군요​그나마 삼성케어플러스 , Z프리미어를 적용해서 5만원대로 수리를 마쳤습니다. 만약 ​삼성케어 플러스. z프리미어가 없었다면 금액적으로 상당한 부담이 되었을 겁니다.​물론 삼성케어플러스 비용자체가 예약판매가 아니었다면 부담이 되었을거지만 ​폴드2정도의 가격대라면 가입을 안 할 수가 없을 거 같습니다 ​​",2021.04.01. 10:55
50,폴드2 사용 6개월 만족중 입니다,질문/추천 금지 X폴드2 9월 말일에 정가 그대로 2390000원 정가 그대로 2년 약정구입하고 요금제도 5g무제한 요금제라 한달 폰요금 수십만원 나가지만이 폰을 쓰면서 느끼는 만족감이 더 커서 이정도야 싶네요.​일단 다른분들은 무겁다 하시는데 저는 오히려 무게감느껴지는 묵직함이 매력입니다. s21 어머님 사드렸는데 무게가 장난감 플라스틱처럼 느껴지더라고요.​카메라는 제가 배달음식 리뷰 쓰는 용도외에는 쓰는일이 없어 패쓰~​가장 장점은 제가 웹툰보는걸 좋아하는데 펼쳐서 웹툰볼때 화면 꽉차서크게 보니 너무 좋더라고요. 넷플x스도 원래 노트북으로 봤는데 요즘은폴드2로 봅니다. 화면 크기는 노트북이랑 비교불가고 위아래 짤리는 화면비율도 별로지만 오히려 영상에 집중하게 되는 매력이 있어서 노트북은 지금 먼지만 쌓여가는 중입니다. ​업무상 처음보는 사람들도 일단 제 폰 신기해하며 서먹한 분위기 없어지는이 오묘한 매력이 있습니다. 폴드2는 가지고있는 자체로 인싸? ?자꾸 펼치고 접고를 반복해서 처음보는 사람한테 짜증을 냈을만큼 아직도 이목을끄는 장점이 있습니다.​폰 케이스 아x리 처음부터 써서 힌지 잔기스조차 전혀 없고 뒷면에핑거 스크렙 붙여서 지하철 버스에서 펼쳐써도 안정감있고너무 만족스럽습니다. ​다른분들은 겨울 영하날씨에 액정 나가신거 같은데 제가 뽑기를잘 된거지 이녀석은 버텨줬네요. 앞으로 폴드만 쓸꺼고 폴드4까지존버하렵니다.^^​​,2021.03.28. 10:20
51,보내려다가 다시 쓰게된 폴드2!!,"폴드1에 이어 폴드2를 쓰다가 요즘들어 팔목도 아프고 펼쳐서 쓰는 빈도수도 줄면서..많은 생각을 하게 되였는데요



 














폴드2도 가격이 많이 떨어졌지만 요즘들어 아이폰도 가격이 많이 떨어져서 가벼운 아이폰12 미니가 눈에 들어와 고민 고민을 했었죠이유는 삼페와 또렌뜨 그리고 이북!한달 고민한거 같네요 ㅋ그러다가 이북으로 읽을게 없어서 사실 펼치지를 않았는데 며칠전 제가 읽고 싶었던 기욤 뮈소 시리즈가 연달아 나오면서 다시 폴드2를 펼치다보니 생각이 달라지더라구요 ^^



 

























그러면서 제가 즐겨보던 잡지도 다시 보게되고..



 

























 예전에 개통1호도 하면서 아이폰3gs부터 6s까지 쓰다가 갤럭시로 넘어왔는데 아이폰에 갬성은 다음에 서브폰으로 사용하봐야겠네요ㅎㅎ역시 폰은 본인이 쓰는 용도가 진짜 중요한거 같아요~올해 갤럭시 Z 폴드3부터 플립 그리고 갤럭시 Z 듀얼 폴드까지 기대가 많이 되네요~^^삼송 파이팅입니다ㅎ ㅎ",2021.03.25. 13:47
52,아 2월에 폴드2 구매하니까 3월에 행사퍼주네요 ㅠ,질문/추천 금지 X​2월 22일에 삼성디프 가서 기기구매했는데 3월행사로 포인트캐쉬백이벤트 다시하고 지원금도5만원더주고  삼케1년에 와치50퍼 버즈50퍼 쿠폰 줘버리네요 ㅠㅠ일주일만 버틸걸 ㅠㅠ너무햇,2021.03.21. 22:39
53,드디어 폴드2 기변,"질문/추천 금지 X​



 




































드디어 구매했습니다.큰맘 먹고 구매했네요.노트20 울트라랑 s21울트라랑 고민했었는데 결국엔 이걸로 정했습니다.내부 액정 내구성 이슈가 있다곤 하는데 별 탈 없이 함께해 줬으면 좋겠어요.이상입니다.",2021.03.17. 00:42
54,기변후기,"질문/추천 금지 X우연찮게 기변을 하게 되었습니다 애초에 3 혹은 4에서 기변하는게 계획이었으나사람일 뜻대로 되지않는다고 하더니 정말 그러하더군요개통 1년을 앞두고 그동안 꼬박꼬박 납부했던 보험료랑 자부담 70퍼 혜택을 활용할 생각으로방문 서비스를 신청하여 메인 디스플레이를 교체 하였습니다이때까지만해도 좋았습니다 기존가 다르게 열고 닫림이 부드럽게 개선(?)이 되었더군요출시 초기에 디플에서 만져보았던 2와 흡사한 좀더 고급진 느낌이었거든요문제는 교체 일주일이 되지않아 생기기 시작했습니다 완전히 펼쳐지지 않는 증상이 생겨센터 방문을 하여 불량 판정을 받았습니다 이후 같은 증상으로 불량판정을 2번 더 받아마지막에 수리해준다는거 환불 요청을 했습니다 하반기에 출시될 3가 기대도 되지만 당장 사용할 기기도 없고 실구매가가 이만큼 낮아지려면년말 이후가 될것 같아 자급제로 구매했습니다 덕분에 신제품도 사용하고 50퍼 할인 혜택으로 구매시 워치3도 살수있을 만큼 돈도 남습니다감사합니다 삼성 앞으로도 사랑할께요^^



 









 



접었을시 그립감 말고는 모든게 더 좋아진게 느껴집니다s10에서 폴드1으로 넘어올때보다 1에서 2로 넘어올때 체감적으로 속도차가 더 큽니다몇세대 건너뛴 ap 와 ddr5 그리고 안빢으로 높아진 해상도 힌지의 고급진면들이만족스럽니다",2021.03.14. 14:53
55,저같은 사람은 폴드2 사면 후회네요 ㅜㅜ;;,질문/추천 금지 X​살때는 펼쳐서 잘 써봐야지 생각했는데6개월 쓰다 보니 사용 패턴이 생각보다 잘 안펼치고 쓰게 되고전면만 주구장창 쓰네요...​거기다 쿼티쓰는데 오타가 자주 생기네요...​이럴거면 노트 울트라 살걸 싶네요...ㅎㅎ 저만 그런건지...ㅠㅠ 간단 개인 후깁니당...,2021.03.14. 09:37
56,폴드2 무료필름 부착 후기,질문/추천 금지 X​한달동안 빅X 내부필름 부착하며 사용하다가 손톱 찍힘+지문이 너무 묻어서 어제 서비스센터가서 부착했네요..카페에서 필름 질 향상 되었다하여 초기 필름에 그 자글자글 함이 있을까 기대반 걱정반으로 부착하였는데질이 좀 향상 된 느낌이네요 자글함은 없어지고 지문 묻는정도도 많이 개선되었습니다​추가. 외부필름은 삼성필름 또는 쌩폰이 진리 인거같습니다..,2021.03.05. 15:43
57,폴드2 투고후기,질문/추천 금지 X​사고싶다ㅠㅜ​​현실 폰은 노트10플러스인데 3.1 업데이트까지하고 버즈프로쓰는데이걸로 360오디로 듣는거랑​​폴드2로에.버즈프로 연결해서 들으니까유튜브로 볼때.확연히.차이나네요​사람이 내 옆에서 오른쩍으로갔다.왼쩍으로갔다 움직이면서 현장에서 노래부르는듯한 이.느낌.....아 내 카드ㅠㅜㅡ야 참아라 쩜폴드3나오는거봐서 질러야하는건지 참,2021.03.04. 16:54
58,5g 생각보다 잘 터지네요,폴드2 구매후 계속 LTE를 사용했었습니다​엘티이도 한 5년전까진 5-10메가정도로 열악한 지역이었고개인중계기를 달고도 최고 25메가bps정도였기 때문에 5g는당연히 기대도 안했죠​그런데 엘티이 속도가 열악했는데 이상하게 5g는 생각보다 잘터지네요300-500메가 정도 나오고 구라 5g가 아닌 진5g로 접속되어 있는 타임이 90%이상 나오고 있어 오지요금제로 바꿨습니다.​이상하네요 엘티이 품질이 열악한데 오지는 생각보다 잘나오고 잘 안끊기네요. ​앗 그런데.. 윗문자 마침표 찍자마자 끊기네요 ㅎㅎ​헐 이후로 계속 엘티이 연결중...뭐지 장난하나 5g 요금제로 변경하니 바로 안면 몰수??오지 연결시간이 40% 이하로 떨어지네.. 헐 낚였네 ㅠㅠ,2021.03.04. 09:52
59,뒤늦게 폴드2 로 기기변경했습니다,​어제 개통하고 새벽까지 이것저것 많져보고 자료옮기고 로그인 새로하고 카페에서 팁 악세서리 후기 등등 눈팅도 하고 ㅎㅎ  전에 엘지v50쓰다가 기기변경 하니 신세계네요 !!!!!현재는 가죽정품케이스에  아이링 슬라이드 부착해서 사용중인데 누워서 폰봐도 저는 전에 하도 무겁다소리에 겁먹었던거에 비해서는 그렇게 막 무겁다!! 는 아니고 생각보다 괜츈하네요 v50 듀얼케이스에 단려되 그른가 ;;​​보험은 케이티 통신사 3300원짜리 하나들었는데 z프리미어는 기본1년자동인것같고요삼케? 요거도 한달에 13500원씩 내며 해야할까요? ㅠㅠ 생각보다 비싼것같아서요보험이 고민이네요​,2021.02.23. 16:38
60,폴드2 안쪽 디스플레이 파손,"질문/추천 금지 X



 














이렇게 갑자기 퍽소리와함께 나갓는데... 서비스센터가면 얼마나 나올까여..? ㅠㅠ 맘아프네요",2021.02.23. 10:01
61,"폴드2 쌩폰 3개월 사용 후기? 외관 상태 입니다..... (노필름, 노케이스~)","위에 움짤처럼 필름 때고 케이스 없이 벌써 3개월 하고 1주일 정도 사용해봤는데요..​우선 실 사용하는데는 전혀~ 스크레치를 못느낍니다. ...​순정필름일때 그 뿌연상태에서 쓰다보면 더 많은 스크레치와 찍힘.. 그리고 선명하지 못한 화면을 보고 있던것보다​쌩폰이 덜 스크레치가 보이고 선명도는 머.. 차이가 넘사벽입니다.​안경닦이 천으로 면 닦을때보면... 오른쪽 하단쪽(스크롤 많이 하는부분..)은 확실히 코팅이 조금 벗겨진것 같은 느낌도 들긴하는데요.. 화면 켜져있을땐 아직도 못느끼고 사용중입니다.​그리고 쨍하고 너무나 선명한 화면은 정말이지~ 나중에 올갈이 해도 또 필름 안붙이고 사용할것 같구요​자주 떨어뜨리고 쓸리고 해도 생각보다 폴드가 튼튼하더군요​소소한것 빼고 주머니에서 뛰다가 아스팔트에 2번정도 떨어졌는데 운이 좋은건지 모서리로 떨어져서 액정은 멀쩡하더군요.. ㅎㅎ 힌지가 너무 튼튼함;; ㅎㅎㅎ​​아래 사진은 현재 외관 상태입니다.;; 이제는 스크레치나 찍힘에 대한 자유로움이 생겨서 너무 편안하게 사용중입니다. (힌지가 벌어졌는데 딱히 열고 닫을때 소리도 없고 잘쓰고 있습니다. 2달전에 떨어짐;;;)



 








































 



​요 아래사진은 현제 화면 상태 사진입니다.꺼져있을때는 스크레치도 조금 보이긴하는데 펼칠땐 이미 화면이 켜져있어서 실사용중에는 별 신경 안쓰고 사용중입니다.



 








































 



​되려 접었을때 외부 액정이 스크레치가 더 많이 생겼는데 그건 바지 주머니에 넣거나 가방에 넣거나 할때 생긴거 같구요저는 플렉스 모드로 아무대나 올려놓고 동영상이나 사진을 자주 찍어서 외부액정이 많이 쓸리는 편인것 같습니다.​이런저런 스트레스 않받고 사용하면 너무나 좋은 폰이여서 너무 만족하고 사용중입니다.​일할때나 가족들 외부에서 화면보여줄때는 이게 최고입니다 ^^ ㅋㅋ그리고 골프연습할때 좌석에 두고 플렉스 모드로 슬로우 영상 찍을땐 진짜 사기 잘했다는 생각이 드네요 ^^;왔다갔다 다른분들이 신기하게 처다보긴 하는데 이런맛에 폴드 쓰는거겠죠 ^^​",2021.02.22. 17:57
62,파일전송중입니다,폰하다보면상단에 갑자기 파일전송중입니다가간혹뜨는데 대체뭐죠?ㅡㅡ질문/추천 금지 X,2021.02.14. 23:21
63,"폴드2 5개월정도 사용한 디테일 후기 [앱, 디자인, 카메라 등등]","폴드2가 나왔을때부터 지금까지 쭉 써왔습니다. 제가 개인적으로 느낀점에 대해서 여러 분야로 나뉘어 제가 개인적으로 느낀 후기를 말씀드려볼까 합니다.​



 














​먼저 저는 대학생, 그리고 취미로 동영상과 사진을 자주 촬영하고있으며, 메인폰으론 Z폴드2, 그리고 서브폰으론 아이폰 12 프로맥스를 사용하고 있습니다. 그리고 디지털미디어 학과임으로써 동영상과 사진을 찍는 경우가 다른분들에 비해 많이 있습니다.​물론 개개인마다 사용환경이 다를 수 있기때문에 저와 다르게 느낀분들도 계실꺼고, 참고만 하시는게 좋으실 듯합니다.​​0. 디자인, 그리고 폼팩터​디자인에 대해서는 개개인마다 의견이 당연히 다르기때문에 길게는 말씀드리지 않겠습니다만 개인적으로는 굉장히 이번에 폴드1에서 폴드2 업그레이드 한 부분도 굉장히 많기도하고 디자인도 더 이뻐져서 저는 충분히 만족합니다.​폼팩터부분에 대해서 말씀드리자면 저는 개인적으로 플립은 휴대폰을 접어서 휴대성을 높인다라고 생각하지만, 폴드는 그런방식으로 생각하면안되고 아주 작은 태블릿을 접어서 사용한다는 마인드로 사용을 해야하는 폼팩터라 생각합니다.​확실히 펼쳐서 사용하게될 경우 태블릿을 보는것처럼 쉬원쉬원해서 보기에도 편하고, 넷플릭스, 또는 영상을 시청할때는 굉장히 좋은거같습니다. 바형태의 스마트폰에 대해 질리셨고 새로운 시도를 해보고싶으시다면 폴드는 굉장히 좋은 제품이라고 생각합니다. ​무게부분에 대해선 확실히 무겁다는 생각이 많이 들긴하지만, 많이 적응이된 상태긴 하지만, 주머니에 넣고 걸어다니면 확실히 한쪽이 무겁다는게 많이 느껴져서 그냥 손으로 들고다니게 되더라구요. 근데 뭐 그렇게 많이 불편하다고는 느끼진 못했습니다.



 














그리고 외부디스플레이만 사용했을때는 한손 조작, 굉장히 편합니다. 저는 현재 베트남에서 거주하고있어서 어디 걸어가거나 오토바이 택시타며 뒤에서 빠른 문자 확인이나 이런 것들 할때 굉장히 편합니다. ​외부 디스플레이 사용을 통해 오타가 많이 난다거나, 이런부분은 초창기에 비해 많이 줄어들었고, 저는 생각보다 다른분들과는 달리 밖에 나가서 사용할때도 내부디스플레이 통해 사용하고 활용성이 굉장히 좋았습니다.​다만, 이러한 스마트폰의 새로운 폼팩터로써, 개인적으로는 신경이 많이 쓰이는 제품, 그러니까 스트레스를 받으면서 사용을 하게됩니다.​일단 Z폴드2같은경우 다른 바형태의 스마트폰과는 달리 고가의 스마트폰인만큼 보호해줄 수 있는 케이스의 종류가 제한적입니다. 케이스 같은경우 내구성, 디자인, 그리고 스마트폰을 어느정도 보호해주는지에 따라 가격이 다르겠지만, 폴드2 보통 좋은 케이스들은 5만원 정도, 그리고 특히 폴드2는 힌지나 내/외부디스플레이등, 이런부분을 굉장히 조심히 다루어야하기때문에 이런 것들을 막아줄 수 있는 케이스를 구매해야하는데, 이런 것들은 보통 10만원이 넘습니다.​추가적으로 금전적 투자를 해줘야한다는 부분 외에도 저는 사전예약했을때 사은품으로 받은 아라미드 케이스와 추가적으로 구매한 정품 가죽케이스를 사용하고 있고, 별도로 정품아닌 타 업체에서 제작한 전면/후면 케이스도 사용을 해봤지만, 전면 케이스 같은경우 케이스 내부에있는 고정 테이프를 때서 사용을 해야한다던지, 그리고 잘못주문했다가 테두리부분이 기스가 난다던지, 이러한 부분도 굉장히 신경이 쓰이고 스트레스받기때문에 구매를 잘 안하게되더라구요. ​



 







한번 낮은 높이에서 떨어트렸다고 내부 디스플레이 플라스틱 테두리부분 저렇게 눌려졌습니다.







​그리고 모든분들이 아시다시피 이번 폴드2는 방수방진 지원이 안됩니다. 여기 특히 베트남은 우기가 많고 습해서 굉장히 조심스럽게 사용을 하고 있는데, 비가 조금씩이라도 떨어지면 바로 주머니에다가 집어넣어야되고, 아니면 뭐 심지어 집에서 물을마실때, 샤워를할때, 이럴때도 굉장히 조심스럽고 물이 겉에묻으면 빨리 닦아줘야할꺼같고 이런식으로 신경이좀 많이 쓰이더라구요. ​보통 키 170기준 허벅지있는 곳 정도에서 떨어트리면 90% 어느 곳이 눌려있거나, 기스가 나있습니다. 물론 다른 바형태의 스마트폰들도 그렇긴 하겠지만 생각보다 무게도 많이 나가고 해서 더 이런거같아요. 내부 디스플레이도 UTG위에 플라스틱으로 얇은 커버?같은것도 부착이 되어있다보니까, 필름이 붙혀져있어도 터치나 이런 것들 할때 손톱 눌림, 또는 스크래치가 날까봐 굉장히 조심스럽게 다뤄지는 것도 은근 스트레스받았습니다.​마지막으로 베트남에서는 폴더블폰 사용하는 사람들이 별로 없다보니까, 지나갈때나 아니면 식당에서 밥먹고있을때, 종종 사람들이 무슨 휴대폰이냐고 물어보기도하고 제가 은근 관종이라서 좀 ""나 이런 휴대폰 들고다니는 사람이다""라는게 느껴지더라구요 ㅋㅋㅋㅋㅋ​정리해서 말씀드리자면, 좋습니다. 좋지만, 개인적으로 신경이 많이 쓰이게 되는 제품입니다. 어느정도냐면, 심지어 꿈에도 가끔가다 제 폴드를 신경쓰고 하는 꿈을 꿀정도로 신경이 쓰여집니다.​1. 디스플레이



 














​일단 디스플레이 주사율부분에 대해 먼저 말씀드리자면, 외부는 60Hz 주사율을 지원하고, 내부는 120Hz 주사율을 지원합니다.​제가 아까 말씀드렸지만 저는 외부 디스플레이보단 밖에나가도 내부 디스플레이를 주로 사용한다고 전해드렸는데, 그 이유가 먼저 일단 주사율입니다. ​다른분들은 모르시겠지만 저는 개인적으로 60 - 90 - 120 - 144 - 240 - 300Hz 주사율 차이를 체감적으로 많이 느끼게됩니다. 외부 디스플레이를 사용하면 디스플레이 비율이 길어서 그런지 아이폰 12 프로 맥스보다도 더 버벅거리는거처럼 느껴지고, 개인적으로는 90Hz 정도는 지원해줬으면 어땠을까 싶습니다 (물론 이렇게 되면 배터리는 바사삭되지 않았을까 싶기도합니다).​저는 그래서 통화할때, 그리고 급하게 문자 보내거나 확인할때 이 외에는 외부 디스플레이 잘 사용하지 않습니다.​내부 디스플레이는 말할 것도 없이 쉬원쉬원하고, 영상시청할때도 아주 좋습니다.  다만, 폴드2 내부 디스플레이 비율이 정사각형과 가까운 비율이다보니까, 게임이나 이런 것들을 할때 지원이 되지 않는 게임이 좀 몇몇개있습니다. 클래시 오브 클랜같은경우도 5:4로 스트레칭이 되다보니까 초창기 한 3개월정도만해도 화질에 문제가좀 많았지만, 지금은 많이 개선된 상태입니다. ​그리고 주름에 대해서 말씀드리자면, 주름이 생각보다 5개월이 됐음에도 불구하고 상당히 거슬릴때가 많습니다. 그리고 저는 보통 주름있는 곳을 만지며 하/상단 스크롤링을 하는데, 이건 저한테만 느껴진 부분이긴하겠지만 가끔가다 주름부분 통해서 스크롤링이 안될때가 있더라구요. 디스플레이에 자국이 날까봐 힘을 별로 안주고 사용해서 그런지 이런부분도 아주 가끔가다 있습니다.​2. 앱



 














​앱에 대해서도 좀 할말이 좀 많습니다. 먼저, 내부 디스플레이를 통해 원활한 지원이 안되는 앱들이 몇몇개 있습니다. 거기서 예를들면 인스타그램, 그리고 유튜브정도가 되겠는데요.​인스타그램같은경우 먼저 아이패드처럼 비율때문에 양옆이 짤려서 보입니다. 중간에만 떡하니 있어서 이런 것도 불편하고, 물론 굿락, 이런거가지고 비율조절해서 사용할 수 있지만 그렇게 비율 늘려서 전체화면 비율로 사용할 경우 스토리나 게시물을 볼때 이미지들이 상하단에 짤려서 그렇게 사용을 안하게되더군요.​그리고 안드로이드10, 그러니까 OneUI 2.5 사용했을때, 인스타그램 스토리 기능은 완전 버그 천지였습니다.​스토리를 볼때마다 자꾸 상대방에게 빠른 반응 추가하기? 같은 기능이 자꾸 올라와서 상대방 스토리 보는건 굉장히 힘들정도여서 인스타그램을 볼때는 제 서브폰 아이폰 12 프로맥스 사용했었고, OneUI 3.0 업데이트 되면서 이 버그는 없어지긴 했습니다.​이 버그는 Reddit에도 여러번 초창기부터 다양한 유저들이 제보를 하였고, 이는 인스타그램  앱 문제상 그런거겠지만, 인스타그램, 그리고 삼성에 직접적으로 많은분들이 문의를했지만 안드로이드 11을 업데이트하는 시점까지 버그픽스를 안해준거보면 고가의 스마트폰을 사용하는데 좀 실망스러운 부분이긴합니다.​그리고 유튜브 앱에 대해서 말씀드리자면, 외부 디스플레이를 통해 유튜브앱을 실행시키면 영상을 720p로밖에 시청이 불가능합니다. 그래서 외부통해서 보다가 내부 펼쳐서 쓰면, 내부에서도 720p로밖에 시청이 안되서, 앱을 다시 껏다가 내부 디스플레이에서 다시 켜야지만 1080p, 1440p 옵션이 뜬다는.. 그런 불편한 점도 있었구요.​그리고 유튜버들의 커뮤니티탭을 확인하려면 반대로 내부 디스플레이에서 유튜브를 킨상태에서 확인을 하려면 ""커뮤니티 게시물이 곧 제공됩니다"" 라며 현재 커뮤니티 게시글은 최신 버전 유튜브 앱에서만 확인할 수 있다고 뜨더군요. 그래서 반대로 내부 디스플레이 유튜브앱을 종료시키고 외부통해서 켜서 보면 커뮤니티 탭에 올라온 게시글들을 확인할 수 있습니다.​정리해서 말씀드리자면, Case by case 겠지만, 소소한 기능적인 부분에 대해서 지원을 안하는거, 버그가 있다는것. 좀 저한텐 컸습니다.​3. 카메라​



 














카메라 부분, 바로 제가 메인적으로 다루고싶었던 부분중 하나입니다.​이번 폴드2 카메라는 12x12x12MP 조합으로, 심지어 S20에도 망원 64MP 하나는 넣어줬는데 이부분은 좀 아쉽다고 생각합니다. 폴드2 사용 이전에 노트20울트라를 잠시 사용했었습니다만, 확실히 5배광학줌, 그리고 108MP,등 이런부분이 빠져 굉장히 아쉽더라구요. 5배 광학줌은 아니더라도 대충 3배광학줌정돈 넣어줬음 어땠을까 하는 생각도 듭니다.​사진은 굉장히 잘찍힙니다. HDR 부분에 대해선 저는 개인적으로 만족하고, DSLR처럼 찍힌다는 그 아이폰 12 프로맥스보다도 가끔가다 잘나올 경우가 종종 있습니다. (개인적으로 12 프로맥스는 메인말고는 초광각, 망원 그렇게 사진적으로 좋은 결과를 보여준다고 생각은 안하고있습니다)​셀카같은경우 저는 솔직히 좀 실제스럽게 나오는 아이폰 12 프로맥스 카메라보단, 삼성의 셀카카메라가 좋아서, 셀카를 찍을때는 보통 폴드2를 사용하곤 합니다.​다만, 동영상 부분에 대해선 굉장히 실망스럽다고 생각합니다.​먼저, 아이폰 12 프로맥스같은경우 같은 12x12x12MP인데, 4K 60프레임 동영상을 촬영하면서도 초광각, 광각, 망원카메라를 전환해가며 사용할 수 있는데, 폴드2는 1080p30, 그리고 4k 30p 에서 밖에 되지 않는다는게 굉장히 아쉽습니다.​화질 부분에 대해서도 아이폰 12 프로맥스의 동영상 비트레이트가 더 높은지, 같은 12MP 메인 카메라임에도 불구하고 저는 개인적으로 아이폰 12 프로맥스의 동영상이 더 우수하고 선명해서 제 유튜브 영상이라던가, 평상시 영상 촬영할때는 항상 아이폰 12 프로맥스를 사용합니다.​어느정도인지 예시 하나 보여드리자면,​



 


















확대해서 보시는게 좋습니다. 왼쪽은 아이폰 12 프로맥스로 촬영, 오른쪽으로 Z폴드2로 촬영 [두개 모두 4K60p에서 촬영]



 



이정도로 많이 차이가 날 정도입니다.​포커싱 부분에 대해서도 말씀드리자면, 아이폰 12 프로맥스같은경우 오토포커싱할때 자연스럽게 사물에서 사물로 포커싱되는데, 유난히 삼성폰들 오토포커싱은 그냥 로봇처럼 여기 딱 포커싱, 저기 딱 포커싱되버리고 하니까 좀 시네마틱한 영상을 촬영하려면 이부분이 안되서 아쉽더라구요.​그외에도 스테빌라이제이션, 아이폰 12 프로맥스가 압승합니다. 확실히 12프맥은 짐벌처럼 손떨림, 그리고 흔들림이 없는 반면, z폴드2랑 비교하면 확연히 차이가 납니다.​​정리해서 말씀드리자면, 사진 부분은 Z폴드2, 하지만 동영상 부분에선 아이폰 12 프로맥스.​정도로, 제가 느낀 후기 대충 한번 남겨보았는데 폴드2 구매하시는분들께선 조금이나마 도움이됐으면 합니다.​폴드3, 구매할 생각이 있냐고 여쭤보신다면, 저는 개인적으로 넘어가긴 할꺼같습니다.​다만 z폴드2처럼 똑같이 12X12X12를 넣어줘서 8K 동영상 촬영도 안될정도라던지, 아니면 S펜탑재한다, 아니면 큰 발전이 없다라면 폴드2 중고가격 방어때문에 빨리 팔고 S21 울트라나 S21 플러스 구매해서 계속 사용하다가 넘어갈 생각입니다.​이외에 궁금하신 사항 있으시다면, 댓글로 남겨주시면 최대한 답변해드리도록 하겠습니다.​긴 후기 읽어주셔서 감사합니다.​​​",2021.02.14. 16:06
64,갤럭시 날씨 어플 이럴수가,"폰질문금지, 판매글금지, 추천인(수익)글 금지, ​오늘 날씨가 계속 안좋아서빅스비로 미세먼지좀 알려달라고 했는데 좋음 또는 보통이라고 떠서혹시 몰라 미세미세 앱 깔고 보니 최악 이네요 ㅡㅡ머 이런 .....



 

























질문/추천 금지 X",2021.02.06. 15:50
65,앱등이의 폴드2 한달이상 사용기,"질문/추천 금지 X​안드로이드폰 갤럭시s2 와 노트2 사용후​아이폰 5s ~ 아이폰11프로 맥스 까지 사용하다가 갑자기 폴드2 뽐뿌가 와서 고민끝에 바꿨습니다.(기타 워치및 패드도 시리즈별로 구매ㅡㅜ)안드로이드의 장점이 아닌 폴드의 장점에 대해서 말씀드릴게요​일단 넓은 화면 너무너무 만족 합니다.처음에는 앱하나 받으면 앱스에하나, 펼쳐서 하나, 닫아서 하나, 세군데 세팅해줘야 해서 너무너무 불편했는데앱스 말고 홈화면만 사용 하기 하니깐 편해지더라고요. 아이폰처럼 세팅가능함​다른분들 말씀 들어보면 영상볼때 펼치면 위아래가 잘린다 안좋다 그러는데그건 영상 화면 비율상 어쩔수 없는거라서 전혀 문제 될거 없다고 생각합니다.갤럭시 탭이든 아이패드든 태플릿은 위아래로 다 잘리는데.... 왜 폴드만 잘린다고 하는지 이해불가...펼쳤을때 바형 폰보다 아무래도 물리적인 화면크기때문에 결국은 더큰 화면 으로 볼수 있습니다. 이건 전혀 단점이라고 생각이 안들어요..​카메라는 좀 실망.... 카툭튀는 노트20괴 똑같은거 같은데화소수가 많이 떨어져요..​그밖에 소소한 단점들이 있지만태블릿을 접어서 가지고 다닐수 있는 강력한 장점 하나만 으로도 모든 단점을 상쇄하는거 같습니다​참고로 아이패드프로4세대 셀룰러 12.9 도 항상 가방에 가지고 다니는데최근 한달 사이에는 영상도 폴드로 보고 딱히 꺼낼일이 없네요​아직 까지는 다음 폰도 폴드로 바꿀거 같습니다.",2021.02.02. 13:26
66,어느덧 폴드2 3개월차로 접어드네요,질문/추천 금지 X​수많은 스마트폰 써왔지만 폴드2 만큼 지속적으로 만족도가 높은건 처음입니다 ㅎㅎㅎ​밖에서는 바형스마트폰처럼 쓰고 집에오면 테블릿으로 변신~~​굿락 어플로 단장까지 마치니까 와~~그냥 감탄만 나옵니다​너~~~~무 편하고 좋네요 밖에서도 눈이 피곤하면 펼쳐서볼수 있어서 너무 좋아요​돈값합니다^^,2021.02.02. 12:01
67,폴드2 5개월차의 사견 및 후기,"질문/추천 금지 X​​다들 아시겠지만 폴드의 포인트는 큰 화면을 휴대하기 편하게 접을 수 있다는 점입니다.​풀어서 말하면 큰 화면을 시간과 장소에 구애받지 않고 쓸 수 있도록 한 것이란 말이죠. ​그런데 카페에서 보면 내부 액정은 잘 사용하지 않는 분들이 왕왕 보입니다.​ 사실 외부 액정만으로도 실사용에 큰 불편함이 없거든요.​ 큰 화면이라고 해도 영상을 볼 때 레터박스를 생각하면 실질적으로 볼 수 있는 영상의 영역은 화면 큰 바형 핸드폰과 별 차이가 없습니다.화면을 늘려서 꽉 채우게 될 경우 잘리는 부분이 분명 생기게 되어있고, 잘리지 않게 화면을 키우면 화면비가 이상해져서 영상이 우그러지죠.외부액정은? 양 옆에 레터박스가 생기긴 하지만 그냥저냥 볼 수 있어요. 굳이 내부로 볼 필요가 없는거죠.​ 게임만 해도 여러 게임을 동시에 돌리지 않는 이상 외부 액정만으로 플레이하는데 문제가 없습니다. 더군다나 큰 화면에 맞게끔 화면비를 지원하는 게임이 아니면 플레이가 불편해지는 것도 있고요.​ sns는 편할까요? 개인적인 차이겠지만 이건 제 사견이니 제 경험을 미루어보자면 저는 불편합니다. 인스타만 해도 업데이트가 됐지만 거의 정사각에 근접하는 대화면이 오히려 불편하더라고요. 페북도, 트윗도 외부가 편했습니다.​ 메신저도 뭐...굳이?화면을 펴 둔 상태가 아니라면 메신저를 쓸 때마다 내부화면을 사용할 이유가 있을까...해요.​ 거기에 덧대어 휴대성은 좋은가요? 두께도, 무게도 솔직히 얇다, 가볍다 하실 분 없다고 생각합니다.물론 화면 접은 핸드폰인걸 감안하지 않고 드리는 말씀입니다. 그냥 모든 종류의 핸드폰과 비교했을 때를 말하는 거에요.​ 이렇게 불편한데 왜 폴드를 계속 사용하느냐.​​ ​저는 내부화면 잘 쓰거든요.​​​ 갖고 있는 모든 책들은 북스캔을 통해서 pdf로 만들어 넣었습니다.펼쳤을 때 아이패드 미니에 근접한 화면 크기인 만큼, pdf 문서 보기에 너무 좋아요.출근과 퇴근길 지하철에서만 봐도 1시간 이상의 독서시간을 가질 수 있고, 잠자리에 누워서도 굳이 불을 켜지 않고 책을 볼 수 있다는 장점(?)이 있습니다. - (여기서 어두운 환경에 스마트폰을 이용하면서 시력이 저하되는 부분에 대한 언급은 패스하겠습니다. 밝기 조절로 충당을...)​ 그리고 인터넷 신문을 구독하는데 한 눈에 들어오는 정보량이 많기에 보기가 수월해요. 바 타입을 쓸 때는 글씨를 작게 해서라도 더 많은 정보를 보고자 했는데, 이젠 그러지 않아도 돼서 좋습니다.​ 웹서핑도 마찬가지....​ 무게 및 거치의 불편함은 아이링으로 해결했습니다.사실 아이링 하나로 버티기엔 손가락이 마냥 편하지는 않아요. 하지만 없으면 외부에서 폴드2를 조작하는데 제한이 클 것 같습니다.​불편해도 기기를 조작하는 편의성이라거나 그 안정감은 써보지 않고는 모릅니다.아이링 외에도 핑거스트랩이나 그립톡 등...​ 분할화면이나 플렉스모드 등등... 저는 쓰지도 않고, 쓸 일도 없어요. 하지만 책만 봐도 이미 뽕 뽑는 느낌입니다.패드 프로 12.9인치가 있지만, 문제 풀거나 다이어리 작성용으로만 쓰지. 순수하게 독서용으로는 폴드를 더 즐겨 찾는 것 같아요.휴대성까지 고려한다면 비교 자체가 불가합니다.​ ​​마치며....​내부화면을 쓸 일이 적으신 분들은 폴드2 비추합니다.​뿜 와서 사놓고 내가 이렇게 외부화면만 볼 거 같았으면 폴드를 왜 샀지 하는 현타가 분명 오실거에요.​나는 사면 내부화면 잘 쓸 것 같다! 하시는 분들도 막상 사고 보면 의외로 내부화면 쓸 일이 없다는 사실에 현타가 올 수 있습니다.​ ​무게도, 두께도, 그로 인해 소지에 불편함이 생기는 것도. 모두 대화면임을 감안한 상황에서 견딜 수 있는 것입니다.​ 대화면임을 감안할 때 그나마 가볍고, 그나마 얇고, 그나마 휴대가 편하고 한거에요.​ ​적은 금액대도 아닌 폴드를 구매하시고 후회하시는 분들이 적지 않기에 글을 적어봅니다.​ 더불어 폴드2의 효용성에 대한 의문이 있던 분들에게도 도움이 되었으면 좋겠습니다.​ 긴 글 읽어주셔서 감사합니다.",2021.02.02. 10:14
68,12월31일 구매후 한달간 후기!,"12월31일에 아이폰11pro에서 갤럭시z폴드2로 교체했습니다.다행히 31일까지 버즈라이브 무료지급이라 버즈라이브도 받았구요.후에 갤럭시액티브2, 갤럭시 탭s7 까지모든 제품을 삼성으로 교체했습니다.​일단 처음 느낀점은 아이폰이랑 갤럭시랑 인터페이스라 해야하나요? 사용하는데 크게 이질감이 없었습니다.양쪽 기종다 사용자들 기호에 맞게 서로의 장점같은 것을 많이 보완한 느낌이랄까요..​전 10년간 아이폰을 사용해왔는데 중간에 2번정도 몇달 안되게 갤럭시를 잠깐씩 썼습니다.근데 그 당시에는 서로 차이가 많아서 쓰기가 힘들어서 금방 다시 아이폰으로 교체했는데이번엔 그런것이 없더군요.​교체후 결론부터 말씀드리자면거의 만족스럽습니다.​아이폰12는 안써봤지만11pro보다 폰의 속도는 빠르게 느껴졌습니다.블루투스 연결 또한 제 느낌에는 갤럭시가 월등했습니다.에어팟연결되는 속도가 아이폰보다 갤럭시가 빨랐습니다.그 외에 여러 부분에서 갤럭시가 사용하기에 더 좋았습니다.​또한 사실 옛날얘기 일수도 있지만예전에 갤럭시 쓰면 어플충돌? 이라 했나요..그런게 많아서 오류가 정말 많았던 기억이 있습니다.그런거 또한 한달간 한번도 없었네요.​아 근데 빅스비가 여러게 작동할때는 그중 하나가 제대로 작동을 안하거나 그런건 있더군요.​일단 이런것들 외에도 여러부분에서 상당히 만족감에 좋습니다.제일 만족스러운건 전면부에 화면이 있어 간단한건 접어서 활용하고열었을때 큰화면으로 본다는 게 정말 너무 좋습니다.밑에 단점들을 모두 상쇄시킬만큼 저에겐 만족스럽습니다.​그리고 갤럭시z폴드2의 가장 큰 단점..무게 인데요.익숙해지니깐 그냥 원래 이 무게의 핸드폰을 들고다녔다는 듯이 아무렇지는 않습니다.다만 누워서 펴서 하기는 힘들고,,접어서 한손으로 들고 하기도 힘듭니다.그래서 잠을 일찍자게되더군요..ㅋㅋ​그리고 전 무게보다도 방수가 안되는게 아쉽습니다.뭐 사실 화장실에서 노래도 잘 틀지는 않습니다만..그래도 불안합니다.​마지막으로 제일 아쉬운점은요 카메라 화질 입니다.(동영상x)큰 화면에 부합하게 사진 찍을때 화질이 더 좋았으면 좋겠다라는 생각이사진 찍을때마다 듭니다.​--------------​두서 없이 적었는데요일단 저런 단점이 무색해질만큼 정말 만족스럽고 좋은 폰임에는 분명한 듯합니다.​다들 기분 좋은 한주 되세요~!",2021.02.01. 10:00
69,폴드2 삶 시작..,눈팅만 하다가 드디어 샀습니다!!!​질문/추천 금지 X,2021.01.31. 20:38
70,[구매인증] 27일에 받아서 사용중이네요.,"질문/추천 금지 X 부모님들 드리려 폴드2랑 S21+ 구매해서 보여드렸더니 아버지만 S21+로 바꾸신다고 하셔서 폴드2는 제가 사용하게 되었네요.외부 액정으로 천지인 사용이 너무 마음에 들고 유튜브 시청시 레터박스 없이 보는걸 좋아하는데 꽉채워지니 더욱 마음에 드네요.



 


















폴드2 스킨, S21+",2021.01.31. 19:52
71,폴드2 구매 인증 !!!!!,"고민고민하다가 저도 폴드2,,,,비싸지만 너무 마음에 드네요 ㅎㅎ​좋은 정보나 설정팁이 있다면 공유 부탁드려요 !!​



 





































































​",2021.01.31. 18:54
72,폴드2 쿠키런킹덤 진짜 왜캐 튕기나요 ..ㄷㄷ,"폰질문금지, 판매글금지, 추천인(수익)글 금지, ​2021년에 튕기는 게임 첨봐요 질문/추천 금지 X",2021.01.31. 00:09
73,폴드2 인증 합니다,"질문/추천 금지 X



 














구입한 제품은자급제 미스틱 브론즈 입니다 :)​사용 하면서 느낀 점에 대하여 말씀 드려 보겠습니다​색상미스틱 브론즈 브론즈 색상을 첫눈에 봣을 때 부터 마음에 들었습니다 마치 제 게임등급 같아 친밀 하기도 한것 같습니다​무게감사람들은 무겁가 말하는 데 저는 평소에 무거운 제품을 많이 사용하여 무거운 점은 딱히 느끼지 못했습니다 :)​자신감주변 분들이 핸드폰이 신기하네 예쁘네 라고 말씀 하시면 폰부심 인지 괜히 기분이 좋아집니다 ㅎㅎ​​",2021.01.30. 22:22
74,폴드2와 아이들,"​



 

























​폴드2, 갤워치액티브2, 갤럭시버즈라이브 입니다.이어폰은 갤버라, 에어팟 번갈아 가며 듣는거 같네요.ㅎㅎ영상을 많이보는지라 항상 노트시리즈만 사용중이였는디폴드2 넘어오니 신세계군요.단점을 꼽아보자면 잘때 핸드폰하는데 거꾸로 오래들고있음 팔아프다는것?여름을 아직 안겪어봐서 반바지에서 얼마나 불편할런지는 아직 모르겠네요.ㅎㅎ정말 근데 대만족하며 사용중입니다. 폴드4 정도 나오면 기변하려구요. 좀더 슬림해지고 가벼워지겠죠.??ㅋ​",2021.01.30. 19:14
75,폴드2 블랙색상 금일 개통했습니다!,"질문/추천 금지 X​아이폰쓰다가 넘어왔는데...이녀석 실물 디자인 진짜 장난아니네요... 반해버렸습니다 오늘 개통한거라서 자세한 후기는 못올리지만 현재까지는 대 만족입니다!!+근데 갤럭시 초기설정 너무 어렵네요 ㅠㅠ 꿀팁같은거 있을까요?



 














​",2021.01.29. 23:33
76,알리발 전후면 케이스 후기,"질문/추천 금지 X



 

























일단 알리에서 배송비 없이 할인받아 15000원에 구매한 막케이스 입니다​사실 실물 보면 고급지다 라는 느낌 1도 없구요 후면 싸구려 인조가죽 느낌 잘 납니다​케이스 안쪽 휴대폰과 맞닫는 부분도 별도 완충제 없이 쌩 플라스틱 이네요.​다만 흰지 부분 제외하면 전면 케이스에 강화유리까지 있고 후면 카툭튀 부분도 완전하게 커버되는게 장점이네요 싸구려틱 하지만 전 걍 쓰기로ㅋ",2021.01.29. 06:40
77,1달후기..,질문/추천 금지 X​지인에게 선물받아서 쓰는중인데90프로 정도는 펼쳐서 사용중입니다.접어서 쓰는게 오히려 불편해서 거의 펼쳐서 사용중이네요화면이 커서 뭐든 시원시원해서 좋습니다.지문인식도 엄청 잘되고..t맵 켜면 화면 잘보여서 좋아요제가 손이 큰편은 아니고 평균인데도 펼친상태에서 한손으로 사용해도 크게 불편함 없습니다.다만 누워서 쓸때 한손으로 보려면 약간 옆으로 누워야 가능합니다.​폴드2가 무겁다고 하긴하던데 사실 잘못느끼겠네요..;;그닥 무거운 느낌은 없습니다사람by사람 같네요저는 폴드2 쓰는동안 단점을 1도 못느꼈습니다!망설이는 분들은 사면안될거같고저는 예전부터 폴드2를 쓰고싶은 마음이 커서 그런지 현재까지는 대만족 중입니다!ㅎ​,2021.01.28. 23:23
78,하루사용한 생생후기!,"질문/추천 금지 X​​길게 안쓰겠습니다 ㅎㅎ저는 노트8사용중이었어서 노트21로넘어가고싶었는데 시원한 화면보고생각지도않은 폴드2가 맘에 꽂혔었어요♥​무겁다는 글도 많이봐서 고민됬었구색상부터해서 가격까지 계속 검색검색..200만원짜리를 핸드폰에??!​근데 검색하다보니 지쳐서아 이럴바에 그냥 쓰고 맘에안들면중고로 팔자해서 주문했구요어제 받아서 딱하루썼는데!!진짜...이제 일반 폰은 화면 작아서 못쓸거같아요 ㅋㅋ삼케플보험도 바로들었고쌩폰으로 사용중이고브론즈색상 질리지않을까블랙이 무난하니 낫지않을까고민했는데 여윽시나고민은 배송을 미룰뿐..​​당장 지르세요!!!!후회1도 없습니다그리고 화면이 넓으니 무게, 가격 등등다 용서되더이다.. 🤣​​1분1초가 행복합니다❣️매일 행복에 젖어계실분어서 구매하세욬ㅋㅋ​​+혹시 내부화면 계속열어두면 먼지 많이들어가나요?? 태블릿처럼 계속열어서 사용중인데 궁금해요!",2021.01.28. 12:17
79,폴드2오시려는 분들께 저는 갑니다.,"폴드2 진짜 입벌어집니다.​폰이 벌어지는거 처럼 폴드2 벌리면 입이 벌려집니다. 우와ㅅ~​커버를 많이 쓴다는데 전 오히려 펼친면을 더 많이 보더라구요.​갤럭시 S7, S8, S9+, S10, S20 을 사용했던 유저로서 폴더블폰은 ​새로운 경험을 하기좋은 딱 좋은 폰이라 생각하고 구매하였습니다.​물론 여기계시는 유저분들이 훨~~~씬 많이 사용하시는데 몇일 사용안한 제가 몰 알겠냐만은​적어도 이글을 보신다면 폴드2 구매의 조금이나 도움될거 같아 남깁니다.​구매해도 좋으신분들​일터가 사무실 자가 등 먼지와 비에 구속 받지 않고 편하게 폰을 사용하실 수 있는 분​평소에 화장실에서 음악안들으시는 분​잠잘때 폰 안보시는 분 ​평소에 폰+테블릿을 가지고 나시는 분​구매하면 후회하실분들 ​잠잘때 폰 보시는 분​화장실에서 음악들으시는 분​일터가 먼지와 현장에서 근무하신 분​가장 중요한거 호기심이 가득한 아이가 있는 분​----------------------------------------------------------------------------------------------------------​제가 폴드2를 떠나는 가장 큰 이유는 아이들때문입니다.​아이들이 만져보면서 신기하다고 자꾸열고 만지고 무거우니 떨어뜨릴거 같기도 하고​이건 모 집에서 사용자체가 안될거 같아요 저보다 아이들이 더 달라고 하니 ​그리고 잠잘때 폰을 보는데 너무 무거워요 ㅋㅋ 그냥 안보고 잡니다 ㅋ​이건 수면에 도움이 되는거 같긴한데 결과론적 얘기지만 ​역시 사용을 해봐야 압니다.​폴드2를 구매하고 싶어 11월 부터 1월까지 디지털 프라자 매장이나 폰이 보이는 곳에서​만져보고 생각하고 다짐하고 결심하고 큰맘먹고 샀는데 제가 감당할 수 있는 폰이​아니라는걸 느꼈습니다. ​혹시나 폴드2 구매하시려는 분들께서는 ​아이가 없거나 사무실에서만 근무하시거나 근육통이 없으신분들께 추천드립니다.​그리고 평소에 폰과 테블릿 동시에 들고 다니신다면 폴드2는 만족감을 더해줄겁니다.​주절주절 길었으나 저도 나름 폰을 쓰는걸 좋아 해서 기변증 매니아이지만​폴드2무게를 견디는건 하루만에 파악이 되실 거 같습니다 ㅎ​전 못견디겠어요 ㅎ ​여러분들도 합리적인 소비하셨으면 좋겠습니다.",2021.01.27. 10:07
80,이제서야 인증합니다.,"저저번주?에 친구에게 자랑하려고 찍었던 사진입니다.지금은 슈X겐 힌지 풀커버 케이스까지 씌워놨는데기존에 쓰던 폰은 판매하려고 포장해놔서 찍을 수가 없네요​다음 기회에 케이스 씌운 것까지 해서 인증하겠습니다~



 














​",2021.01.26. 18:24
81,드디어 왔어요ㅋㅋ,오늘 왔네요 ㅋㅋㅋ아이폰 10년 넘게  쓰다오니난감하긴하네요 ㅎㅎ뭐부터 해야할지 ㅋㅋㅋ,2021.01.25. 22:42
82,고민은 구매일만 늦추기만 할 뿐.,"질문/추천 금지 X​저요.. 출시하고 나서 계속 고민했어요고민은 구매 시기만 늦출 뿐입니다.그냥 구매 하세요중고거래던, 현금완납이던, 통신사를 끼던, 미개봉중고를 구매하던..​물론 전 중고로 구매했습니다...",2021.01.25. 21:37
83,갤럭시Z폴드2 3주간 사용후기 (+ 삼성케어플러스의 중요성),"1월 초에 새해 기념으로 Z폴드2를 중고가 아닌새로 구매해서 사용하고 있습니다.​조금 늦은감이 있고대다수 구매혜택이 12월 31자로 끝났기 때문에다소 아쉬운 점은 많았지만그래도 첫 출시대비 저렴해진 실구매가와아무래도 폴더블 특성상다른사람 손 타면 알게모르게 문제점이많아지는 상황에서맘편히 새로 뜯고 새로 삼성케어플러스까지가입하게 됨에 따라 만족스럽게사용하고 있습니다.​​​전체적인 평은'놀랍다' 입니다.​​일단 아이패드미니5와 화면크기는 비슷하면서베젤은 거의 존재하지 않다보니말 그대로 태블릿수준의 대화면을디스플레이로만 들고 있는 착각이 들정도로너무나도 만족스러운 시원시원함을 제공해줍니다.​특히 전작의 애매한 화면크기와너무나도 큰 노치부분이 삭제되고펀치홀 하나를 제외하면 전면이 모두 디스플레이인 점이너무나도 만족스러웠습니다.​​또한 접었을때의 사용성 역시Z플립 느낌의 길쭉한 화면으로한손으로 그립감 좋게 들고(리모컨 ... 잡아보시면폴드2 그립감과 비슷하다느껴보실 수 있습니다 ㅋㅋㅋㅋ)일반 스마트폰처럼 충분히 사용이 가능했으며​펼쳤을땐 ... 크 ...소리가 한번에 나옵니다.​​그 대화면에 120hz 가변주사율디스플레이라니!!!​진짜 스크롤할때 체감 상당합니다 ㅋㅋㅋ​커버디스플레이는 일반적인60hz 고정 디스플레이다보니역체감이 좀 심한게 흠이네요​(웹툰보다가 지하철내려야해서 접고마저 커버디스플레이로 보면서 걸어가다보면잠깐 10초동안은 웹툰스크롤 내릴때버버버벅 거리는게 느껴집니다 ㅋㅋㅋㅋ)​​​​​​​주변에서도 너무 신기하다고감탄했으며저희 사무실에서 폴드 1세대 사용중인직원이 있는데서로 비교해보더니바꾸고싶다고 아우성이였던게 너무 인상깊었습니다 ㅋㅋㅋ​​무게를 많이 걱정하실텐데사실 280g의 무게라는게스마트폰 하나만 놓고 보자면무거운건 맞습니다.​하지만 요즘 일반적인Bar형 스마트폰 역시200g대를 넘어 230g까지 가까워진 상황이고폴드2는 일반적인 폰이 아니라펼쳤을때 아이패드미니급 대화면의태블릿으로 활용할 수 있다는 사용성을 고려한다면오히려 저는 무게로 불만을 가진건 하나도 없었습니다.거꾸로펼쳤을때 이정도의 대화면인데이정도로 가볍다?이렇게 느껴졌었죠.​즉이것을 펼쳐지는 폰으로 바라보느냐접히는 태블릿으로 바라보느냐에 따라무게체감이 확실히 달라집니다.​접고다니면 어느정도 무게감이 느껴졌음에도펼쳤을땐 가벼운 느낌이 드는 진짜신기한 기기 랄까요?이건 진짜 글로 설명하기보단직접 들고 펼쳐보신 분만이이해하실 수 있을 것 같습니다 .. ㅋㅋㅋ​또한 양옆으로 좁은 비율이다보니잡았을때 마치 리모컨처럼 그립감이 상당히손안에 폭 들어오는 느낌이고무게중심도 상당히 잘 잡혀서무게감으로 못써먹겠다!!!이런건 전혀 느낄 수 없었습니다.​​​다만 장점만이 있는건 아니구요...​저는 진짜 카메라가 너무 어이가 없습니다.​​갤럭시의 카툭튀는 점점 심해지며유명해(?)지기까지 했죠.​하지만 그만큼 성능이 좋고다른제조사의 소프트웨어적인 시스템이 아니라정말 물리적으로도 완벽한 성능을 보여주며장점으로 작용했지만​폴드2는 전작과 별다른 요소 없이거의 동일한 카메라 사양을 탑재했으나갤럭시노트20 시리즈와의 패밀리룩을 맞추기 위한 요소하나만으로 카툭튀를 심하게 넣어둔게진짜 불만입니다.​사실 폴드2 자체가 카메라가 특화된 기기는 아니고폴더블 태블릿이라는 요소가 매우 특장점인데내려놨을때 카메라땜에 기울어지는 요소가특장점을 망치는 느낌이 들 정도였습니다.​그렇게 카툭튀를 패밀리룩으로 맞출거면노트20울트라급 카메라 성능을 넣어주시던가요 ㅠㅠ​결과적으로 현재 카메라 성능도원래부터 전작 카메라도 50배줌, 100배줌 같은기믹성 성능 쓸거 아니라면실사용에선 이미 충분히 좋았던지라폴드2의 카메라도 별 불만없이 잘 사용하고 있긴 합니다.펼치고 카메라키면 진짜 넓~~은 비율의대화면으로 피사체를 찍을 수 있어서진짜 너무 만족도도 높구요(특히 동영상 촬영시 너무 좋습니다)​하지만 디자인!!!!​이 하나가 정말 화나게 합니다.​​​​그 외에 다른분들께서 많이 궁금해하시는메인디스플레이의 내구도에 대해 이야기하자면전작인 폴드 1세대는 전면디스플레이가 유리소재가 아닌CPI라고 해서 필름을 겹겹히 쌓은말 그대로 내구도가 좋은편은 아니였습니다.심지어 기본필름도 부착해주지 않았고제가 알기로 첫 출시 이후한동안 센터 필름부착 서비스도 존재하지 않아사제 필름을 구매해서 썼어야했는데결국 필름위에 필름을 부착하다보니이런저런 이슈가 있었던걸로 기억합니다.​하지만 폴드2부터는 UTG라고 해서접히는 유리소재가 사용되었고기본필름도 부착되어 있어 내구성면에선장족의 발전을 이뤘다 생각합니다.​물론 일반 고릴라글래스 급 강도로꾹누르거나 손톱으로 그어버리는 것을보호할 순 없겠지만적어도 자주 터치,스크롤하는 부분이지문에 의해 기스가 생긴다거나,정말 간단한 터치로 인해 (특히 여성분들)손톱자국이 생기는 요소는 사라졌다고 보시면 됩니다.기본필름에 기스가 나도UTG까지 기스가 나는 경우는 진짜 거의 없어진 것이죠.(전작은 필름을 부착한다한들 압력에 의해메인디스플레이 필름까지 눌림이 생기는 경우가 많았다고 합니다)​저도 현재 원신이나 롤 와일드리프트 등광범위한 터치조작이 많은 게임을 주로 하고 있으나기본필름이 빛투과율이 정말 나빠 화질손상이 있다한들이런 잔기스엔 내구성이 있는지 아직까지지문이나 손톱자국이 남은건 하나도 없고기기 액정 눌림이 생긴것도 없습니다.폴드 1세대 사용하는 직원꺼액정 몇번 터치해보고폴드2 액정 몇번 터치해보니진짜 단단함의 차이가 느껴졌으니까요.​​​​요즘 스마트폰 충전기도 다 뺀다던데삼성 25W 고속충전기가 기본으로 들어있는것도너무 좋구요(진짜 충전속도 너무 맘에 듭니다)​처음엔 5G + 배터리최적화 전이라배터리가 너무 빨리 소모되어 아쉬움이 많았지만이젠 진짜 배터리타임이 나름 안정되었는지펼쳤을때 일반 다른폰 정도로 가고접었을땐 진짜 배터리가 오래 가는 느낌을받고 있습니다.​또한 화면이 컸기에 매번 전원버튼 누르기가 힘들었는데One UI 3.0으로노크오프(두번터치 전원끔 기능)가 추가되어너무너무 만족하고 있습니다그 어떤 갤럭시기종보다도폴드시리즈에 필요했던 기능이였으니까요 !​​​색상은 블랙 / 브론즈 중끝까지 고민하다오래 질리지 않고 쓸 수 있으며일체감이 상당한 블랙으로 결정했는데​처음엔 유광후면에 남는 지문때문에브론즈로 갈껄.. 하고 후회했었지만카페 어떤분께서 댓글로 추천해주신 무광후면필름을부착하니대박!!! ㅋㅋ오히려 더 이쁘고 헤이즈한 디자인이 되서너무 만족하며 쓰고 있습니다.그 사이드프레임에 헤어라인?이라고하나요?무광으로 패턴이 들어가있는데그게 진짜 블랙이 오묘하게 메탈실버틱하게 빠지면서너무너무 이쁩니다브론즈는 그냥 핑크톤의 브론즈였는데역시 오래쓰기엔 블랙이 최고죠!(물론 이는 지극히 취향차이 입니다)​​​​게이밍 성능, 램 용량모두모두 만족중입니다.​다만 256GB의 내장메모리 외에별도의 SD카드 추가가 불가능한건너무 아쉽네요 ...​테크유튜버분들의 해체영상을 보면확실히 내부공간이 카메라섬의 증가로점점 타이트해지면서배터리 공간이 점점 밀려나다보니SD카드 추가할 공간을 빼서그냥 배터리로 채워버린거 같던데​참 일장일단이 있다지만아쉽긴 아쉽더라구요 ...​​​​아차! 삼성케어플러스는폴드2 구매자라면 진짜 꼭! 필수입니다 ㅠㅠ​폴드2는 아시다싶이액정교체비용만 왠만한 중고폰 한대값이고만약 힌지나 프레임까지 통갈이해야한다면다른폰 한대값이 들어가는 무시무시한 수리비를자랑하기 때문에통신사보험이 있다한들 실부담비용이 너무 큰 상황입니다.​따라서 마침 케이스도 구조때문에 거의 없고비싸기만하고 맘에 드는거 없는김에삼성케어플러스 가입하고그냥 맘편히 생폰으로 쓰시면서 저렴하게 할인받는게보험비 따져봐도 훨~씬 이득입니다.다른 폰은 수리비용이 액정10~20정도라1년 보험비랑 비슷하니 그냥 통신사보험만 드셔도 무방하지만폴드2는 진짜 통신사보험만으로는그 비용 부담 진짜 못할 정도니꼭 가입하셔요!! ㅠㅠ잘사용하여 파손안된다해도그냥 1년마다 잔기스, 액정번인 교체한다 생각하고통갈이만 받아도보험비보다 훨씬 이득이니까요!!!​​​​​이상입니다.​​그 외에 폴드2 구매 예정자분들 혹은기타 관련된 사항의 질문이 있으시다면제가 틈틈히 댓글확인해서 답변 달아드리도록 할께요​읽어주셔서 감사합니다.​​








질문/추천 금지 X",2021.01.23. 20:35
84,폴드2 / IBASSO DC3 / IER Z1R,질문/추천 금지 X​제가 음감을 좋아해 쿼드덱 달린 LG제품을 잘 애용했습니다. 약정이 끝나고 다시 LG로 가려했지만 쿼드덱이 안들어간다는 소식에 다른제품 알아보던중 폴드2가 눈에 들어왔습니다. 하지만 3.5 이어폰 잭이 없더군요.😭질문을통해 선생님들께 꼬다리덱 추천받다 IBASSO란 제품을 알게되고 사용해보니 음질이 체감이 느껴질정도로 좋아진게 너무 만족했습니다. 덕분에 다시 귀가 즐거워집니다.^^ ​제가 전문가는 아니지만 느껴진바로는배경이 깨끗해지고 공간감이 깊어지며 소리가 소니성향을 더 돋아주는게 좋았습니다.,2021.01.21. 14:53
85,폴드1 중고 8개월 사용자의 폴드2 중고 1주일정도 사용 후기,"질문/추천 금지 X​- 디스플레이 -​120Hz..뭐 이건 워낙 엄청나기때문에..기존에 아이패드 프로도 사용했었고 그랬지만 폴드2로 느끼니세상 좋네요. UTG 적용한게 너무 느껴집니다. 디스플레이 단단해진게 확 체감되고 주름 줄어든거도 너무 느껴지네요커버디스플레이는 커진게 참 키보드도 잘 쳐지고 좋습니다. 60Hz야 뭐 저는 그래도 나름 적응해서 잘 사용중입니다.소니 엑스페리아 1 ii 배경화면하니 참 좋네요​- 배터리 -​배터리는 좀..빨리 다는거같습니다. 제가 커버랑 메인을 2:8 비율로 메인을 생각보다 자주 씁니다.폴드1때보다는 커버 사용률이 좀 늘긴했지만 그래도 메인 화면 사용 빈도가 높아서 그런지 배터리가 막 오래간다 느낌은 없네요. 폴드1보다 빨리 사용하는거같습니다..​- 힌지 -​솔직히 기변할 마음이 크게 없었는데 결정에 도움준 친구입니다.서비스센터 갈일 생겨서 갔었는데 그때 만져본 Z폴드2의 힌지가 너무 고오오오오오급 스러웠습니다..충분히 폴드1도 고급이지만 너무 고급스럽네요..디스플레이가 뭐 발전해도 저한텐 힌지가 프리스탑에 부드러워진게 너무 확 체감되었습니다. 프리스탑 힌지도 잘 사용중입니다. 한손으로 못피지만 그래도 좋네요..ㅎ​- 무게 -​무게가 늘어났다고 해서 좀 걱정이었습니다. 하지만 폴드1 쓰다 넘어와서 그런지 크게 느낌은 없네요.손목이 단련되서 그런가 이젠 딱히 무겁지도 않네요.​- 카메라 -​카메라는 별 차이 없는거같습니다. 뭔가 느낌상 좋아진거같은데 폴드1도 충분히 좋아서..​- 기타 -​UTG가 제일 걱정이었습니다. Z플립을 보며 파손될거같다는 걱정을 많이했죠.솔직히 UTG의 파손때문에 기변을 생각하지 않았습니다. 하지만 생각보다 UTG 파손 사례가 많이없더군요. 삼케플 사전예약 혜택도 기기귀속이라 해서 더욱 기변하려는 마음이 생겼죠(그 결과 제 손에 있습니다..ㅋㅋ)​지문인식도 무광이라 그런지 더 잘 인식하고 악세서리도 상대적으로 더 많고 펀치홀도 S10을 쓸때를 이어서 또 쓰니 기분도 좋네요. 딱히 단점이라고 생각하는게 없어보입니다. 뭐 방수같은거야 작동구조를 보면 안될게 뻔해서 기대는 크게 안해서 그런지 다 좋네요.​물론 서브폰 하나정도 더 데려올생각이지만 제 메인폰으로써는 너무 좋습니다.​그나마 단점이라면..저장공간의 압박..? 512긱이 충분해서 너무 만족했었죠..반토막난게 아쉽지만전체적으로 모두 만족중입니다!​기변을 하게된 요인으로는 힌지도 있지만 조도센서가 2개라는게 컸네요..ㅋㅋ



 

























이 사진은 폴드1때 사진인데 폴드2도 똑같이 작동하길래 오늘 결제해봤습니다.



 














삼성에서 안된다고 했는데 결제 잘되네요 ㅋㅋㅋ 점심꺼억",2021.01.21. 03:11
86,이제서야 올립니다,질문/추천 금지 X​폴드 블랙으로 넘어왔어요! 아직까지는 넓은 화면의 장점이 좋네요 투폰쓰다 폴드원폰써서그런지 딱히 불편한건 모르겠습니다케이스 막차탓어요,2021.01.20. 22:57
87,폴드2 단점,질문/추천 금지 X​없음,2021.01.20. 11:30
88,노트9중고사서쓰는데  신세계네요.,"우욍이거대게신기하네요.지문인식이랑 얼굴  게다가 홍채까지 카메라도 빠릿하고 ㄷㄷㄷ중고폰이긴한데 신세곕니다.s8쓰다가 화면도작고. 이건크서  넷플보기도 꿀이고요,",2021.01.17. 12:30
89,갤럭시 s21 울트라 매트 블랙 간단사용기 (vs s20 울트라),"드디어 올 것이 왔군요. 많은 유저들이 기다렸던 갤럭시 s21이 드디어 공개되었습니다. 주야장천 삼성 안드로이드 스마트폰만 사용하는 필자도 꽤나 관심이 많았기에 어제 삼성공홈에 접속하여 투 고(to go)를 신청하였습니다. 운이 좋게도 해당 서비스를 개시하는 당일(16일)에 신청이 되어 첫 사용자가 되었네요. 필름조차 떼어지지 않은 아주 새 폰이죠.   ​   ​   ​                s21 모델부터 플러스, 울트라까지 라인업이 다양하기도 하고 색상도 다양한데 필자는 울트라를 써보고 싶었기에.. 더군다나 유출된 이미지로 보았을 때 블랙이 정말 괜찮고 멋있다고 생각 했었는데 운좋게 배정이 원하던대로 매트 블랙이 되어 제 손에 들어왔네요. 지금까지 새 기기가 출시될 때마다 삼성폰은 멋있다는 생각을 해본 적이 없었는데 실물을 영접하고서 정말 멋있는 색감이라는 생각이 가장 떠올랐네요. 그립감도 우수하고요. 더군다나 지문을 사라지게(?) 하는 재질이라서 확실히 우수함을 느낄 수 있었습니다. 그러고 보니 소지하고 있는 웨어러블도 모두 블랙이네요.    ​   ​   ​                버즈 프로는 15일에 출시 발표하자마자 쿠팡발로 당일 수령하였습니다. 다음에 포스팅해보는 걸로.   ​   ​   ​                필자가 전문적 지식을 지니고 있는 블로거는 아니기도 하고 이미 인플루언서 분들이 너튜브를 비롯한 여러 매체에서 테스트한 영상이 있어 일반적인 관점에서 어떠하였는지 위주로 써볼까 합니다. 뭐 결론만 놓고 말하자면 폴드 2가 부담돼서 2주 만에 방출하고 s20 울트라를 사용하고 있는 저로서는 매우 후회하고 있다고 할까요? 지난 s20 시리즈의 혹평을 만회하듯 칼을 갈고 출시한 느낌입니다. 버즈 프로도 그렇고요.   ​   ​   ​   ​                카메라 부분은 역시나 카툭튀 형식이지만 상당히 얇아졌다고 해도 과언이 아닐 만큼 슬림 해졌습니다. 혹자는 울트라 시리즈의 경우 많이 두꺼워서 부담된다고 하는데 필자가 2년 동안 노트 9을 사용해서인지 s20도 그렇고 s21의 울트라도 그렇게 두껍게 느껴지진 않았습니다. 유일하게 가장 두꺼운 부분이 이 카메라가 위치한 부위라서 담아보았습니다.   ​   ​   ​                그렇다 보니 안정감 있게 노트도 가능할 것 같네요. s 펜이 없어서 체험해보진 않았지만 눕혀놓은 상태에서 흔들림(단차로 인하여 덜컥덜컥 거리는 것)이 미미하였고요. 그래도 카메라 렌즈 부위가 스크래치에 취약할 수 있어 보이긴 하네요.   ​   ​   ​                전원 버튼과 볼륨 버튼은 우측에 자리 잡고 있습니다. 전작과는 큰 차이가 없어 보이고요.    ​   ​   ​                다만 큰 차이점이라면 유심을 꼽는 트레이가 하단부로 이동하였다는 것. 개인적으로 스피커가 양쪽에 배치되었으면 하는 아쉬움은 살짝 남네요. 충전단자는 당연히 C 타입으로 되어있고 마이크(트레이와 충전단자 사이 구멍)가 보입니다.   ​   ​   ​                         이쯤에서 사용하고 있는 s20 울트라와의 비교 컷 살짝 담아보았습니다. 가장 눈에 들어오는게 못생긴 카메라 렌즈입니다. 슬플 정도로 심하게 차이가 나네요. 뭐랄까.. 20은 무언가 모자란 듯한 느낌이고 21은 세련되고 똑똑한 느낌이랄까요? 그래서인지 사용 중인 케이스도 렌즈를 모두 덮어버리는 구조로 사용하고 있습니다. (아 참 색상은 같은 블랙이 아니니 참고하시고요)   ​   ​   ​                         측면에서의 두께 차이도 그렇게 많이 나진 않네요. 전반적으로 21시리즈가 살짝 미묘한 수준의 차이인데 그립감에서는 차이가 좀 나는 편입니다. 확실히 21의 그립감이 우수하고요. 아마도 매트한 재질도 한몫하는듯하고요.   ​   ​   ​                         무게도 차이가 약간 나는 수준으로 나오네요. 6g의 차이면 체감하기 어려운 수준입니다. 하지만 노트 또는 울트라 라인업을 사용한 유저가 아니라면 상당히 무겁게 느껴질 수 있는 수준입니다. 실제로 필자는 이미 적응해서 무겁다는 느낌은 없는데 장시간 누워서 사용하면 손목이 아프기도 합니다. 그렇기에 폴드 2를 금방 방출한 것이고요.   ​   ​   ​                크기나 무게만큼 배터리 용량도 큰 편이라서 장시간 사용하는데 아주 특화되어있습니다. 갤럭시 s21 울트라의 경우 수령하자마자 화면 밝기를 최상으로 해놓고 여러 앱(벤치마크 등)을 구동시키면서 다뤄봤음에도 불구하고 잔량이 줄어드는 속도는 아주 느리게 느껴졌네요. 여기까진 뭐 그냥저냥 전작과의 큰 차이가 없다고 생각했는데 아래에서부터는 역시 신제품이 좋구나라고 느끼는 부분입니다.   ​   ​                                  올바르게 놓았을 때(두 번째 사진) 좌측이 s20 울트라인데.. 밝기 차이가 상당합니다. 두 모델 모두 최상의 밝기로 설정해놓은 상태에서 20은 흐리멍덩한 느낌마저 들 정도이네요. 같은 공간에 붙여놔서 상대적으로 느껴질 수 있지만 차이가 확연하였습니다. 더군다나 흰 느낌의 정도도 달라 순간 블루 라이트 차단이 켜져 있는지 확인이 필요할 정도로 느껴졌어요.    ​   ​                이건 뭐 당연히 개선하였을 것이라고 생각했던 부분. 바로 근접 사진입니다. 작년에 출시하고 초점을 못 잡아서 초반부터 혹평을 많이 받았었죠. 이건 뭐 아래 사진 한 장으로도 설명이 끝날 것 같은데 다음 포스팅 (사진 편)에서 좀 더 체크해 보도록 하겠습니다.   ​   ​                바로 앞, 그러니까 렌즈와 피사체의 거리가 2cm 정도 되는듯한데 초점을 잘 잡아냅니다. 처음엔 버즈 프로 케이스의 뚜껑 쪽을 잡았다가 수동으로 led가 점등된 곳을 누르니까 잘 잡네요. 선명하고 뚜렷했습니다. 화면에 표시되어 있듯 근접 초점 기능이 탑재되어서 전작의 실수를 만회하는 듯합니다.   ​   ​   ​                그리고 100배 줌.. 차이는 사실 글쎄다라는 생각이 들었습니다. 일반인이 100배 줌을 사용할 일이 극히 드물기 때문에 큰 의미는 없어 보이기도 하는데 다른 유저분들이 100배 줌 성능이 좋다고 테스트한 사진 봤는데 실제 필자가 사용해봤을 땐 전작과 큰 차이가 없었네요. 즉, 별로였다고 생각 들었습니다. 이것도 다음 포스팅에서 결과물을 놓고 다뤄보고 싶네요.   ​   ​   ​                         같은 상황, 다른 방향에서 촬영한 2개의 사진입니다. 보는 각도에 따라 s21의 경우 지문이 거의 안 보이고 s20은 숨겨졌던 지저분함이 보이죠. 확실히 매력적이네요. 매트 블랙. 필자가 사용하게 된다면 파손 관련된 대비책을 마련해놓고 꼭 생폰(케이스 없이)으로 쓰고 싶을 정도의 비주얼입니다.   ​   ​   ​                         그리고 티비 광고에서 나오는 <개체 지우기>도 실행해봤는데 생각보다는 ""아직은..""이라는 생각을 할 수밖에 없었어요. 결과물 보면 피사체 그려놓고 물 타서 지운듯한 느낌이 들었거든요. 좀 더 업그레이드되면 유용한 기능일 듯해요. 사용법은 초반에 활성화를 해 둬야 하는데 촬영한 사진을 켜놓은 상태에서 우측 점 세 개를 누르고 실험실 진입. 그리고 개체 지우기 활성화시키면 사진첩 하단 아이콘에 뜹니다.   ​   ​                마지막으로 벤치마크. 사실 필자는 게임을 전혀 안 하기 때문에 큰 의미는 없다고 생각하는 테스트였는데 워낙 다른 스마트폰과의 비교하는 용도로 많은 분들이 사용하시고 또 궁금해하기도 하셔서 진행해보았습니다. 같은 운영체제이더라도 사용 환경에 따라 편차가 큰 편인지라 큰 의미는 안 두고 보셨으면 좋겠네요.   ​   ​   ​                                  뭐 점수는 그렇다 쳐도 발열 성능은 좋습니다. 가혹하게 사용하였음에도 불구하고 뜨겁다기보다는 미지근한 느낌이 들었으니까요. 가벼운 용도로 사용하는 필자로써는 차고 넘치는 수준입니다.   ​   ​                사실 긱벤치도 진행했는데 점수가 완전 폭망수준으로 나와서.. 잘못된 정보로 오인될까 봐 따로 업로드하진 않았습니다. 이상 갤럭시 s21 울트라를 처음 영접한 느낌과 함께 간단히 사용해본 후기를 마치겠습니다. 다음 포스팅에서는 전작(s20 울트라)과 사진, 동영상 촬영 시 차이점을 담아보도록 할게요. 끝!   ​   ​",2021.01.16. 17:36
90,폴드2 4개월 후기,질문/추천 금지 X​폴드2 4개월 동안 정말 신세계를 맛봤습니다.근데 너무 무거워서 이제 다시 바형 스마트폰으로 돌아가야되지 않을까 고민중이네요무게 빼고는 완벽 그자체였습니다 ^^,2021.01.14. 20:54
91,꿈에 자꾸 폴드2가 나옵니다,질문/추천 금지 X​자꾸만 폴드2가 나오면서 ...접히는 부분에 쩍!! 금이 가고 깨는 꿈이 3번째 입니다이렇게 무서울수 없어요 ㅎㅎㅎㅎㅎㅎ​잠이깨서 폰을 확인하고 다시 잠이듭니다​이렇게 좋고 만족도가 높은폰이라도 액정 한번 나가면  노트20울트라로 갈것같아요 ​그때까지 잘 부탁해~ ​지금은? 너무좋죠 최고의스마트폰 ㅎㅎㅎ,2021.01.12. 21:13
92,폴드2 한달 사용 후기,"질문/추천 금지 X​폴드 2 고심 끝에 자급제로 구매하여, 한달 정도 사용하고 있습니다. ​케이스는 슬림아머프로이고, 내외부는 기본 필름 사용 중입니다. ​​장/단점이야 카페내에서 익히 들어서 잘 아시겠지만, ​실사용자로서 개인적인 견해 드리겠습니다. ​​​[내부 액정 활용도]일단 생각보다 큰 화면으로 사용하지 않는다는 의견도 봐왔는데, ​이건 개인적 성향 같습니다. ​​저는 기존 써왔던 바 형태의 폰의 액정이 작아서인지, 큰 액정에 대한 로망이 있었고 ​그래서인지 펴놓고 활용하는 시간이 훨씬 많습니다. ​실외에서는 접어놓고 쓰고, 실내에선 거의 대부분 펴놓고 사용하고 있고 ​큰 화면이 주는 만족감이 저에겐 정말 큽니다. ​패드도 있지만 크기 때문에 잘 안쓰게 됐었는데, ​패드를 접었다 펼칠 수 있는 휴대의 실용성이 있다는게 가장 큰 메리트인 것 같습니다. ​​[무게감] 얼마 전에 슬림아머 케이스를 잠깐 벗겼는데, 너무 슬림하고 영롱하더라구요 ㅋㅋ ​와이프한테 오래 쓰겠다고 허락 받고 산거라, 힌지까지 완벽하게 보호되는 슬림아머를 꼈지만 ​두께감과 무게감 상당합니다. ​근데 나름 묵직함이 주는 메리트도 있습니다.  우선 그립감이 좋고, ​펼쳤을때 케이스 힌지 보호하는 튀어나온 부분이 거치대 역할을 해서 나름 안정적으로 쓸 수 있게 됩니다. ​​자기 전에 옆으로 누워서 핸드폰 많이 만지는 타입인데, 인간인지라 적응 방법을 찾았습니다. ​베개 위에 작은 소파쿠션을 올려놓고, 머리를 받치고 ​베개에 핸드폰과 손목을 올려놓고 보면, 손목 부담 없이 사용 가능합니다 ㅋㅋ​슬림 아머케이스는 강추합니다. ​​[방수] 아쉬운 부분 중에 하나이지만, 현재 기술력으로는 불가하다하니 적응할 수 밖에요. ​씻을 때 주로 핸드폰을 올려놓고 사용했었는데, 폴드는 안가지고 들어갑니다ㅋㅋㅋ ​대신 전에 쓰던 공기계를 시간 확인하는 용으로 가지고 들어갑니다 ㅋ ​​분명 장점과 단점이 있는 핸드폰이지만, 단점은 나름의 방법으로 적응하여 상쇄시키며 사용중이고, ​아직까지는 장점이 주는 만족감이 훨씬 큽니다.​이상입니다. ​",2021.01.12. 17:19
93,폴드2 one ui 3.0 업데이트 후,"질문/추천 금지 X폰질문금지, 판매글금지, 추천인(수익)글 금지, 질문/추천 금지 X​폴드2 one ui 3.0 업데이트 후 굿락의 대부분 앱들이​사용 불가능해서 인지는 모르겠으나 내부화면 가로모드시​몇몇앱에서 전체화면이 되지않고  카메라 펀치홀 부분 디스플레이가 ​비활성화 되어 실행되는대 원래 이랬는지 기억이 크흠. . .​일단은 게임런처 초기화면, 굿락, 갤럭시 스토어, 네이버 카페앱 등​몇몇앱이 그러네요 ㄷ



 















































​​​그나마 삼성 인터넷은 정상이네요



 














​크흠. . . .",2021.01.12. 11:33
94,폴드 왔어요~,"질문/추천 금지 X​s20fe 예약 구매로 구입하여서 쓰다가​폴드2가 계속 아른아른 거려서 ​일단 지르긴했는데...​필름과 케이스가 아직 도착을 안했네요...​그리고 아직도 반으로 접어보지못했어요



 

























질문/추천 금지 X",2021.01.12. 11:31
95,안드로이드 11 정식 업뎃 했습니다.,질문/추천 금지 X​매번 업뎃하는거지만 크게 달라지는건 없는거 같아요.다른 폴드2 유저분들은 어떠세여?,2021.01.11. 21:04
96,지금 폴드2 사는건 의미없을까요..?,자급제 살건대 지금 사는건 크게 의미가 있울까요..?아님 더 기다렷다가 다음 시리즈나 신형살까요 ㅠㅠ노트9 쓰는대 ..폴드 2 나왔을때부터 고민하네요...ㅋㅋ질문/추천 금지 X,2021.01.11. 19:28
97,폴드2 구매한지 약 1주일 정도 지나고.,"안녕하세요. 매번 눈팅하면서 구경만 하다 드디어 글을 한번 써봅니다.​기존에 N10+ 제품을 사용하다가 이번에 폴드2를 나름 저렴한 가격에 구해서 사용 중에 있습니다.



 





































































S21 시리즈가 나오는 마당에 무슨 폴드2를 사냐 이런 분들도 계실 것이라 생각되는데 제 생각에는 S 시리즈와 폴드 시리즈는 지향점이 좀 다른 듯한 느낌이라 그냥 제가 만족스럽게 사용하면 되는거지 하면서 큰 맘 먹고 정초 1월 1일 날에ㅋㅋ 자급제 미사용 기기를 구매했습니다.​1주일 정도 사용해보면서 느낀 것은. 너무 편하다는 것이었네요.​기존 노트에 있던 펜이 빠진 것은 다소 아쉬운 부분이지만, 그만큼 넓어진 화면과 좋아진 성능 등의 다방면에서의 만족감이 더 높았기 때문에, 문제로서 작용하진 않았습니다.​기존 폴드 1에서 새로운 폼팩터다 보니 다소 미완성인 듯한 느낌이 강했다면, 폴드2는 그런 아쉬운 부분들이 거진 정리가 된 듯한 느낌이었습니다.ㅎㅎ​무게감이나 두께에 아쉬움을 표현하시는 분들도 계시던데 그건 사실 기술력의 한계도 있는 부분인지라 차차 개선되는 부분이라 생각합니다^^​다만 힌지 노출이 있기 때문에 외관에 민감하신 분들은 꼭 케이스를 착용하시고 사용하심이 좋을 것 같습니다. 생각보다 미세 기스가 잘 나는지라.ㅠㅠ​제가 여러 기기를 사용해왔지만, 노트만큼 만족감을 주는 기기는 폴드2가 유일한 것 같네요.​앞으로 오래 오래 잘 써줘야겠습니다ㅎㅎ 다들 좋은 주말 되세요!",2021.01.09. 13:01
98,폴드2 vs 노트20울트라 + 테블릿,"안녕하세요!​이 고민을 한달째하고 있네요 ㅠㅠ​디자인 적으로 보면 폴드애 확 끌리는데...​방수 안되고, 겨울철에 갈ㄹㅏ진다고 그러니까 고민이 많이 되네여.​어렵게 취업에 성공하고​그동안 고생한 저를 워해 선물을 하려고 하는데​선택을 못하겠어요...​이번주에는 꼭 폰을 바꾸고 싶은데...​여러분의 솔직한 의견 한번 들려주세요!",2021.01.04. 22:59
99,폴드2 한달 사용 후기 및 필름 후기,"제목에는 간략한 질문내용 표시 ​사용기종 :  ㄱ갤럭z폴드2​​질문내용 : (구체적으로):폴드2를 구매한지 정확히 한달되기 2일전 이네여첨 샀을 때 후,하,후,하 하면서 개봉했던게 엊그제 같은데 벌써 시간이..



 














암튼 후기한번 써볼까 합니다​결론부터 말씀드리자면,,, 좋습니다. 정말 좋아요디자인은 정말 제 취향입니다... 가장 맘에드는점은 (브론즈기준) 뒷면이 무광이라는 점입니다그리고 옆면 테두리가 뭐라해야 될지 가느다란 선이 여러개 있는데 빛 비추면 약간 하임달 텔레포트?느낌이 납니다 ㅎㅎ노트9쓰다 넘어와서 그런지 성능은 뭐 말할것도 없고 배터리만 살짝 아쉬운 느낌입니다근데 몰랐는데 폴드2는 메인화면에서 wqhd에서 120hz가 되는 건가요? 유튜브 1440p되는거 보고 깜짝 놀랐답니다



 

























흠.. 근데 쓰다보니 점점 문제가..문제라기보다는 이게 비싼 폰이다 보니 제가 예민해져서 그런거긴 한데​먼저 기스입니다..! 힌지부분에 그냥 열고 닫기만 했는데 기스가 났네요..ㅠㅠ또 유격?이 좀 많아서 먼지가 자꾸 들어갑니다



 














이게 어떤 분께서 종이로 한다하셨는데 저는 안되더라구요..마지막으로 힌지 힘이 갈수록 약해지고 있습니다아...점점 프리힌지로..ㅎㅎ​다음은 필름입니다 내부 기본은 다들 아시다시피 쓰레기입니다^^~지문 너무 많이 묻고ㅎ 화질 저하랑 터치감은 말할 것도 없쥬 ㅎㅎㅎ​그래서 빅쏘꺼로 바꿔봤는데 바꾸는 과정에서 생 액정을 봤는데.. 말이 안나오더군요 ㅎ 근데 붙인것도 좋습니다 기본보다는 !!​외부 필름은 기본이 더 좋은거 같고 뒷면 필름은 저는...별로더라구요



 














마지막으로 사은품으로 버즈 라이브 받았습니당ㅎ",2021.01.03. 20:34
100,일주일 써보는 폴드2,​정말 예쁘고 마음에드는 인생폰입니다!​완성도 높은 제품으로 기술력이 대단합니다!​대한민국 자랑스럽습니다.,2021.01.03. 16:08
101,내부 보호필름 사용 후기,"폴드2 사용자분들은 다들 아시다시피 기본 부착필름이 지문도 많이 남고 끈적한 느낌이 있어서 뗘버리고 여러 제품을 사용해 봤는데요 마지막으로 ㅋㅔㅇㅣ안 필름으로 정착했어요. 아래는 개인적인 느낌에 대해 적은 글이니 필름 구입시 참고가 되었으면 좋겠습니다.​1. 힐ㄹ쉴드 유광 필름처음 부착하는거라 부착점에서 부착 했음. 먼지 하나없이 완벽하게 붙었음에도 중앙 부위가 자꾸 들뜸. 제것만 그런지 몰라도 암튼 거슬려서 뗘버림​2. 빅sso 유광 필름화질(?)은 힐ㄹ쉴드가 아주 조금 나아보이지만 이 제품은 들뜸없음. 큰 불만없이 한달가량 사용하다가 생각보다 지문이 많이 묻어 지문방지 필름을 붙이고자 뗘버림​3. 힐ㄹ실드 지문방지 필름유광필름 사용할 때와는 달리 들뜸없이 아주 잘 붙음. 지문이 확실히 덜 묻긴하는데 묻기 시작하면 지문이 잘 안닦임. 화질이 많이 떨어져 보여서 뗘버림​4. 생폰내부 필름 다 뗘버리고 생폰으로 한달가량 사용. 아무리 좋은 필름이라도 생폰의 질감, 화면의 쨍함은 못따라옴. 계속 생폰으로 사용하려 했지만 스크롤할때 손가락 자주 닿는 부분에 코팅이 벗겨진다는 글을 보고 다시 필름 붙이기로 함...​5. ㅋㅔㅇㅣ안 유광 필름생폰을 제외하고 여태껏 썼던 필름 중 제일 부들부들하고 지문이 덜 묻음. 부착 난위도도 제일 쉬움. 내부 셀피카메라 홀에 구멍을 뚫어놓지 않아 깔꼼(화질저하는 크게 느껴지지 않음). 기본 3장이 들어있어서 부착 실패에 대한 부담 없음. 화질 역시 우수",2021.01.02. 11:48
102,인생폰 폴드2입니다만 3.5잭 부재,음악감상을 좋아해서 LG V시리즈 잘 사용하다 액정파손으로 갤럭시로 넘어가 폴드2 구매했습니다만​3.5잭 구멍이 없어 IER-Z1R을 방치만 하고 있어요 ㅜㅜ​저 DAP은 판매해서 없어요,2021.01.01. 11:33
103,아이폰4부터 아이폰만 쓰다가 처음으로 갤럭시 시리즈를 구매 해 봅니다.,"​그놈의 애플 자존심이 뭐라고 여지껏 불편함 감수하며​아이폰4부터 충성으로 아이폰만 사용하다가,​몇년 전부터 NAS 등을 운용하다 보니,​아이폰이 불편하고 해서, 서브폰으로 홍미노트 (샤오미폰) 를​겸용 사용 하다가, 제가 쓰던 아이폰 Xs Max 2년 사용을 채우고​갤럭시 폴드2로 넘어 왔습니다.​​(아이폰을 전화나 SNS 용으로만 사용했더니 2년 써도 배터리 효율이 100% 유지중이네요..;)​​이미 출시된지 조금 지난 지라, 가격은 내렸지만​내년 6월 폴드3 출시 된다기에, 좀 기다렸다가 살까 하다가,,​이놈의 급한 성격 못참고 폴드2 구매 하게 되었네요.​일단 삼성에 감동한게, 사은품도 좋고 (버즈 라이브, 후면 스킨 등)​보호 필름 부착 서비스도 1회 사용 가능한 점도 좋네요.​특히 애플 서비스 센터보다 많은 삼성이라 앞으로 편할 듯 싶구요.​안드로이드로 넘어오니 작업성 부터가 다르네요,​일단 삼성페이 하나만으로 아이폰에서 넘어와도 후회가 없을정도이며,​원래 큰 화면을 좋아해서 아이폰 플러스나 Max 시리즈만 쓰다가...​폴드로 넘어오니 큼직한 화면이 좋네요.​직장에서는 전면 액정으로만 사용하고,​퇴근하고 자기전에는 메인 액정으로 사용하니,​태블릿 PC 보다는 작지만, 그래도 꽤나 큼지막한 화면이라​너무 좋네요.​아이패드 같은 패드류도 많이 사고 팔아 왔지만,​저는 이상하게 태블릿류는 손이 잘 안가더라구요.​그런데 휴대폰은 손에 달고 살다보니,​평소에는 작은 디스플레이,​개인적인 시간에는 큰 디스플레이로 겸용하면서 사용하니​너무 좋구요.​작업성도 안드로이드가 당연히 아이폰보다 오픈적이여서​쓸만하구요..​앞으로 아이폰은 절대로 안넘어갈듯 싶구요,​안드폰도,,,앞으로 폴드 시리즈만 쓸 듯 싶네요.​원래 부피 잘 안따지는 편이라...​폴드 한번 쓰면 일반폰 못 쓸듯 싶어요.​​너무 만족스러운 갤럭시 폴드2 후기 였습니다.​​",2020.12.28. 13:53
104,폴드2 만 24시간 써본 결과,"근방 질리네요..기존 노트9, 갤탭s6 쓰고 있었는데, 폴드2 크게 실용성이 없네요ㅠㅠ어제 지름신 강림 해서 급하게 홈플 삼성매장 가서 현금 박치기로 200주고 샀는데...실사용 해보니, 영상도 짤리고 게임 하기에도 화면에 카메라가 엄청 거슬리게 가리네요..무게는 다들 많이 무겁다들 하시는데, 제가 쓰기엔무겁진 않은데, 컨트롤 하는 게임이라 누워서 계속 들고 장시간 있기엔 무리는 오네요ㅋㅋ다음주에 기변확정 하면 메인폰으로 쓰고,영상은 폴드론 못보겠고 탭으로만 봐야겠네요ㅎ뭐 이동할때야 폴드2로 보겠지만 관심 받기용?ㅋㅋㅋㅋㅋ",2020.12.27. 12:07
105,폴드2  슬림아머프로케이스 이거없이는 폴드2  못쓰겠네요,손에 살짝 땀이 있는편이라 힌지부분이 축축해지고 미끌거리고 먼지가 덕지덕지 붙어요ㅋㅋ​힌지에 먼지 작렬 이게 가장 큰 부분이고  장점은 열고 닫을때 홈도있고 무게감 있어서 편하네요​그리고  안정감 튼튼함​아무튼 쌩폰은 핸드폰 틈이란 틈 사이로 먼지가 너무끼네요​ㅅㄹㅇㅁㅍㄹ보다 가볍고 힌지 완벽보호되는거 있으면 바로 넘어갑니다ㅎ​​,2020.12.26. 10:09
106,추위로 액정파손 후 as후기,결론부터 말씀드리면 무상교체 받았습니다​그리고 주의하셔야할 것들이 있는데요 삼성에서도 추위 노출후 액정파손이슈가 발생하는것 확인해서 그렇게 손상되어 파손된 액정들 수집해서 분석중이라고 합니다저 말고도 케이스가 꽤 발생했나봅니다​필름->아닙니다 다시보니 비슷하네요 ->좋아진거 같기도하고.. 이전처럼 움푹 눌리는 느낌은 아닙니다 필름 촉감도 조금은 더 매끄러워?진듯ㄷㄷ​저번에 누군가가 저절로 깨진 폰보고 제 과실이라고 말한게 어이없었는데 본인은 같은 일 안 당하시길 바랍니다​폰 추운곳에서 사용시 조심하세요!​,2020.12.24. 13:23
107,z프리미어가 삼케플이 있으면 쓸모가 반감하네요,아무리 봐도 가입할 때 별 문구를 못 본거 같은데 ㅡ.ㅡ(통신사보험은 언급이 있습니다) 삼케플 미가입+z프리미어=수리비 전체금액에서 지원삼케플 가입+z프리미어=16만원에서 지원(삼케플을 강제로 1회를 쓰게 만드네요. 안쓰면 나머지는 생돈이니까..)​근데 삼케플 1년 무료로 준다는데 가입을 안 할 사람이 어딨겠어요.즉 사전가입자는 뭔가 속은 느낌이 들 수밖에 없습니다.​더 골아픈건 삼케플 가입+통신사 가입+z프리미어=통신사 자기부담금 20프로 기준 3만2천원에서 지원(z프리미어가 최후순위래요....)그래서 차라리 삼케플+통신사만 하고 오픈마켓이나 패넷에서 자급제 살걸 그랬나 싶어요. 은근히 아깝네요정책이 안 바뀌는 한 다음은 디플서 안 살거 같습니다...,2020.12.24. 01:10
108,폴드2 한달간 서브폰으로 사용해본 후기,"사진과 같이 톰브라운 에디션을 입혀서 서브폰으로 사용했습니다.​톰브라운 에디션 테마가 꽤나 깔끔하고 카메라에 톰브라운만 적용할 수 있는 필터가 있어서 꽤나 만족했습니다.​카메라 강화유리는 슈피겐이 가장 좋았고, 필름은 스코코가 가장 마음에 들었습니다.​(힐링쉴드는 필름이 최악이더군요,,, 접히는 부분이 일주일도 못가서 떠버리더라구요.)​​내부 디스플레이에 카메라가 차라리 없었으면 좋았을 것 같다는 생각이 들었고, 외부 화면은 전작과 달리 커져서 좋았지만 약간 더 커지면 더 좋지 않을까 생각이 들었습니다. 제 기준에는 그렇게 불편하진 않았습니다.​케이스는 슈피겐의 슬림아머를 사용했는데 이게 은근 편하더라구요. 특히 책상에서 거치하고 쓰기엔 좋았습니다.​​폴드2를 사용해보면서 느낀점은 애플을 대적할 회사는 삼성 밖에 없다는 것이였고, 차후 신작품이 더더욱 기대되는 제품이였다는 것이였습니다. ​",2020.12.23. 20:33
109,폴드2 3주 사용후기,"일단 폴드1도 사용한 사람입니다​폴드1과2를 비교하면 일단 외부액정크기 차이가가장크구요. 그다음이 전면액정 노치 이렇게 2가지가 가장크게 체감됩니다.사실 ""휴대성"" 에서는 폴드1이 주머니에 넣기는 더편해서 폴드1에서 외부액정크기랑 전면노치를 2처럼 바꿔주었다면 최고였을거 같다고 생각합니다폴드1에서 부족한 액정과노치를 2에서 해결했고힌지도 업그레이드 되어서 폰블릿의 최종형태가되었다고 생각합니다.방수방진은 s6전까진 애초에 없던 시절에도 몇년씩 다들 잘 사용하셨으니 그건 별의미가 없다고 생각하구요. 문제는 액정이 실수로 고장난 확률이 높다는게 가장큰 해결점이자 큰난관이라 생각합니다​삼성이 폴드3에서 전면액정 내구성과 폰크만 적당히 해결해주면 완성의 형태에 다가 갈거 같네요​가격은 저 두가지문제를 해결하고도 248만원이면저라면 살거같아요",2020.12.21. 22:17
110,아이폰유저의 폴드2 구입,오늘 드디어 구입했네요갤럭시s2이후 쭉 아이폰만써오다가오늘 폴드2 구매 완료했습니다​안드로이드 정말 많이 발전했네요기가막힙니다​연락처 사진 카톡 등등 다 옮겼는데아이폰에 있는 유료앱이 아깝ㄴ하지만어쩔수 없죠확실히 한국에서는 갤럭시네요 ㅋㅋㅋ,2020.12.19. 00:03
111,폴드2 슈피겐 및 네셔널 지오그래픽 착용후기,"슈피겐 슬림 풀커버 착용시  장점 - 안정감 및 그립감 우수 , 어딘가에 내려놓아도 기스날 염려 없음. 단점 - 무거우며, 그립면적 넓어짐, 전면 디스플레이 엣지패널 및 삼성페이 하단패널 사용 어려움지오그래픽 슬림핏 장점 - 가벼움, 전면 엣지디스플레이 활용 좋음 단점 - 엣지 보호 불능, 재질이 기스가 날 것 같고, 아무대나 안착시킬 때 불안함이 생김.​나의 주관적인 의견임입니다. ~",2020.12.17. 18:26
112,"폴드2 UAG 시빌리언 ,  슈피겐 슬림 아머 프로 비교","폰질문금지, 판매글금지, 추천인(수익)글 금지, 



 














​UAG 시빌리언 케이스장점: 힌지 슬라이드 방식으로 보호 , 살짝 기울긴하나 평평하게 바닥에 두고 사용가능          (힌지 위,아래끝 커버 안됨)          케이스 재질 단단함단점: 전면 디스플레이 엣지기능 사용 매우 불편          테두리 높이가 직각에 매우 높아 사이드 터치 , 키보드 입력시 손가락에 간섭           (편의성 전혀 고려 하지 않고 설계되어 전면 쓰지않는것을 추천 화병 걸릴수도 있음)          힌지 슬라이드 시 소음 발생          전면 테이프 방식으로 내부사용시 전면 테두리 커버 틀어지거나 떨어지는 경우 있음          수화부 막혀있어 전화 잘안들림          음량 , 지문인식 버튼 하단은 그라인딩 처리 되어있으나 상단이 통짜 직각이라 손가락 간섭으로 잘 안눌림          내부 사이드를 커버가 잡아주지 않음 ​슈피겐 슬림 아머프로장점: 힌지 반자동 방식을 완전커버          전면 액정 커버 비스듬하게 그라인딩 처리 되있고 수화부 부분 막지않고 보호 되어 있음          엣지 기능 개인차는 있으나 사용 불편하지 않음          펼치거나 접을때 힌지커버 소리없이 잘움직임          내부 사이드를 커버가 살짝 휘어있어 감싸줌 단점: 힌지 커버 슬라이드 방식이 아니라 돌출 되어있어 손바닥에 들고 할때 신경쓰일수도 있음           평평하게 바닥 이나 책상에 놓지는 못하고 살짝 접어서 사용해야됨          UAG 재질에 비해 플라스틱 느낌이 강해 내구성 살짝 약하게 느껴짐          힌지 케이스 이물 유입 될수 있음          가격 매우 비쌈​UAG 시빌리언 케이스 2달 기다려서 1일 장착 후 전면 테두리 때문에 매우 빡쳐서 슈피겐슬림 아머 프로로 넘어와서 비교글 써봅니다.개인 주관적 시점이므로 참고만 하시고 슈피겐 매우 만족 하네요",2020.12.15. 15:49
113,폴드2 구매 후 민팃 추가보상 한달 넘게 미입금,안녕하세요..​갑갑쓰한 마음에 한자 적어봅니다.​11월 1일날​폴드2를 디지털프라자에서 구매하고​그 다음주​민팃 기계가지고 가서 신청했습니다.​중간에 다른기기 반납으로 변경 요청을 했는데​뭐 서류 하나 올리면 된다고 별문제 없다고 해서​그대로 진행하였습니다.​오늘​12월 15일​현재까지 민팃 추가보상 입금은 없습니다.​중간에 담당자랑 문자 주고 받은게 있는데 (그분 프라이버시도 있고 하니 올리진 않겠습니다.)​전 담당자가 해준다고 하고 서류 올렸다고 하고 하니​최대한 좋은 마음으로 기다렸습니다.​안좋은 얘기도 하나도 안했고 그냥 괜찮다. 신경써줘서 고맙다 하고 기다렸는데​근데 돌아오는게 이런 결과라 씁쓸하군여​그래서 이 글을 적게 되었습니다.​디지털프라자에서 구매하고 민팃 추가보상 받으실분들​한달이 지나도​민팃 추가보상이 입금되지 않고 ​속썩일수도 있다는것을​유념하고서 구매하세요..​솔직히 지금 느껴지는건 서비스 처리가 동네 전자마트에서 산거만도 못한것처럼 느껴져서​우리나라 최고의 기업 삼성에서 산게 맞나? 하는 생각이 드내요.,2020.12.15. 07:46
114,서비스 후기,"외부디스플레이에 초록줄이 생겨서 수리받았어요 ​



 














​​보일지는 모르겠는데 지하철에서 유리에 찍었어요...​슬림아머프로 장착중이라서 외부충격 흔적없다고 무상으로 받고왔어요​케이스값 뽑았네요 ㅎㅎ​",2020.12.12. 10:19
115,폴드2  기계자체는 너무 만족하는데.. 후..,지인소개로는 사지마세요 눈탱맞아서 가족결합할인 3명 드가는데도 10만원 넘게나오고 이런걸 잘 몰라서 걍했는데 슈퍼체인지도 호구스럽네요ㅜㅜ 역시 폰은 자급제가 진리입니다..,2020.12.12. 00:49
116,ㄱㅁㄴ 스킨 후기!,"정품 케이스 대란에도 불구하고스킨으로 인해 생폰 느낌으로 아주 잘 사용 중인 1인입니다 ㅎ​아쿠아 바이올렛 색상을 먼저 사용 중이었는데 처음에 부착할 때 잘 하지 못해서 모서리가 뜨고폰을 떨궈서 스킨이 희생해서 폰은 멀쩡하고 스킨만 찢어져서​화이트 색상으로 재구매해서 힌지도 골드 색상으로 부착했더니 너무 이쁘고 맘에 드네요 ㅎㅎ​ㄱㅁㄴ 스킨이 부착이 어렵다고 할 수 있지만, 평소 액정필름이나 외부보호필름같은 걸 꼼꼼하게붙이시는 성격의 소유자라면 ㄱㅁㄴ 부착 유튜브 2번 정도 보면 부착하는 것은 무리 없을거라 생각되네요 ㅎ​저도 두번째 붙이다 보니 너무 깔끔하고 간격도 딱딱 맞아서 마치 원래 화이트/브론즈 골드 힌지 모델이 있는 것 처럼 완전 깔끔하네요 ㅎㅎ​후면에 아이링 슬라이드도 ㄱㅁㄴ에서는 부착 권장하지는 않았는데있는 힘껏 억지로 떼어낼 의도가 아니라면실사용하는데는 전혀 문제 없고 차량 거치대에도 문제 없이 거치됩니다 ㅎ​전 이거로 픽스할 계획이네요 ㅎㅎ색상이 질리면 다른 색 스킨으로 넘어가렵니다 ㅎㅎ​",2020.12.11. 16:03
117,UAG 시빌리언 후기,"카페 유저분들의 시간은 소중하니까 처음 한줄 요약​시빌리언 구매전 쓰고계신 케이스가 있다면 그게 현재 베스트입니다.​내용이 궁금하시면 아래로..



 














네 놀랐어요. 전면화면 옆에 벽이 어마어마해집니다. ​접싯물에 코박고 죽을수도 있다 하잖아요? 시빌리언 케이스를 착용하면 시빌리언 전면화면 물에 코박고 죽을수도 있을수도 싶겠다 싶습니다. ​원핸드오퍼레이션 기능 활용 못합니다. 터치면적 많이 늘려줘야겠어요. 근데 그럼 많이 불편해지겠죠.



 














엄지손으로 높이 체감하시라고 찍어봤습니다.



 














음... 단단해진 제 폴드2를보니 든든하군요. 케이스를 바닥처럼 마블링 도색해주면 컨셉이 딱 맞을듯합니다.



 














카메라와의 높이차이는 만족. 이 부분에 대해서는 깔게 없네요.



 














각종 구멍들과 피팅위치는 훌륭합니다만 본체와의 높이 차이가 너무 ... 



 














펼쳤습니다. 여기서 문제가 하나...



 














펼쳤을때 핸드폰이 케이스보다 튀어나옵니다. 폴드 유저분들은 펼치고 엎어놓는 사람은 없겠지요. 이 부분에 대해서는 그냥 개인적인 아쉬움입니다.



 














의도적으로 살짝 접어두고 찍었습니다. 전면화면부의 높이차는 그림자로 느껴보세요.



 














​어 음 레트로 티비보는 느낌이 드네요. 보통 이 각도로 후면부가 바닥에가게 해놓고 유투브를 보는데 케이스가 튼튼하니 이 각도로도 볼수 있겠습니다.​아 그리고 힌지보호판? 위쪽을 잡고 펼치거나 접으셔야 잘펴지고 잘접힙니다. 구조상 위쪽 힌지보호판이 빠지게 되어있더군요. 아마 넣고빠지고 기능을 원활하게 하기위해서 그렇게 설계한것 같습니다.​뭐 어찌됐든 시빌리언 케이스를 구매하지 않았다면 이 후기를 보고 구매하지 않을것 같습니다.​S시리즈 사용하면서 수많은 UAG를 사용해봤지만.. 가장 실망한 UAG 제품이네요.​충격받긴 했습니다만, 본 제품을 수입하기 위해 수입사에서 많은 노력을 했던것으로 알고 있습니다.기능적인 부분은 믿고 사용해보기로 했습니다. 더 사용해보고 추가 후기를 남기던가 해야겠습니다.​아, 개선품이 나온다면 UAG 타이틀을 믿고 하나 더 구매해볼 생각은 있습니다.",2020.12.11. 15:13
118,요즘 고민이네요,제목에는 간략한 질문내용 표시​사용기종 : 폴드2​​질문내용 : (구체적으로):폴드2 처음 사용 때 보다열어서 사용하는 빈도가 적어지고 있어그냥 노멀폰으로 바꾸고 싶은데폴드2 처분도 그렇고 귀찮네요 ㅎㅎ​노멀폰으로 자급제로 할거면 뭐가 만만한가요??저와 같은 경험이나 고민 중인 분 계신가요?​,2020.12.09. 16:00
119,갤럭시z폴드 케이스,개인적인 생각입니다만 현존 케이스 다 사용해본결과 톰브라운케이스 두개포함 모두 사용해본결과 플립케이스는 삼성가죽플립 톰브라운플립 보다 내**지**** 에서 나오는 플립케이스가 좋습니다 가격도 싸고 자석이 있어 플립사용이 좋습니다.가볍기는 삼성정품플립케이스가 가볍습니다. 하지만 많이 마끄럽고 가죽커버가 너덜 너덜 ..톰브라운플립케이스는 간지는 나는데 가격이 너무 비싸고 정품과 마찬가지로 커버가 너덜 너덜 움직이여요.. ​무게 상관이 없다면 슈겐에서 나오는 힌지 보호 케이스추천 드리고 전면은 강화유리는 안맞아요 필름 사용해야 간섭이 없습니다.그외 케이스는 모두 거기에서 거기입니다..​톰브라운케이스 포함 케이스만 백넘게 주고 사용한 개인적인 생각은 그리고 제가 지금 사용하는건 전면엔 강화유리 힌지보호필름 모서리보호필름 뒷면엔 정품가죽케이스(톰브라운)+아*링 붙혀서 이렇게 사용하는것이 제일 가볍고 사용하기에 편리한거 같아요...,2020.12.08. 12:13
120,폴드2 후기,거의 두달정도 되어가는데 정말 만족하고 쓰고있네요 ㅎㅎㅎ ​아이폰에서 넘어온거라 삼성페이도 신기하고 폰 꾸미기도 앱하나로 꾸밀수있고 신기해요!​아직 모르는게 많지만 좀 더 공부해서 더 잘 써보도록할게요! ㅎ​,2020.12.07. 21:19
121,skt 갤럭시Z폴드2 사용기,오늘 삼성디지털프라쟈에서 갤럭시Z폴드2를 통신사용으로 개통하였습니다.어제 매장을 방문하여 체험용으로 있는 제품을 만져보니 일단 무게는 인터넷상에서 무겁다는 글을 보고 제 갤럭시노트10+ 와비교해보니 별 차이가 없었고 사이즈도 제가 손이 커서 그런지는 모르겠지만 적당했네요​,2020.12.05. 17:16
122,폴드2  너무좋네요,여지껏 10년동안 수많은 스마트폰을 써왔지만 폴드2만큼 만족도가 높은폰은 처음​이네요!! 휴대하기엔 너무무겁고 적당한 케이스가없다 수리비가 비싸다 등등 이런​저런 문제들도 많긴하지만... 스마트폰 + 테블릿을 합쳐놓은점은  엄청난 매력이네요​보험도 있겠다 수명 다할때까지 써볼랍니다!!!^^쓰면 쓸수록 기변욕구가 사라지는 ​마법을 지닌폰 폴드2!!!!!! 홀로그램 같은 파격적인 제품들이 나오지 않는한 폴드시리즈​에서 서식할듯 합니다!!! 다들 폴드2  만족하시나요?​​,2020.12.05. 11:34
123,레더케이스 살려고 응암 디프갔는데 없다는것도 아니고 우리는 안판다 애매한답변을 하네요.,그래서 그냥 돌아가는 중입니다 ㅠㅠ톼근하자마자 들뜬 마음으로 갔는데 근데 말이 애매해네요 없다는 말은 아닌거 같은데 우리는 안판다????서비스센터랑 연결된 디프가봐라 대충 이런말 같던데요...,2020.12.04. 18:32
124,폴드2에서 아이폰으로 넘어간후기,"솔직히 폴드2가 그립긴하네요 큰 화면 120hz.. 웹툰 좋아하는 저로써는 폴드가 굉장히 좋았는데 딱하나 무게땜에 아이폰12로 갔습니다 확실히 옷에 넣을때 안늘어나더라구요 폴드는 케이스,카메라필름 포함 320g에 육박했고 아이폰12는 풀커버필름 카메라필름 케이스까지 195g 나오니까요.  갤럭시가 무게분산 잘해서 체감이 덜나가긴해도 절대무게는 무시 못하겠더라구요 손목 건초염올까봐 폴드의 모든걸 포기하고 넘어갔습니다. 제가 봤을때는 폴드의 최고 고쳐야할점은 무조건 경량화라고 봅니다. 이미 핸드폰이 할 수있는 대부분이 완성형에 가까우니 말이죠 폴드3 솔직히 s펜 지원도 좋겠지만 무게 줄일수만 있다면 s펜도 빼고 무게 줄인 폴드3가 나왓으면 바로 정착 예정입니다 개인적 바램이지만 220g대 미만으로만 경량화 해준다면 바로 아이폰 짱돌로 내려 찍은후 폴드에 정착할 예정입니다.  거듭강조하지만 제발 경량화 기도합니다.",2020.12.03. 17:20
125,마트에서 폴드2 보고왔는데,완전 신세계네요 앞으로 스마트폰 이런 형식으로 나올까요? ㅎㅎ 책펼치듯이 시원시원하네요ㅋㅋ,2020.12.03. 16:14
126,톰브라운 펌웨어 후기,진짜 글 올라온대로 하니깐 컴맹수준이 저도 한번에 비로 손쉽게 성공했네요!!감사합니다.모두하세요 핸드폰 질이 올리갑니다ㅠ 톰브 크 ㅠㅠㅠ,2020.12.02. 19:16
127,폴드2 톰브라운 테마에서 -> 톰브라운 펌웨어로 갈아탄 후기,"제목에는 간략한 질문내용 표시​사용기종 : 갤럭시폴드2​​질문내용 : (구체적으로): 폴드2 톰브라운 플립 커버 구입 후 테마 적용하였으나,​테마st에서는 키패드가 적용이 안되어 머릿속에 자꾸  펌웨어가 맴돌았습니다.​ONE UI 3.0 베타에 참여중이었지만 베타 포기하고 펌웨어 올리기로 결정! ​​파일 다운받는데 시간이 너무 오래 걸려 22달라짜리 멤버쉽 결제 후 30분만에 다운받고​바로 올렸는데 C to C 케이블로 노트북하고 연결해서 그런지 오딘에서 한번 FAIL뜨고나서 ​USB to C케이블로 바꾸니 성공했습니다.​​역시 순정펌웨어가 좋긴 좋네요.​부팅화면부터가 간지 작살입니다. ​​문제는 아이콘 통일성이 없다는 것인데...이것은 흠 고민 좀 해봐야겠습니다.​​​



 





















 



​",2020.12.01. 07:06
128,이쯤에서 케이스를 빼보세요,폴드2  무게가 이렇게 가벼웠나 놀람 ㅋㅋㅋ,2020.11.30. 20:33
129,폴드2 사용 약 한달차 후기,"폰질문금지, 판매글금지, 추천인(수익)글 금지, ​아이폰 11pro max 1년 쓰다가...폴드2 넘 잘나왔길래갤럭시 투고 막바지(10월 말 종료)에 1박2일이라도 빌려서 사용해본 후,새로운 폼펙터, 120Hz 주사율에 홀려 구입후 한달째 사용중인 유저입니다.폴드2 구입예정분들, 관심있으신분들께 조금이나마 도움이 되었으면 하는 바램으로글을 적어보겠습니다.​이 글은 지극히 개인적 소감을 표현한 글입니다. 따라서 전체의 입장이 될수없는 점을 꼭 참고부탁드립니다.​1. 단점1) 무게- 저는 현재 뒷판만 삼성 정품 레더케이스 사용중인데, (약 290? 그램) 아이폰 11pro max도 케이스끼면거의 250그램에 육박했던지라 저는 폴드2가 무거운지 잘 모르고 쓰고있습니다.이부분은 워낙 상대성이 강하기에, 본인이 현재 사용하고 계신 기종의 무게가 어떤지 알아두시고,폴드2는 꼭 실물로 만져보시고 구입하시는걸 권해드립니다.​- 접었을땐 무게감이 확실히 느껴지는 편이며, 상대적으론 펼쳤을때는 오히려 가벼운느낌입니다.​2) 애매한 비율- 접었을땐 세로로 긴 느낌에, 펼쳤을땐 정사각형에 가깝다보니 영상을 봄에있어 썩 좋은 비율은 아닙니다.​3) 악세사리 부재- 말 그대로 폴드2를 위한 악세사리가 많이 부족하고, 퀄리티면에서 떨어지는것도 사실입니다.​4) 보험강제- 3)에서 추가적으로 이어지는 내용인데, 삼성케어플러스 혹은 통신사 보험을 강제한다는 게 단점입니다.무게도 무게고, 워낙 고가인폰인지라 보험없이 사용한다는것은 사실상 불가능에 가깝기 때문입니다.- 추가로, 폼펙터가 폼펙터다 보니 방수방진 미지원, 혹시라도 떨어뜨릴시 충격에 약한부분과내부액정이 개선되었다고는 하나, 아직은 UTG가 많이 약하기때문에 막 쓰는데에 솔직히 걱정이드는건 사실입니다.​5) 카메라?- 이부분도 상대적인 부분이겠으나, 카메라 성능을 별 중요하게 생각하지 않는 저는 크게 신경을 안쓰는 부분입니다.​​2. 장점1) 예상외로 오래가는 배터리- 이부분도 상대적이긴 하겠으나, 저는 배터리 끝판왕이라는 아이폰 11pro max를 이전에 사용했었고, 11프맥을 사용하면서도 도중에 SE, SE2를 한달씩 썻다가 배터리때문에 도저히 못쓰겠어서 다시 되팔았던 사람으로서폴드2의 배터리타임은 아이폰11pro max와 견줄정도로 생각보다 준수한 배터리타임을 보여주는것 같습니다.​- 오전 8시반 100%으로 출근하여 퇴근후 8시경 집에 돌아오면 20%전후로 남아있네요.(내부화면은 솔직히 많이 사용안합니다. 더더구나 집이 아닌 상황에서는요, 저뿐만 아니라 대다수 유저분들이마찬가지라 생각되어지네요)​- 내부화면에 120Hz로 쓰더라도, Wifi 사용시에는 확실히 오래갑니다.​2) 넓은화면, 분할화면- 펼쳤을때 보이는 넓은 대화면은 누구라도 처음보시게되면 '와..시원하다' 는걸 느끼실수 있습니다. 그리고 넓은 대화면을 분할화면으로 이중(삼중은 잘 안쓰게 되더라구요)으로 여러작업을 동시에할수있다는건 폴드2만의 최대장점이라 생각이 됩니다.​- 나아가 이 넓은 화면을 120Hz로 본다는건, 폴드2만 누릴수 있는 특징이겠죠.​3) 스피커- 출력, 해상면에서 개인적으로 많이 놀랬습니다. 비교영상도 유튜브에 많이 있으니 참고하시면 되겠습니다.​4) 중고가?- 단점이라면 단점이지만, 또 처음 구매하시는 분들에게는 비싼 정가에 비해 중고이지만 반정도 떨어진 금액에구매하실수 있는 부분이 나름 장점이 되지않을까 싶습니다.​---------------------------------------3. 정리- 두서없이 쓰다보니 여러 얘기를 많이 못담은것 같으나, 꼭 드리고싶은 말이있다면무턱대고 구매하시기 전에, 가능만 하다면 폴드2를 한번 들어보시고, 만져보신 뒤에 구입하셨으면 하는 바입니다.​- 그리고 폴드2는 폰의 목적성과 사용성이 조금은 분명한 폰이기에, 꼭 본인의 사용 스타일을 확인해보시고폴드2의 방향성과 맞는지 고려하신 후 구매하신다면 후회없이 선택하실수 있을 것 같습니다.​긴글 읽어주셔서 감사합니다.​​​​",2020.11.30. 16:12
130,폴드2 규해피 톰브라운st 적용후기,"​적용난이도는 중급이지만만족도는 높네요.​​실제로 동영상 잠금화면까지 적용할 수 있어서 싱크로율 높은 것 같습니다.펌웨어 방법도 생각해봤는데 그건 조금 위험부담이 있는 것 같더라구요.​​저는 폴드2 ONE UI 3.0 베타 이용자인데전화 키패드만 빼고 전부 적용됩니다.​깔맞춤 제대로 했네요.​​​​



 





















 



​",2020.11.30. 13:59
131,폴드2 생각보다 편하네요,무게때문에 꽤 불편할줄 알았는데그래도 접었을때 너비가 좁아서 그런지한손컨트롤이 가능해서 무게단점을 상쇄시켜주는 거 같습니다위아래로 길쭉한 화면도 영상볼때 제외하고는 폰으로서 오히려 더 좋기도 하네요ㅎㅎ,2020.11.29. 08:14
132,갤럭시 폴드2 장점,단점이없음,2020.11.28. 19:45
133,갤럭시 폴드2 ㅅㅋㅋ 후면 무광필름 후기(사진 有),"​1. 갤노트20 울트라 / 갤럭시폴드2 둘다 블랙만 사용​- 브론즈 무광을 못보고 둘다 블랙만 사용했는데 유광이 이쁘긴 하지만지문 유분이 하얗게 남는게 정말 보기 싫었어요.​디프가서 브론즈 보고나니까 브론즈 살걸 후회했습니다.그러다가 우연찮게 후면 무광필름을 보고 집 근처 부착점에서 붙이고 왔습니다.​​2. 디자인​- 일단 무광 정말 이쁩니다. 유광도 이쁘긴 하지만 메탈느낌나는 무광이 더 고급스럽습니다.다만 아쉬운 점은 핏이 정확히 떨어지지 않고 아래부분이 살짝 남네요. 그 부분빼고는 디자인 적으로 정말 좋습니다.​​3. 지문​- 무광이라 지문이 안묻을거라고 생각할 수도 있는데 무광도 묻긴 묻습니다.티는 덜 날뿐이죠. 하지만 하얀 유분은 남지 않네요. 그 부분에서 바꾸길 잘한 것 같습니다.​​4. 그립감​일단 생폰에 비하면 확실히 필름 두께가 느껴집니다. 물론 거슬리기도 하구요.하지만 처음 필름붙이고 나서 느낌과 적응 좀 되고나서 느낌은 다르네요.적응하니까 뭐 그냥저냥 생폰 비슷한 느낌 납니다.​​5. 사진은 방 불다끄고 찍어서 노이즈가 많이 꼈는데 그냥 봐주시면 될 것 같아요.낮에 다시 찍어서 올려보겠습니다. ​사진 올리는김에 배경화면 바꾼것도 같이 찍어봤네요.​​​​​​



 














​​​​​​​​​



 














​​​​​​​​​​



 














​​​​​​​​​​



 














​​​​​​​​​​",2020.11.27. 22:01
134,갤폴드 바로 사왔습니다!!,너무 행복해요 ㅎㅎ시계는 재고들어오면 알려준다네요,2020.11.27. 21:26
135,폴드2 3개월 사용후,메인스크린보다 커버스크린을 더 많이 봅니다.. 커버스크린 잔상으로 나가겠네요 ㅋㅋㅋㅋ,2020.11.27. 16:46
136,폴드2  단점!!!!!!!!,없음,2020.11.26. 23:25
137,폴드2 사용후 최대 단점,집에서 허리고무줄로된 헐렁한 반바지를 입고생활하는데 주머니에 넣고 다니면 바지가 자꾸 무릎까지 내려가네요물론 저야 애기둘을 키우는 결혼하고 살만큼 산 유부남이라 큰 상관은 없지만 사귄지 얼마안된분들 이런상황 발생되면 생각만해도 끔찍하네요폴드2 구매 예정이신분들 참고하세요,2020.11.26. 15:51
138,[폴드2] 사전예약 후 지금까지 사용해본 후기,"폴드2 폴드1 보상프로그램으로 사전예약보다 하루 일찍 예약하고 두근두근 핸드폰만 기다리길 한참이었습니다만 받고나니 이런 신세계가 또 없더라구요. 그렇게 갤폴드2와 함께한 약 2달간동안 느낌 장점 단점을 간략하게 작성해봅니다. ​​- 디자인 (9/10)전체적으로 전부 만족스럽습니다. 외부화면은 카메라를 펀치홀방식으로 넣어 다른핸드폰보다 부족한 가로 너비에도 불구하고 광활함이 느껴지네요. 내부화면 또한 폴드1과 다르게 사라진 노치로 인해, 그냥 작은 테블릿을 쓰는 느낌이 들어요. 힌지 부분도 단단하다고 해야 하나 탄탄하다고 해야 하나 .. 만족감은 9점입니다. 다만 가로폭이 조금만 더 넓었으면 하는 아쉬움이 조금 남아요.- 디스플레이 (7/10)내부화면은 120HZ 주사율로 과거 쓰던 핸드폰과 확실하게 다름을 느낍니다. 스크롤시에 이게 120HZ구나 라고 생각이 들만큼 체감이 많이오더군요. 아쉬운 점은 전면부는 60HZ로 다소 120HZ내부 화면을 보다가 외부를 보면 눈이 피곤하다고 해야 하나. 또 한참동안 외부 화면만 보면 모르다가 내부화면 보면 체감이 확확 다시 옵니다. - 전원버튼 + 지문인식(10/10) 물리버튼과 지문인식 버튼 통합 진짜 좋네요. 쓰다보면 너무 편합니다. (전작도 통합이었나?기억이잘..)- 사운드(8/10)이부분은 전문분야가 아니고 막귀인 편이라.. 순전히 느낌만을 말씀드리자면 중저음이 상당히 인상적이네요, 기존 사운드 보다 훨씬 나아졌습니다. 막귀인데도 체감 가능. 근데 실사용시에 집에서는 갤탭으로 동영상을 보다보니, 대부분 외부에서 버즈를 끼고 사용 하는지라, 활용을 많이 해보지 못해서 참고만 해주세요.- 힌지(10/10) 프리스탑 힌지라는게 사실 소개영상 볼땐 몰랐는데, 실제 사용해보니 진짜 편합니다. 세우기에도 좋고 손으로 쥐고 사용할때도 3/2 정도만 펼친상태로 손으로 잡고 동영상보면 진짜 좋습니다. 근데.. 조심하긴 해야 할 것 같아요.세워 뒀다가 쓰러져서 책상밑으로 떨어뜨릴뻔 한게 여러번..입니다. - 카메라(6/10)사실 카메라는 잘안써서 체감을 못하겠습니다만, 카메라는 하드웨어보단 소프트웨어 적으로 활용폭이 많이 넓어진 것 같아요.  셀피모드 및 반으로 접어서 리뷰할수 있는 기능이라던가 이런 부분은 활용도 많이 올라갈듯 합니다.근데 이거 너무 아쉬운게 기본 카메라앱만 되더라구요.. 대부분 어플로 사진 많이 찍게 되는데 .. 기본카메라로 찍는분 많으신가요? 풍경아니고서야..  혹시 설정 방법 아시는분 계세요?- 무게(3/10)여전히 무겁습니다. 전작과 차이점..이라기엔 뭐 비슷해서 모르겠지만 조금 더 경량화가 됬음 좋았을껄 했지만 뭐 원래 들고다니던거라 익숙하긴 합니다. 떨어뜨리면 최소 발등 금갈 것 같다는 농담적인 느낌저는 그래서 링케케이스에 목걸이줄 걸고 목에다 걸고 다닙니다. - 가격(3/10)역시 어마어마한 가격이에요. 저는 보상판매가 없었다면 구매를 심히 망설였을 것 같네요 개인적인 의견입니다.그럼에도 불구하고, 가격만한 가치는 한다고 생각해요, 국내 유일 무이한 완성도 높은 폴더블 폰이니까요. - 사용(7/10) 외부 디스플레이는 넓어졌지만 손가락이 두꺼워서 그런가. 외부에서 키보드 치기엔 여전히 불편합니다. 가로길이의 부재겠죠? 그럼에 결국 카톡하다가 오타에 답답해져서 화면을 펼치게 됩니다. 그러나 내부 화면은 또 너무 넓어서 자판 입력이 불편해지네요.. 저는 개인적으론 카톡이나 검색을 자주 하는 편으로 외부화면의 활용도..가 어떻냐 라고 물으시면 저한테는 별로네요. 인터넷 서핑 및 단순 유튜브 감상등의 용도로는 나쁘지 않습니다. (전작에 비하면 어마어마한 발전인건 인정) 물론 잘쓰시는 분들은 많으실 것같아요 훨씬 넓어졌거든요. - 구성품의 부재 (1/10)받자마자.. 들고다니기가 너무 겁났엇습니다. 맨몸으로 한 일주일 들고다니는데, 핸드폰을 모시고 다녔어요..  그냥 막케이스라도 넣어줬음 구매할때까지 좀 버틸 수 있을텐데.. 좀 많이 아쉽네요. 또 전작과 다르게 버즈는 빠져있어요. 사전예약 안하고 구매를 했다면 기존의 버즈를 사용하거나 해야 되겠네요..- 방수 (0/10)방수가 안된다니..ㅠ 화장실에서 샤워할때도 겁나서 못들고 들어가길 어언 두달 최근부터는 그냥 안에서 노래틀고 샤워하고 합니다. 참고로 저의 샤워환경은 뿌연 김이 언제나 꽉꽉 들어차는 극악의 조건이라고  자부합니다. 아직은 이상없어요 ! ​이상입니다 ! 궁금하신점 있으시면 언제나 댓글로 물어보시면 환영입니다 !​",2020.11.26. 15:20
139,버즈랑 케이스 왔네요!!!!,에어프로 있어서 버즈를 팔아야하는지 사용해야되는지 고민이네영 ㅎㅎ,2020.11.25. 14:57
140,폴드 2달차 후기,진짜 무게 빼곤 완벽한  폰이네요 방수 안된다해서 화장싱.쫄았는데 강 들고 영상틀고 샤워합니다 ㅋㅋ,2020.11.23. 20:29
141,브론즈 패키지로 폴드2로 넘어왔습니다. (폴드1 사용자),"폴드1 사용자로 출시하자마자 구매할까 고민하다가 내부 구성품 부재, 옆그레이드가 걸려 ​톰브라운 신청했는데 실패, 폴드3 나올때까지 폴드1으로 버틸려고 했으나,​워치3 살까해서 삼성디프 놀러갔다가 브론즈 패키지 구성품보곤 바로 넘어왔습니다.​워치는 와이프랑 같이 사려고 했던거라 구성품이 버릴게 없어서 브론즈 워치랑 버즈는 와이프 주고​전 11~12월 구매혜택으로 워치 실버(30% 할인 구매)+버즈 화이트로 받을 예정입니다.​갑자기 이런 패키지 있어 가지고 당황했네요. 나오자마자 사고 봤으면 열받을 뻔;;​폴드에 완전 적응이되가지고 바형 폰은 이제 못쓸 지경까지 왔는데​확실히 외부화면 커진거랑 내부화면 노치 없어진게 굉장히 실사용에 편하게 다가오네요.​그리고 폴드1 충전히 생각보다 조금 답답했는데 그나마 빨라져서 배터리 관리하기가 좋은 것 같습니다.​유튜브도 테블릿 형식으로 보여서 활용하기가 좋아졌더라고요. 다른 앱들도 많이 개선이 되었으면 좋겠네요.​아무래도 가로가 더 넓어져서 잡았을 때 느낌은 폴드1이 더 좋긴한데 크게 거슬리는 부분은 아니고,​향후 모델이 가로가 더 넓어지면 무게나 휴대성이나 문제가 좀 있을 것 같네요.​가로 사이즈는 지금 사이즈가 거의 최대치일 듯 합니다.​폴드1을 워낙 오래써서 활용하는데 크게 문제는 안될 것 같고, 이래저래 한동안 가지고 노느라 바쁠 것 같습니다.ㅎㅎ​​​ ​",2020.11.23. 15:36
142,“케블라(카본) & 아라미드” 영상&사진,"안녕하세요~​글을 길게 쓰긴 그렇고 영상 간단하게? 찍고 사진 올립니다.[알리 케블라케이스 후기 및 아라미드와 비교]​백마디 말보단 사진과 영상이 도움이 될 듯 합니다.​현재 폰은 완전 생폰상태에 케이스 장착입니다.원래부터 내 외부 필름 안씁니다 후면 필름도 없습니다.​참고하세요.​



 







 



케블라케이스 장착상태에서 최대한 잘 보이게끔, 그리고 실사용 전면 위주 영상 입니다.​밑에는 케블라 및 기존 아라미드 케이스와 비교 샷 입니다.모든 건 직접 찰영한겁니다.(iphone xs max로 촬영)​



 




























































































































​",2020.11.22. 02:30
143,폰 떨구고나서 내부액정에 돌들어감..,돌들어가서 한번씩 중앙이 튀어나오더니 이번엔 튀어나와잇길래 만져봣더니 액정 가로 세로로 길게 쭉 다나겟네요..,2020.11.21. 16:46
144,폴드2  3주 사용 느낌,"무게는 사실 기본 무게가 있어서 적응이라고하면 무리가 있지만그래도 들고 다닐때 신경쓰이진 않네요​그리고 이제 바형태로는 돌아가기가.좀.두렵긴 합니다 ㅎㅎ저는 폰 대부분 펴서 사용하는데 그래서 하루에도 수십번을 접었다 펼쳣다하구요​ 넓은 화면의 사용성에 빠지니 커버화면은 간단한 확인 아니면 거의 안쓰게.되더라구요​회사에서 특히.3분할로 켜놓고 마우스랑 키보드로 책상에서 사용할때는 대화면 아님​절대 불가능하니까요. 카톡 주식창 인터넷창 3분할은.정말 꿀이더군요.​그외에도 다양한 조합이 가능해서 이것저것 다양하게 쓰고 있구요==​첨에는 분할의 매력을 몰랏는데 ...폴드의.활용성은 컨텐츠 소비 그리고​분할 화면에 있다고 생각됩니다​_____________________________​단점은 하드웨어적인건 뭐 무게나 화면 비율이니 어쩔수 없겟줘​소프트 웨어적으로는 화면 비율 관련해서 아직도 어플들마다 화면에 다 보이지 않는경우도 있거​다보기.위해서는 꽉찬화면이 아닌 비율을 조정해서 넓은.화면의.이점을 활용 못할때가.있습니다.​그리고 분할햇을때 어플간 분할 크기를 조절하면 자연스럽게 조정이 안되는경우더 많구요​그래서 어플을 커버에서 열엇다가 메인에서 다시켜야 할때가 종종 있습니다.​폴드 형태든 롤러블 형태던 대화면에 맞는 소프트웨어는 어차피 필요하니​빨리 지속적으로 대응 하주길.바랍니다~~​-------------------​3주간 쓰면서 사실 첨에는 바꿀까 엄청 고민 햇거든요 근데 이제는 생각이 많이 변했습니다.​활용성이나 편의성에서 다양하게 대화면의 활용도와 사용 빈도를 높일수록​폴드2의 매력이 올라가더군요~~ ​언능 생활방수 방진 무게를 줄인 폴드3 이던 새로운 형태의 기기가 나오길 기대해봅니다.​개인적의견이지만 폴드2 쓰신다면 꼭 대화면을 많이 활용해 보시길~​대화면 사용 비율이.높아질수록 폴드2 매력이 올라갑니다.​사진은 제가 회사서 켜놓은 3분할 화면입니다 ㅎ



 














​​",2020.11.21. 10:34
145,무겁네요,"외이프랑 커플로 쓰려고 사전예약해서 두대 샀었는데



 














와이프는 무거워서 못 쓰겠다고 플립을 사고싶어하는 눈치더라고요BTS S20 플러스 두달쓰고 폴드로 바꾼거라 사달라는 말은 못하고 검색만해서 눈팅만 하는게 참 걸리더라고요아는 형님 폰가게에 물어보니 퍼플은 완판이래서 골드로 개통해줬는데



 














계속 맘에 안들어하는 눈치라서결국 전국을 뒤져 퍼플을 구해줬습니다​폴드2가 좀만 가벼웠어도 이런 쌩쑈를 안했을텐데...",2020.11.20. 22:48
146,드디어 손에 안착!,"브론즈 곱다사과제품만 쓰다가 약8년만에 갤럭시진짜 어색하고 신선하네요​근데 휴대폰 받칠 때 새끼손가락 아프네요ㅋ....그리고 언박싱하자마자충전하는데 안되네요^^​다른 충전기로는 바로 되는데충전기 본체가 먹통이네요.하^^....



 














(충전기 꽂은 상태)​이상 후기였슴다.​



 














갬성샷(사진:사과XR)",2020.11.20. 14:10
147,주말에 폴드2 구매했습니다.,사전예약 때 주문했다가 사정이 생겨서 취소했다가 우여곡절 끝에 구매했습니다.​사전예약 때 비교하면 가격이 엄청 다운됐네요.​삼케플 유료 가입완료했고 요금제혜택에 통신사 보험이 지원됩니다.ㅅㅍㄱ ㅅㄹㅇㅁ ㅍㄹ와 카메라 강화유리로 중무장하고 사은품 및 패키지는 모두 방출했습니다.​ㅅㅍㄱ ㅅㄹㅇㅁ ㅍㄹ 진짜 물건이네요.심적으로 정말 안심이 됩니다.물만 조심하면 될 것 같습니다.​잘 부탁드립니다.,2020.11.18. 18:50
