,type,category,review,star
1,애플워치,별점,"일단 기계는 빨리와서 좋았지만 옵션으로 신청한 강화필름은 2주나 늦게 도착했어요. 업체에 처음에 강화필름이 같이 도착하지 않았다고 글을 남기니 2~3일 소요될수 있다. 했고 그 이후로 피드백이 없어 얼마전에 글을 다시 남기니 그제서야 고객센터담당자분이 배송중 물건이 소실 된거 같다고 하시더라고요. 다행이 직원분이 너무 친절하게 바로 대응해 주셔서 오늘 겨우 받았습니다.

진짜 강화필름 팔지 마세요.. 배송도 같이 안해주시고 제품도 일단 붙이면 모서리랑 잘 맞지도 않고 붙인지 30분만에 떨어졌어요.. 너어무 열받아서 쓰레기통에서 포장지 지금 다 꺼내서 환불할까 말까 하고 있습니다.
. 그렇습니다.",1
2,애플워치,별점,"시계줄이 제대로 체결이 안되는데, 교환도 안되네요",1
3,애플워치,별점,스트랩 불량왔어요;;,1
4,애플워치,별점,"상품권으로 구매 해야 돼서 억지로 샀지만
중고나라 되팔이나 다름 없는 악질스러운 가격, 황당하다 못해 어이가 없는 수준
꼬우면 다른데서 사라는 듯한 대답
대단 합니다 부자 되세요",1
1,애플워치,별점,붉은세로선.. 교환 오래걸린다고 환불하라그러고~ 서비스센터에서 2일만에 교환받았는데 또 세로선이네요;,2
2,애플워치,별점,물건은 잘 받았는데 양품이 아니라 받자마자 리퍼 받았네요 ㅠㅠ속상합니다,2
1,애플워치,별점,"우선 일하면서 핸드폰을 소지하지 않아도 된다는 편리함이 있고 애플워치3에 비해 블루투스 범위가
비교적 넓은 것 같습니다 다만 제가 뽑기를 잘못한건지 뭔지 배터리가 엄청 빨리 닳아요 이게 정상인건지 몰라도 하루 배터리 소모량이 많네요 매일매일 충전해야 합니다 인터넷 검색해봤더니 이번 se모델은 원래 그렇다는 말도 있긴하더라구요 제가 스마트워치를 처음 써봐서 잘 모르지만 남자친구 갤럭시 액티브워치에 비해서 배터리 소모량이 엄청 많아요 그리고 가끔 알람확인하는
터치가 안될때도 있습니다 재부팅하면 문제 없지만 이것도 원래 그런건지.. 그래도 편리하게 사용중이에요",3
2,애플워치,별점,"정말 기대 많이 하고 샀는데 줄이 불량이네요 ㅠㅠ
위에는 고정이 되는데 아래가 고정이 안돼요..
모.. 그래도 줄만 빼면 다른건 다 만족스럽습니다!",3
3,애플워치,별점,어려워요 첨에 줄빼는법 몰라서 검색해봤네요 ..,3
4,애플워치,별점,배송이 어린이날 도착으로 되어있어서 구매했는데 택배사가 빨간날은 근무를 안하셔 제시간에 못받았어요.. 제 기기가 안되는건지 단축어 기능도 안되네요 ㅠㅠ,3
5,애플워치,별점,배송지연으로 2일늦게받앗지만 만족합니다,3
6,애플워치,별점,후기보면 다들 빨리 받았다고 하는데 연말이라 그런지 딱 일주일 걸려 받았아요. 쿠팡에서 산 친구는 익일 도착했다 그러던데 배송은 역시 쿠팡인가 봐요.,3
7,애플워치,별점,"롯데온은 친절. 판매자는 불친절!
배송 느리고 답변 느리니까 빠른 수령 원하시는 분은 다른 곳 에서 고고. 상품은 애플 다 똑같음",3
8,애플워치,별점,남자는 44사는게 맞아요 40 은작습니다 후회,3
9,애플워치,별점,"벅스뮤직 어플을 작동 시에 잠깐 화면이 멈췄는데
신경쓰이네요. 다음에 또 그럴까봐.",3
10,애플워치,별점,"끈이 잘 고정이 안되어 수리센터에 갔더니 기사양반도 여러번 시도해서 성공
어쨋든 끼웠으니 불량은 아니라는 말에 그냥 사용하기로 결정",3
11,애플워치,별점,배송이 거의 일주일 걸렸어요,3
1,애플워치,별점,물건 받긴 했습니다 남자친구와 기념일로 해서 같이 주문을 했은데 내역은 같이 배송이라 같이올줄 알았는데 따로따로 왔어요 미리 언질해주셔서 따로올꺼라고 미리 알려줫던라면 좋았을걸 하나만 왔을때의 그 기분은 정말.... 조금 어이가 없고 한두푼 하는물건도 아니고 조금 기분이 나빳네요 남자친구 물건까지 오고나서 같이풀어보고 같이 착용했어요 다음엔 미리 말씀해주시고 배송을 해주셨으면 하네요,4
2,애플워치,별점,"배송은 생각보다 빨라요!!
진짜 40mm살지 44mm 고민하고 40mm 샀는데 진짜 잘산거 같아요.
남자분이신데 손목 좀 앏으신분! 40추천 합니다. 44mm 지인거 착용해보니까 커서 별로였어요!
다만 아쉬운건 제 기준에서 스트랩을 실리콘말고 스포츠루프 갖고싶었는데 없더라구요ㅜㅜ

5점은 많고 3점은 적어서 4점 드릴게요:) 맘속으로는 4.99점!!",4
3,애플워치,별점,"18000원 주고 풀커버 강화필름을 샀는데,
풀커버만 보고 옆면도 필름 주는줄 알았는데 전면만 있었다 내 실수라 치고, 붙이고 2일이 지났다
갑자기 툭 하고 필름이 떨어졌다
18000원이 아니라 5000원만도 못하는것같아 기분이 상했다 .
애플워치는 상품은 좋았다",4
4,애플워치,별점,딸 선물주려고 구입했는데 아주 좋아하네요,4
5,애플워치,별점,디자인과 선물한거기에 받은사람이만족하여 좋습니다,4
6,애플워치,별점,너무너무너무너무 좋아요,4
7,애플워치,별점,배송도 빠르고 물건도 안전하게 잘왔어요!! 예쁘게 잘쓸게요!!!,4
8,애플워치,별점,"싸게 구매했고,딸이 좋아하네요",4
9,애플워치,별점,케이스밖이 더러운상태로와서속상해요,4
10,애플워치,별점,애플중에 가성비좋고 쓸만하네요,4
11,애플워치,별점,너무 마음에 들어요 굿굿,4
12,애플워치,별점,"첨에 중국어로 셋팅되어있어 살짝불안했지만 그냥ㅆㅓ요,,",4
13,애플워치,별점,ASR 테스트용으로 2대 구입했는데 만족해요,4
14,애플워치,별점,배송 빠르고 괜찮았어요,4
15,애플워치,별점,6세대 기능까지는 필요하지 않아서 SE로 주문했는데 만족합니다,4
16,애플워치,별점,배송.상품.포장 만족합니다,4
17,애플워치,별점,충전하는게 너무 귀찮네용,4
18,애플워치,별점,"딸아이 졸업선물로 샀어요
아주 편리하다고 하더군요 그런데 자판이 없어서 조금 아쉽다고 하네요 배터리가 빨리 떨어지는 느낌이래요",4
19,애플워치,별점,고민하다 샀는데 잘 사용하고 있어요,4
20,애플워치,별점,제품은 빠르게 왔어요 근데 받고 나니까 공홈보다가격 높게 설정된상태에서 할인 적용이 되어 있네요 정가보다는 저렴 하게 사긴 했는데 왜 높여 놓았는지 모르겠어요 잘 받았습니다,4
21,애플워치,별점,역시 애플.. 넘깔끔하고 이쁘네요,4
22,애플워치,별점,잘쓰고있어요! 좋네요,4
23,애플워치,별점,좋은가격에 구입해서 좋네요! 배송도 빠르고 이제 사용준비 해야겠네요!,4
24,애플워치,별점,운동을 많이해서 샀어요. 유용한것같아요,4
25,애플워치,별점,딸 선물로 사 줬는데 무지 좋아하네요,4
26,애플워치,별점,빠른 배송 상당히 좋네요,4
27,애플워치,별점,말할것두 없죠 ㅎㅎㅎ 좋습니다,4
28,애플워치,별점,배송 잘 왔습니다~ 크기와 색깔 마음에 들어요~,4
29,애플워치,별점,"터치가 잘 안되나봐요... 인터넷에 찾아보면 터치관련 말이 많은거같아서 그냥 쓰기로 했어요
A/s 센터까지 갈까 고민중이에요",4
30,애플워치,별점,우리딸생일선물로 주었는데 좋아하여 좋았어요,4
31,애플워치,별점,"잘받았습니다, 감사합니다!!!!",4
32,애플워치,별점,연락 오는 것을 수시로 체크하기 위해서 구입했습니다. 애플 워치는 처음이라 사이즈를 잘 몰라서 40mm로 구입했는데 다음 번에는 44mm로 구입할 생각입니다.,4
33,애플워치,별점,잘받았습니다 배송 빠르고 포장도 꼼꼼해서 좋았습니다,4
34,애플워치,별점,택배 안전하게 잘 왔네요,4
35,애플워치,별점,"상품은 마음에 들지만 코로나와 연말이 겹쳐서 그런지 배송이 너무너무 느려서 아쉬웠습니다.
그래도 배송관련 문의 답변도 성심성의껏 해주셔서 만족스러웠습다.
예쁘게 잘 착용할게요~",4
36,애플워치,별점,"배송 최악 이였습니다.
정말 이랬으면 안샀는데...
상품 써보고 후기 남길게여!",4
37,애플워치,별점,애플제품과의 연동성이 좋지만 역시 사용은 조금 어렵습니다 폰트 크기가 40mm는 조금 작네요,4
38,애플워치,별점,사고싶었던 애플워치 사게되서 너무 좋고 맘에 듭니다 ㅎㅎ,4
39,애플워치,별점,손목이 가늘어서 42mm가 무난하네요,4
40,애플워치,별점,급하게 필요해서 구매하게 되었는데 만족합니다. 빠른배송 감사합니다.,4
41,애플워치,별점,배송빠르고 깔끔합니다.,4
42,애플워치,별점,좋아요 아주그냥 막,4
43,애플워치,별점,"배송도 빠르고 좋습니다. 다만 밴드가 불량이어서.. 다시 반송했다 확인받고 교환받는 과정이 번거로워 밴드 새로 구매했는데, 영 그러네요..
SE는 L사이즈 밴드 불량이 많다하니 체크하세요.. 밴드 끼울때 딸깍 소리가 안납니다!",4
44,애플워치,별점,잘 도착해서 만족합니다,4
45,애플워치,별점,배송도 빠르고 좋은데 하루착용하고 잤는데 알레르기 인지 심박체크 센서 때문인지..빨개졋어요 ㅜㅜ,4
46,애플워치,별점,배송 빨라서 좋네용,4
47,애플워치,별점,예뻐요~~~👍🏻👍🏻,4
48,애플워치,별점,마음에들어요.배송도스피드,4
49,애플워치,별점,좋은상품 저렴하게 잘 구매했습니다,4
50,애플워치,별점,"배송은 처음 5일 출고라고 안내받았는데
6일 출고됨.
정확히 안내해줬으면 좋겠네요.
cj 택배대란이라 6일 출고 10일에 받았네요~
기다린 보람은 있네요",4
51,애플워치,별점,애플워치 쓰다보니 좋네요,4
52,애플워치,별점,좋아요 편해요 잇는듯엄는듯,4
53,애플워치,별점,빠른 배송 좋습니다,4
54,애플워치,별점,뭐 선물용으로 산거라...,4
55,애플워치,별점,배송 엄청 빠르네여~ 아~ 정말 너무 좋아여~~~~,4
56,애플워치,별점,빠르게 도착했네요 감사요,4
57,애플워치,별점,배송 하루 늦었어요 ㅠ 5일 출고 하실줄알았는데 6일출고하심..,4
1,애플워치,별점,"살까말까 고민한게 3개월 정도 되는데요, 큰맘먹구 샀습니당. 배송은 진짜빨랐어요 하루만에 왔고 사용방법도 쉬워요. 간혹 전기에?전자파에? 예민한 사람들은 손목에 전기통하듯 저릿함을 느낄수있다고 하더라구요. 핸드폰을 옆에두고자도 다른게 느껴지는 사람이라 걱정ㅂ이되었는데, 어제 차고 자봤는데요. 저릿함이 없지는 않아요. 시계를 안쓰는 편이었어서 무게감도 적지는 않구요.
그래도 크게 불편할 정도는 아니었어서 잘쓸것같아요! ^^",5
2,애플워치,별점,"아담한 긴 박스를 받았어요. 그 내부에는 스트렙과 네모난 액정이 있었네요. 어찌나 그리 심플하면서도 깔끔한 디자인지. 처음 받았을때 생각만 해도 가슴이 설레는 효과가 있었답니다 처음 착용때 머리속에 울리는 그말""애플스럽다""는 아덴티티가 울렸네요. 지금은 손목에 차면서 스케줄,시간, 아이 사진을 액정에 연동시켜서 잘이용하고 있답니다. 차 후 코로나 끝나면 헬스로도 이용할 계획이구요.
애플워치 선택은 현명했다는 말이 펙트내요.
이보다 더 좋은 말이 있을까요?
이쁘게 잘 사용하고 있습니다. :)",5
3,애플워치,별점,정말고민백번하다가가격내리면살까했지만애플기기는가격이잘안떨어지더라두여ㅠ 어차피쓸꺼빨리사서쓰자해서질렀네여 ㅎ 스그랑실버고민마니핬는데스그가질리지않게무난하게잘찰수있을거같더라구여 ㅎ배송은이틀정도걸렸구여 ㅎ공홈이라믿고구매핬습니다 ㅎ앱등이가되가는거같네뇨 ㅎ 실속있게잘쓸수있음좋겠어오 ㅎ,5
4,애플워치,별점,"❗️무조건 여기 공식 스토어에서 구매하세요❗️
그 이유는!!
1. 우선 배송이 진짜진짜 빨라요! 제가 지방에 사는데도 불구하고 주문 후 24시간이 채 걸리지 않아서 도착했습니다!
사실 공식홈페이지에서 구매를 먼저 했었어요~ 공식 홈페이지에선 주문하고 2주가 넘게 소요된다고 했지만 하루라도 빨리 받고싶은 마음에 찾아보다가 공식스토어를 발견하고 주문하지 않을 수 없었어요😀 심지어 운좋게 재고가 남아있는 타이밍이었어서 운 좋게 20년도 마지막 날에 손에 넣을 수 있었습니다 ㅎㅎ

2. 솔직히 애플워치 사고 줄질 한다는분들이 진짜 많잖아요! 저도 처음 살 때 주는 스트랩중에서 이쁜 색을 살까 루프로 살까 진짜 고민 많이 했습니다!
근데 스토어에서 사면 줄을 고르지 못한다는 단점이 있지만, 또 스토어니까 가질 수 있는 장점으로 일단 케이스 색만 고르고 나서 줄질 할 생각으로 그냥 다 포기하고 주문했습니다! ! 스트랩을 고르지 못한다는 !

3. ! 다른 판매자분들을 솔직히 저는 못믿겠더라구요... 그래서 그냥 공식 홈페이지에서 구매하려고 했지만, 이곳을 발견하셨다면! 믿고 갈 수 있는 공식 스토어니까 지나칠 이유가 없다고 생각했습니다😀

, 다음에 또 애플 제품을 구매하게 되거나 지인에게 추천하게 된다면 꼭 이곳을 추천하려고 합니다 ㅎㅎ
저는 이곳에서 정품, !",5
5,애플워치,별점,"🌟여기서 구매결정한 이유🌟
1)공식브랜드스토어
선물할거라서 더 믿음가는곳에서 구매하고싶었음!

2)애플케어플러스 10%할인
케이스 없이 막쓰는 사람들 강추! 이거 할인해주는곳 여기말고 못봄.

3)퀵배송
주문하고 배송조회 새고안해도됨ㅎㅎ

4)네이버멤버십 추가혜택
다른곳이랑 폭풍비교함(카드청구할인, 쇼핑몰 자체 쿠폰 등등) 네이버플러스적립이 제일혜택 컸음.
(+마이스토어 등록하고, )

사랑하는 내동생아 SE는 제발 오래오래 써주라ㅠ
쓰리처럼 1달도 안돼서 사망선고 때리지말고..",5
6,애플워치,별점,예상보다 빠르게 배송받아서 너무 좋았어요!! 애플워치는 이번에 처음 입문이라 SE로 구매했구요!! 애플워치를 한 일주일정도 사용해보니까 왜 이제 샀나 싶어요. 폰을 꼭 안봐도 간단한 확인도 다되고 특히 운동관련 목표를 설정해 놓으니까 그날 그날 목표달성을 하고싶어 어느순간 운동하고 있는 저를 발견하게 되었어요..ㅋㅋ 특히 손씻기 1분호흡 심박수체크 등 확인하면서 삶의 질이 달라진 기분이예요! 그리고 줄질한다고 하던데 스트랩도 여러개 사서 스타일에 맞게 연출도 해보고 싶네요!! 다음 애플워치 시리즈가 언제 나올지 모르겠지만 내년에 나오게 된다면 빠르게 사전예약해서 사고 싶을 정도로 너무 맘에 듭니다!! 그리고 애플워치는 스페이스그레이색상이 국룰맞네요!!,5
7,애플워치,별점,"발열 있을까봐 3일동안 잘때 차고 잤는데, 별일없어서 구매확정 하고 바로 후기 남겨요^^

고민은 역시 배송만 늦출뿐~!
40mm 스그는 자꾸 품절이라 매일 수시로 들어와서 재고 있나 확인했어요! 한번 고민하다가 놓쳐서 재입고까지 애태웠기에,, 보자마자 바로 질렀답니다!

여자중에서도 손목이 얇은 편이라 ~
줄질때문에 실버랑 엄청 고민했었는데 웜톤에 골드 좋아하는 저라,, 스그가 더 끌렸었던!!! 스그도 줄질 열심히 할 수 있겠던데요?
애플워치 처음이지만 유튜브로 열심히 애플워치 사용 꿀팁 찾아보면서 알차게 쓸게요~~
선물용으로 하나 더 추가 구입 예정인데, 원하는 날짜 전에 재입고 되었으면 좋겠습니다 *^^*",5
8,애플워치,별점,조금이라도 저렴하게 구매하려고 여러 쇼핑몰을 찾아봤는데 네이버페이가 현금처럼 쓸 수 있는 포인트를 준다는 점에서 가장 저렴하더라구요 네이버페이 체크카드 이벤트도 참여해서 만족스러운 구매였어요👍 그리고 배송도 빠르게 와서 하루만에 애플워치를 사용해볼 수 있었어요❤️,5
9,애플워치,별점,"벼르고 벼르다 구매했습니다~ 스마트워치 사용이 처음인지라 6세대는 좀 부담스럽고 se 일단 쓰면서 적응 후에 필요하면 다시 사려고 합니다. 바디 색상 고민을 많이했는데 스그 깔끔하고 예뻐요! 다만 스트랩은 밝은 걸로 추가 구매 하려고요~
배송이 굉장히 큰 박스에 왔던데, 길이 때문이었어요! 빈 공간이 많아서 많이 흔들렸을 것 같았는데 뭐 대각선으로 꽉 맞춰서 담겨있어서 별로 걱정 안해도 될 거 같네요. (실제로도 박스 상태나 기기 문제 없구요) 뽁뽁이로 포장도 되어있으니 정말 크게 충격 주지 않는 이상 배송은 안전할 거 같아요.
+네이버 멤버쉽 구독하니까 포인트도 많이 쌓이네요ㅋㅋㅋ 신카 아니구 충전 결제였음 더 많이 받았을텐데 아쉽긴 해요",5
10,애플워치,별점,처음에 애플워치 se를 살까 3을 살까 일주일 내내 고민하다가 고민은 배송만 늦춘다 flex 질러!! 생각하고 바로 se로 주문했습니다 배송이 하루만에 와서 매우 만족이었어요^^ 언박싱하고 실물을 보니 영롱함 그자체 뭘살까 고민하시는 분들께 그냥 제 말처럼 고민은 배송을 늦춥니다 뭘사든 애플은 당신의 기대를 충족시키니 고민말고 후딱 주문하세요!!!!,5
11,애플워치,별점,"아주 깔끔하고 멋지네요
잘 산거같아요 쓸만한 기능 다 있고, 크기도 적당하고 반드는 m/l로 젤 끝에 채우니까 잘 맞아요

근데 밴드를 혼자 채울 수 있는거죠..? 전 연습이 필요한거같아요 ㅋㅋ 팔찌 혼자 채우다 실패하듯이;; 몇번만에 성공했는데 연습하면 되겠죠",5
12,애플워치,별점,"정말 왜 이제야 샀을까싶은 애플워치
장바구니 담아놓고도 정말 필요한게 맞는지
한달정도 심하게 고민했는데
저한테 필요한게 맞았네요 후후
기분에 따라 배경 바꿀 수 있고
무엇보다 이제 헤드폰만 끼고 운동할 수 있숨
운동을 할 지 어쩔지 모르겄지만

무튼 연결하고나서 전화 벨 울려 깜짝 놀랐네용",5
13,애플워치,별점,연말에 시켜서 배송이 쪼금 미뤄졌지만 배송은 빠른편인것 같아요 저희 지역 오프라인 매장은 40mm가 다 품절이라 인터넷으로 주문했어요! 원래 실버를 사려고 했지만 온라인 공홈에는 실버가 품절이더라구요 색상 고민 하다가 무난한 스페이스그레이로 선택했는데 잘한 것 같아요! 완전 깔끔하고 예뻐요 맘에 듭니당 아직 사용한지 하루밖에 안되어서 좀 익숙하지는 않지만 터치감도 좋고 반응속도도 좋은것 같고 생각보다 유용한 기능들이 많아서 만족합니다 사진도 화질 깨지지 않고요! 사이즈도 너무 작지 않을까 했는데 여성분들 착용하기에는 적당하지 않을까 생각합니다 일하면서 핸드폰 소지하기가 쉽지 않은데 애플워치 사용하면 엄청 편할 것 같아요!,5
14,애플워치,별점,"일할때 필요하고 자전거탈때 운동할때 필요해서 구입했는데요
진짜 너무편하고 좋아요 요즘 큐알로 결제많이해서 필요한데
진짜 너무너무좋더라구요 아직 자전거탈때는 못타봤어요 ㅠㅠ
비오고 미세먼지 심해서 나갈수가없드라구요
다음주에는 한번 나갈려구요 완전좋은 애플워치se
역시 블랙 ㅋㅋ
안샀으면 어쩔뻔했는지 ㅋㅋㅋ
궂이 셀롤러안해도 잘되고 편해요 고민하시는분들
꼭 사세요 전 출근할때 맨날 차는데 불편하지도 않아서

몇년전부터 사고싶었던건데
안샀음 어쩔뻔했을지 ㅋㅋㅋ 진짜 너무너무 좋아요
이제 줄질의 세계를 만족해야죠
블랙이랑 로즈골드 고민했는데 역시 블랙 너무이뻐요
실리콘 줄이더울줄 알았는데 덥지도 않고
괜찮은거있죠 다음에
통화 문자 카톡 핸드폰에있는
알림은 다오니 너무 평하고 좋아요
일할때 지장없고 알람이 바로오니 확인도 편해서
생활의 질이 높아졌어요",5
15,애플워치,별점,실버랑 마지막까지 고민하다가 필름 옵션이 실버엔 없길래 필름 따로 사는 배송비 아낄 겸 스그로 샀는데...스그가 확실히 깔끔하고 좋네요~ 필름은 붙이는 데 실패해서 기포가 잔뜩 있지만 필름 2장짜리니까 많이 거슬리면 다시 붙이려고요~ 줄은 지금은 딱히 바꿀 생각이 없기도 하고 스그용 줄도 예쁜 거 많아보여서 후회 안 합니다ㅎㅎ,5
16,애플워치,별점,"■ 상품명: 애플워치SE 40mm GPS 스페이스그레이 알루미늄케이스 블랙 스포츠밴드 MYDP2KH/A

남자친구 생일 선물로 애플워치 스페이스 그레이 40mm 주문했습니다:) 애플워치 6랑 se중에 고민을 많이 했는데요 남자친구가 평소에 운동을 자주해서 6를 사줄까 하다가 기능적으로 2가지 외에는 큰 차이가 없기도 하고 또 애플워치는 첫 입문이라서 SE제품이 30만원대라서 선택했어요! 색상은 스페이스 그레이인데 액정이랑도 일체된 느낌이랑 기본 스트랩 외에도 다른 스트랩이랑도 위화감 없이 잘 어울려서 색상으로는 강추드립니다 :)

결제는 ssg.com 삼성으로 해서 4만원 할인에 청구할인까지해서 28만원 정도에 구매했는데 기본 정가보다 훨 싸게 ! ㅋㅋㅋ 행사기간이 7.30일까지라고 하니까 아직 애플워치 구매안하신 분들께 추천드립니당:)

배송은 2일정도 걸렸는데 엄청 빨리 왔구요! 상품도 안에 하자나 기스 없이 좋은 상품으로 와서 기분 좋게 잘쓸 수 있을거 같아요!",5
17,애플워치,별점,"크기 때문에 고민하다가
(제 손목이 두꺼워서)
40mm는 시계같고
44mm는 스마트워치 같다는 말에 40으로 샀습니다
자연스럽게 착용하고 다니고 싶었거든요
결론적으로는 잘 선택했다싶습니다
손가락도 두꺼워서 터치가 힘들지 않을까 싶었는데
터치에
하나 아쉬운 점은 나이키 에디션으로 살걸 하는 후회 ㅠㅠ
환공포증유발 스트랩이 싫어서 이거 산거였는데
페이스가 3개 더 있다는게 얼마나 큰 장점인지를 사용하면서 느꼈네요",5
18,애플워치,별점,예쁘고 편해요! 워치페이스 앱깔아서 다양하게 꾸밀 수 있지만 귀찮아서 그냥 사진 바꾸는걸로 만족.. 오토슬립 앱 강추! 깔고나서 늦게 자고 늦게 일어나는거 고침 실리콘 시계줄은 내 손목이랑 안맞는지 양옆이 너무 뜨고 아파서 스포츠밴드로 교체함 스포츠밴드가 제일 편함!,5
19,애플워치,별점,"카드할인 받아서 저렴하게 구매합니다
백화점 갔는데 재고가 없다고 해서 슥에서 주문 했더니 2일만에 왔어요
기능쓰기가 어려울까봐 걱정했는데 생각보다 간단하고
스포츠밴드라 가벼워서 착용감이 거부감이 없어요
메탈로 하면 불편해서 잘때 못한다는데 스포츠밴드로 다른 색 구입 해야겠습니다.
요
운동체크는 수동으로 해야되서 아쉽지만
제가 컨디션이 안좋은날은 수면이 부족했다고 알려주니까
그날 더 일찍 자게되네요
운동목표를 높이 잡아서 일주일에 얼마나 달성했는지도 알려주고 핸드폰에서 분석해서 알림도 해주니 더 신경쓰소 움직이게 됩니다.
셀룰러가 아니여도 핸드폰만 주변에 있다면 전화도 충분하니 핸드폰을 안찾아도 전화받는게 너무 편하네요
저는 핸드폰을 자주 찾는데 애플워치로 찾으니까 바로바로 찾아서 그것도 활용을 잘하는 중입니다.
너무 전화도 . 카메라 화면도 워치에 보여서 !!ㅎㅎ
블랙에 골드메탈스트랩 구매하려구여 너무 맘에 듭니다",5
20,애플워치,별점,"기계에 대해서 잘 알지도 못하고 욕심도 없는 편이지만, 아기 키우면서 집밖에서는 휴대폰 확인하기가 어렵고 유모차 끌면서 핸드폰 보기도 힘들었어요.
또 집에서는 아기앞에서 휴대폰을 자주 보게 되어 신경쓰였는데, 친구 추천으로 애플워치를 구입해봤습니다.
스마트워치에 대해 필요성이나 갖고싶은 마음을 가져본적이 없어서 적지 않은 금액을 지불해서 구입할 만큼 값어치가 있을까 구매전 고민했지만 남편에게 생일 기념으로 선물을 받아서 구입했습니다.
처음 써보는 스마트워치있는데, 없어도 상관없지만 있으면 삶의질이 더 향상되요!
아기 키우느라 집에만 있는데 필요할까 싶기도 하지만, 사용해본 결과 아기 키우면서 더 유용하게 사용하고 있습니다. 평소에 불편했던 아기와 외출시 또는 유모차 끌고 산책시에도 핸드폰을 쥐고다니지 않아도 되며, 집에서 아기와 시간을 보낼때도 핸드폰만 보고 있지 않아도 되니 ! 더 많은 활용을 하기 위해 무선이어폰도 구입하려구요 ㅋㅋ 배송도 빠르고 !",5
21,애플워치,별점,"애플워치를 사려고 고민한 지 어느덧 2년이 되었어요!
‘에이 스마트워치가 뭐가 필요할까...그냥 아날로그 시계쓰자’ 라는 마인드로 지나온 2년..! 물론 2년전에는 이만큼 더 성능이 좋아지지는 않았겠죠ㅎㅎ
하지만 이번에 정말 큰 각오하고 애플워치 SE 40mm를 구매하였습니다!
배송은 주문 후 하루만에 도착을 해버렸구요..! 굉장히 놀랐습니다!! 기능은 말해뭐해구용~ 😍
일하면서 휴대폰 보기 힘든 직업이다보니 정말 유용한 것 같아요! :)
구매하기 전 40mm와 44mm를 고민했었는데 저는 40mm도 굉장히 !ㅎㅎ
어떤 글을 보고 생각이 나서 저도 따라 적어봅니다..!
고민은 배송만 늦출 뿐..! ㅎㅎㅎ 구매를 조금이라도 생각하시는 분들은 구매하시는 게 좋을 듯 싶어요
저는 너무 행복합니다😁😁",5
22,애플워치,별점,"너무너무 좋아요 싸게 잘샀어요 ㅎㅎ 엄청나게 화려하고 다양한 어플들이 있지는 않지만 그래도 몇개 기능 괜찮은 앱을 추천하자면 물마시는 알림 어플 추천해요, 시간마다 물마시게 도와주고 이 기능을 통해 약도 더 꼬박꼬박 먹게됩니다. 또 하나는 시럽 어플 추천해요, 멤버쉽을 애플워치에서 띄워서 적립 가능한거 아주 좋습니다. 그리고 기본 어플인데 칼로리 소모량이 나오는 건강앱 추천해요. 폰은 안들고 다니면 건강량 체크가 좀 딸리는편인데 시계는 그냥 계속 차고다니니까 운동량 체크에도 좋습니다. 마지막으로 카메라 어플 좋아요...! 현재는 기본 카메라 앱만 연동되서 리모콘 기능이 되지만 앞으로 다른 카메라 어플도 분발해서 애플워치용 앱 내주면 좋겠네요. 그 외에도 전화통화를 애플워치로 해봤는데 재미있었어요 ㅋㅋ 카톡도 음성으로 대화입력 해봤는데 인식률이 굉장히 높은편이더라구요. 영어는 직접 써서 입력 가능한데 알파벳 특성상 가능한건지 몰라도 한글도 입력 가능하면 가끔 생기는 . 아니면 ㅋㅋ 으런거 입력할때 좋을듯합니다. 음성으로는 ㅋ자 입력 못하니까요~ 5일차 애플워치 유저였습니다.",5
23,애플워치,별점,"애플워치 구매하기 전에 잘 사용할 수 있을까? 생각이 들어 구매하기까지 시간이 오래걸렸는데, 그 고민의 시간이 무색할 정도로 너무 잘 사용하고 있어요:) 덕분에 하루하루도 더 건강하게 보낼 수 있고, 원래 시계를 차는 저한테는 좋은 시계가 되기도 합니다! 기분에 따라, 패션에 따라 스트랩도 바꿀 수 있어 아주 좋고요! 시계를 원래 잘 차고 다니시는 분들이라면 더욱더 추천드리고, 운동을 하시는 분들께도 정말 추천드려요:)",5
24,애플워치,별점,"너무너무너무 잘 사용중 입니다
사기전에 고민한 시간이 아까울 따름이지요
일단 아이들 케어하기 바쁜시간 시계보기도 편하고 그날그날 움직임을 체크하니 조금이라도 더 몸을 일으키게 되네요
직장에 다른 직원이 고민하고 있길래 고민하지말고 결제 하라고 했네요
빨리 사세요!",5
25,애플워치,별점,정말 많이 고민하다가 하이마트에서 싸게 구매가 가능해서 바로 결제 했어요. 워낙 가지고 싶던거라 도착하자마자 부랴부랴 언박싱 ㅎㅎ 배송도 너무 빠르고 너무 이뻐요ㅠㅠ 운동 열정이 벌써부터 쁨뿜입니다. 너무 이뻐요 잘쓸게요.,5
26,애플워치,별점,"가격 때문에 고민하다가 카드 할인 등이 조금더 괜찮을 때 저렴하게 샀어요.
체중감량 성공한 기념으로 스스로에게 준 선물인데 운동 및 건강관리에 최적화 되어 있습니다. 조금이라도 더 걷고 움직이게 동기부여가 되고, 아이폰이 있다면 자동잠김 해제 등 편리한 기능도 너무너무 많아요.
전화 못받는 경우도 많았는데 이게 있으니 문자나 전화등도 바로바로 확인 가능합니다.
이젠 애플워치 없는 삶으로는 못 돌아갈 것 같네요",5
27,애플워치,별점,"화요일 오전 11시에 결제하고 수요일 오후에 받았어요!
애플스토어에서 사전예약 구매하고 한달 가까이 기다려야했었는데, 칼배송 감사합니다 :)
제품 이상없이 왔어요! 조금 아쉬운건 제품에 비해 박스가 커서 이동중 쿵쿵했을것 같기도하지만, 취급주의 테이핑 해주셔서 무리는 없을 것 같습니다!",5
28,애플워치,별점,"사고 후회했어요.
진작 살껄 왜 이제 샀는지 후회되더라구요
사용하면서 짜증났어요
이렇게 편하고 잘 사용할꺼 왜 진즉 안사고 고민한 제 자신한테 짜증났어요
문득문득 화가났어요 살까말까 고민하던 과거의 제 자신한테 화가 났습니다.
고민하지 말고 사세요 ㅋ",5
29,애플워치,별점,"빠른 배송과 꼼꼼한 포장 만족합니다. 구매를 고민하고 또 고민하다가 결국 구입했어요. 아직 적응이 안돼 사용이 어렵긴하지만 적응하면 괜찮아지겠지싶어 계속 만지작 거리고 있어요.
손목이 가는편이라 40으로 샀는데 딱 적당하고, 골드랑 스그랑 고민하다가 많은 줄 색깔에 무난히 어울릴만한 스그로 선택했습니다. 막상 받아보니 색 정말 맘에 드네요ㅎㅎ후회없이 잘 사용하겠습니당!!",5
30,애플워치,별점,"어쩌다보니 벌써 여기서 두번째 선물하는 애플워치네요'◡'✿ 처음엔 남자친구 선물하고 너무 만족했는데, 이번엔 남동생 생일이라 보내줬는데 하루만에 도착할정도로 빠른배송 감사했습니당ㅎㅎ-!제품도 잘 받았고 만족한다고 연락받았네용ㅎㅎ,,정작 전 아직 애플워치가 없지만, 제 생일엔 저에게 선물하기 해보겠습니다-! 번창하세용ㅎㅎㅎ",5
31,애플워치,별점,"선물했는데 너무 예쁘고 운동할 때 정말 좋다고 더라구요ㅎㅎㅎ 저도 이번에 운동 시작하면서 하나 사려구요!
애플 제품은 공홈은 비싸고 다른 사이트는 아무래도 못미더워서 공식브랜드 스토어만 이용하고 있는데, 포장 배송 품질 다 너무 만족스럽습니다!
많이들 구매하세용~",5
32,애플워치,별점,"선물용으로 구매한 거라 뜯어보진 못했지만, 배송이 아주 두껍고 튼튼한 박스에 뾱뾱이로 안전하게 포장되어 와서 안심이 되었습니다.
택배 대란이라고 해서 배송이 늦을까봐 걱정했는데 주문한 다음 날 바로 받아 보았습니다~
스페이스 그레이 색상에 검은색 스포츠 밴드 조합이 아주 잘 어울리는 것 같아 만족합니다.",5
33,애플워치,별점,"그토록 가지고 싶었던 애플워치 SE
구입한 지 벌써 한 달이 넘었네요ㅎㅎ
처음엔 스마트워치가 되게 꺼려졌었는데 제가 일하는 곳에서는 휴대폰을 잘 못보다 보니까 되게 중요성을 많이 깨달았어요!!
제 호흡 수 등 운동까지 체크해주고, 노래 듣기나 카톡 알림 오는게 저한테는 너무 유용하네요
정말로 애플워치 사기 전에 고민하시는 분들이 많을 것 같은데요!! 고민은 배송만 늦춰질 뿐입니다ㅋㅋ
결국에는 사게 되실 거에요ㅎㅎ 저는 정말 씁니다ㅎㅎ 최고!!",5
34,애플워치,별점,"불량이 오면 어쩌지 했는데
다행스럽게도 모두 양품인 제품이 왔어요..
화면도 스트랩도 모두 정상입니다.
배송은 설 연휴에 시켜서
화요일 출발 목요일에 도착했습니다.
확실히 워치 하나 있으니까 편하긴 하네요...
심박수 체크 기능, 운동량 체크 기능이 너무 편합니다..
추천드립니다..",5
35,애플워치,별점,"애플워치를 처음 구매해서 사용중인데
회사업무특성상 전화가 자주 오다보니 못받는경우가 있을때 조금 문제가 생길 수 있는 것을 워치가 먼저 알려주다보니 정말 편한경우가 많습니다.
고장날경우 또 구매해서 사용할것 같습니다.",5
36,애플워치,별점,"잘받았어요!
배송은 이틀만이구요.
원래 공식사이트에서 사려다가
네이버 포인트도 주고
훨씬 빠른 배송날짜때문에 선택했어요.

애플케어도 이메일로 잘 도착했습니다.
원래 실버 사려다가 품절이 안 풀리더라구요 ㅠㅠ
그부분은 아쉽지만
생각보다 40이 작아보이는데
작아서 아담합니다
44는 또 너무 컸을듯 ^^ 해요",5
37,애플워치,별점,"살까말까 정말 고민하다가 구매했어요. 배송 정말 빠르고 상품 모두 양품입니다. 색상을 실버랑 스페이스그레이 둘 중 고민했는데, 손목이 가는 편이라 스페이스그레이가 더 잘 어울리는거 같아요. 그리고 뭔가 더 세련된 느낌도 있는거 같네요. 스페이스그레이로 하길 잘 한거 같아요. 운동할때 쓰려는 목적으로 샀는데 평소에도 잘 차고 다닐듯해요. 저렴하게 잘 구매했어요!! 아이폰사용하니 애플워치 정말 편하게 사용할 수 있어서 좋네요 :)",5
38,애플워치,별점,좋아죽겠어요 ㅋㅋㅋ 토요일에 주문하고 오늘(화) 받았어요. 배송은 생각했던 것 보다 빨랐구요. 실물은 말해 뭐해요~ 너무너무 이쁩니다~ 누군가 그랬어요.. 사야 낫는 병이라고.. 고민은 배송을 늦출뿐이었어요. 드디어 제 손목에도 애플 워치가... 흐흐흐........,5
39,애플워치,별점,"오프라인은 모두 품절이라 온라인으로 이곳저곳 알아보던중 ssg에서 좋은가격으로 올라와서 고민인하고 바로 주문했어요
너무 빨리 출고되서 깜짝 놀랐어요
주말만 안껴있었으? 더 빨리 받아볼수 있었을텐데...
그래도 안전하게 잘 배송되서 좋았어요~
확실히 워치가 있으니 훨씬 편리하네요
이제 연락오는거 놓치지 않고 지낼수 있을거 같아요~",5
40,애플워치,별점,살지 말지 보다 스그 실버 고민을 더 했던 애플워치병 소비로 극복. 시계 자체 기능으로도 만족스러워요. 꾹- 눌러 페이스 휙휙 바꾸는게 넘나 좋음. 워치보기 민망해서 운동좀 해야하는데 습- 후- 숨만 쉬고 있... 어차피 살거 얼른 사시란 의견입니다.,5
41,애플워치,별점,"실물 확인없이 주문한거라 혹시 이상있을까봐 걱정했는데 너무 완벽하네요 ㅎㅎ
화면도 깨끗히 잘나오고 흠집도 없는거 같네요~
배송도 예정보다 하루일찍 와서 감동~~ㅋ
알람이 워치에 올때마다 신기하네요 ㅎㅎ 구매 추천합니다!",5
42,애플워치,별점,생일선물로 남자친구가 주문해줬어요! 받자마자 설치하고 ~ 다음날 등산가서 하이킹 설정해서 다녀왔는데 편리하고 너무 좋아요!!! 배송도 엄청 빠르고 기분 좋네요 ^^ 아직 며칠안되서 뭐가 뭔지 잘 모르겠지만 지금까지는 좋아요! 감사합니다 잘쓸게요 ~,5
43,애플워치,별점,"흐아ㅏㅏ너무너무 예쁩니당ㅎㅎ
수요일 오후에 결제했더니 금요일 오전에 도착했어용ㅎㅎㅎ
배송도 빠르고 무사히 잘 도착했어요ㅎㅎ
운동하면서 쓰려고 샀는데 딱 좋네용 ㅎㅎ
배터리도 생각보다 더 오래가고 가볍구!
생각보다 제 손목에선 크네요~!",5
44,애플워치,별점,"배송도 빠르구요 진짜고민 많이 했는데
아직은 뭐 백퍼센트 활용 못하지만 허세템으로써 만족합니다 ㅋㅋㅋㅋ
시계 기능이랑 일할때 폰 못볼때 유용합니다 그리고 버스 알람 기능도 좋아요 승차 하차때 알람덕에 아침에 늦지않고",5
45,애플워치,별점,"가장 저렴허게 산거 같아요. 한달 정도 사용했어요. 뱌송도 바로 왔고 포장은 튼튼하게 안왔지만 하자 없고 ㅈㅎㅎ은 상품 이에요.
헌덜 썼는데 너무 좋아요. 줄질도 많이 했고. 중고살지 새거 살지 망설이다 새거 샀어요. 멍설이는 분들은 새거 구입하시는것도 좋다고 생각합니다",5
46,애플워치,별점,일단 배송이 빨라서 좋았고 SE 스그 40mm 재고 찾기가 힘들던데 재입고 되었길래 후다닥 주문했습니다! 가격도 비교적 저렴하게 사서 너무 만족해요! 스그 실버 고민하다 스그 샀는데 꽤 줄질하기도 괜찮은거 같고 편리하고 좋네요!,5
47,애플워치,별점,"갈까말까 할 때는 묻고 더블로 가고
먹을까말까 할 때는 먹고
살까말까 할 때는 사라고 그랬습니다.
왜 고민했지 쓰레기같은 고민이었구나 싶네요.
6도 나왔지만 SE로 선택

고민은 배송만 늦출뿐. 사세요!다음달의 내가 어떻게든 하겠죠..",5
48,애플워치,별점,방금 받았어요 딸램이 아직 안와서 개봉전인데 배송이 너무 느려 속끓였어요~~(알바비 모아 큰맘먹고 딸아?ㆍ 산건데...애 애간장 다 녹았을꺼에요)8일에 주문해서 15일에 받다니... 오늘도 못받는줄알았네요 ㅜㅜ맘 상했습니다...,5
49,애플워치,별점,제조일자 최근이고 발열이슈 있던 시리얼넘버가 왔지만 며칠 사용해본 결과 이상없습니다! 포장 꼼꼼히 해주셨고 제품 잘 쓰고 있습니다~ 다만 배송시작은 빨랐는데 롯데택배 물량증가로 많이 지연됐습니다. 애타게 받아서 더 기뻤네요.,5
50,애플워치,별점,"배송이 느리고 판매자와 소통이 어려워요

평균 배송일이 2일인데 4일 걸렸어요

월요일에 코엑스에서 보낸 물품이
이틀동안 계속 멈춰있다가 목요일에 왔구요

이 기간동안 배송문의 계속 올라와도 답변이 없었고
물건 받고 나니 답변이 올라와 있네요

배송이 늦더라도 왜 늦는지 답이라도 해주셨으면",5
51,애플워치,별점,친구 생일 선물으로 사줬어요~,5
52,애플워치,별점,쾌속 배송과 좋은 품질에 반했습니다.,5
53,애플워치,별점,"우선 다른곳과 비교시 가격이 저렴합니다.
배송도 빠르고 하이마트라 믿을수 있습니다.
색상은 역시 블랙이 좋네요 선택에 후회 없습니다",5
54,애플워치,별점,"마스크 쓰고 잠금해제 되는 것 때문에 샀는데
막상 써보니 운동을 열심히 하게 만들어주네요

덕분에 건강을 회복하고 있습니다
돈 쓴 보람 있네요",5
55,애플워치,별점,"목요일 구매해서 금요일에 받았습니다!
배송 진짜 빨라요ㅠㅠㅠ덕분에 좀 더 빠르게 행복해졌어용!!! 불량 없이 정상 제품으로 포장 틈튼하게 왔어용!!",5
56,애플워치,별점,배송 엄청 빠르게 잘 왔어요!!,5
57,애플워치,별점,다른 사이트는 직구여서 불안했는데 여긴 공식이라 마음 편하게 살 수 있었어욥 배송도 빠르고 깨진곳 없이 잘 받았습니다 사이즈도 보통 여성분들은 40mm하면 딱 좋을거같아요 ~~ 기본으로 오는 고무밴드도 생각보다 예쁘네용,5
58,애플워치,별점,"생각했던 것 보다 많은 기능들을 사용할 수 있어 편리합니다.
유용하게 잘 쓰겠습니다!",5
59,애플워치,별점,"아내 선물 구매했는데,
일단 배송이 빠르고, 네이버멤버쉽 적립을 받으니
그만큼 싸게 산 느낌이네요
제품도 아무 문제 없이 좋네요",5
60,애플워치,별점,"배송도 무척 빨랐고, 정상작동해서 너무 좋습니다 ㅎㅎ",5
61,애플워치,별점,올블랙이라 때 안타서 좋네요 ㅋㅋ 보호필름은 똥손이라 그런지 넘나 붙이기 힘든 것.. 기포는 어쩔 수 없나 ㅠㅠ 여튼 애플 워치 잘 쓸게욤 일할 때 유용할 듯 ㅋㅋ,5
62,애플워치,별점,"아 너무 좋음 ㅋㅋ마스크
착용한 상태에서 열리는것도 은근 삶의 질 올라가고 ㅋㅋ 운동때문에 산건데 오늘부터 달려보렵니다 ㅇ~",5
63,애플워치,별점,와이프가 사용하던 가민워치 고장으로 새로 선물해 드렸는데 너무 좋아합니다. 저까지 기분 좋은 하루가 되었습니다. 감사합니다. =),5
64,애플워치,별점,"기다리고 기다리던 애플워치
오자마자 뜯어서 설정하고
역시는 역시나",5
65,애플워치,별점,"시계도 잘 가고, 당나귀도 잘 가고, 덕분에 심심할 틈 없이 제 시간도 잘 가네요ㅎㅎ",5
66,애플워치,별점,배송이 빨리 와서 좋았어요! 살까 말까 고민 했었는데 잘산것 같아요! 무엇보다 기부니가 좋거든요^^,5
67,애플워치,별점,배송도 빠르고 상품도 좋아요! 아직 애플워치알못이라 사용법 잘 모르는데 잘 싸볼게여 예뻐요ㅠ,5
68,애플워치,별점,"배송이 일단 정말 빠르구요, 택배 포장이 예술적입니다ㅎㅎㅎㅎ",5
69,애플워치,별점,"ㅋㅋㅋ일단 애플워치차고 있을 때, 마스크 벗지 않고도 아이폰 잠금해제되는 기능이 너무너무 편해요 진짜ㅠㅋㅋ
그리고 카카오톡 답장 기능도 너무 편하고 좋아요! 음성인식도 잘되고 좋습니당~~!!!",5
70,애플워치,별점,그냥 너무너무너무 예쁘고 편하고 좋아요 역시 스그🖤,5
71,애플워치,별점,"신세계에요 왜 이제샀지? 고민은 배송만 늦출뿐...
여자는 딱 40mm가 적당한거같아영!!
착용감도 좋고 굿굿 좋아용^.^",5
72,애플워치,별점,갑자기 사고 싶어서 급 주문 했는데 다음 날 받았습니다 ㅎㅎ 품질이야 당연 좋고 카드 할인 받으니 여기가 저렴 했어요.,5
73,애플워치,별점,역시 예뻐요….. 스그는 시크하고 실버는 통통튀니 귀엽더라구요 ㅜㅜ 다들 취향껏 사면 될것같아요!!,5
74,애플워치,별점,빠른 배송과 오류없는 제품이라 만족합니다. 오늘 하루죙일 기분 좋았네요 ㅋㅋㅋ,5
75,애플워치,별점,저렴하게 구매했어용 잘 쓰고 있어요,5
76,애플워치,별점,아직 사용전이지만 기대가됩니다,5
77,애플워치,별점,배송 하루만에 온거 너무 좋아요,5
78,애플워치,별점,애플워치 이쁘고 만족해요~,5
79,애플워치,별점,빠른배송 좋은가격!!!,5
80,애플워치,별점,"배송진짜 빨랐고 너어무 예뻐요ㅠㅠ
44mm랑 엄청 고민했는데
살짝 작은 느낌이지만 괜찮아요~",5
81,애플워치,별점,상품 배송 역시 믿고보는 롯데온!!! 다른곳보다 할인도 많이 되서 저렴한 가격에 구매한것 같습니닷!! 양품도 왓구여~~^^,5
82,애플워치,별점,"^^배송도 굿
상품도 너무 좋아요 ㅋㅋ",5
83,애플워치,별점,"스그샀지만 가끔 범퍼끼우면 실버같기도 한게 너무 이뻐요
삶의 질 확 상승할듯요",5
84,애플워치,별점,아들이 밖에서도 전화받고 문자보내고 넘좋아해요,5
85,애플워치,별점,선물로 구입했는데 너무 만족스러워 하네요,5
86,애플워치,별점,배송도 빠르고 잘도착했어요^^너무 이뻐요~~,5
87,애플워치,별점,배송은 엄청 빠르진 않았지만 불량인 부분도 없었고 무엇보다도 공홈에서 사는 것 보다 싸고 공홈에서 배송오는 것보다 빨라서 좋았어요!,5
88,애플워치,별점,너무 예쁩니다 배송도 빠르고 좋아요,5
89,애플워치,별점,배송이 엄청 빨랐습니다 좋아요!!,5
90,애플워치,별점,공식 스토어라 안심가고 좋아요,5
91,애플워치,별점,배송빠르고 상품 문제없습니다,5
92,애플워치,별점,기스 때문에 교환했는데 또 기스가 있네요 운이 없나 봅니다 그래도 빠른 일처리로 도와주셔서 좋았습니다 예쁘게 잘 쓰겠습니다 ~!,5
93,애플워치,별점,"배송 하루만에 왔어요~
제품도 이번달에 제조된 따끈따끈한 제품이네요ㅎ
만족합니다~!",5
94,애플워치,별점,배송도 빠르고 후기에 기스난게 가끔 있던데 말끔하네요^^ 감사합니다,5
95,애플워치,별점,너무이쁘고 선물로줬는데 너무 좋아해요~,5
96,애플워치,별점,예전부터 너무 갖고싶었던 제품 스트랩이 불량이어서 근처 공인센터에 가서 수리 맡겼는데 이거빼고는 완벽,5
97,애플워치,별점,살까말까 고민하다가 재고 겨우 뜬거보고 구매했습니다 무엇보다 배송 너무 빨라요 월욜 오전에 결제했는데 바로 다음날 배송왔어요 다른 사이트는 몇만원 더 받고 그러던데 여기는 공식몰이라 정가에 파네요! 만족합니다,5
98,애플워치,별점,"사이즈도 컬러도 너무 만족스러워요:)
다양한 기능 잘 활용해서 잘 써야겠어요💗
스그는 진리🧡",5
99,애플워치,별점,배송도 이틀 만에 오고 상품 상태도 좋았어요~,5
100,애플워치,별점,"와 배송이 미쳤어요!!!
주문하고 거즘 바로 발송해주심
애플워치는 사랑입니당💓",5
101,애플워치,별점,받자마자 줄갈다가 뒷면 줄끼는곳 양쪽다 기스낫지롱여 ㅎㅎ,5
102,애플워치,별점,좋네요. 배송이 이렇게 빠를줄은 몰랏어요,5
103,애플워치,별점,빠르고 좋습니다 ㅎㅎ많이파세영,5
104,애플워치,별점,좋네요 진작에 살 걸 그랬습니다,5
105,애플워치,별점,너무 만족합니다 잘쓰고있어용,5
106,애플워치,별점,잘받았습니다 빠른배송 고맙습니다~,5
107,애플워치,별점,"말해 뭐해요. 애플이고 와치입니다💙
진짜 온 사이트 다 품절인데 네이버에서 살아남아 이버 포인트 짱짱 카드 혜택 받아서 3마넌 가량 그래도 혜택 받았어요🙋🏻‍♀️

문제없이 잘 동작합니다!🙆🏼‍♀️",5
108,애플워치,별점,"제 의지로는 못하겠어서 애플워치 도움 받으려고 샀어요
이제 영양제도 챙겨먹고 운동도 하고 물도 많이 마시게 되네요 ㅎㅎ",5
109,애플워치,별점,보자마자 반해서 바로 샀어요 ㅠ 배송 완전 빠르고 할인도 받아서 저렴하게 잘 산듯요!!,5
110,애플워치,별점,빠른 배송 및 좋은 상품 감사합니다.,5
111,애플워치,별점,빠른 배송 감사합니다!,5
112,애플워치,별점,역시 너무 이뻐요~ 엄청 고민하다가 결국 구매.. 잘 사용해야할텐데.. ^^,5
113,애플워치,별점,역시 블랙이 멋 그 자체다;; 배송도 빠르고 안전하게 잘 도착했어요,5
114,애플워치,별점,제조년월도 4월이고 너무 이쁘네요 역시 믿고쓰는 정품 감사합니다,5
115,애플워치,별점,사촌동생 선물 사줬어용 배송 빠르고 제품 이상없습니다아,5
116,애플워치,별점,검정이 두루두루 무난해요,5
117,애플워치,별점,배송이 하루만에 와요👍🏻 저렴하게 잘 샀습니다,5
118,애플워치,별점,배송도 빠르고 타 사이트보다 저렴하게 구매했어요!,5
119,애플워치,별점,여자친구한테 선물로 사줬는데 너무 만족해합니다.,5
120,애플워치,별점,빠른 배송 감사합니다 사과 또 추가 했네요 ㅋㅋ,5
121,애플워치,별점,동생 선물로 사줬는데 만족해하네요,5
122,애플워치,별점,믿고쓰는 애플워치 넘 맘에 들오요,5
123,애플워치,별점,선물해줫는데 정말 좋아하네요,5
124,애플워치,별점,친구에게 선물용으로 좋습니다,5
125,애플워치,별점,할인 받을 수 있어 좋아요!,5
126,애플워치,별점,"말해모해.. 행복핮니다,,",5
127,애플워치,별점,배송빠르고 아주 좋네요,5
128,애플워치,별점,좋아요 잘쓰겠습니다,5
129,애플워치,별점,좋습니다! 예뻐요!!,5
130,애플워치,별점,잘받았어요 굿굿!!,5
131,애플워치,별점,고맙습니다 ~! 고맙습니다 ~!,5
132,애플워치,별점,"배송 하루만에 와서 좋았어요
생각보다 작은데 팔에끼면 크네여 ㅋㅋ",5
133,애플워치,별점,처음 제품받고 사용하다가 전원선이 불량이여서 문의하고 빠르게 대응해주어서 너무 좋았습니다! 제품도 좋지만 회사의 대응에 서비스적으로 너무 만족합니다~! 번창하세요!!,5
134,애플워치,별점,애플워치3 쓰다가 SE로 바꿨는데 38mm와 40mm도 은근 차이가 있네요. 어차피 애플은 할인이 거의 없어서 카드할인받아 사니 좋구 사이즈도 맘에듭니다~,5
135,애플워치,별점,"물류배송화재로1주일걸려서받았는데
와이프선물로사주고 늦은만큼 너무좋아하네요",5
136,애플워치,별점,왜 이제 샀지..덕분에 아주 +되는 삶을 살아요 줄질할겁니다. 배송 빠르고 좋네요,5
137,애플워치,별점,딸한테 선물받았어요..가볍고 착용감도 좋고..참 좋은 제품이네요😊,5
138,애플워치,별점,배송이 파업때문에 느렸지만 받고나니깐 너무 좋네요 ~,5
139,애플워치,별점,배송빠르고 안전하게 잘 도착했습니다~잘 작동해요!,5
140,애플워치,별점,"애플워치 있으니깐 좋아요
알림 바로바로 볼 수 있고
단점은 폰이랑 같이 있어야 알림 확인이 가능한 거 정도?",5
141,애플워치,별점,와이프선물해줬습니다. 빨리와서 좋네요,5
142,애플워치,별점,애플워치 고민만 수개월 하다가 구매했는데 고민필요없숩니다... 꼬민보다 꼬!,5
143,애플워치,별점,선물로 샀는데 매우 만족합니다 :),5
144,애플워치,별점,배송도 빠르고 다른곳 보다 싸요!,5
145,애플워치,별점,너무너무 좋습니다ㅠㅠ 고민은 배송만 늦출뿐!!!,5
146,애플워치,별점,역시 애플께 마감이 좋은 듯..,5
147,애플워치,별점,배송도 빠르고 넘 좋네용,5
148,애플워치,별점,갖고 싶었던 거라 좋아요,5
149,애플워치,별점,"배송이 살짝! 늦어진것 같지만 그래도 주문 후 바로 발송해주시고 배송이 늦어진건 택배사의 문제인것 같아요ㅠㅠ
파손 없이 꼼꼼하게 포장되어 왔어요",5
150,애플워치,별점,딘짜 너무너무 좋아요,5
151,애플워치,별점,애플 공식 홈페이지라 믿을수 있었고 알차게 잘 쓰고 있습니다 애플사이트보다 뭔가 사기 편리 했습니다,5
152,애플워치,별점,좋아요 완전 칼배송 진짜 잘쓰고있어요 근데 스트랩은 불량이라서 as 받으러 가야돼요 ㅠㅠ,5
153,애플워치,별점,고민하다가 드디어 구입했는데 고민은 시간만 늦출뿐 카드할인받아서 저렴하게 구입했어요!!,5
154,애플워치,별점,여전히 너무 잘 사용하고 있습니다. 만족합니다,5
155,애플워치,별점,배송도 빠르고 포장이 너무 잘되 왔네요 감사합니다 ^^,5
156,애플워치,별점,"일할때핸드폰사용하는거눈치보이는데
워치가있으니편해요ㅋㅋ
올블랙깔끔해서이쁩니다",5
157,애플워치,별점,배송빠르고 싸게샀어요 ㅎㅎ,5
158,애플워치,별점,넘 편하고 좋습니다 배송도 빨랐어요 스그 예뻐요,5
159,애플워치,별점,너무너무 좋아요🧡💛🧡💛,5
160,애플워치,별점,포장 잘 되어서 왔어요,5
161,애플워치,별점,감사합니다 좋아요 감사합니다,5
162,애플워치,별점,배송 진짜 빠르네용 ㅎㅎ 스그 파워 영롱,5
163,애플워치,별점,"배송도 빠르구요(결제 다음날발송,발송 다음날 도착) , 제품도 매우 만족합니당",5
164,애플워치,별점,"차보니 남자손목이 얇아도 44로 가야겠네요
선목이 얇은편이라 40했는데 44랑 비교하니 작아보입니다..",5
165,애플워치,별점,살까말까 오랫동안 고민하다 질렀는데 좋네요,5
166,애플워치,별점,대중교통 이용하는데 너무 편리하네요! 카톡 음성인식도 너무 잘되서 일하면서 카톡보내기 편해요~~,5
167,애플워치,별점,배송도 빠르고 물건도 잘 왔어요!,5
168,애플워치,별점,여전히 잘쓰고있네요^^,5
169,애플워치,별점,사야 나아지는 병!!,5
170,애플워치,별점,배송도 빠르고 카드할인 으로 저렴하게 샀습니다 강추합니다,5
171,애플워치,별점,"평소 갖고싶었는데 여기가 제일 저렴하고 카드할인도 돼서 바로 주문했어요
배송도 하루만에 바로 와서 너무 만족합니다
잘 쓸게요🥰",5
172,애플워치,별점,"대학입학한 조카 선물로 보내줫어요
원하는거 받아서 넘 좋아합니다
배송도 바로가고 선물하기로 주문하니 편하네요",5
173,애플워치,별점,"공휴일 껴있는데도 배송도 꽤 빠르고
제품도 뽁뽁이에 잘 왔어요!",5
174,애플워치,별점,기본형으로 스페이스 그레이 블랙 스포츠 밴드 좋습니다. 액정케이스나 줄이 많이 판매되어서 다양하게 사용할 수 있을 것 같습니다.,5
175,애플워치,별점,배송도 빠르고 안전하게 왔네요 좋아요,5
176,애플워치,별점,"빠른배송잘받았습니다.
잘사용할게요~",5
177,애플워치,별점,배송 하루만에 왔고 21년 5월 제조된 따끈따끈한 제품으로 왔어요 너무 좋아요!!,5
178,애플워치,별점,너무 좋아요. 잘사용항깨용.,5
179,애플워치,별점,좋아요 ~ 잘쓸께요,5
180,애플워치,별점,일단 배송 엄청 빠르고 네이버페이 적립도 되고 여러모로 좋네요 아직 사용하는 게 좀 미숙한데 적응되면 편할 거 같아여,5
181,애플워치,별점,"고민하다가 샀는데 잘 산거같아요!
애플워치와 함께 스레기같은 삶을 청산해보도록 노력해야겠네요~",5
182,애플워치,별점,항상 애플워치은 여기서만 구입합니다 네이버페이 적립받으면 가장저렴한것같습이다,5
183,애플워치,별점,"진짜 너무조아용....
애플워치 드디어샀다ㅠㅠ
날 앱등이라 불러두 행복해용",5
184,애플워치,별점,"사려는 옵션이 공홈과 동일한 조건에서 더 저렴해서 구입했습니다
배송 안전하게 왔고 작동도 잘 됩니다",5
185,애플워치,별점,스마트워치 필요했고 고심끝에 결정했는데 역시 좋아요~,5
186,애플워치,별점,"무지 싸게 산듯해요.
카드사할인에 포인트 적립",5
187,애플워치,별점,좋라요 기대한것과 같아요 배송빨라서좋음,5
188,애플워치,별점,가격도 좋고 배송도 빠릅니다 잘쓸게요,5
189,애플워치,별점,"너므 좋아요~
괜히 고민했어요~
실버랑 고민했는데 안하길 잘했어요ㅎㅎ",5
190,애플워치,별점,깔끔한 디자인과 기능에 만족합니다.,5
191,애플워치,별점,만족합니다. 예쁘고 작동도 잘 돼요,5
192,애플워치,별점,애플워치 5퍼할인 감사합니다,5
193,애플워치,별점,좋습니다! 배송도 빨라용,5
194,애플워치,별점,사용 1주일 됐어요. 여러가지 유용하게 쓸 수 있어서 좋아요. 커버없이 써도 아직 긁힘 없고 만족합니다ㅎㅎ,5
195,애플워치,별점,"애플워치가 없으면 완전 허전할 정도로 너무 잘 사용하고 있어용
조금 더 저렴하게 잘 산거 같아요",5
196,애플워치,별점,사이즈도 좋고 편하고 다 좋아여 근데 좀 무게가 나가네요,5
197,애플워치,별점,배송 진짜 빨라요!! 저렴하게 잘구매했습니다!!,5
198,애플워치,별점,배송도 빠르고 포장도 꼼꼼하고 좋아요 ㅎ,5
199,애플워치,별점,배송도 빠르고 물건도 아주 만족합니다.,5
200,애플워치,별점,배송이 빠르고 좋네요. 잘 받았습니다,5
201,애플워치,별점,발송은 진짜 빠른데 배송이 느려서 아쉬워요ㅠㅠ 워치는 깨끗하고 이뻐요 ㅎㅎㅎ,5
202,애플워치,별점,최근 치제조일로 왔어요,5
203,애플워치,별점,업데이트로 필요성증대,5
204,애플워치,별점,너무 이쁘네요 좋아요,5
205,애플워치,별점,"배송은 한 이틀만에 오고 바로 착용했습니다
친구랑 같이 사서 같이 이거저거 할수있는게 꽤있어서
좋고 문자나 카톡 바로바로확인할수맀어서 좋습니다",5
206,애플워치,별점,너무너무너무 만족하면서 사용하고 있어요.,5
207,애플워치,별점,"아주 빠르게 잘 받았습니다.
너무 감사드립니다~!",5
208,애플워치,별점,한 달 리뷰를 벌써 쓰다니~ 일단 너무너무 좋아요. 요새 더워서 운동하러 못 나갔는데 집에서도 열심히 차고 댕깁다. 오랜만에 줄질 좀 해야겠어요. ㅋㅋㅋ,5
209,애플워치,별점,"배송 주문바로 다음날 왔구요!!
양품이 왓네용ㅎㅎㅎ 아주 잘쓰고잇어요",5
210,애플워치,별점,너무 이쁘고 잘 구입했습니다 배송도 빨리와서 아주 맘에 들어요 잘쓸께요,5
211,애플워치,별점,너무예뻐욤 ♥ 2-3일정도 사용했는데 좋아요~ 완전 추천합니다!,5
212,애플워치,별점,좋아요! 배송도 빠르고 적립금도 받고 만족합니다!,5
213,애플워치,별점,배송빠르고 안전하게 잘 받았습니다 너무 이뻐요~,5
214,애플워치,별점,전 날 오전에 주문해서 하루만에 잘 받았습니다^^,5
215,애플워치,별점,"고민은 배송만 늦출뿐
너무 좋아요!!!! 추천합니다",5
216,애플워치,별점,"배송도 빠르고 잘 받았습니다.
잘 사용할게요.",5
217,애플워치,별점,배송빠르고 좋아요. 할인을 많이 해주세요^^,5
218,애플워치,별점,자녀에게 선물해주었는데 너무좋아하네요.,5
219,애플워치,별점,선물로 구입했는데 잘쓰는것 같아 좋아요~,5
220,애플워치,별점,너무 마음에 듭니다 배송도 엄청 빨라요~애플케어도 저렴하게 등록해서 좋습니다!,5
221,애플워치,별점,"흠.. 생각보다 제기준으로 쓸데없는 기능이 좀 있다는점,,, 이있네요.. ㅎㅎ 그래도 잘 써볼게요 쓸수록 단점이 많이 보일듯 하지만,, 그래도 알림이 바로바로뜨는게 보여서 좋습니다! ^^",5
222,애플워치,별점,빠른배송 그리고 깔끔하게 배송되었습니다. 상품 잘 받았습니다!!!,5
223,애플워치,별점,진짜 배송도 빠르고 확실하게 받아서 좋았어요 ! 워치병 이제 고쳤습니다 ㅠㅠ 실버 할까 스그할까 고민 많았는데 저에겐 스그가 정답이였습니다..,5
224,애플워치,별점,여자친구 선물로 줬는데 엄청좋아하네요ㅎ 디자인이 예뻐서 저도 사고싶은데 갤럭시폰 쓰는지라 ㅠㅠ,5
225,애플워치,별점,"재입고 된거 보고 바로 구매했어요.
배송 빠르게 잘 받았고 받자마자 바로 사용중입니다.",5
226,애플워치,별점,넘 마음에들어요 잘 샀어요 저렴하게,5
227,애플워치,별점,배송도 빠르고 만족합니다ㆍ,5
228,애플워치,별점,가격도 다른곳에 비해서 할인 까지 받아서 저렴하게 사서 만족 하고 있어요!!!,5
229,애플워치,별점,선물하려고 사놓은거라 개봉은 하지 않았지만 공식몰이니 믿고 거래합니다,5
230,애플워치,별점,처음으로 온라인으로 전자제품 구매했는데 너무편하고 좋았어요~ 선물로 싸게 구입할수 있었습니다~,5
231,애플워치,별점,너무 좋아요!!! 없으면 불편할정도!! 여자친구선물로 최고네요,5
232,애플워치,별점,배송도 엄청 빠르고 만족합니다 스그가 젤 예쁜 것 같아용!!,5
233,애플워치,별점,"동생 생일선물로 주문했어요 배송도 빠르고 상품도 좋아요
동생이 기뻐해서 저도 즐겁네요",5
234,애플워치,별점,애플워치3을 기존에 쓰다가 se도 구매했습니다. 이뻐요 ~,5
235,애플워치,별점,디자인이쁩니다.. 다른기능은 잘사용하지못하고있네요,5
236,애플워치,별점,너무너무너무 조아요,5
237,애플워치,별점,"선물로 구매했는데
받는 친구가 만족해서 좋았습니다.",5
238,애플워치,별점,선물로 사줬는데 좋아하네요 배송도 빠르게 잘왔어요,5
239,애플워치,별점,"동생 선물용으로 구매했습니다
배송 빠르고 좋았어요.",5
240,애플워치,별점,"선물로 구매한 제품
정품등록하고 사용 잘된다네요",5
