,type,category,review,star
1,ì•„ì´í°12,ë³„ì ,"ì´ëŸ° ì‚¬ì´íŠ¸ ì²¨ë³´ë„¤ìš”~~ ê³µì‹ ì‚¬ì´íŠ¸ë¼ê³  í•´ë†“ê³  ì œí’ˆ ë¶ˆëŸ‰ì´ë¼ê³  í•˜ë‹ˆê¹Œ ê·¸ê²ƒì€ ì• í”Œ ìž˜ëª»ì´ë‹¤ ìžê¸°ë„¤ ìž˜ëª»ì´?ì•„ë‹ˆë‹¤ ë¼ê³  í•˜ë„¤ìš”ã…‹ã…‹ã…‹ ê·¸ëŸ¬ë©´ì„œ ìžê¸°ë“¤ì€ í•´ê²°í•´ ì¤„ ìˆ˜ ì—†ë‹¤ í–ê³  ì „í™”ëŠê² ë‹¤ê³  í•œ í›„ ê³ ê° ë§ì€ ë” ë“¤ì–´ë³´ì§€ ì•Šì€ ì±„ ì „í™”ë¥¼ ë‘‘ ëŠë„¹ã…Žã…Ž ì´ëŸ° ìƒë‹´ì´ ë§ì´ ë˜ëŠ”ê±´ê°€ìš”?? ë„ˆë¬´ ë¬´ë¡€í•˜ê³  ê¸°ë¶„ì´ ë‚˜ì˜ë„¤ìš” ìƒë‹´ì‚¬ ë¶„ë“¤ê³¼ ì „í™”í• ë•Œ ìƒë‹´ì‚¬ ë³´í˜¸ë¥¼ ìœ„í•´ ë…¹ìŒí•œë‹¤ê³  í•˜ìžë‚˜ìš”, ê·¼ë° ê·¸ëŸ¬ë©´ ê³ ê°ë³´í˜¸ëŠ” ì•ˆí•´ì£¼ì‹œë‚˜ìš”? ê³ ê°í•œí…Œ ì´ë ‡ê²Œ ì‹¸ê°€ì§€ ì—†ê²Œ ëŒ€ì‘í•˜ì‹œë©´ì„œ ìž¥ì‚¬í•˜ì…”ë„ë˜ë‚˜ìš”..? ì•„ë¬´ë¦¬ ê³µì‹ì‚¬ì´íŠ¸ ì•„ë‹ˆê³  ì¤‘ê°„ì—…ì²´ë¼ê³  í•˜ì§€ë§Œ ë„ˆë¬´ ë¬´ë¡€í•˜ê¸° ì§ì´ì—†ë„¤ìš”. í•œë‘í‘¼ ì•„ë¼ë ¤ê³  ìš”ê¸°ì„œ êµ¬ë§¤í–ˆë‹¤ê°€ ìŠ¤íŠ¸ë ˆìŠ¤ë§Œ ë” ë°›ì€ ê²ƒ ê°™ì•„ìš”",1
2,ì•„ì´í°12,ë³„ì ,í•¸ë“œí°ì€ ë§í• ê²ƒ ì—†ì´ ì¢‹ì§€ë§Œ ë°°ì†¡ì´ ì •ë§..116ë§Œì›ì§œë¦¬ í•¸ë“œí° ë°°ì†¡ì´ ë„ˆë¬´ í—ˆìˆ í•´ìš”. ë°°ì†¡ì „ì— ì—°ë½ë‹¬ë¼ê³  í–ˆëŠ”ë° ì—°ë½ì€ ì»¤ë…• ë¬¸ì•žì— ëœë  ë†“ê³  ê°€ì…¨ë„¤ìš” ì²œë§Œë‹¤í–‰ìœ¼ë¡œ ë¶„ì‹¤ì€ ì—†ì—ˆì§€ë§Œ ë¶„ì‹¤í–ˆë‹¤ ëˆ„ê°€ ì±…ìž„ì ¸ì£¼ì‹œì£ ? ë‹¤ì‹œëŠ” ì˜¨ë¼ì¸ êµ¬ë§¤ëŠ” í•˜ì§€ ì•Šì„ ìƒê°ìž…ë‹ˆë‹¤,1
3,ì•„ì´í°12,ë³„ì ,í™”ë©´ ê¹œë¹¡ìž„ìœ¼ë¡œ êµí™˜ì„ ìš”ì²­í–ˆìœ¼ë‚˜ ì„œë¹„ìŠ¤ì„¼í„°ì— ê°€ì•¼í•œë‹¤ê³  ì—°ê²°í•´ì¤Œ. ì„œë¹„ìŠ¤ì„¼í„° ì „í™”í–ˆì§€ë§Œ í°í„°ì¹˜ê°€ ìž˜ ì¸ë¨. ì„œë¹„ìŠ¤ì„¼í„°ì—ì„œëŠ” ì†Œí”„íŠ¸ì›¨ì–´ ì—…ë°ì´íŠ¸í•˜ë©´ ì¢‹ì•„ì§„ë‹¤ê³  í•¨. ë³¸ì‚¬ì—ì„œ ê³ ë¯¼ì¤‘ì´ë¼ëŠ”ë° ë„‰ë‹¬ ë„˜ê²Œ ê³ ë¯¼ë§Œ í•œë‹¤ëŠ”ê±´ í•´ê²° ì˜ì§€ ì—†ëŠ”ê²ƒ ì•„ë‹ê¹Œ. ì„œë¹„ìŠ¤ì„¼í„° ë‹¤ë…€ì˜¨ í›„ì— ìž¬ì„¤ì •í•˜ëŠë¼ ê³ ìƒì¤‘. ì–´ì©” ìˆ˜ ì—†ì´ ì•„ì´í° ì¨ì•¼í•˜ëŠ” ìž…ìž¥ì—ì„œ ë‹µë‹µí•  ë¿.,1
4,ì•„ì´í°12,ë³„ì ,ì•„ì´í°12 ì“¸ë§Œí•˜ë„¤ìš”,1
5,ì•„ì´í°12,ë³„ì ,"ì´ê±°ë•Œë¬¸ì—ì„œë¹„ìŠ¤ì„¼íƒ€ë„ê°€ê³  . í° ëŒ€ë¦¬ì ë„ê°€ê³ ì–µì§€ë¡œë“±ë¡. ì—˜ì§€ëŠ” ëŒ€ë¦¬ì ê°€ì„œ ë“±ë¡í•´ì•¼í•˜ê³ 
í° ë„£ë‹¤ê°€ ë»—ì–´ì„œì„œë¹„ìŠ¤ì„¼íƒ€ë„ê°€ê³  ë¬¼ê±´ë°›ê³ 3ì¼ë§Œì—ê°œí†µ íž˜ë“¤ê²Œ ê²¨ìš°ì˜¤ëŠ˜ í•´ì™¸ë– ë‚œë“¯ìš” ê±°ê¸°ì„œì•ˆë»—ì–´ì•¼í•˜ëŠ”ë°ã…œ",1
6,ì•„ì´í°12,ë³„ì ,"ì—¬ê¸´ ê³µí™ˆì´ ì•„ë‹™ë‹ˆë‹¤. ë¶ˆëŸ‰ì‹œ í° êµí™˜ íž˜ë“¤ì–´ìš”. í° ë¶ˆëŸ‰ ë‹¹ì²¨ ã…œã…œ ê±°ê¸°ë‹¤ í°ì¼€ì´ìŠ¤ ì•„ì£¼ ëª»ì“°ê² ë„¤ìš”. ì´ë¯¸ ê¸°ìŠ¤ë‚œì²´ë¡œ ì™”ê³ , ì†í†±ìœ¼ë¡œ ì‚´ì§ë§Œ ê¸ì–´ë„ ê¸°ìŠ¤ íŒíŒ ë‚©ë‹ˆë‹¤. ì•¡ì •í•„ë¦„ë„ ë¶ˆëŸ‰, ê¸°í¬ ìžˆì–´ìš”.",1
7,ì•„ì´í°12,ë³„ì ,í™”ë©´ì´ ë…¸ëž˜ì„œ ê¹œì§ë†€ëžì–´ìš” ì™œ ì´ë ‡ê²Œëœê±´ì§€ ã…œã…œã…œ ì¹´ë©”ë¼ë§Œì¢‹ì•„ì¡‹ì–´ìš” ì†ë„ë„ê·¸ë‹¥,1
8,ì•„ì´í°12,ë³„ì ,ì²˜ìŒ ë°›ì€ í•¸ë“œí°ì— ì´ìƒì´ ìžˆì–´ ì„¼í„°ê°€ì„œ êµí™˜ë°›ì•˜ìŠµë‹ˆë”,1
1,ì•„ì´í°12,ë³„ì ,ê°¤ëŸ­ì‹œë§Œ ì“°ë‹¤ê°€ ì•„ì´í°ì€ ì²˜ìŒ êµ¬ë§¤í•©ë‹ˆë‹¤. ì§€ê¸ˆ 3ì¼ì§¸ move to ios ì–´í”Œë¡œ ë°ì´í„° ì „ì†¡ì„ ì‹œë„ì¤‘ì¸ë° ê³„ì†í•´ì„œ ì˜¤ë¥˜ê°€ ë‚˜ê³  ì „ì†¡ì´ ì „í˜€ ì•ˆë˜ë„¤ìš”. ì¶©ì „ ì–´ëŒ‘í„°ë„ ì—†ì–´ì„œ ì¶©ì „ë„ ëª»ì‹œí‚¤ê³  ìžˆê³  ì´ì²´ì  ë‚œêµ­ìž…ë‹ˆë‹¤. ë¬´ìŠ¨ ë¶€ê·€ì˜í™”ë¥¼ ë¶€ë¦¬ê² ë‹¤ê³  100ë§Œì› ë„˜ëŠ” ê±°ê¸ˆì„ ë‚´ê³  ì•„ì´í°ì„ êµ¬ë§¤í–ˆëŠ”ì§€ ëª¹ì‹œ ì†ìƒí•˜ê³  í›„íšŒìŠ¤ëŸ½ìŠµë‹ˆë‹¤. í•˜í•„ 10ì›” 29ì¼ì— ì§€ê¸ˆ ì‚¬ìš©ì¤‘ì¸ ê°¤ëŸ­ì‹œí°ì„ ë°”ë‹¥ì— ë–¨êµ¬ì–´ì„œ ì•¡ì •ì´ ë‚˜ê°€ëŠ” ë°”ëžŒì— ì‚¼ì„±ì„œë¹„ìŠ¤ì„¼í„°ì—ì„œ 12ë§Œì› ì£¼ê³  ì•¡ì • êµì²´ë„ í•˜ì˜€ìŠµë‹ˆë‹¤. ê·¸ëž˜ì„œ ê°¤ëŸ­ì‹œë¥¼ ê·¸ëƒ¥ ë” ì‚¬ìš©í•˜ê¸°ë¡œ ê²°ì‹¬í•˜ê³  ì•„ì´í° 12ëŠ” ì£¼ë¬¸ ì·¨ì†Œë¥¼ í•˜ë ¤ê³  í•˜ë‹ˆ ê°‘ìžê¸° ë°°ì†¡ì¤‘ì´ë¼ê³  ë‚˜ì˜¤ê³  ì„¤ìƒê°€ìƒìœ¼ë¡œ ì•„ì´í° 12ëŠ” ë°°ì†¡ ë˜ìžë§ˆìž ê°€ì¡±ì´ í¬ìž¥ì„ ëœ¯ì–´ë²„ë¦¬ëŠ” ë°”ëžŒì— ë°˜í’ˆë„ ì•ˆëœë‹¤ê³  í•˜ê³  ì •ë§ ë¯¸ì¹˜ê³  íŒ”ì§ ë›¸ ë…¸ë¦‡ìž…ë‹ˆë‹¤.,2
2,ì•„ì´í°12,ë³„ì ,"ë°›ì€ ì œí’ˆì— ë¬¸ì œê°€ ìžˆì–´ ìƒë‹´ì›ê³¼ í†µí™”í–ˆëŠ”ë°
ë³¸ì¸ì´ ì• í”Œì„œë¹„ìŠ¤ì„¼í„°ì§ì›ë„ ì•„ë‹ˆë©´ì„œ ì œê°€ ë°›ì€ ì œí’ˆì€ ë¶ˆëŸ‰íŒì • ì ˆëŒ€ ì•ˆí•´ì¤„ê±°ëž€ ì‹ìœ¼ë¡œ ë‹¨ì •ì§“ê³  ê³„ì† ë§ì”€í•˜ì…”ì„œ ë‹¹í™©ìŠ¤ëŸ¬ì› ì–´ìš”
ë¬¼ë¡  ì „ ì„œë¹„ìŠ¤ì„¼í„° ë‹¤ë…€ì™€ì„œ ë¬¸ì œê°€ ìž˜ í•´ê²°ëìŠµë‹ˆë‹¤ ìƒë‹´ì›ë§ ì•ˆë“£ê¸¸ ìž˜í–ˆë„¤ìš”
ê·¼ë° ê·¸ëƒ¥ ì¿ íŒ¡ì—ì„œ ì‚´ ê±¸...",2
3,ì•„ì´í°12,ë³„ì ,ì˜¤ì¤Œì•¡ì •ì—..ì•¡ì •í•„ë¦„ ê¹¨ì ¸ì„œì™€...ì¼€ì´ìŠ¤ í ì§‘ë‚˜ìžˆì–´...ì• í”Œê³µì‹ì´ë¼ê¸¸ëž˜ ë¯¿ê³  ìƒ€ë”ë‹ˆë§Œ ê·¸ëƒ¥ í™ì½©ì§êµ¬í• ê±¸ ê·¸ëž¬ë‚˜ë´ìš”ã…Žã…Žë„ˆë¬´ êµ¬ë ¤ì„œ ë¯¸ì¹˜ëŠ”ì¤„ ì•Œì•˜ë„¤ìš”ã…Žã…Ž,2
4,ì•„ì´í°12,ë³„ì ,"ìž˜ë°›ê¸´í–ˆëŠ”ë° ì¼œë³´ë‹ˆ í™”ë©´ì´ ëˆ„ë¦¬ë¼ë¦¬...ê²€ìƒ‰í•´ë³´ë‹ˆ ì•„ì´í°12 ì˜¤ì¤Œì•¡ì •ì´ë¼ê³  ë§ë“¤ì´ ë§Žë”êµ°ìš”
ë½‘ê¸° ì‹¤íŒ¨ë„¤ìš”",2
5,ì•„ì´í°12,ë³„ì ,ê± ê·¸ëŸ­ì €ëŸ­ ì“¸ë§Œí•´ìš”,2
6,ì•„ì´í°12,ë³„ì ,í°ì€ ìž˜ë°›ì•˜ìŠµë‹ˆë‹¤. ê·¼ë° ê°•í™”ìœ ë¦¬í•„ë¦„ í…Œë‘ë¦¬ ê¹¨ì ¸ìžˆì–´ì„œ ë°˜í’ˆì•ˆí•˜ê³  ë²„ë ¸ìŠµë‹ˆë‹¤.,2
1,ì•„ì´í°12,ë³„ì ,"ë°°ì†¡ì€ 2ì°¨ êµ¬ë§¤ë¼ ë¹ ë¥¸ë°°ì†¡ ê¸°ëŒ€í•˜ì§€ì•Šì•„ì„œ 4ì¼ì— ë°›ì€ê²ƒë„ ë§Œì¡±í•˜ëŠ”ë°ìš”....ì• ë“¤êº¼ ë‘ê°œ êµ¬ìž…...ë‘˜ë‹¤ í™”ë©´ ëˆ„ë ‡ë„¤ìš” ì‚¬ëžŒë“¤ì´ ì˜¤ì¤Œì•¡ì •ì´ë¼ë¶€ë¥´ëŠ” ì•¡ì •ì„ 2ê°œë‚˜ ë°›ë‹¤ë‹ˆ ë½‘ê¸° ì™„ì „ ì‹¤íŒ¨ë„¤ìš”
ê²€ìƒ‰í•´ì„œ í™”ë©´ë³´ì •í–ˆì§€ë§Œ....ê¸°ë¶„ì´ ë³„ë¡œë„¤ìš”",3
2,ì•„ì´í°12,ë³„ì ,"ìƒí’ˆë„ ì¢‹ê³  ë°œì†¡ë„ ë¹ ë¥¸ë° ë¡¯ë° íƒë°° ë°°ì†¡ì´ ì§„ì§œ ë³„ë¡œë„¤ìš”. ë¹„ëŒ€ë©´ ë°°ì†¡ì¸ê±´ ì•Œê² ëŠ”ë°, ì‚¬ì „ì— ëª‡ì‹œì¯¤ ë°©ë¬¸ ì˜ˆì •ì´ê³  ë¶€ìž¬ì¤‘ì´ë©´ ì–´ë””ì— ë§¡ê¸¸ ì˜ˆì •ì¸ì§€ ë¬¸ìž ë˜ëŠ” ì¹´í†¡ìœ¼ë¡œ ì˜¤ëŠ”ë° í•˜ì´íŠ¸ë§ˆíŠ¸ê°€ ë¬¸ì œì¸ì§€ ë¡¯ë°íƒë°°ê°€ ë¬¸ì œì¸ì§€ ë°°ì†¡ê¸°ì‚¬ ì´ë¦„, ì „ë²ˆë„ ì•ˆë‚˜ì˜¤ê³ , ë¶€ìž¬ì‹œ ì–´ë””ë‹¤ ë§¡ê¸°ë¼ ë“±ì— ë©”ëª¨ë„ ë‚¨ê¸¸ ìˆ˜ ì—†ê³ , ê¸°ì‚¬ëŠ” ì—°ë½ë„ ì—†ê³  100ë§Œì›ì´ ë„˜ëŠ” ì œí’ˆì„ ë¬¸ ì•žì— ë†”ë‘ê³  ê°€ë²„ë ¸ë„¤ìš”. ë„ë‚œë‹¹í•˜ë©´ ë³¸ì¸ì´ ë¬¼ì–´ì¤„ê±°ë¼ì„œ ê·¸ë ‡ê²Œ í•˜ì‹ ê±´ì§€ ì£¼ë§ì´ë¼ ì´í‹€ë™ì•ˆ ì§‘ì— ì‚¬ëžŒì´ ì—†ëŠ”ë°..ë°°ì†¡ì€ ì§„ì§œ ìµœì•…ì´ì—ìš”.",3
3,ì•„ì´í°12,ë³„ì ,"í° ìƒ‰ ì˜ˆì˜ê¸´í•´ìš”! ê·¼ë° ì¹´ë©”ë¼ê°€
ë„ˆë¬´ ë³„ë¡œìž…ë‹ˆë‹¤ ã…œã…  ì˜¤ì¤Œí•„í„° ì‹¬í•´ìš”",3
4,ì•„ì´í°12,ë³„ì ,í™”ì§ˆ ì¢‹ê³  ìž˜ ì“°ê³  ìžˆì–´ìš”,3
5,ì•„ì´í°12,ë³„ì ,"ë¹ ë¥¸ë°°ì†¡ìž…ë‹ˆë‹¤. ì•„ì´í°12 128G, ë¸”ë£¨ê°€ ë©‹ì§€ë„¤ìš”",3
6,ì•„ì´í°12,ë³„ì ,"ë°°ì†¡ ë¹ ë¥´ê³  ì €ë ´í•˜ê²Œ ì‚¼

í¬ìž¥ìƒíƒœê°€ ì•„ì£¼ ê°€ê´€ìž„

í°ë°•ìŠ¤ì— ë½ë½ì´ í•œë²ˆê°ê³  ëœë ê±°ë¦¬ê²Œ ì˜´

100ë§Œì› ì§œë¦¬ ê¸°ê³„ë¥¼ ì´ë ‡ê²Œ í¬ìž¥í•´ì„œ ë³´ë‚´ëŠ”ê²Œ",3
7,ì•„ì´í°12,ë³„ì ,ë°°ì†¡ì€ ë¹ ë¥´ë‚˜ ë¹ ì§„ ë¬¼ê±´ì´ìžˆë„¤ìš”,3
8,ì•„ì´í°12,ë³„ì ,ì¡°ê¸ˆ ê¸°ë‹¤ë ¸ì§€ë§Œ ìž˜ ì™”ì–´ìš” ë§ˆìŒì— ë“¤ì–´ìš”,3
9,ì•„ì´í°12,ë³„ì ,ë°°ì†¡ì´ ì¡°ê¸ˆ ëŠ¦ì—ˆì§€ë§Œ ìž˜ ë°›ì•„ì„œ ì‚¬ìš©í•˜ê³  ìžˆìŠµë‹ˆë‹¤,3
10,ì•„ì´í°12,ë³„ì ,ë°°ì†¡ì´ ë¹¨ë¼ìš” ì œê°€ ì›í•˜ëŠ” ìƒ‰ìƒì´ì˜€ìŠµë‹ˆë‹¤.,3
11,ì•„ì´í°12,ë³„ì ,í•˜ìžìžˆëŠ” ìƒí’ˆã…‡ã…£ì–´ì„œê³ ìƒí•¨ ê³µí™ˆì¶”ì²œ,3
12,ì•„ì´í°12,ë³„ì ,"ë°°ì†¡ ë¹ ë¥´ê²Œ ì™”ìŠµë‹ˆë‹¤.
ê¸°ê¸° í…ŒìŠ¤íŠ¸ ê²°ê³¼ íŠ¹ë³„í•œ ë¬¸ì œê°€ ì—†ì—ˆìŠµë‹ˆë‹¤
ë³´í˜¸ í•„ë¦„. ì¼€ì´ìŠ¤ ì”Œì› ìŠµë‹ˆë‹¤.",3
13,ì•„ì´í°12,ë³„ì ,ë°°ë‹¬ì§€ì— ë” ëŠ¦ê²Œ ë„ì°©í•œ ë¬¼ê±´ì´ ë¨¼ì €ì˜¬ì •ë„ë¡œ ë°°ì†¡ì´ ëŠ¦ì—ˆìŠµë‹ˆë‹¤. ì•„ì´í°ì€ ì˜ˆë»ìš”,3
14,ì•„ì´í°12,ë³„ì ,ì˜¤ëŠ˜ ìƒí’ˆ ëœ¯ì–´ë´¤ëŠ”ë° ëª¨ì„œë¦¬ìª½ì— ìž‘ì€ ì°íž˜ì´ ìžˆë„¤ìš” êµí™˜ ê°€ëŠ¥í•œê°€ìš” ã… ,3
15,ì•„ì´í°12,ë³„ì ,ë½‘ê¸°ë¥¼ìž˜ëª»í•´ì„œ ìŠ¤í¬ëž˜ì¹˜ê°€ ìžˆì–´ì„œ ìˆ˜ë¦¬ì„¼í„°ê°€ì„œ êµí™˜í–ˆë„¤ìš” ;;,3
16,ì•„ì´í°12,ë³„ì ,ë„¤ ì¢‹ì•„ìš” ì´í‹€ê°„ì— ì˜¤ë„¤ìš” ì¢‹ì•„ìš”,3
17,ì•„ì´í°12,ë³„ì ,í°ë§Œ ë‹¬ëž‘ ì˜¤ë„¤ìš” ë°°ì†¡ì€ ë¹¨ëžìŠµë‹ˆë‹¤,3
18,ì•„ì´í°12,ë³„ì ,"ë°°ì†¡ì€ ì£¼ë¬¸í•˜ê³  í•˜ë£¨ë§Œì— ì™€ì„œ ì¢‹ì•˜ì–´ìš”
í•˜ì§€ë§Œ ë½‘ê¸° ì‹¤íŒ¨í•´ì„œ ì™¸ê´€ë¶ˆëŸ‰ìœ¼ë¡œ ì„œë¹„ìŠ¤ì„¼í„° ê°€ì„œ êµí™˜í•˜ê³  ì™”ë„¤ìš”..",3
19,ì•„ì´í°12,ë³„ì ,ë¹ ë¥¸ ë°°ì†¡ì— ê°ì‚¬í•˜ê³  ë ˆë“œ ë©‹ì§‘ë‹ˆë‹¤,3
20,ì•„ì´í°12,ë³„ì ,ë¹ ë¥¸ë°°ì†¡. ì¢‹ì•„ìš” ã…‹,3
21,ì•„ì´í°12,ë³„ì ,ì¢‹ì•„ìš” ì¢‹ì•„ìš” ì¢‹ì•„ìš”,3
22,ì•„ì´í°12,ë³„ì ,ë¹ ë¥¸ ë°°ì†¡ì€ ì•„ë‹ˆì˜€ì§€ë§Œ ë§Œì¡±í•©ë‹ˆë‹¤.,3
23,ì•„ì´í°12,ë³„ì ,"ìž˜ë°›ì•˜ê³ 
ìž˜ì“°ê² ìŠµë‹ˆë‹¤",3
24,ì•„ì´í°12,ë³„ì ,ê¸°ëŒ€í–ˆë˜ ë§Œí¼ ì¢‹ì•„ìš”,3
25,ì•„ì´í°12,ë³„ì ,ìŒì†Œê±°ë²„íŠ¼ë¶ˆëŸ‰ì¸ê±°ê°™ì•„ì„œ asë°›ìœ¼ëŸ¬ê°€ìš”,3
26,ì•„ì´í°12,ë³„ì ,"ìƒí’ˆì€ ìž˜ë°›ì•˜ëŠ”ë° ì˜¤ëŠ˜ ëœ¯ì—ˆëŠ”ë° ëœ¯ìžë§ˆìž ëª¨ì„œë¦¬ìª½ì— ìž‘ì€ ì°íž˜ì´ ìžˆë„¤ìš” ,,, êµí™˜ ë˜ë‚˜ìš” ã… ",3
27,ì•„ì´í°12,ë³„ì ,ì¢‹ë‹¤. í•˜ì§€ë§Œ ë¹„ì‹¸ë‹¤. ì¶©ì „ì–´ëŒ‘í„°ë„ ì—†ìœ¼ë©´ì„œ!,3
28,ì•„ì´í°12,ë³„ì ,í™”ì´íŠ¸ì˜ˆì˜ê³  í›Œë¥­í•©ë‹ˆë‹¤,3
29,ì•„ì´í°12,ë³„ì ,ë°°ì†¡ì´ ëŠë ¸ì§€ë§Œ ë§Œì¡±í•©ë‹ˆë‹¤,3
30,ì•„ì´í°12,ë³„ì ,ë°°ì†¡ì´ ë¬´ì²™ ëŠë ¸ìŠµë‹ˆë‹¤,3
31,ì•„ì´í°12,ë³„ì ,ì•„ë“¤ì„ ë¬¼ë¡œ ì œëŒ€í•˜ëŠ” ë‹¤ë‹´ì£¼ ì˜¤í”ˆì˜ˆì •ìš”,3
32,ì•„ì´í°12,ë³„ì ,"ì•„ì´íŠ ì¦ˆ ë™ê¸°í™”í•˜ë‹¤ê°€ ë¬´í•œì‚¬ê³¼ ë¨,,",3
1,ì•„ì´í°12,ë³„ì ,"ê¸ˆìšœëŠ¦ì€ì €ë…ì— ì£¼ë¬¸í•´ì„œ ì˜¤ëŠ˜(í™”ìš”ì¼)ì— ë°›ì•˜ì–´ìš”! ì •ë§ ì´ í™”ì´íŠ¸ë¥¼ ì£¼ë¬¸í•˜ê¸°ê¹Œì§€ ì–¼ë§ˆë‚˜ ë…¸ë ¥í–ˆëŠ”ì§€...ã… ã…  ê±°ì˜ í•¸ë“œí° ì¼¤ë•Œë§ˆë‹¤ í™”ì´íŠ¸ ìž¬ê³ ìžˆë‚˜ ë„¤ì´ë²„íŽ˜ì´ë“¤ì–´ê°€ì„œ í™•ì¸í–ˆë‹µë‹ˆë‹¤. ê·¸ëŸ°ë° ê¸ˆìšœì— í‡´ê·¼í•˜ê³  ë°¥ë¨¹ê¸°ì „ ë“¤ì–´ê°”ëŠ”ë° ë˜­!!! ìžˆì–´ì„œ ì–¼ë§ˆë‚˜ ë‘ê·¼ë‘ê·¼ ë–¨ë¦¬ë˜ì§€ ê·¸ë¦¬ê³  ë°”ë¡œ ë„¤ì´ë²„ê²°ì œí–ˆì§€ìš”! ê·¼ë° ì–‘í’ˆì•„ë‹Œê²Œ ì˜¬ê¹Œë´ ì£¼ë¬¸í•˜ê³  ë‚˜ì„œ ê±±ì •ì´ ì¡°ê¸ˆ ë˜ì—ˆì–´ìš” í•˜ì§€ë§Œ ì•„ì§ì€ ìž˜ ëª¨ë¥´ê² ì§€ë§Œ ë¬´ì‚¬ížˆ ìž˜ ì˜¨ê²ƒê°™ì–´ìš”.
6ì“°ë‹¤ê°€ ë„˜ì–´ê°€ì„œ ê·¸ëŸ°ì§€ ëª¨ë¥´ê² ì§€ë§Œ ì¡°ê¸ˆì€ ë‘êº¼ìš´ ê°ì´ ì—†ìž–ì•„ìžˆì—ˆëŠ”ë° ê·¸ëž˜ë„ í”„ë¡œë³´ë‹¤ ê°€ë³ê³  ë””ìžì¸ì´ ë„ˆë¬´ ì˜ˆë»ìš”! ê·¸ë¦¬ê³  ë¯¸ë‹ˆë³´ë‹¤ëŠ” ë² í„°ë¦¬ ìš©ëŸ‰ì´ ì»¤ì„œ ì£¼ë¬¸í•˜ê²Œ ë˜ì—ˆì–´ìš”
í™”ì´íŠ¸ ì§±ì§±! ì´ì œ ë°›ì€ í¬ì¸íŠ¸ë¡œ ì¼€ì´ìŠ¤ëž‘ ì‚¬ë ¤ê³ ìš”ã…Žã…Ž ì˜¤ëž˜ì˜¤ëž˜ ê°™ì´ í•¨ê»˜í•˜ìž!",4
2,ì•„ì´í°12,ë³„ì ,"ì•„ì´í° 12ë¡œ ì‚´ê¹Œ ë¯¸ë‹ˆë¡œ ì‚´ê¹Œ ê³„ì† ê³ ë¯¼í•˜ëŠë¼ê³  ì•„ì´í° 12 í™”ì´íŠ¸ ìž¬ê³ ê°€ ê¸ˆë°© í’ˆì ˆë˜ì„œ ê³ ë¯¼ì„ ê·¸ë§Œí•˜ê³  12ì‚¬ìž í• ë•Œë§ˆë‹¤ í™”ì´íŠ¸ê°€ ê³„ì† í’ˆì ˆë˜ë”ë¼êµ¬ì—¬ ã… ã…  ê·¸ëž˜ì„œ 3ì¼ë™ì•ˆ 10~11ì‹œ ì •ë„ì— ê³„ì† ìƒˆë¡œê³ ì¹¨í•˜ë‹¤ê°€ 10ì‹œ 30ë¶„ ì •ë„ì— í™”ì´íŠ¸ ìž¬ê³ ê°€ í’€ë ¤ì„œ ë°”ë¡œ ìƒ€ìŠµë‹ˆë‹¤ ã… ã…  ë„ˆë¬´ ê·€í•˜ê²Œ êµ¬í•œ ê¸°ë¶„ì´ë¼ ë”ë”ìš± í°ì„ ê¸°ë‹¤ë ¸ìŠµë‹ˆë‹¤!

ê·¸ëŸ°ë° ë„ˆë¬´ë„ˆë¬´ ì•„ì‰¬ì› ë˜ ê²ƒì€ ë‹¤ë¥¸ ë¶„ë“¤ì€ ë°°ì†¡ 1ì¼ ì •ë„ ê±¸ë¦¬ì…¨ë‹¤ëŠ”ë° ì €ëŠ” 3ì¼ë§Œì— ì™”ì–´ìš” ã… ã…  íœ´ëŒ€í°ì„ ìžƒì–´ë²„ë ¤ì„œ ìƒˆ íœ´ëŒ€í°ì´ ë¹¨ë¦¬ í•„ìš”í–ˆëŠ”ë° ê·¸ë¦¬ê³  ì•„ì´í°ì´ì–´ì„œ ê·¸ëž¬ë‚˜ë´ìš” ã…‹ã…‹

ê·¸ë ‡ê²Œ ê¸°ë‹¤ë ¤ì„œ ë¶ˆëŸ‰ ì˜¤ê±°ë‚˜ ê·¸ëŸ´ê¹Œë´ ê±±ì •í–ˆëŠ”ë° ë‹¤í–‰ížˆ ì–‘í’ˆì„ ìž˜ ì™”ìŠµë‹ˆë‹¤! ì¼ì£¼ì¼ ì •ë„ ì‚¬ìš©ì¤‘ì¸ë° ì´ì „ í°ì´ ìž‘ì•˜ë˜ ê±°ì—¬ì„œ í¬ê¸°ëž‘ ë¬´ê²Œê°€ ì²˜ìŒì—” ì ì‘ì´ ì•ˆë˜ì—ˆëŠ”ë° ê¸ˆë°© ì ì‘í•´ì„œ ë„ˆë¬´ë‚˜ ìž˜ ì‚¬ìš©í•˜ê³  ìžˆìŠµë‹ˆë‹¤! ë„ˆë¬´

ì—¬ëŸ¬ë¶„ ë¬´ì¡°ê±´ í™”!ì´!íŠ¸! ì‚¬ì„¸ìš”!!
ìž¬ê³ ëŠ” ê¸°ë‹¤ë¦¬ì‹œë©´ í™”ì´íŠ¸ í’€ë¦¬ëŠ”ê±°ê°™ì•„ìš”!!",4
3,ì•„ì´í°12,ë³„ì ,ì•„ì´í° 12ë¯¸ë‹ˆëž‘ 12ëž‘ ì—„ì²­ ê³ ë¯¼í•˜ë‹¤ê°€ ê²°êµ­ 12ìƒ€ì–´ìš”! X ì“°ë˜ ì‚¬ëžŒì´ë¼ í™”ë©´ì´ ë„ˆë¬´ ìž‘ì•„ì§€ë©´ ë¶ˆíŽ¸í•  ê²ƒ ê°™ê³  ë°°í„°ë¦¬ ìœ ì§€ ì‹œê°„ë„ ë” ê¸¸ì–´ì„œ ì„ íƒí–ˆìŠµë‹ˆë‹¤. í•¸ë“œí° í¬ê¸°ê°€ ì¡°ê¸ˆ ì»¤ì ¸ì„œ ìž¡ê¸° ì¢€ íž˜ë“¤ê¸´ í•˜ì§€ë§Œ ë¬´ê²Œê°€ í›¨ì”¬ ê°€ë²¼ì›Œì„œ ì¢‹ì•„ìš”~ í™”ì´íŠ¸ ìƒ‰ìƒ ê¸°ë‹¤ë¦¬ê³  ê¸°ë‹¤ë¦¬ë‹¤ê°€ ê²¨ìš° ìƒ€ë„¤ìš© í¬ì¸íŠ¸ë„ ë§Žì´ ì£¼ê³  í•´ì„œ ì—¬ê¸°ì„œ ìƒ€ìŠµë‹ˆë‹¤! ê·¼ë° ì•„ì´í°12ì˜ ê³ ì§ˆì ì¸ ë¬¸ì œì¸ ê²ƒ ê°™ì€ë° íƒ€ìž„ëž©ìŠ¤ê°€ ë ‰ë¨¹ì€ ê²ƒì²˜ëŸ¼ ëŠê¸°ê¸´ í•˜ë„¤ìš”..ã… ã…  ë‹¤ë¥¸ ê±´ ë‹¤ ê´œì°®ì€ë°ã…œã…œã… ,4
4,ì•„ì´í°12,ë³„ì ,ì‚´ê¹Œ ë§ê¹Œ ê³ ë¯¼í•˜ë‹¤ê°€ ìž¬ê³ ê°€ ìƒê²¼ê¸¸ëž˜ ì¶©ë™ êµ¬ë§¤í•´ì„œ ì¢€ í›„íšŒí•˜ê³  ìžˆì—ˆëŠ”ë° ë³´ìžë§ˆìž ë„ˆë¬´ ì˜ˆë»ì„œ ì¢‹ì•˜ì–´ìš” ì§„ì§œ ê°€ë³ê³  ë¶ˆëŸ‰ ì•„ë‹Œ ê±¸ë¡œ ìž˜ ì™”ì–´ìš” ê·¼ë° ì œ ì¼€ì´ìŠ¤ê°€ ë¶ˆëŸ‰í’ˆì¸ ê±´ì§€ ë¶ˆíˆ¬ëª…í•˜ê³  ê¸°ìŠ¤ë„ ë‚˜ ìžˆëŠ” ê²Œ ì™”ë„¤ìš”ã…  ì¼€ì´ìŠ¤ ë„˜ í—ˆì ‘í•´ì„œ ë‹¤ì‹œ ì‚¬ì•¼í•  ê±° ê°™ì•„ìš”,4
5,ì•„ì´í°12,ë³„ì ,ë°°ì†¡ì´ ì¼ë‹¨ ì™„ì „ ë¹¨ë¼ì„œ êµ³êµ³~ì²¨ì— í’ˆì ˆì´ë¼ì„œã… ìŠ¬í¼í•˜ë‹¤ê°€ ì»¬ëŸ¬ë§ˆë‹¤ ë°˜ì§ ìž…ê³ ë„ ë˜ëŠ”ì§€ ìš°ì—°ížˆ ë³´ë‹¤ê°€ ê·¸ë¦° ìƒ‰ìƒ ìžˆì–´ì„œ ë°”ë¡œ ê²Ÿí–ˆì–´ìš”ã…Žã…Ž ì´ì•Œë°°ì†¡ ì¢‹ê³  í¬ìž¥ë„ ê¹”ë”í–ˆì–´ìš”. ì• í”Œì¼€ì–´í”ŒëŸ¬ìŠ¤ë„ 10í”„ë¡œ í• ì¸ ë°›ì•„ì„œ ê´œì°®ì€ êµ¬ë§¤ì˜€ë‹¤ê³  ìƒê°í•´ì—¬,4
6,ì•„ì´í°12,ë³„ì ,"ì›”ìš”ì¼ ì˜¤ì „ì— ì£¼ë¬¸í•˜ê³  ê¸ˆìš”ì¼ ì €ë…ì— ë°›ì•˜ì–´ìš”. ìˆ˜ìš”ì¼ ì €ë… ì´í›„ í­ì„¤ ì˜í–¥ì´ë¼ê³  í•´ë„ ì• ì´ˆì— ë°œì†¡ì´ ëŠ¦ì€ê²Œ ë¬¸ì œì˜€ì–´ìš”. ì£¼ë¬¸í•œ ì´í›„ ì œëŒ€ë¡œ ì˜¬ì§€ì— ëŒ€í•´ ê³„ì† ì‹ ê²½ì´ ì“°ì˜€ë„¤ìš”. ê³ ì•¡ ë¬¼ê±´ì¸ë° ë°°ì†¡ì— ì¢€ ë” ì‹ ê²½ì“´ë‹¤ë©´ ì¢‹ê² ì–´ìš”.
êµ¬ë§¤í•˜ê¸° íž˜ë“¤ì—ˆë˜ ì œí’ˆ... êµ¬ë§¤í•  ìˆ˜ ìžˆë˜ ì ì€ ì¢‹ì•˜ê³  í’ˆì ˆì´ë‹¤ê°€ ì¤‘ê°„ ì¤‘ê°„ ìž¬ê³  í’€ë¦¬ë©´ ì£¼ë¬¸ ê°€ëŠ¥í•œ ê²ƒ ê°™ë„¤ìš”. ê°™ì´ êµ¬ë§¤í•œ ì• í”Œì¼€ì–´ëŠ” êµ¬ë§¤ì¼ ë‹¤ìŒë‚ , ë°›ê¸°ë„ ì „ì— ì‹œìž‘ì´ ë˜ì—ˆë„¤ìš”.",4
7,ì•„ì´í°12,ë³„ì ,"ë°°ì†¡ì´ ìƒê°ë³´ë‹¤ ë¹¨ëžìŒ
ë°°ì†¡ë©”ì‹œì§€(ì‚¬ì „ ì—°ë½ í›„ ë¶€ìž¬í™•ì¸ì‹œ ê²½ë¹„ì‹¤ ë³´ê´€ìš”ì²­)ë¥¼ ì „í˜€ ë³´ì‹œì§€ ì•Šìœ¼ì…¨ëŠ”ì§€ ì—°ë½ì—†ì´ ê·¸ëƒ¥ ë¬¸ì•žì— ë†“ê³  ê°€ì‹¬.. ì£¼ë§ ê°„ ì§‘ì„ ë¹„ì›Œì„œ íœ´ëŒ€í°ì´ í˜„ê´€ ë°–ì— ë©°ì¹ ê°„ ê·¸ëƒ¥ ë°©ì¹˜.. ê¸°ì‚¬ë‹˜ê»˜ ì—°ë½í–ˆìœ¼ë‚˜ ê·¸ëƒ¥ ì½ì”¹í•˜ì…¨ìŠµë‹ˆë‹¤
ë¬¼ê±´ìžì²´ëŠ” ë§¤ìš° ë§Œì¡±ìž…ë‹ˆë‹¤",4
8,ì•„ì´í°12,ë³„ì ,"ë”± ì£¼ë¬¸ í›„ ë”±2ì£¼ê°€ ë˜ì–´ì„œ ë¬¼í’ˆì„ ë°›ì•˜ìŠµë‹ˆë‹¤.
(ì˜¤ë§¤ë¶ˆë§ ê¸°ë‹¤ë ¸ë„¤ìš”....ã…Žã…Žã…Ž)
ì›Œë‚™ ì¸ê¸°ê°€ ë§Žê³  ìž¬ê³ ê°€ ë¶€ì¡±í•œ ê±´ ì´í•´ë¥¼ í•©ë‹ˆë‹¤.
ìƒí’ˆ ë°°ì†¡ë¬¸ì˜ë¥¼ í•˜ë©´ ìž˜ ë‹µë³€ í•´ ì£¼ì…”ì„œ ê°ì‚¬ë“œë ¤ìš”
ê·¸ëž˜ë„ ì˜¤ëŠ˜ ì œí’ˆ ë°›ê³ í•˜ë‹ˆ ë„ˆë¬´ ì¢‹ë„¤ìš”
(ì‹¬ìž¥ì´ ë²Œë ë²Œë  í–ˆì–´ìš”ã…‹)
ì €ì˜ ì²« ì•„ì´í° ëœ» ê¹Šê²Œ ìž˜ ì‚¬ìš©í•  ê²ƒ ê°™ìŠµë‹ˆë‹¤.
ê°ì‚¬í•©ë‹ˆë‹¤~~~~",4
9,ì•„ì´í°12,ë³„ì ,"ì•„ì´í° ì²˜ìŒ ì¨ë³´ëŠ”ë° ì¢‹ì•„ìš” ìžê¸‰ì œë¼ì„œ ë¹„ì‹¸ê¸´í•œë° ì•„ì´í° í°ë§˜ ë¨¹ê³  í•œë²ˆ ì¨ë³´ê³ ì‹¶ì–´ì„œ ìƒ€ëŠ”ë° í›„íšŒì—†ê³ ìš” ì‚¬ì§„ íŠ¹ížˆ ë„ˆë¬´ ì˜ˆì˜ê²Œ ìž˜ë‚˜ì™€ìš”
ì•ˆë“œë¡œì´ë“œë§Œ ì“°ë‹¤ê°€ ì• í”Œ ë„˜ì–´ì™”ëŠ”ë° íŠ¹ìœ ì˜ ì‚¬ì§„ìƒ‰ê°ì´ ìž˜ ì°ì„ ë§›ì´ ë‚©ë‹ˆë‹¤.",4
10,ì•„ì´í°12,ë³„ì ,ì•„ì´í° ë§Œì¡±í•˜ê³  ì“°ê³  ìžˆìŠµë‹ˆë‹¤.,4
11,ì•„ì´í°12,ë³„ì ,ì˜ˆì©ë‹ˆë‹¤ ê·¼ë° ì¶©ì „ê¸°ëž‘ ì´ì–´í°ì´ ì—†ì–´ì„œ ì•„ì‰½ë„¤ìš”,4
12,ì•„ì´í°12,ë³„ì ,ì¼ë‹¨ ë¹¨ê°„ìƒ‰ì´ë¼ì„œ ë§ˆìŒì— ë“¤ì–´ìš” íŽ˜ì´ìŠ¤ ì•„ì´ë””ë„ ìž˜ ì„¤ì •ë˜ë„¤ìš” ë‹¤ë§Œ í™”ë©´ì´ ì¢€ ëˆ„ë ‡ì§€ë§Œ ì“°ë‹¤ ë³´ë©´ ê´œì°®ì„ ê²ƒ ê°™ì•„ìš”~,4
13,ì•„ì´í°12,ë³„ì ,ê¹”ë”í•˜ë‹ˆ ì´ë»ìš” ìž˜ ì‚¬ìš©í•˜ê³  ìžˆì–´ìš”,4
14,ì•„ì´í°12,ë³„ì ,"ì¹´ë©”ë¼ê°€ ì˜¤ì¤Œí•„í„°ë¼ì„œ ì•„ì‰¬ì›Œìš”â€¦.
í° ìžì²´ëŠ” ì§„ì§œ ì˜ˆë»ìš”",4
15,ì•„ì´í°12,ë³„ì ,"ì œí’ˆì€ ì–‘í’ˆìœ¼ë¡œ ìž˜ì™”ìŠµë‹ˆë‹¤ ì‚¬ì „ì˜ˆì•½ì¸ë°ë„ ë°°ì†¡ì´ ì˜¤ëž˜ê±¸ë¦°ê²Œ ì¡°ê¸ˆ ë¶ˆë§Œì¡±ìž…ë‹ˆë‹¤
ì°¸ê³ ë¡œ í™”ì´íŠ¸ëŠ” ì§„ì§œ ì´ì˜ë„¤ìš”ã…Žã…Ž",4
16,ì•„ì´í°12,ë³„ì ,6ë…„ë§Œì— í•¸ë“œí° ë°”ê¿ˆ ...,4
17,ì•„ì´í°12,ë³„ì ,ë°°ë‹¬ì´ ì§± ë¹¨ë¼ì„œ ë†€ëžì–´ìš”. ì£¼ë¬¸ í•˜ê³  ë‹¤ìŒë‚  ë°”ë¡œ ë°›ì•„ì„œ ë„ˆë¬´ ì¢‹ì•˜ì–´ìš”,4
18,ì•„ì´í°12,ë³„ì ,"í”„ë¦¬ìŠ¤ë¹„ê°€ìž…í•´ì•¼ ì‚¬ì€í’ˆì£¼ë‚˜ë´ìš”(í•„ë¦„ )ì°¸ê³ í•˜ì„¸ì˜¤


ë„¤ì´ë²„í”ŒëŸ¬ìŠ¤ë©¤ë²„ì‹­í•´ì„œ ì§ì ‘ì‚¬ëŠ”ê±°ë³´ë‹¤ í•œ ì‚¬ë§Œì›ì‹¸ê²Œì‚¿ìŠµë‹ˆë‹¤",4
19,ì•„ì´í°12,ë³„ì ,ë¹¨ë¦¬ì™€ìš”..ì´ìœì§€ëŠ” ëª¨ë¥´ê² ì–´ìš”ã…œ,4
20,ì•„ì´í°12,ë³„ì ,ì¢‹ì€ìƒí’ˆ ì €ë ´í•˜ê²Œ ìž˜ êµ¬ë§¤í–ˆìŠµë‹ˆë‹¤,4
21,ì•„ì´í°12,ë³„ì ,ë°°ì†¡ì€ ëŠ¦ì—ˆìœ¼ë‚˜ ìƒí’ˆì€.ì–‘í’ˆìž…ë‹ˆë‹¤,4
22,ì•„ì´í°12,ë³„ì ,"ë„ˆë¬´ ì¢‹ì•„ìš”~ ì˜¤ë¥˜ë‹ˆ í•˜ìžëŠ” ì—†ëŠ”
ê±° ê°™ìŠµë‹ˆë‹¤",4
23,ì•„ì´í°12,ë³„ì ,ë„ˆë¬´ ìž˜ë©ë‹ˆë‹¤ ê°ì‚¬í•©ë‹ˆë‹ˆë‹¤,4
24,ì•„ì´í°12,ë³„ì ,ì¡°ì•„ìš”ì¡°ì•„ìš” ì¡°ì•„ìš” ì¡°ì•„ìš” ì¡°ì•„ìš” ì¡°ì•„ìš” ì¡°ì•„ìš”,4
25,ì•„ì´í°12,ë³„ì ,ë°°ì†¡ë„ ë¹ ë¥´ê³  ê°€ê²©ì— ë¹„í•´ ì œí’ˆì˜ ì§ˆë„ ì¢‹ìŠµë‹ˆë‹¤. ê¹”ë”í•œ í¬ìž¥ì— ë‹¤ì‹œ êµ¬ìž…í•˜ê³ ì‹¶ì–´ì§‘ë‹ˆë‹¤,4
26,ì•„ì´í°12,ë³„ì ,ë‚˜ë¦„ ì €ë ´í•˜ê²Œ ì‚¬ì„œ ë§Œì¡±ìŠ¤ëŸ½ìŠµë‹ˆë‹¤,4
27,ì•„ì´í°12,ë³„ì ,ë„ˆë¬´ ì˜ˆë»ìš” ì‹¤ë¬¼ ìµœê³ ....,4
28,ì•„ì´í°12,ë³„ì ,ì•„ì´í°12ìžê¸‰ì œ í° êµ¬ë§¤í–ˆìŠµë‹ˆë‹¤ ì‹ ìš©ì¹´ë“œ í• ì¸í•˜ë©´ ìµœì €ê°€ ì¸ê±° ê°™ì•„ìš” ë°°ì†¡ì´ ì¢€ ëŠë¦¬ê¸´í–ˆì§€ë§Œ ì•ˆì „í•˜ê²Œ ë°›ì•˜ìŠµë‹ˆë‹¤,4
29,ì•„ì´í°12,ë³„ì ,ìžê¸‰ì œ í° ì°¾ëŠ”ì¤‘ì— ë‹¤ë¥¸ê³³ë³´ë‹¤ ì¢€ë” ã…ˆã…“ë ´í•˜ê²Œ ì‚´ìˆ˜ìžˆì–´ ì£¼ë¬¸í–ˆì–´ìš” í•¸ë“œí° ì´ìƒì—†ëŠ”ê±°ê°™ê³  ë°°ì†¡ë„ ë§¤ìš° ë¹¨ë¼ìš”^^ ìž˜ ì“¸ê²Œìš”~,4
30,ì•„ì´í°12,ë³„ì ,"ë°°ì†¡ì€ ë‹¤ìŒë‚  ë°”ë¡œì¶œë°œí–ˆë„¤ìš”.

ë°°ì†¡ì€ ë½ë½ì´ë¡œ ì•ˆì „í•˜ê²Œ ì™”ìŠµë‹ˆë‹¤.",4
31,ì•„ì´í°12,ë³„ì ,"ì¢‹ì•„ìš”, ì™€ì´í”„ì—ê²Œ ì„ ë¬¼í•´ì„œ ìž˜ ì‚¬ìš©í•˜ê³  ìžˆì–´ìš”",4
32,ì•„ì´í°12,ë³„ì ,ì¢‹ì€ ìƒí’ˆ ë¹ ë¥¸ ë°°ì†¡ì¢‹ìŠµë‹ˆë‹¤,4
33,ì•„ì´í°12,ë³„ì ,"ìž˜ ë°›ì•˜ìŠµë‹ˆë‹¤
aksjdhfkansbxjsncc",4
34,ì•„ì´í°12,ë³„ì ,ê°€ê²©ë„ ì €ë ´í•˜ê±° ìž˜ìƒ€ë„¤ìš”,4
35,ì•„ì´í°12,ë³„ì ,ì´ì˜ë„¤ìš” ìž˜ ì“¸ê²Œìš”,4
36,ì•„ì´í°12,ë³„ì ,"ë°°ì†¡ì€ ë¹ ë¥´ê²Œ ì™€ì„œ ì¢‹ì•˜ì–´ìš”!! êµ¿
í•˜ì§€ë§Œ ë½‘ê¸°ë¥¼ ìž˜ ëª»í•´ì„œì¸ì§€....... ì˜¤ì¤Œí•„í„°ì— ë²ˆê°œë„ ìžˆìŒ ë°±ë§Œì›ë½‘ê¸° ì‹¤íŒ¨..ê·¸ëž˜ë„ í• ì¸ ë°›ì•„ì‚¬ì„œ ë§Œì¡±",4
37,ì•„ì´í°12,ë³„ì ,ê¹”ë”í•´ìš”ë‚˜ì˜ì§€ì•Šë„¤ìš” ê´œì°®ì€ë“¯í•´ìš”,4
38,ì•„ì´í°12,ë³„ì ,í•œ ë‹¬ ì‚¬ìš© í›„ê¸° í•˜ìž ì—†ëŠ” ì œí’ˆ ìž˜ ì™€ì„œ ìž˜ ì“°ê³  ìžˆìŠµë‹ˆë‹¤ ë¬´ì—‡ë³´ë‹¤ ê°€ë²¼ì›Œì„œ ì¢‹ì•„ìš”,4
39,ì•„ì´í°12,ë³„ì ,ì¢‹ì•„ìš” ë¹ ë¥¸ë°°ì†¡ ê°ì‚¬í•©ë‹ˆë‹¤,4
40,ì•„ì´í°12,ë³„ì ,ì•„ì´í° 12... ì•„ë“¤ì˜ êµ° ì „ì—­ê¸°ë…ì„ ë¬¼ë¡œ êµ¬ë§¤...,4
41,ì•„ì´í°12,ë³„ì ,"í°ìƒ‰ì´ ì ¤ ê¹”ë”í•˜ê³  ì˜ˆì˜ë„ˆìš”!
ì¢‹ì•„ìš”!",4
42,ì•„ì´í°12,ë³„ì ,"8ìœ¼ë¡œ ì“°ë‹¤ê°€ ë„˜ì–´ì™”ëŠ”ë° í™”ë©´ í¬ê¸°ê°€ ì»¤ì§„ê²Œ ì“°ë‹¤ë³´ë‹ˆ í™•íŠ¸ì—¬ì„œ ë„ˆë¬´ ì¢‹ë„¤ìš”
ë¬¼ëŸ‰ í•œì°¸ í’ˆì ˆì¼ ë•Œ ìš´ì¢‹ê²Œë„ ê²Ÿí•´ì„œ í–‰ë³µã…Žã…Ž",4
43,ì•„ì´í°12,ë³„ì ,ë””ìžì¸ì€ ì—­ì‹œ ë„˜ ì´ì˜ë„¤ìš” ìƒ‰ë„ í™”ì´íŠ¸ë¡œ ë„˜ ìž˜ ì‚°ê²ƒë‹½ì•„ìš”,4
44,ì•„ì´í°12,ë³„ì ,"ì•„ì´í°ì‚¬ìš©ì´ ìµìˆ™í•´ ì£¼ë¬¸
ìš”ê¸ˆì œ ì•ˆë°”ê¾¸ê³  5G ì•ˆì“°ë ¤ê³ 
ìžê¸‰ì œí°ì„ íƒ~
ë¹„ì‹¸ì§€ë§Œ ìž˜ì„ íƒí•œë“¯",4
45,ì•„ì´í°12,ë³„ì ,ì‚¬ìš©í•˜ê¸° íŽ¸ë¦¬í•˜ê³  ë™ì˜ìƒë„ ìž˜ ì°ížˆë„¤ìš”,4
46,ì•„ì´í°12,ë³„ì ,ê°¤ëŸ­ì‹œì—ì„œ ê¸°ë³€ ì—´ì‹¬ížˆ ì ì‘ì¤‘..,4
47,ì•„ì´í°12,ë³„ì ,"ì—­ì‹œ ë””ìžì¸ í•˜ë‚˜ë³´ê³  ì‚¬ëŠ” ì—í”Œí°ìž…ë‹ˆë‹¤~
ìš°ë¦¬ë”¸ ì„ ë¬¼ë¡œ ë°›ê³  ë‚´ë‚´ í–‰ë³µí•˜ë„¤ìš”~^^",4
48,ì•„ì´í°12,ë³„ì ,ì´ì œ ë§‰ì‚¬ìš©ë‹¨ê³„ë¼..ë‹¤ë¥¸ê±´ 15ì¼ ë˜ë„ë¡ ë°°ì†¡ë„ ì•ˆì˜¤ëŠ”ë° ì´ê±´ ì—„ì²­ë¹¨ë¦¬ ì™”ë„¤ìš”..,4
49,ì•„ì´í°12,ë³„ì ,ì™„ì „ ì´ë»ìš”ã…Žã…Ž í˜œíƒì´ ì•„ë¬´ê²ƒë„ ì—†ëŠ” ê±´ ë§Žì´ ì•„ì‰½ì§€ë§Œ,4
50,ì•„ì´í°12,ë³„ì ,ìž¡ì„ë•Œ í°ê°ì´ ìžˆì§€ë§Œ ì•„ì´í°12 í™”ì´íŠ¸ êµ¬ë§¤ ë§Œì¡±í•©ë‹ˆë‹¤!,4
51,ì•„ì´í°12,ë³„ì ,ë¦¬ë·°ì— ì˜¤ì „ 10ì‹œì— ë“¤ì–´ì˜¨ë‹¤ê²Œ ì •ë§ ê¿€íŒì´ì—ˆì–´ìš” ã…Žã…Žã…Žì¦ë§ ë„ˆë¬´ ì˜ˆì˜ë„¤ìš” ^.^â¤ï¸,4
52,ì•„ì´í°12,ë³„ì ,ë°°ì†¡ì´ ë¹ ë¥´ê³  ì¢‹ì•„ìš”,4
53,ì•„ì´í°12,ë³„ì ,ê°€ê²© í•©ë¦¬ì ì´ê³  ë°°ì†¡ë„ ì ë‹¹í•©ë‹ˆë‹¤,4
54,ì•„ì´í°12,ë³„ì ,ì•„ì´í° êµ¬ìž…ì€ í•˜ì´ë§ˆíŠ¸ê°€ ì¢‹ë„¤ìš”,4
55,ì•„ì´í°12,ë³„ì ,ì¶©ì „ê¸° ì´ì–´í° ì—†ëŠ”ê²Œ ì•„ì‰½ë„¤ìš”,4
56,ì•„ì´í°12,ë³„ì ,ìƒ‰ìƒ ëª¨ë‘ ì¢‹ì•„ìš”,4
57,ì•„ì´í°12,ë³„ì ,ë°°ì†¡ì´ ë„ˆë¬´ë„ˆë¬´ ì˜¤ëž˜ ê±¸ë ¸ì–´ìš” ã…œ ê·¸ëž˜ë„ í¼ ìžì²´ëŠ” ë§Œì¡±í•©ë‹ˆë‹¤.,4
58,ì•„ì´í°12,ë³„ì ,ì†Œìž¬ê°€ ì†ì— ì°©ì°© ë¶™ì§„ ì•Šì•„ì„œ ë¯¸ë„ëŸ½ë‹¤ê³  í•˜ë„¤ìš”. ë–¨ì–´ëœ¨ë¦´ ìœ„í—˜ì´ ìžˆì–´ë³´ì¸ë‹¤ëŠ”ã…Žã…Ž ê·¸ëž˜ë„ íŠ¼íŠ¼í•˜ê³  ê°€ë²¼ìš°ë‹ˆ ì¢‹ìŠµë‹ˆë‹¤.,4
59,ì•„ì´í°12,ë³„ì ,ì˜ˆì˜ê³  ì¢‹ì•„ì—¬ ì˜†ë¶€ë¶„ ì‚´ì§ ì°í˜€ì„œ ì™”ì§€ë§Œ ì‹ ê²½ì“¸ì •ë„ëŠ” ì•„ë‹ˆë¼ì„œ ê·¸ëƒ¥ ì“¸ê²Œìš”,4
60,ì•„ì´í°12,ë³„ì ,ì™„ì ¼ ì´ë»ìš©~~~ ì•„ì´í° ì²˜ìŒ ì“°ëŠ”ë° ì—¬ê¸°ì„œ ìžê¸‰ì œë¡œ ì‚¬ì„œ ê°œí†µí–ˆì–´ìš©,4
61,ì•„ì´í°12,ë³„ì ,"ë„ˆë¬´ì˜ˆì˜ê³  ì¢‹ë„¤ìš”
ë¹„ì‹¸ì„œ ë³„4ê°œí–ˆìŠ´ë‹¤",4
62,ì•„ì´í°12,ë³„ì ,ë°°ì†¡ ì‚´ì§ëŠ¦ì–´ìš” ìƒê°ë³´ë‹¤ì»¤ìš”,4
63,ì•„ì´í°12,ë³„ì ,ì•„ì´ë“¤ì´ ì—„ì²­ì¡°ì•„ë¼ í•˜ë„¤ìš”~,4
64,ì•„ì´í°12,ë³„ì ,ë°°ì†¡ì´ ë¹¨ë¼ì„œ ì¢‹ì•˜ì–´ìš”!!,4
65,ì•„ì´í°12,ë³„ì ,"ë°°ì†¡ë„ ë¹ ë¥´ê²Œ ì˜¤ê³  ìž˜ ë˜ë„¤ìš” ã…Žã…Ž
ì‚¬ì§„ ìž˜ ë‚˜ì™€ìš”~",4
66,ì•„ì´í°12,ë³„ì ,í™”ìš”ì¼ì— ì£¼ë¬¸í•´ì„œ ëª©ìš”ì¼ì— ë°›ì•˜ì–´ìš”. ìƒí’ˆ ë©€ì©¡í•˜ê²Œ ìž˜ ì™”ìŠµë‹ˆë‹¤. ë°°ì†¡ ìƒìžì— ì—ì–´ìº¡ì„ ì¢€ ë” ê°ì‹¸ë„ ëì„ ê²ƒ ê°™ì•„ìš”!,4
67,ì•„ì´í°12,ë³„ì ,ì‚¬ì§„ í™”ì§ˆì´ ë³´í†µì¸ê±° ê°™ì•„ìš” ë‚˜ë¨¸ì§€ëŠ” ë§Œì¡±ì´ìš©,4
68,ì•„ì´í°12,ë³„ì ,"ë°°í„°ë¦¬ê°€ ìƒê°ë³´ë‹¤ ì¡°ë£¨ìž„
ê°¬ì„±+ ì„±ëŠ¥+ ë°°í„°ë¦¬-",4
69,ì•„ì´í°12,ë³„ì ,ë°°ì†¡ë„ ë¹ ë¥´ê³  ì œí’ˆë„ ìž˜ ì™”ì–´ìš”.,4
70,ì•„ì´í°12,ë³„ì ,ì˜ˆì˜ë„¤ìš”. ìž˜ ë„ì°©í–ˆì–´ìš”~~,4
71,ì•„ì´í°12,ë³„ì ,ê° ì°®ì•„ìš” ìž˜ì“¸ê°€ë£Œã…”,4
72,ì•„ì´í°12,ë³„ì ,"ì•„ì´í°8ì—ì„œ ì•„ì´í°12ë¡œ ë°”ê¿¨ì–´ìš”
í”„ë¡œ ê¸°ë‹¤ë¦¬ë‹¤ê°€ ìž¬ê³ ê°€ ë„ˆë¬´ ì•ˆí’€ë ¤ì„œ 12ìƒ€ëŠ”ë° ë§Œì¡±í•©ë‹ˆë‹¤
ê³ ìŠ¤íŠ¸í˜„ìƒë§Œ ì¢€ ì–´ë–»ê²Œ í•˜ë©´ ì¢‹ì„ ê±° ê°™ì•„ìš” ã… ã… ",4
73,ì•„ì´í°12,ë³„ì ,ìž˜ë°›ì•˜ì–´ìš”. ì•ˆë“œë¡œì´ë“œ ì“°ë‹¤ê°€ ì•„ì´í° ì“°ë ¤ë‹ˆ ì•„ì§ì€ ë„ˆë¬´ë‚˜ ì–´ìƒ‰í•˜ì§€ë§Œ ì´ë»ìš”!!,4
74,ì•„ì´í°12,ë³„ì ,ê¸ˆì•¡ëŒ€ë¹„ í—ˆì ‘í•œ í¬ìž¥ìƒíƒœ. ë°°ì†¡ì€ ì§€ì—°ë ê²ƒì´ë¼ ì˜ˆìƒí–ˆì§€ë§Œ ì œë•Œì™”ì–´ìš”.,4
75,ì•„ì´í°12,ë³„ì ,ìš°ì—¬ê³¡ì ˆê²©ê³  ë“œë””ì–´ ë‚´ì†ì•ˆì—.. ì œë•Œë°°ì†¡ ë°›ì•˜ì–´ìš”.,4
76,ì•„ì´í°12,ë³„ì ,ìž˜ ë°›ì•˜ì–´ìš” ~ ë°°ì†¡ ë¹¨ëžì–´ìš”,4
77,ì•„ì´í°12,ë³„ì ,ì¢‹ì•„ìš”~ ì´ë¦„ê°’ í•˜ëŠ” í°ì´ë„¤ìš”,4
78,ì•„ì´í°12,ë³„ì ,í’ˆì§ˆ ë° ë°°ì†¡ ë§Œì¡±í•©ë‹ˆë‹¤,4
79,ì•„ì´í°12,ë³„ì ,"ëª©ìš”ì¼ ë°¤ ì£¼ë¬¸-í† ìš”ì¼ ë°°ì†¡ ì˜ˆì •ì´ë¼í–ˆìœ¼ë‚˜
ì›”ìš”ì¼ ë‚®ì— ë„ì°©í–ˆìŠµë‹ˆë‹¤. ê¸°ê¸°ìƒíƒœ ê´œì°®ê³  ë°°ì†¡ ëŠë¦° ê²ƒ ë¹¼ê³¤ ì¢‹ìŠµë‹ˆë‹¤.",4
80,ì•„ì´í°12,ë³„ì ,ë°°ì†¡ì€ ì´ë ‡ê²Œ ì˜µë‹ˆë‹¤. ì²˜ìŒì—” ë‹¹í™©í–ˆëŠ”ë° ë­ ê´œì°®ìˆ©ë‹ˆë‹¤. ì˜¤ì¤Œì•¡ì • ê±¸ë¦°ê±´ì§€ ì›ëž˜ ì“°ë˜ xë³´ë‹¤ ë…¸ëž˜ì„œ ì„¤ì •ì—ì„œ ìƒ‰ì¡° ì¡°ì •í–ˆìŠµë‹ˆë‹¤ã… ,4
81,ì•„ì´í°12,ë³„ì ,"ì•„ì´í°ì€ ì¢‹ì€ë°,
ì¶©ì „ ì¼€ì´ë¸”ì„ Aíƒ€ìž… USBê°€ ì•„ë‹Œ Cíƒ€ìž…ìœ¼ë¡œ í•´ì„œ ë¶ˆíŽ¸í•˜ë‹¤. ì–´ëŒ‘í„°ë„ ì•ˆì£¼ë©´ì„œ...",4
82,ì•„ì´í°12,ë³„ì ,ì œí’ˆì´ë¦„ì€ ë¸”ëž™. ìƒ‰ìƒ ì„ íƒì‹œ í™”ì´íŠ¸ë¡œ í–ˆì§€ë§Œ ë¸”ëž™ì´ ë„ì°©. í¬ìž¥ ëœ¯ì–´ë³´ê³  ë¸”ëž™ì¸ê²ƒì„ ì¸ì§€. ê·¸ëƒ¥ ì‚¬ìš©í•˜ê¸°ë¡œ í•¨.,4
83,ì•„ì´í°12,ë³„ì ,í›„ê¸° ë§Žê³  ì •í’ˆì´ë¼ê³  í•´ì„œ ì£¼ë¬¸í–ˆì–´ìš¥!,4
84,ì•„ì´í°12,ë³„ì ,"ë°°ì†¡ì€ ë¹ ë¦…ë‹ˆë‹¤.
ê·¸ëƒ¥ 12ê°€ ë³„ë¡œë„¤ìš”",4
85,ì•„ì´í°12,ë³„ì ,ë°˜ì‘ì†ë„ê°€ ì‚´ì§ ëŠë¦°ëŠë‚Œ?,4
86,ì•„ì´í°12,ë³„ì ,ë°°ì†¡ì—„ì²­ë¹ ë¥´ë„¤ìš”...ì´ë»ìš”,4
87,ì•„ì´í°12,ë³„ì ,ì§„ì§œ ì˜¨ë¼ì¸ ì• í”Œë§¤ìž¥ì¸ì¤„ ì•Œê³  ìƒ€ëŠ”ë°... ë¬´íŠ¼ ì˜¤ê¸´ì™”ìœ¼ë‹ˆê¹Œ ë‹¤í–‰ìž„,4
88,ì•„ì´í°12,ë³„ì ,ì•„ì´í°12 ì‚¬ìš©í•´ ë³´ë‹ˆ ì „ë³´ë‹¤ ê°€ë³ê³  ì¢‹ì•„ìš” ì‚¬ì§„ë¹¨ë„ ìž˜ ë°›êµ¬ì—¬^^,4
89,ì•„ì´í°12,ë³„ì ,ë°°ì†¡ë„ ë¹ ë¥´ê³  í°ë„ ë§˜ì— ë“¤ì–´ìš”,4
90,ì•„ì´í°12,ë³„ì ,ê°€ë³ê³  ì˜ˆë»ìš” ê°ì‚¬í•©ë‹ˆë‹¤,4
91,ì•„ì´í°12,ë³„ì ,ë¹ ë¥´ê³ ì¢‹ì•„ìš” ë§Œì¡±í•©ë‹ˆë‹¤,4
92,ì•„ì´í°12,ë³„ì ,ë„ˆë¬´ë„ˆë¬´ ì´ë»ìš”. ë°°ì†¡ë‘ ìƒê°ë³´ë‹¤ ë¹ ë¥´ê²Œí•´ì£¼ì‹œêµ¬ì—¬~~,4
93,ì•„ì´í°12,ë³„ì ,ìž˜ ë°›ì•˜ìŠµë‹ˆë‹¤. ë°°ì†¡ì´...ë™ë„¤ ë°°ì†¡ì§€ê¹Œì§€ ì™”ë‹¤ê°€ ë‹¤ì‹œ ì¸ì²œìœ¼ë¡œ ê°€ëŠ”ë°”ëžŒì— ë†€ëž¬ëŠ”ë° ë¬´ì‚¬ížˆ ì§‘ì— ë„ì°©í–ˆë„¤ìš”. ì•„ì§ ì‹¤ë¬¼ì„ ë³¸ê²Œ ì•„ë‹ˆë¼ ë³„ í•˜ë‚˜ ëºìŠµë‹ˆë‹¤.,4
94,ì•„ì´í°12,ë³„ì ,ìž˜ ë°›ì•˜ìŠµë‹ˆë‹¤. ë§¤ìš° ì¢‹ì„ê²ƒìœ¼ë¡œ ì˜ˆìƒë©ë‹ˆë‹¤.,4
95,ì•„ì´í°12,ë³„ì ,"ì˜ë¡±í•œë° ì—­ì‹œ ì•„ì´í°ì€ ë¹„ì‹¸ì—¬ ã…  í‘í‘
í•¸ë“œí°ë•Œë¬¸ì— ìŠ¤íŠ¸ë ˆìŠ¤ ë°›ì•„ì—¬ ê·¸ëž˜ë„ ì´ì˜ë‹ˆ ì¨ì•¼ì£  .. í•˜",4
96,ì•„ì´í°12,ë³„ì ,"ì €í¬ ì•„ì´ í°ì´ ê°‘ìžê¸° ê³ ìž¥ë‚˜ì„œ êµ¬ë§¤í–ˆë„¤ìš”.
ë„˜ ë§ˆìŒì— ë“¤ì–´í•©ë‹ˆë‹¤~",4
97,ì•„ì´í°12,ë³„ì ,"ì¼í†¤íŠ¸ëŸ­ ìƒ‰ê¹”ì´ë¼ê³  ë¶ˆë¦¬ëŠ” ë¸”ë£¨ë¡œ ìƒ€ëŠ”ë°
ì‹¤ì œí° ìƒ‰ìƒ ì˜ˆì˜ë„¤ìš”",4
98,ì•„ì´í°12,ë³„ì ,ì„ ë¬¼ì¸ë° ë„ˆë¬´ ì¢‹ã…‡ã…í•˜ë„¤ìš”,4
99,ì•„ì´í°12,ë³„ì ,ë„ˆë¬´ì˜ˆë»ìš”! ë°°ì†¡ì€3ì¼ì •ë„ê±¸ë ¸ì–´ìš”. ì¼€ì´ìŠ¤ë„ê°™ì´êµ¬ë§¤í–ˆëŠ”ë° í—›ë„ëŠ”ëŠë‚Œì´ì˜ˆìš”ã… ã…  ê·¸ê²ƒë§Œë¹¼ë©´ì •ë§ë§Œì¡±í•©ë‹ˆë‹¤ðŸ‘,4
100,ì•„ì´í°12,ë³„ì ,ê¸ˆìš”ì¼ ë°°ì†¡ì˜ˆì •ì´ì˜€ëŠ”ë° í† ìš”ì¼ì— ì™”ì–´ìš”!ê·¸ëž˜ë„ ë°°ì†¡ì´ ë¹ ë¥¸íŽ¸ì´ë¼ì„œ ì¢‹ì•˜ìŠµë‹ˆë‹¤!!í¬ìž¥ë„ ë½ë½ì´ì— ëŒëŒë§ì•„ì„œ ì•ˆì „í•˜ê²Œ ì™”ì–´ìš”.ìž˜ ì‚¬ìš©í•˜ê² ìŠµë‹ˆë‹¤ã…Žì»¬ëŸ¬ê³ ë¯¼í•˜ë‹¤ê°€ í™”ì´íŠ¸ìƒ€ì–´ìš”ã…Žã…Ží™”ì´íŠ¸ì»¬ëŸ¬ ì•„ì£¼ ë§Œì¡±í•©ë‹ˆë‹¤ã…Žã…Ž,4
101,ì•„ì´í°12,ë³„ì ,"ì•„ì´ê°€ ë„˜ ì¡°ì•„í•˜ëŠ”
ì•„ì´í° ë„˜ ì¡°ìœ¼ë„¹",4
102,ì•„ì´í°12,ë³„ì ,ë²„íŠ¼ì— ì°ížŒ ìžêµ­ ë¯¸ì„¸í•˜ê²Œ ìžˆì—ˆìœ¼ë‚˜ ê·¸ëƒ¥ ì‚¬ìš© í•˜ê¸°ë¡œ í–ˆì–´ìš”,4
103,ì•„ì´í°12,ë³„ì ,ë°°ì†¡ ì˜¤ëž˜ê±¸ë ¸ì§€ë§Œ íœ´ëŒ€í° ìž˜ ë°›ì•˜ì–´ìš”~,4
104,ì•„ì´í°12,ë³„ì ,ìŠ¤ë§ˆíŠ¸í”½ìœ¼ë¡œ êµ¬ë§¤ í–ˆìŠµë‹ˆë‹¤. êµ¬ë§¤ì‹œ íŽ¸ì˜ì  í• ì¸ê¶Œ ì œê³µí•˜ë‹ˆ ì°¸ê³  í•˜ì„¸ìš”~,4
105,ì•„ì´í°12,ë³„ì ,ì¢‹ì•„ìš” ë°°ì†¡ë„ ë¹ ë¥´ê³  ì¶”ì²œí•´ìš”,4
106,ì•„ì´í°12,ë³„ì ,ìƒê°ë³´ë‹¤ ì¼ì° ì™€ì„œ ì¢‹ë„¤ìš”,4
107,ì•„ì´í°12,ë³„ì ,ìž˜ì“°ê² ìŠµë‹ˆë‹¤.ë§Žì´íŒŒì„¸ìš”.,4
108,ì•„ì´í°12,ë³„ì ,31ì¼ì— ì£¼ë¬¸í•´ì„œ 1ì›”4ì¼ ì›”ìš”ì¼ ì˜¤ì „ì— ë°›ì•˜ì–´ìš”! ì—­ì‹œ í™”ì´íŠ¸ ë„ˆë¬´ ì˜ˆì˜ë„¤ìš” :),4
109,ì•„ì´í°12,ë³„ì ,í•˜ë£¨ë§Œì— ìž˜ ë°›ì•˜ì–´ìš” 6sì“°ë‹¤ê°€ ë„˜ ì¢‹ìœ¼ë„¤ìš”,4
110,ì•„ì´í°12,ë³„ì ,ë°°ì†¡ì´ ë¹¨ë¼ì„œ ì¢‹ì•˜ìŠµë‹ˆë‹¤,4
111,ì•„ì´í°12,ë³„ì ,ê¸°ê³„ë§Œ ì‚¬ëŠ” ê²ƒì€ ì²¨ì´ë¼ ì—¼ë ¤í–ˆëŠ”ë° ìž˜ ì“°ê³  ìžˆìŠµë‹ˆë‹¤,4
112,ì•„ì´í°12,ë³„ì ,"ì œí’ˆ ê¹”ë”í•˜ë‹ˆ ì•„ì´ê°€ ì¢‹ì•„í•˜ë„¤ìš”.
ë°°ì†¡ë„ ë¹¨ë¼ì„œ ìƒˆí•´ ì„ ë¬¼ì„ í• ìˆ˜ ìžˆì–´ì„œ ì¢‹ì•˜ì§€ë§Œ
ì¶©ì „ì¼€ì´ë¸”ì´ ì¼ë°˜USBìŠ¤íƒ€ì¼ì´ ì•„ë‹ˆë¼ì„œ ìˆœê°„ ë‹¹í™©í–ˆì§€ë§Œ ìš°ì„ ì€ ë³´ì¡°ë² í„°ë¦¬ êµ¬ë§¤í• ë•Œ ìžˆì—ˆë˜ ì•„ì´í°ì  ë”ê°€ ìžˆì–´ì„œ ì¶©ì „í–ˆë„¤ìš”. ã… ã… ",4
113,ì•„ì´í°12,ë³„ì ,ë¹ ë¥¸ ë°°ì†¡ ê°ì‚¬í•©ë‹ˆë‹¤. ìž˜ ë°›ì•˜ìŠµë‹ˆë‹¤.,4
114,ì•„ì´í°12,ë³„ì ,"ì‚¼ì„±ë§Œ ì‚¬ìš©í•˜ë‹¤ ì• í”Œë¡œ ìž ì‹œ ê¸°ë³€ì¤‘..
ì‚¬ìš©í• ë§Œí•´ìš”..",4
115,ì•„ì´í°12,ë³„ì ,ì˜¤ì¤Œì•¡ì •ì— ì¼€ì´ìŠ¤ëŠ” í ì§‘ì´ ì‹¬í–ˆì§€ë§Œ ë¹ ë¥¸ë°°ì†¡ì—ì›í•˜ë˜ í°ìƒ‰ìƒì´ë¼ ì¢‹ì•„ìš”,4
116,ì•„ì´í°12,ë³„ì ,ì•„ì´í° êµ¬ìž…ì€ í•˜ì´ë§ˆíŠ¸ê°€ ì¢‹ë„¤ìš”,4
117,ì•„ì´í°12,ë³„ì ,ë§Œì¡±í•©ë‹ˆë‹¤ ì¢‹ìŠµë‹ˆë‹¤.,4
118,ì•„ì´í°12,ë³„ì ,ì œí’ˆì€ ì´ìƒì—†ì´ ìž˜ ì™”ìŒ,4
119,ì•„ì´í°12,ë³„ì ,ë¹ ë¥¸ë°°ì†¡ ì¢‹ì•„ì˜¤!!!,4
120,ì•„ì´í°12,ë³„ì ,ì˜¤ì¤Œì•¡ì •ì´ ê±¸ë ¸ì§€ë§Œ ë‹¤ë¥¸ê±´ ë‹¤ ê´œì°®ì€ê±° ê°™ì•„ì„œ ê·¸ë‚˜ë§ˆ ë‹¤í–‰ì¸ê±° ê°™ì•„ìš” í™”ì´íŠ¸ ì´ì˜ë„¤ìš”,4
121,ì•„ì´í°12,ë³„ì ,ë°°ì†¡ ì˜ˆìƒë‚ ì§œì— ë”±!! ì¨ë´ì•¼ ì•Œê² ì§€ë§Œ ì¼ë‹¨ ì¢‹ìŠµë‹ˆë‹¤,4
122,ì•„ì´í°12,ë³„ì ,"ì œí’ˆ ê¼¼ê¼¼í•˜ê²Œ ìž˜ í¬ìž¥ë˜ì–´ ì™”ë„¤ìš”~~
ì¢‹ì•„ìš”~~",4
123,ì•„ì´í°12,ë³„ì ,ì•¡ì •ì´ìŠˆëŠ” í”¼í•´ê°ˆìˆ˜ê°€ ì—†ì—ˆë‚˜ë´ìš”.,4
124,ì•„ì´í°12,ë³„ì ,"ì•„ì´í° ì¢‹ì•„ìš”
ë°°ì†¡ë„ ë¹ ë¥´ê³ ",4
125,ì•„ì´í°12,ë³„ì ,ì•„ì´í°ì´ì£  ë­~ ë¹ ë¥¸ë°°ì†¡,4
126,ì•„ì´í°12,ë³„ì ,ë°°ì†¡ë„ ë¹¨ëžê³  ì¢‹ì•„ìš”~,4
127,ì•„ì´í°12,ë³„ì ,ì¢‹ì•„ìš” ì•„ì£¼ë§Œì¡±í•´ìš”,4
128,ì•„ì´í°12,ë³„ì ,ë°°ì†¡ì€ 3ì¼ê±¸ë ¸ì–´ìš”,4
129,ì•„ì´í°12,ë³„ì ,ë¹ ë¥¸ ë°°ì†¡ ê°ì‚¬í•´ìš”,4
130,ì•„ì´í°12,ë³„ì ,ê·¸ë¦°..ë§˜ì—ë“¤ì–´ìš”..,4
131,ì•„ì´í°12,ë³„ì ,ìž˜ ë°›ì•˜ìŠµë‹ˆë‹¤ ìž˜ ì‚¬ìš©í•˜ê² ìŠµë‹ˆë‹¤ ê°ì‚¬í•©ë‹ˆë‹¤,4
132,ì•„ì´í°12,ë³„ì ,ë°°ì†¡ë¹ ë¥´ê³  ì¢‹ì•„ìš” ðŸ‘ðŸ»ðŸ‘ðŸ»,4
133,ì•„ì´í°12,ë³„ì ,23ì¼ì— ì£¼ë¬¸í•˜ê³  10ì¼ê¹Œì§€ ëª©ë¹ ì§€ê²Œ ê¸°ë‹¤ë¦¬ë‹¤ ê²°êµ­ ë°›ì•˜ë„¤ìš” ì¹´ë“œí• ì¸ìœ¼ë¡œ ì‚¬ì„œì¢‹ìŠµë‹ˆë‹¤,4
134,ì•„ì´í°12,ë³„ì ,ë°°ì†¡ì´ ìª¼ë” ê¸°ë‹¤ë ¸ë„¤ìš”. ê¸°ì‚¬ë‹˜ì´ ë§ë„ ì—†ì´ ë¬¸ì•žì— íˆ­ ë‘ê³ ê°€ì‹œê³  ã… ,4
135,ì•„ì´í°12,ë³„ì ,ë§Œë…í•©ë‹ˆë‹¤ë§Œì£¡í•®ë‹ˆë‹¤,4
136,ì•„ì´í°12,ë³„ì ,ì¢‹ë„¤ìš”. ê°ì‚¬í•©ë‹ˆíƒ€,4
137,ì•„ì´í°12,ë³„ì ,"ë°°ì†¡ë¹ ë¥´ê³  ì¢‹ì•˜ìŠµë‹ˆë‹¤ ìƒí’ˆì€ ë¶ˆëŸ‰ì™€ì„œ ì„¼í„°ê°€ì„œ êµí™˜í–ˆë„¤ìš”ã… 
ê·¸ëž˜ë„ ë°°ì†¡ì´ ì›Œë‚™ ë¹ ë¥´ê²Œì™€ì„œ ì¢‹ì•˜ìŠµë‹ˆë‹¤~ ë¸”ëž™ì´ë»ìš”!",4
138,ì•„ì´í°12,ë³„ì ,ë¹ ë¥¸ë°°ì†¡ì¢‹êµ¬ ì¹´ë“œí• ì¸ìœ¼ë¡œ ì‚¬ì„œ ë” ì¢‹ì•„ìš”^^,4
139,ì•„ì´í°12,ë³„ì ,"ë°°ì†¡ì˜¤ë¥˜ë¡œ ì¸í•˜ì—¬ 7ì¼ì´ ê±¸ë ¸ìœ¼ë‚˜ã… 
ê¼­ ê°–ê³ ì‹¶ë˜ ê·¸ë¦°ìœ¼ë¡œ ì¢‹ì€ì œí’ˆ ë°›ê²Œë˜ì–´ ë„ˆë¬´ ê¸°ë¶„ ì¢‹ì•„ìš”! ê°ì‚¬í•©ë‹ˆë‹¤^^",4
140,ì•„ì´í°12,ë³„ì ,ì¢‹ì•„ìš” ë…¸íŠ¸5ì“°ë‹¤ê°€ ì•„ì´í°12ë¡œ ë´ê¾¸ë‹ˆê¹Œ ì¢‹ë„¤ìš” ì™œ ì•„ì´í°í•˜ëŠ”ì§€ ì•Œê²ƒê°™ì•„ìš”.,4
141,ì•„ì´í°12,ë³„ì ,ìŒ í• ì¸ ì •ë³´ê°€ ì¹´ë“œí• ì¸ì´ë¼ ê·¸ëŸ°ì§€ ëª…ì¾Œí•˜ì§€ ì•Šê³  ì¡°ê¸ˆ ê±±ì • ìŠ¤ëŸ½ìŠµë‹ˆë‹¤. ì œëŒ€ë¡œ ë˜ì—‡ëŠ”ì§€ í™•ì¸í•˜ëŠ” ì‹œìŠ¤í…œ ë„ìž…ì´ í•„ìš”í•´ ë³´ìž…ë‹ˆë‹¤.,4
142,ì•„ì´í°12,ë³„ì ,ë°°ì†¡ ë¹¨ëžì–´ìš” ê·¼ë° ê³µì‹í™ˆì¸ì¤„ ì•Œê³  ì‹œì¼¯ë„¤ìš”;,4
143,ì•„ì´í°12,ë³„ì ,í”„ë¡œì íŠ¸ ë ˆë“œ ìƒ‰ìƒì´ ì •ë§ ì˜ˆë»ìš”,4
144,ì•„ì´í°12,ë³„ì ,ì¢‹ì€ë° í• ì¸ã…‡ ì—†ì–´ì„œ ì•„ì‰¬ì›Œìš©,4
145,ì•„ì´í°12,ë³„ì ,ë²šê½ƒì—ë””ì…˜ ë‹¹ì²¨ì´ìš”... ë˜ë¥´ë¥´,4
146,ì•„ì´í°12,ë³„ì ,ìš©ëŸ‰ì´ ì»¤ì„œ ì¢‹ì•˜ìŠµë‹ˆë‹¤,4
147,ì•„ì´í°12,ë³„ì ,ë°°ì†¡ì´ ë¹¨ë¼ì„œ ì¢‹ë„¤ìš”.,4
148,ì•„ì´í°12,ë³„ì ,ìž˜ ì‚¬ìš©í• ê²Œìš”...,4
149,ì•„ì´í°12,ë³„ì ,"1ì°¨ë¡œ êµ¬ë§¤í–ˆëŠ”ë° 31ì¼ ì €ë…ì— ë°›ì•˜ì–´ìš”
ê·¸ëž˜ì„œ ë³„ í•˜ë‚˜ ë¹¼ìš” ã…Ž í•˜ì§€ë§Œ ì–‘í’ˆì´ ì™“ì–´ìš” ì½”ìŠ¤ë©”í‹±ì´ìŠˆë„ ì—†ê³  ì•¡ì •ë¬¸ì œë„ ì—†êµ¬ìš” ë§Œì¡±í•©ë‹ˆë‹¤.",4
150,ì•„ì´í°12,ë³„ì ,ë°°ì†¡ ìƒê°ë³´ë‹¤ ë¹¨ë¦¬ ì™”ì–´ìš”. í¬ìž¥ë„ ìž˜ë˜ìžˆê³ ìš” .í°ë„ ì´ìƒ ì—†ì–´ìš”~ì¼€ì´ìŠ¤ëž‘ ì•¡ì •ë³´í˜¸ í•„ë¦„ì€ ìƒê°í–ˆë˜ê±°ëž‘ ë‹¤ë¥¸ ëŠë‚Œ ê·¸ëƒ¥ê·¸ëž˜ìš”,4
151,ì•„ì´í°12,ë³„ì ,ëŠ¦ìŒ ë§¤ë‹¬ ìˆ˜ìš”ì¼êµ¬ë§¤ í† ìšœë‚ ì˜´ ì¿ íŒ¡ì´ì§±ì´ë‹¤,4
152,ì•„ì´í°12,ë³„ì ,ë§Œì¡±í•©ë¯¸ë‹¤. ë°°ì†¡ì€ ìª¼ê¸ˆ ëŠ¦ì—ˆì–´ìš”.,4
153,ì•„ì´í°12,ë³„ì ,ìž¬ê³ ë¥¼ êµ¬í•˜ê¸° ì •ë§ ì–´ë µë„¤ìš”,4
154,ì•„ì´í°12,ë³„ì ,ë“œë””ì–´ ë°›ì•˜ë‹¤>< ì¢‹ì•„ì—¬,4
155,ì•„ì´í°12,ë³„ì ,ìƒ‰ìƒ ì„ íƒ: í™”ì´íŠ¸ MGJC3KH/A,4
156,ì•„ì´í°12,ë³„ì ,ìž˜ ë°›ì•˜ì–´ìš” ì˜ˆì˜ë„¤ìš”,4
157,ì•„ì´í°12,ë³„ì ,"ë¬¼ê±´ë¹ ë¥´ê²Œ ìž˜ë°›ì•˜ìŠµë‹ˆë‹¤
ê°ì‚¬í•©ë‹ˆë‹¤",4
158,ì•„ì´í°12,ë³„ì ,ë‹¤í–‰ížˆ ì–‘í’ˆ ê±¸ë ¸ìŠµë‹ˆë‹¤~~ ë°°ì†¡ë„ ë°°ì†¡ì¶œë°œí›„ í•˜ë£¨ë§Œì— ì™”ì–´ìš” ã…‹ã…‹ ìž˜ì“°ê² ìŠµë‹ˆë‹¤~~,4
159,ì•„ì´í°12,ë³„ì ,"ë°°ì†¡ë„ ì˜ˆìƒë³´ë‹¤ ì§„ì§œ ë¹¨ë¦¬ì˜¤ê³  ì œí’ˆìƒíƒœë„ ì–‘í˜¸í–ˆìŠµë‹ˆë‹¤.
ë ˆë“œ ì§€ì´ì¸ì§œ ì´ë¿¨ìš” ã… ã…  êº„ì•„ì•„ì•„",4
160,ì•„ì´í°12,ë³„ì ,ë°°ì†¡ë„ ê´œì°®ê³  í•˜ìžì—†ì´ ìž˜ë°›ì•˜ìŠµë‹ˆë‹¤,4
161,ì•„ì´í°12,ë³„ì ,êµ¿ìš°ì²˜ë‚˜ì €ì–´í„°í„°ì²˜ì•„ë‚œã…‹,4
162,ì•„ì´í°12,ë³„ì ,ìƒí’ˆì´ ìž˜ ë„ì°©í–ˆì–´ìš”,4
163,ì•„ì´í°12,ë³„ì ,"ìƒ‰ê¹”ì€ ì˜ˆìƒê³¼ ì¢€ ë‹¤ë¥´ë‚˜, ë°°ì†¡ë§Œì¡±, ìƒí’ˆí€„ë¦¬í‹° ë§Œì¡±",4
164,ì•„ì´í°12,ë³„ì ,"3ì£¼ì°¨ ë°°ì†¡ì´ë¼ê³  í–ˆëŠ”ë° 11/2 ê²°ì œí›„ 6ì¼ì— ë°›ì•˜ìŠµë‹ˆë‹¤.
ë°°ì†¡ì´ ë¹¨ë¼ì„œ ë¯¸ë¦¬ ì¼€ì´ìŠ¤ë¥¼ ì¤€ë¹„ ëª»í•œê²Œ ì¡°ê¸ˆ ì•„ì‰½ë„¤ìš” ã…œã…œ",4
165,ì•„ì´í°12,ë³„ì ,ë§Žì´ ë§Žì´ ë§Žì´ íŒŒì„¸ìš”,4
166,ì•„ì´í°12,ë³„ì ,ì¢‹ì•„ìœ ì¢‹ì•„ìœ ì¢‹ì•„ìœ ì¢‹ì•„ìœ ì¢‹ì•„ìœ ,4
1,ì•„ì´í°12,ë³„ì ,"êº… !!!! ì˜ðŸŒŸë¡±ðŸŒŸ ê·¸ìžì²´ðŸ’ƒðŸ‘ ë„˜ëª¨ ì˜ˆë»ìš”!!!!
ì € ì‚¬ìžë§ˆìž í’ˆì ˆ ëœ¨ë˜ë° ì œê°€ ë§ˆì§€ë§‰ì´ì—ˆë‚˜ë´ìš”!! ìš´ë„ ì¢‹ì§€ ~~~~!!ðŸ€ðŸ§šâ€â™‚ï¸ðŸ’šðŸ’š
ì‹œí‚¤ê³ ì„œ ì–¸ì œì¯¤ ì˜¤ë‚˜.. ë˜ íŒŒì†ë ê¹Œë´ ì¡°ë§ˆì¡°ë§ˆ í–ˆì—ˆëŠ”ë° ë°°ì†¡ë„ íƒ„íƒ„ ì•ˆì „í•˜ê²Œ ì˜¤ê³  í ì§‘ë„ ì—†ì–´ì„œ ì™„ì „ ê¸°ë»ìš” >_<
ì‚¬ì§„ ì°ëŠ” ê±° ì¢‹ì•„í•˜ëŠ”ë° ì´ í°ìœ¼ë¡œ ì•žìœ¼ë¡œ ì˜ˆìœ ì¶”ì–µ ë§Žì´ë§Žì´ ë‹´ìœ¼ë ¥ìš°ìš¤ðŸ˜˜ðŸ¥°ðŸ¤— ë§Œë§Œì„¸~~!~!~!~!~~!~!!",5
2,ì•„ì´í°12,ë³„ì ,"í™”ì´íŠ¸ ì‚¬ê³  ì‹¶ì–´ì„œ í’ˆì ˆ í’€ë¦´ë•Œ ê¹Œì§€ í•˜ë£¨ì— í•œë²ˆì”© ë“¤ì–´ì™€ì„œ í™•ì¸í–ˆì–´ìš”!!! ì €ëŠ” 5-6ì‹œ ì‚¬ì´ ì˜¤í›„ì‹œê°„ëŒ€ì— êµ¬ë§¤í–ˆìŠµë‹ˆë‹¤
ì—¬ê¸°ì„œ êµ¬ë§¤í•œê²Œ ê°€ìž¥ í•©ë¦¬ì ì´ê³  ë§Œì¡±ìŠ¤ëŸ¬ì›Œìš” ë„¤ì´ë²„íŽ˜ì´ í¬ì¸íŠ¸ê°€ ì´ê³³ ì €ê³³ ìœ ìš©í•˜ê²Œ ì“°ì´ëŠ”ë° í¬ì¸íŠ¸ ë§Žì´ ìŒ“ì´ëŠ”ê²Œ ì œì¼ ì¢‹ì•˜ì–´ìš”bb
ë°°ì†¡ë„ í•˜ë£¨ë§Œì— ì™€ì„œ ë¹¨ë¦¬ ë°›ì•„ ë³¼ ìˆ˜ ìžˆì—ˆì–´ìš”!! ë½ë½ì´ë¡œ ì‹¸ì ¸ì„œ ì•ˆì „í•˜ê²Œ ë°°ì†¡ëì–´ìš” ë¹ ë¥¸ë°°ì†¡ ìµœê³ ì—ìš”
ê·¸ë¦¬ê³  ë„¤ì´ë²„ ì •ì‹ ì• í”Œì‚¬ì´íŠ¸ì—¬ì„œ ë¯¿ê³  êµ¬ë§¤í–ˆìŠµë‹ˆë‹¤!! ë°°ì†¡ ì˜¤ìžë§ˆìž ìœ íˆ¬ë¸Œ ë³´ë©´ì„œ ë¶ˆëŸ‰ í™•ì¸ í–ˆëŠ”ë° ë‹¤í–‰ížˆ ì–‘í’ˆì¸ê²ƒ ê°™êµ¬ìš”!!
ë³¼ã„¸ã…ë§ˆë‹¤ã… ì˜ë¡±í•˜ê³  ë„ˆë¬´ ì˜ˆë»ìš” ë³´ê³ ë§Œìžˆì–´ë„ íë­‡í•©ë‹ˆë‹¤ ì˜¤ëž˜ê¸°ë‹¤ë¦¬ë‹¤ êµ¬ë§¤í•´ì„œ ê·¸ëŸ°ì§€ ì• í‹‹í•˜ê³  ê·¸ëŸ¬ë„¤ìš” ã… ã… ã… 
xsì“°ë‹¤ê°€ ë„˜ì–´ì™”ëŠ”ë° ê°€ìž¥ í° ì°¨ì´ì ê³¼ ë§Œì¡±ê°ì€ ì¼ë‹¨ ê·¸ë¦¬ê³  ì´ì „í°ì€ ì–´ë–»ê²Œ ì¼ë‚˜ ì‹¶ë„¤ìš”!!
êµ¬ë§¤í• ë•Œ ê°•í™”í•„ë¦„ ì¼€ì´ìŠ¤ íŽ˜í‚¤ì§€ê°€ í’ˆì ˆì´ì—¬ì„œ ê°™ì´ êµ¬ë§¤ëª»í•œê²Œ ìŠ¬íŽì§€ë§Œ ì˜ˆìœ ì•„ì´í°ì„ í•©ë¦¬ì ì´ê²Œ êµ¬ë§¤í–ˆë‹¤ëŠ” ì ì—ì„œ ê°€ìž¥ ë§Œì¡±ìŠ¤ëŸ¬ì›Œìš”!! ê¼­ ì‚¬ì„¸ìš” ë‘ë²ˆ ì‚¬ì„¸ìš” ã… ã… ã… ",5
3,ì•„ì´í°12,ë³„ì ,"í¬ì¸íŠ¸ ë°›ëŠ”ê±° ê¹Œì§€ ìƒê° í•˜ë©´ ê°€ê²© ê´œì°®ê²Œ êµ¬ë§¤ í•œê²ƒ ê°™ì•„ìš” ë°°ì†¡ë„ ë‹¤ìŒë‚  ë°”ë¡œ ì™€ì„œ ê±±ì • ì—†ì—ˆê³ ìš”
ì”¨íƒ€ìž… ì¼€ì´ë¸”ì´ë¼ ì¶©ì „ê¸°ëŠ” ê·¸ì „ì— ì‚¬ìš©í•˜ë˜ ì¼€ì´ë¸”ì¶©ì „ê¸°ë¥¼ ê³„ì† ì‚¬ìš©í•´ì•¼ê² ì–´ìš” ã… 
ì´ê±´ ë¯¸ë¦¬ ì•Œê³  ìžˆë˜ê±°ë¼ ~~~

ê·¸ë¦¬ê³  ìƒê°ë³´ë‹¤ ë¬´ê²ì§€ ì•Šì•„ìš”
ê·¸ë¦½ê°ë„ ì¢‹ì–´ìš”
í™”ì´íŠ¸ë¡œ í•˜ê¸¸ ìž˜í•œê²ƒ ê°™ì•„ìš”

12í”„ë¡œëž‘ ê³ ë¯¼ í–ˆëŠ”ë°",5
4,ì•„ì´í°12,ë³„ì ,"ì•„ì´í°6ë¥¼ ì‚¬ìš©í•˜ë‹¤. 19ë…„ì´ˆ ë§›ì±™ì´ë¼ ê°€ì„œ. ê°¤ëŸ­ì‹œ ì²˜ìŒ ì¨ë³´ê³ .ìƒê° ë³´ë‹¤ê°¤ëŸ­ì‹œê°€ ê´œì°®ìžˆë‹¤ê°€. ì—ìŠ¤ì¼€ì´ëŠ”. ì“°ë ˆê¸°ìž¥ì€ ë‚´êµ¬ì„±ì— ì§ˆë ¸ìŠµë‹ˆë‹¤. ëª‡ë²ˆë–¨ê¶œë”ë‹ˆ ì•¡ì •ì´ë‚˜ê°. ì´ì „. ì•„ì´í°4,6. ì•„ë¬´ë¦¬ë–¨ê¶ˆë„. ì•¡ì • ë‚˜ê°„ì ã…‡ì—†ì—ˆëŠ”ë°.
ë§ˆì¹¨ 12 ê°€ ìƒˆë¡œë‚˜ì™”ë‹¤ê¸¸ëž˜. ê²€ì • í°ìƒ‰ ì‚¬ì£„í•˜ê³ . ë¹¨ê°• ë¯¼íŠ¸ íŒŒëž€ ì¤‘ ê³ ë¯¼ì´ë§Žì•˜ìŠµë‹ˆë‹¤. ìƒê°ë³´ë‹¤. ê·¸ë¦°ì´. ë‚¨ìžëž‘. ìž˜ë§žë„¤ìš”. ì—¬ì„±. ì—¬ì„±í•˜ì§„ì•Šì•„ìš”
ê°€ê²©ì´ë„ˆë¬´ë¹„ì‹¸ì„±ë§ì„¤ì—¬ì§€ê³ . ì›ëž˜ í•¸ë“œí° ìš•ì‹¬ë„ì—†ê¸´í•œë°. í°ë§˜ë¨¹ê³  í°ì§€ì¶œë¡œ 6ë…„ì´ìƒì€ë²„í…¨ë³´ê°°ìŠµë‹ˆë‹¤. í™”ë©´ì€ ì»¤ì¡ŒëŠ”ë° ì˜¤íƒ€ëŠ” ìž‘ë ¬í•˜ë„¤ìš”
ê·¸ê°„ ì•„ì´í°ì´ ë„ˆë¬´ ë§Žì´ë°”ê»´. ë§Žì´ì–´ë µë„¤ìš”. ë…¸ì¸ë„¤ì¸ì¤„. ì´ìœë° ë¹„ì‹¼ë° ì°¾ê²Œë˜ëŠ” ì´ìƒí•œ í•¸ë“œí°. ìž˜ì“¸ê²Œìš”",5
5,ì•„ì´í°12,ë³„ì ,"ë°°ì†¡ ì¶œê³ ëŠ” ë¹¨ëžìœ¼ë‚˜ ë°°ì†¡ë˜ëŠ” ê³¼ì •ì—ì„œ íƒë°°ì‚¬ ë¬¸ì œë¡œ ì¡°ê¸ˆ ì§€ì—°ì´ ë˜ì–´ì„œ ì•„ì‰¬ì› ë„¤ìš”. ê¸± ë¶ˆëŸ‰ì—†ì´ ê¹¨ë—í•˜ê³  ì•ˆì „í•˜ê²Œ ë°°ì†¡ë˜ì–´ì„œ ì¢‹ì•„ìš”!

ì—¬ì§€ê» ê°¤ëŸ­ì‹œë§Œ ì“°ë‹¤ê°€ ì²˜ìŒ ì•„ì´í°ìœ¼ë¡œ ë°”ê¿”ë³´ì•˜ëŠ”ë° í¬ì¸íŠ¸ë„ 8ë§Œí¬ì¸íŠ¸ë‚˜ ì±™ê²¨ì£¼ì‹œê³  ê°€ê²©ë„ ì •ê°€ì— êµ¬í•˜ê¸°ê°€ ì§„ì§œíž˜ë“¤ì—ˆëŠ”ë°.. ì €ë„ ì—¬ê¸°ì„œ ëª‡ë‚ ëª‡ì¼ ìž…ê³ ì‹œê°„ë§ˆë‹¤ ìƒˆë¡œê³ ì¹¨ ì²´í¬í•˜ë˜ì¤‘ í™”ì´íŠ¸ë¥¼ ë…¸ë ¥ëì— ë“í…œí•˜ì˜€ìŠµë‹ˆë‹¤.

2ì£¼ì •ë„ ëœ ì§€ê¸ˆ ì•„ì£¼ ìž˜ì“°ê³ ìžˆêµ¬ìš”! ë‹¤ìŒ ì•„ì´í°ë„ ì—¬ê¸°ì„œ ì‚¬ì•¼ê² ì–´ìš”~~!",5
6,ì•„ì´í°12,ë³„ì ,"ì¼ë‹¨ ë°°ì†¡ì´ ì—„ì²­ ë¹¨ëžì–´ìš”. ìž¬ê³  ê¸°ë‹¤ë¦¬ë‹¤ê°€ 6ì¼ ë‚  ë– ì„œ ë°”ë¡œ ê²°ì œí–ˆëŠ”ë° í•˜ë£¨ë§Œì— (7ì¼)ì— ë°”ë¡œ ì™”ì–´ìš”. í¬ìž¥ë„ íŠ¼íŠ¼í•˜ê²Œ ë˜ì–´ìžˆë”ë¼ê³ ìš”. í•¸ë“œí°ì´ëž‘ ë‹¤ë¥¸ ìœ ì‹¬ì´ ê°™ì´ ì™”ëŠ”ë° ì´ ìœ ì‹¬ì€ ì–´ë–»ê²Œ ì‚¬ìš©í•˜ëŠ”ì§€ëŠ” ìž˜ ëª¨ë¥´ê² ëŠ”ë° ê¸°ì¡´ì— ì‚¬ìš©í•˜ë˜ ìœ ì‹¬ ì‚¬ìš©í•˜ë ¤êµ¬ìš”~
ê·¸ë¦¬ê³  ë„¤ì´ë²„ ê³µì‹ íŒë§¤ì²˜ì—ì„œ êµ¬ë§¤í•˜ëŠ” ê²Œ ë„¤ì´ë²„ ì ë¦½ê¸ˆ ë“± ë§Žì€ í• ì¸ì„ ë°›ì„ ìˆ˜ ìžˆì–´ì„œ ë‹¤ë¥¸ ê³³ì—ì„œ êµ¬ë§¤í•˜ëŠ” ê²ƒë³´ë‹¤ ë§Žì´ ì €ë ´í•´ì„œ ì¢‹ë„¤ìš”ã…Žã…Ž
ì•„ì´í°12 ê·¸ë¦° ìƒ‰ìƒì€ ì‚¬ì§„ë³´ë‹¨ ë” ë°ê³  ë” ì˜ˆë»ìš”. ì¡°ëª…ë§ˆë‹¤ ìƒ‰ê¹”ì´ ë‹¤ë¥´ê²Œ ë³´ì¸ë‹µë‹ˆë‹¤! ë¸”ëž™ì„ ì‚¬ìš©í–ˆì—ˆëŠ”ë° ë¸”ëž™ì€ ë¨¼ì§€ê°€ ë„ˆë¬´ ìž˜ ë³´ì´ë”ë¼ê³ ìš”. ê·¸ëŸ°ê±°ì— ì˜ˆë¯¼í•˜ì‹  ë¶„ë“¤ì€ ë°ì€ ìƒ‰ìƒ êµ¬ìž…í•˜ì„¸ìš”. ê·¸ë¦° ì™„ì „ ì¶”ì²œí•©ë‹ˆë‹¹

*ê¿€íŒ*
í’ˆì ˆì´ë¼ê³  ë˜ì–´ ìžˆì–´ë„ ê°€ë”ê°€ë” ìž¬ê³  í’€ë¦¬ë‹ˆê¹Œ ìˆ˜ì‹œë¡œ í™•ì¸í•˜ì‹œê³  ì›í•˜ì‹œëŠ” ìƒ‰ìƒ êµ¬ë§¤í•˜ì„¸ìš”! â™¥",5
7,ì•„ì´í°12,ë³„ì ,ì²˜ìŒìœ¼ë¡œ ìžê¸‰ì œ í°ì„ êµ¬ë§¤í•˜ê¸° ìœ„í•´ ê²€ìƒ‰í•˜ë‹¤ ê³µì‹ëª°ì—ì„œ 1ì›” 4ì¼ ì•„ì´í°12 í™”ì´íŠ¸ ìž¬ê³  í™•ì¸í›„ ë°”ë¡œ êµ¬ë§¤í–ˆìŠµë‹ˆë‹¤. ë°°ì†¡ì€ ì¢€ ëŠ¦ê²Œ ìˆ˜ìš”ì¼ ì˜¤í›„ì— CJíƒë°°ë¡œ ìˆ˜ë ¹í–ˆìŠµë‹ˆë‹¤. ë„¤ì´ë²„ ê³µì‹ìŠ¤í† ì–´ì—ì„œ êµ¬ë§¤í•´ì„œ ë„¤ì´ë²„íŽ˜ì´ í¬ì¸íŠ¸ë„ ì±™ê²¨ì„œ ì¸ì§€ ì¡°ê¸ˆì´ë¼ë„ ë” ì €ë ´í•˜ê²Œ êµ¬ë§¤í•˜ëŠ” ê¸°ë¶„ì´ ë“œë„¤ìš”. ë‚¨ìžëŠ” ë¸”ëž™ì´ë¼ê³  í•´ì„œ 4ë…„ ë™ì•ˆ ì•„ì´í°ì€ ë¸”ëž™ë§Œ ì‚¬ìš©í•˜ë‹¤ ì´ë²ˆì— XRì—ì„œ ìžê¸‰ì œë¡œ ê°ˆì•„íƒ€ë©´ì„œ í™”ì´íŠ¸ë¥¼ ì˜¤ëžœë§Œì— êµ¬ë§¤ í–ˆìŠµë‹ˆë‹¤. ì•„ì´í°ì€ ë” ì¢‹ëƒ ë‚˜ì˜ëƒë¡œ íŒë‹¨í•˜ê¸° ë³´ë‹¨ ê·¸ëƒ¥ ì•„ì´í°ì˜ ê°ì„± ê·¸ê±° í•˜ë‚˜ ë•Œë¬¸ì— ì‚¬ìš©í•˜ëŠ” í°ì´ì£ . ì¡°ê¸ˆì´ë¼ë„ ì €ë ´í•˜ê²Œ ê¸°ê¸°ë³€ê²½í•˜ë ¤ë©´ ìžê¸‰ì œí°ì„ ìµœì €ê°€ë¡œ êµ¬ìž…í•´ì„œ ì²´ì¸ì§€ í•˜ëŠ”ê²Œ ê°€ìž¥ ì €ë ´í•œ ë°©ë²• ê°™ìŠµë‹ˆë‹¤.,5
8,ì•„ì´í°12,ë³„ì ,"ì•„ì´í°ìœ¼ë¡œ ë°”ê¾¼ í›„ í•œ ë‹¬ ì‚¬ìš©í–ˆì–´ìš”. í™”ì´íŠ¸ ìƒ‰ìƒì€ ì²˜ìŒì¸ë° ê¹”ë”í•œ ë””ìžì¸ì´ë¼ì„œ ì§ˆë¦¬ì§€ ì•Šê³  ì˜¤ëž˜ ì‚¬ìš©í•  ìˆ˜ ìžˆì„ ê²ƒ ê°™ì•„ìš”. ì œì¼ ë§Œì¡±ìŠ¤ëŸ¬ìš´ ê²ƒì€ ì¹´ë©”ë¼ì—ìš”. ì–´ë‘ìš´ ê³³ì—ì„œ ì°ì–´ë„ ë¶„ìœ„ê¸°ì— ë§žê²Œ ìž˜ ë‚˜ì™€ìš”. ê°„ë‹¨í•œ ì‚¬ì§„ë³´ì •ì´ë‚˜ íŠ¸ë¦¬ë°ë„ ì¢‹êµ¬ìš”, í°ì˜ ë¬´ê²Œë„ ê°€ë²¼ìš´ íŽ¸ì´ë¼ì„œ ë“¤ê³  ë‹¤ë‹ˆê¸° ì¢‹ì•„ìš”.",5
9,ì•„ì´í°12,ë³„ì ,"ë°°ì†¡/í¬ìž¥ìƒíƒœ: â˜…â˜…â˜…â˜…â˜… (ë§¤ìš° ë§Œì¡±)
ì‚¬ì‹¤ ì•„ì´í°ì²˜ëŸ¼ 100ë§Œì›ì´ ë„˜ì–´ê°€ëŠ” ê³ ê°€ì˜ ì œí’ˆë“¤ì„ ì˜¤í”„ë¼ì¸ë³´ë‹¤ ì¸í„°ë„·ì—ì„œ ì£¼ë¬¸í•˜ëŠ”ë° ìžˆì–´ ê°€ìž¥ ê±±ì •ë˜ëŠ”ê±´ ì•„ë¬´ëž˜ë„ 'ë°°ì†¡'ì´ë¼ê³  ì €ëŠ” ìƒê°í–ˆìŠµë‹ˆë‹¤. ê·¸ëž˜ì„œ ì •ë§ í•¸ë“œí°ì´ ì˜¤ê¸° ì „ê¹Œì§€ ê±±ì •ì„ ì •ë§ ë§Žì´ í–ˆëŠ”ë° ê·¸ëŸ´í•„ìš” ì „í˜€ì—†ì—ˆìŠµë‹ˆë‹¤. ë°°ì†¡ëœ ë°•ìŠ¤ë¥¼ ì—´ë©´ ì•„ì´í°ì´ ì‚¬ì§„ê³¼ ê°™ì´ í¬ìž¥ë˜ì–´ìžˆìŠµë‹ˆë‹¤. ""ë½ë½ì´ë¡œ 3ê²¹ì´ìƒì •ë„ +ë°•ìŠ¤ì— íŒŒì†ì£¼ì˜ í…Œì´í”„""ê°€ ê°ê²¨ìžˆìŠµë‹ˆë‹¤. ê·¸ëž˜ì„œ ë°•ìŠ¤íŒŒì†ì´ ì—†ëŠ” ê²ƒ ê°™ì•„ íƒë°°ì‚¬ì¸¡ì—ì„œë„ ê½¤ ì‹ ê²½ì„ ì¨ì£¼ì‹  ê²ƒ ê°™ì€ ëŠë‚Œì´ ë“¤ì—ˆìŠµë‹ˆë‹¤. í˜¹ì—¬ë¼ë„ íŒŒì†ë ê¹Œë´ ì£¼ë¬¸ì„ ì£¼ì €í•˜ì‹ ë‹¤ë©´ ì£¼ì €ì—†ì´! ì£¼ë¬¸í•˜ì…”ë„ ì¢‹ì„ ê²ƒ ê°™ìŠµë‹ˆë‹¤ã…Žã…Ž
ì œí’ˆ ë§Œì¡±ë„: â˜…â˜…â˜…â˜…â˜… (ë§¤ìš° ë§Œì¡±) - ë…¸ì¹˜ê°€ ì•„ì‰½ê¸´í•˜ì§€ë§Œ ë‚˜ë¨¸ì§€ ë¶€ë¶„ì—ì„œ ì™„ë²½ì— ê°€ê¹Œìš´ ì œí’ˆì´ì—ˆë‹¤.
ì•„ì´í°12ê°€ ì²˜ìŒ ë‚˜ì™”ì„ ë–„, í˜ì‹ ì´ ì—†ë‹¤ê³  í–ˆì§€ë§Œ ë©°ì¹ ì „ì—ëŠ” 'ê°¤ëŸ­ì‹œì˜ íŒë§¤ëŸ‰ì„ ì¶”ì›”í–ˆë‹¤'ëŠ” ì´ì•¼ê¸°, '1ì´ˆì— 10ëŒ€ì”© íŒ”ë ¸ë‹¤' ë¼ëŠ” ê¸°ì‚¬ë¥¼ ì ‘í–ˆë˜ ê¸°ì–µì´ ë‚©ë‹ˆë‹¤. ì§€ê¸ˆê¹Œì§€ ê³„ì† ê°¤ëŸ­ì‹œë§Œì„ ì¨ì™”ê³  í˜„ìž¬ ê°¤ëŸ­ì‹œ ë…¸íŠ¸10 ì œí’ˆì„ ì‚¬ìš© ì¤‘ì´ë˜ ì €ë¡œì¨ëŠ” ë„ëŒ€ì²´ ì™œ ì‚¬ê³¼ì— ì‚¬ëžŒë“¤ì´ ì—´ê´‘í•˜ëŠ” ê±¸ê¹Œ? ë¼ëŠ” ì˜ë¬¸ë§Œ ë“¤ì—ˆìŠµë‹ˆë‹¤. í•˜ì§€ë§Œ ì´ë²ˆ ì•„ì´í° 12 ì •ë§ ëŒ€ë‹¨í•©ë‹ˆë‹¤. ë””ìžì¸ ë¶€ë¶„ì—ì„œëŠ” ì•„ì´í°ì˜ ë‘¥ê¸€ë‘¥ê¸€í•œ ì¹´ë©”ë¼ì™€ ì œí’ˆì˜ í‹€ ê·¸ë¦¬ê³  ê¹»ìžŽí†µì¡°ë¦¼ì˜ ë””í…Œì¼ë“¤ì´ ìƒë‹¹ížˆ ë§¤ë ¥ì ìœ¼ë¡œ ë‹¤ê°€ì™”ìŠµë‹ˆë‹¤. ê·¸ë¦¬ê³  ì•„ì´í°ì˜ ì§„ë™ì€ ì²˜ìŒ ëŠê»´ë´¤ëŠ”ë° ì´ê±´ ê²”ëŸ­ì‹œì— ë¹„í•´ í™•ì‹¤ížˆ í•œ ìˆ˜ ìœ„ë¼ê³  ëŠê»´ì¡ŒìŠµë‹ˆë‹¤. ë¹„ë¡ íŽ€ì¹˜í™€ì˜ ì œí’ˆ(ë…¸íŠ¸10)ì„ ì‚¬ìš©í•˜ë‹¤ê°€ ë…¸ì¹˜ì œí’ˆ(ì•„ì´í°12)ì„ ë³´ë‹ˆ ì¢€ ê±°ìŠ¬ë¦¬ê¸´ í–ˆìœ¼ë‚˜ ê·¸ê±¸ ì œì™¸í•˜ë©´ ë¬´ê²Œ, ë””ìžì¸, ios íŠ¹ìœ ì˜ ë¶€ë“œëŸ¬ì›€, ì¹´ë©”ë¼ ëª¨ë‘ ë§Œì¡±ìŠ¤ëŸ¬ìš´ êµ¬ë§¤ì˜€ë‹¤ê³  ì €ëŠ” ìƒê°í•©ë‹ˆë‹¤!",5
10,ì•„ì´í°12,ë³„ì ,"1ì›” 6ì¼ ì €ë…ì— ìž¬ê³  í’€ë ¸ê¸¸ëž˜ ì£¼ë¬¸í•˜ê³ 
1ì›” 7ì¼ ì˜¤ì „ ë°œì†¡ 1ì›” 8ì¼ ì˜¤í›„ 3ì‹œì— ë°›ì•˜ìŠµë‹ˆë‹¤^_^
ë°°ì†¡ ì—„ì²­ ë¹¨ë¼ì„œ ì¢‹ì•˜ì–´ìš”!
íƒ€ì‚¬ì´íŠ¸ì—ì„œ ìžê¸‰ì œë¡œ êµ¬ë§¤í–ˆì„ ë•Œ ì½”ìŠ¤ë©”í‹± ì´ìŠˆê°€ ìžˆì—ˆë˜ì§€ë¼ ì•½ê°„ ê±±ì •í–ˆëŠ”ë° ì¢‹ì€ ì œí’ˆ ìž˜ ë°›ì•˜ìŠµë‹ˆë‹¤!
ì–‘í’ˆ í…ŒìŠ¤íŠ¸ë„ í•´ë³´ê³  ì´ê²ƒì €ê²ƒ ë‹¤ ë‘˜ëŸ¬ë³´ê³  í™•ì¸í•´ë´ë„ ê´œì°®ì€ ê²ƒ ê°™ì•„ìš”!
ìŠ¤í¬ëž˜ì¹˜ë„ ì¼ì ˆ ì—†ê³  ì°íž˜ê°™ì€ ë¬¸ì œë„ ì—†ì—ˆìŠµë‹ˆë‹¤~
ë„¤íŽ˜ í¬ì¸íŠ¸ë„ ë°›ê³  ì§±ì§±~!
!",5
11,ì•„ì´í°12,ë³„ì ,"ë°°ì†¡ ë°›ì•„ë³´ë‹ˆ ë°•ìŠ¤ ì–‘ì˜† í…Œì´í”„ê°€ ì‚¬ì§„ì²˜ëŸ¼ ë‹¤ ì°¢ê²¨ì„œ ì™”ê³  ê·¸ ì‚¬ì´ê°€ ë¶• ë– ìžˆìœ¼ë©´ì„œ ë°•ìŠ¤ ì•ˆìª½ ë‚ ê°œ ë‹¤ êµ¬ê²¨ì ¸ìžˆëŠ”ê±°ë³´ë‹ˆ ëˆ„ê°€ë´ë„ íŒ”ì„ ì§‘ì–´ë„£ì–´ì„œ í—¤ì§‘ì€ê±° ê°™ì€ë° íƒë°°ê°€ ë„ì°©í•˜ìžë§ˆìž ê°–ê³  ë“¤ì–´ì˜¨ê±°ê¸°ë•Œë¬¸ì— ê±´ë¬¼ì—ì„œ ì¼ì–´ë‚œ ì¼ì€ ì•„ë‹ˆê³  ì¶œê³ ë˜ ë¬¼ë¥˜ë˜ ì œí’ˆì´ ì´ë™í•˜ëŠ” ê³¼ì •ì—ì„œ ëˆ„êµ°ê°€ ê°•ì œë¡œ ëœ¯ì€ê²ƒìœ¼ë¡œ ë³´ìž…ë‹ˆë‹¤.
íŒ¨í‚¤ì§•ì„ í•˜ê³ ë‚˜ì„œ ê²€ìˆ˜í•  ì¼ì€ ì—†ì„í…ë° ì™œ í…Œì´í”„ë¥¼ ëœ¯ì–´ì„œ ì†ì„ ì§‘ì–´ë„£ì—ˆì„ê¹Œìš”? ì˜†ì— ìœ ì‹¬ë“¤ì–´ìžˆëŠ” ë˜‘ê°™ì€ ë°•ìŠ¤ëŠ” ë©€ì©¡í•œë° í•¸ë“œí°ì´ ë“¤ì–´ìžˆëŠ” ë°•ìŠ¤ë§Œ ê·¸ë ‡ë„¤ìš”.
ë‹¤í–‰ížˆ ì œí’ˆì€ ì´ìƒì—†ì§€ë§Œ , .",5
12,ì•„ì´í°12,ë³„ì ,"ê³„ì† ì•„ì´í° ì“°ë‹¤ê°€ 2ë…„ ê°¤ëŸ­ì‹œ ì“°ë‹¤ ëŒì•„ì™€ë³´ë‹ˆ
ì»¤ìŠ¤í„°ë§ˆì´ì¦ˆëœ ê°¤ëŸ­ì‹œë³´ë‹¤ ë¶ˆíŽ¸í•œ ì ì´ ë§Žì§€ë§Œ
ì—­ì‹œ ì†ì´ ê¸°ì–µí•˜ë„¤ìš”... ã…‹
ë½‘ê¸°ë¥¼ ìž˜ëª»í•œ ê±´ì§€ ì†ë„ëŠ” ê·¸ë‹¤ì§€ ë¹ ë¥¸ì§€ ìž˜ ëª¨ë¥´ê² êµ¬ìš”... ë­ ê·¸ë‹¤ì‹œ ìƒˆë¡œìš¸ ê²ƒì€ ì—†ì–´ë³´ìž…ë‹ˆë‹¤. ìœ ì‹¬ë„ ì™”ëŠ”ë° ê³µê¸°ê³„ë¡œ ê°œí†µí•´ë³¼ê¹Œ í•˜ë„¤ìš”.
ìƒ‰ì€ ê¸°ëŒ€í•œ ìƒ‰ì´ ì•„ë‹ˆë¼ ê± ê·¸ëž˜ìš”. ë¨¼ì§€ë„ ì—„ì²­ ìž˜ ë¬»ì–´ìš”.",5
13,ì•„ì´í°12,ë³„ì ,"ì´ì „ì— ì•„ì´í°8í”ŒëŸ¬ìŠ¤ë¥¼ ì¼ëŠ”ë°, ì°¨ì´ì ì€ ë¹›ì´ í›¨ì”¬ ë” ëª¨ì•„ì§‘ë‹ˆë‹¤! ì•„ì§ì€ ì™„ì „ížˆ ì•¼ê²½ì˜ ë¹›ì„ ì™„ë²½ížˆ ìž¡ì§„ ëª»í•˜ì§€ë§Œ ì–¸ì  ê°„ ì• í”Œì€ í•´ë‚¼ê±°ë¼ë¯¿ì–´ìš” ã…Žã…Ž ì•„ì´í°8í”ŒëŸ¬ìŠ¤ì™€ í™”ë©´ì„ ë¹„êµí–ˆì„ë•Œ ì²˜ìŒì—” ì•„ì´í°12 í™”ë©´ì´ ë„ˆë¬´ ëˆ„ëž˜ì„œ ê¹œì§ ë†€ëžì–´ìš”. ê·¼ë° ì•Œê³ ë³´ë‹ˆ ì„¤ì •ì—ì„œ ì°¨ê°€ìš´í†¤ìœ¼ë¡œ ì¡°ì ˆí•˜ë‹ˆ ì•„ì´í°ë§Œì˜ í•˜ì–—ê³  ì‹œì›í•œ ìƒ‰ê°ì´ ëŒì•„ì™”ì–´ìš”! ìµœëŒ€ ë‹¨ì ì„ ë§í•œë‹¤ë©´ ì•„ì´í°8í”ŒëŸ¬ìŠ¤ë¥¼ ì¼ë˜ ìœ ì €ë¡œì¨ ì§€ë¬¸ë²„íŠ¼ì´ ì—†ì–´ì ¸ì„œ êµ‰ìž¥ížˆ ë¶ˆíŽ¸í•˜ë”ë¼êµ¬ìš”... ì´ì   ìµìˆ™í•´ì¡Œì§€ë§Œ ã… ã… ã…  ã…Žã…Ž ì–¼êµ´ì¸ì‹ì€ ë§ˆìŠ¤í¬ë¡œ ì¸í•´ íž˜ë“¤ê³ ... ë§ˆìŠ¤í¬ ë²—ì—ˆì„ë• ì¸ì‹ìž˜ë˜ìš”! ì•”íŠ¼ í›„ê¸°ê°€ ê¸¸ì—ˆì§€ë§Œ ì•„ì´í°ì€ ì–¸ì œë‚˜ ì˜³ìŠµë‹ˆë‹¤ ã…Žã…Ž !! ë‹¤ìŒ ë²„ì „ì€ ë” íŽ¸ë¦¬í•˜ê³  ì‹ ë°•í•˜ê¸¸!",5
14,ì•„ì´í°12,ë³„ì ,"ì£¼ë¬¸í•˜ê³  ê·¸ ë‹¹ì¼ë‚  ë°”ë¡œ ë°°ì†¡í•´ì£¼ì…¨ì–´ìš© ì¸ê¸°ë§Žì•„ì„œ ë°°ì†¡ ëŠë¦´ì¤„ ì•Œì•˜ëŠ”ë° ì™„ì „ ì´ì•Œë°°ì†¡ !~!~!~!~!~! í˜¹ì‹œ ê¹¨ì§€ë©´ ì–´ì©Œì§€ ë¼ëŠ” ê±±ì •í–ˆëŠ”ë° ê·¸ëŸ´í•„ìš” ì—†ìœ¼ì‹¤ êº¼ ê°™ì•„ìš” â—¡â—¡
ë‹¤ë“¤ ë¯¸ë¦¬ ì¼€ì´ìŠ¤ëž‘ í•„ë¦„ ì‚¬ë‘ì‹œëŠ”ê±¸ ì¶”ì²œí•¨ë‹ˆë‹¤ ! ë°°í„°ë¦¬ë„ ì˜¤ëž˜ê°€ê³  ë„ˆë¬´ ì˜ë¡±í•˜ì§€ ì•Šë‚˜ìœ  ,,,ì•Œëœ°í° ìš”ê¸ˆì œ ì“°ê¸°ìœ„í•´ì„œ ê³µê¸°ê³„ë¡œ êµ¬í•´ì•¼ê² ë‹¤ê³  ë§ˆìŒë¨¹ì€ ë’¤ í™”ì´íŠ¸ ìƒ‰ìƒ ì°¾ì„ë ¤ê³  ì²¨ì— ì¿ íŒ¡ ìƒˆë¡œê³ ì¹¨ í•˜ë‹¤ê°€ í¬ê¸°í•˜ê³  ìŠ¤í† ì–´íŒœì—ì„œ íŒ”ê¸¸ëž˜ ìƒˆë¡œê³ ì¹¨í•œë²ˆì”© í•˜ë‹¤ê°€ ë“œë””ì–´ ì£¼ë¬¸í–ˆë„¤ìš” í‘í‘ í™”ì´íŠ¸ ë„˜ ì˜ˆìœê±° ê°™ì•„ìš” ì§„ì§œ ,, ì˜ë¡±í•˜ì§€ ì•Šë‚˜ìš” ?!?!!?ë’·ë©´ ë³¼ë•Œë§ˆë‹¤ ê°íƒ„ì¤‘ìž…ë‹ˆë‹¤ â™¡ ì˜ˆì˜ë‹¨ ë§ ë°–ì—í•  ë§ì´ ì—†ìŠ´ë‹ˆë‹¤ ì§„ì§œ 5ë…„ ì“¸ ìƒê°ì¤‘ìž„ë‹ˆë‹¤ ì²´ê³  ã… ã… 
ëª‡ì¼ ì‚¬ìš©í•´ë´¤ëŠ”ë° ë¬¸ì œ ì—†ì–´ì„œ êµ¬ë§¤í™•ì •í•˜ê³  ë¦¬ë·°ì”ë‹ˆë‹¤!
ë‹¤ë“¤ í™”ì´íŠ¸ ì‚¬ì„¸ìš” ì˜ë¡±í•¨ì„ ê°™ì´ ëŠê»´ë´…ì‹œë‹¤",5
15,ì•„ì´í°12,ë³„ì ,"ì•„ì´í°12 í™”ì´íŠ¸ ë„ˆë¬´ë„ˆë¬´ ì‚¬ê³  ì‹¶ì–´ì„œ ì´ê³³ì €ê³³ ì•Œì•„ë³¸ ê²°ê³¼, ìž¬ê³ ë„ ì •ë§ ì—†ê³  í• ì¸í˜œíƒë„ ì—†ì–´ì„œ ì•„ì‰¬ìš´ ë‚˜ë‚ ë“¤ì„ ë³´ëƒˆì–´ìš”ðŸ˜­
ê·¸ëŸ¬ë‹¤ ë„¤ì´ë²„ê³µì‹ì• í”ŒìŠ¤í† ì–´ë„ ìžˆëŠ” ê²ƒì„ ì•Œê²Œ ëëŠ”ë° í¬ì¸íŠ¸ë„ ë¹µë¹µí•˜ê³  ë„¤ì´ë²„íŽ˜ì´ ê´€ë ¨ ì¹´ë“œê²°ì œë¥¼ í•˜ë©´ ì ë¦½í˜œíƒë„ ë§Žê¸¸ëž˜ ìž¬ê³ ê°€ ë“¤ì–´ì˜¤ê¸°ë§Œì„ ì†ê¼½ì•„ ê¸°ë‹¤ë ¸ë‹µë‹ˆë‹¤!!
ë§¤ì¼ë§¤ì¼ ìƒˆë¡œê³ ì¹¨ì„ ì–¼ë§ˆë‚˜ í•œì¤„ ëª¨ë¥´ê² ì–´ìš”ã… ã…  ì•„ì§ë„ ì‚¬ê¸° íž˜ë“  ì»¬ëŸ¬ë“¤ì´ ìžˆëŠ”ë° íŒâœ…ì„ ë“œë¦¬ìžë©´ ì˜¤ì „ 10ì‹œ ì´í›„ì— ìž¬ê³ ë“¤ì´ í’€ë¦¬ëŠ” ê²ƒ ê°™ì•„ìš”!(ì •ê° 10ì‹œì— í’€ë¦¬ëŠ”ê±´ ì•„ë‹ˆì—ìš”!)
ì‚¬ê³ ë‚˜ë©´ ë°”ì•„ë¡œ ì¹¼ë°°ì†¡í•´ì£¼ì…”ì„œ ë‹¤ìŒë‚  ë°›ì€ í–‰ìš´ê¹Œì§€ã… ã…  ì •ë§ ë§Œì¡±ìŠ¤ëŸ° êµ¬ë§¤ìž…ë‹ˆë‹¤!! ëª¨ë‘ ì¢‹ì€ êµ¬ë§¤í•˜ì„¸ìš”!ðŸ˜„ðŸ‘ðŸ»ðŸ‘ðŸ»",5
16,ì•„ì´í°12,ë³„ì ,"7+ì—ì„œ 12ë¡œ ë„˜ì–´ì™”ëŠ”ë° í¬.. ê´‘ëª… ì°¾ì•˜ìŠµë‹ˆë‹¤^^,,
ì§„ìž‘ ë°”ê¿€ ê±¸ì´ë¼ëŠ” ìƒê°ë§Œ 100ë²ˆ í–ˆë„¤ìš” !!
í™”ì´íŠ¸ê°€ ìœ ë… ìž¬ê³ ê°€ ì—†ê¸¸ëž˜ í›„ê¸° ì •ë…í•˜ê³  ë“¤ì–´ì˜¤ëŠ” ì‹œê°„ì— ë§žì¶°ì„œ ë§¤ì¼ ìƒˆë¡œê³ ì¹¨ í–ˆì–´ìš”ã…‹ã…‹ã…‹ ê¸°ë‹¤ë¦° ë§Œí¼ ë³´ëžŒ ìžˆëŠ” ì˜ë¡±í•œ í™”ì´íŠ¸ã…œã…œ.. ë¸”ëž™ë§Œ ì“°ë‹¤ ì²˜ìŒìœ¼ë¡œ í™”ì´íŠ¸ë¡œ ë„˜ì–´ì™”ëŠ”ë° ë°±í¼ì„¼íŠ¸ ë§Œì¡±ì´ì—ì—¬ ~~ ë°°ì†¡ë„ ì´í‹€ë§Œì— ì˜¤ê³ , ì·¨ê¸‰ ì£¼ì˜ ë¶™ì—¬ì„œ ì•ˆì „í•˜ê²Œ ìž˜ ë„ì°©í–ˆìŠµë‹ˆë‹¤. ê·¸ë¦¬ê³  ìœ íŠ­ ë³´ë©´ì„œ ë¶ˆëŸ‰ í…ŒìŠ¤íŠ¸ë„ í–ˆëŠ”ë° ì–‘í’ˆìœ¼ë¡œ ë½‘ì•˜ë„¤ìš”!!! ë½‘ê¸° ìš´ì´ ì¢‹ì€ê±´ì§€.. ì—¬íŠ¼ ã…Žã…Ž ìž˜ ì“°ê³  ìžˆìŠµë‹ˆë‹¤. ìƒ‰ìƒ ê³ ë¯¼ì„ í•˜ê³  ìžˆë‹¤ë©´ ë‹¤ë“¤ ë¬´ì ê±´ í™”ì´íŠ¸ í•˜ì„¸ì—¬ !",5
17,ì•„ì´í°12,ë³„ì ,"ë°±ë§Œì› ë„˜ëŠ” ì „ìžì œí’ˆì„ ì—¬ê¸°ì„œ êµ¬ë§¤í•œ ê±´ ì²˜ìŒì´ë¼ ë‘ê·¼ë°˜ ì„¸ê·¼ë°˜ìœ¼ë¡œ ê¸°ë‹¤ë ¸ëŠ”ë° ì™„ì „ ë¹ ë¥´ê³  ì•ˆì „í•œ ë°°ì†¡ì´ì—ˆì–´ìš”. í™”ì´íŠ¸ ìƒ‰ìƒì„ ê¸°ë‹¤ë ¸ë˜í„°ë¼ í™”ì´íŠ¸ ëœ¬ ê±° ë³´ê³  ë°”ë¡œ êµ¬ë§¤.! ë„¤ì´ë²„íŽ˜ì´ë¡œ í•  ê²½ìš° ì ë¦½ë„ ë§Žì´ ë˜ì„œ ì •ë§ ê¸°ì˜ê²Œ êµ¬ë§¤í–ˆìŠµë‹ˆë‹¤. ë‚˜ì¤‘ì— ì•„ì´í° ë°”ê¿€ë•Œë„ ì—¬ê¸°ì„œ êµ¬ë§¤í•˜ë ¤êµ¬ìš”. ê³ ë§™ìŠµë‹ˆë‹¤.
ìƒˆí•´ ë³µ ë§Žì´ ë°›ìœ¼ì„¸ìš” *^^*",5
18,ì•„ì´í°12,ë³„ì ,ì•„ì´í° 6+ë¥¼ ì—„ì²­ ì˜¤ëž«ë™ì•ˆ ì‚¬ìš©í•˜ë‹¤ê°€ ë”ì´ìƒ ios ì—…ë°ì´íŠ¸ê°€ ì•ˆë¼ì„œ ã…œ ë°”ê¾¸ê²Œ ë˜ì—ˆì–´ìš”. 5GëŒ€ì‹  lte ìžê¸‰ì œ ì“°ê³  ì‹¶ì–´ì„œ ì•Œì•„ë³´ë˜ ì¤‘ ë„¤ì´ë²„ ìŠ¤í† ì–´ê°€ í˜œíƒì´ ë§Žì•„ êµ¬ìž…í–ˆìŠµë‹ˆë‹¤. ë°°ì†¡ë„ ë¹ ë¥´ê³  ê¼¼ê¼¼í•˜ê²Œ ë³´ë‚´ì£¼ì‹œë„¤ìš”. ë§ˆì´ê·¸ë ˆì´ì…˜ ê¸°ëŠ¥ìœ¼ë¡œ ì˜í˜¼ê¹Œì§€ ë³µì œí•´ì¤˜ì„œ ì—„ì²­ íŽ¸í•˜ê²Œ ì´ìš©í•˜ê³  ìžˆìŠµë‹ˆë‹¤. ë‹¨ì ì€ ìƒˆí° ê°™ì§€ ì•Šì€ ìµìˆ™í•¨? ã…Žã…Ž ì•„ì´í° ë’·ë©´ ì„¸ë²ˆ í„°ì¹˜í•˜ë©´ ìŠ¤ìƒ· ì°ê²Œ ì„¤ì •í•´ë†“ê³  ì£¼ë³€ì— ì—„ì²­ ìžëž‘í•˜ê³  ìžˆìŠµë‹ˆë‹¤. ìž˜ ì“¸ê²Œìš” ^^,5
19,ì•„ì´í°12,ë³„ì ,êµ¬ë§¤ ì§í›„ í›„ê¸° ì“°ëŠ” ê¸°ê°„ì„ ë†“ì³ì„œ í•œë‹¬ì‚¬ìš© í›„ê¸°ê°€ ë˜ì–´ ë²„ë ¸ë„¤ìš”. ê¸°ì¡´ì— 6Së¥¼ 4ë…„ ì´ìƒ ì‚¬ìš©í•˜ë‹¤ê°€ ì´ì œëŠ” ì •ë§ ë°”ê¿”ì•¼ í•  ê²ƒ ê°™ì•„ì„œ í°ë§˜ ë¨¹ê³  êµ¬ë§¤í–ˆëŠ”ë° ë§Œì¡±í•˜ê³  ìžˆì–´ìš”. ì²˜ìŒì—ëŠ” ë¬´ê²Œì™€ í¬ê¸°ê°€ ìµìˆ™í•˜ì§€ ì•Šì•˜ì§€ë§Œ ì‹œê°„ì´ ì§€ë‚˜ì„œ ìµìˆ™í•´ì§€ë‹ˆ í™•ì‹¤ížˆ ì†ë„ë„ ì¢‹ê³  ì‚¬ì§„ í€„ëŸ¬í‹°ë„ ì¢‹ì•„ìš”. ë¬´ì—‡ë³´ë‹¤ ìš©ëŸ‰ì´ ë„‰ë„‰í•´ì„œ ë„ˆë¬´ íŽ¸í•´ìš”.,5
20,ì•„ì´í°12,ë³„ì ,"ìƒ‰ë„ ì´ì˜ê³  ê°€ë²¼ì›Œì„œ ì¢‹ì•„ìš”!
í¬ìž¥ë„ ê¼¼ê¼¼ížˆ ë˜ì–´ìžˆëŠ” íŽ¸ì´ê³ , ê°™ì´ êµ¬ë§¤í•œ íˆ¬ëª…ì¼€ì´ìŠ¤ë„ ë”± ë§žì•„ì„œ ì¢‹ì•˜ì–´ìš”.
ì˜† í…Œë‘ë¦¬ëŠ” ì€ìƒ‰?ê°™ì€ ë¬´ê´‘ì´ê³  ë’·ë©´ì€ ìœ ê´‘ìœ¼ë¡œ ë˜ì–´ìžˆì–´ìš”!
ì‚¬ì „ì˜ˆì•½ì„ í•œê²Œ ì•„ë‹ˆë¼ ì •ê°€ë¡œ ìƒ€ì§€ë§Œ ë§Œì¡±í•´ìš”ðŸ˜‚ðŸ‘ðŸ¼ðŸ‘ðŸ¼",5
21,ì•„ì´í°12,ë³„ì ,"ì•„ì´í° 12ì™€ í”„ë¡œ ì¤‘ ê³ ë¯¼í•˜ë‹¤ê°€ ë¬´ê²Œë•Œë¬¸ì— 12ë¡œ ê²°ì •í•˜ê³  í™”ì´íŠ¸ìžˆì–´ì„œ ë°”ë¡œ êµ¬ë§¤í–ˆì–´ìš”. ë„¤ì´ë²„ í¬ì¸íŠ¸ë„ ë°›ê³  ë„ˆë¬´ ì¢‹ì•„ìš”.
ì˜¤í”ˆí•˜ë©´ ë°”ë¡œ ë³´ì´ëŠ” ë’·ë©´ ë„ˆë¬´ ì˜ˆë»ìš”. ì•½ê°„ ë¹›ìƒ˜ì´ ìžˆëŠ” ë“¯í•˜ì§€ë§Œ ë‹¤ë¥¸ ì´ìƒì€ ì—†ì–´ì„œ ë§Œì¡±í•˜ê³  ìžˆì–´ìš”.",5
22,ì•„ì´í°12,ë³„ì ,ìŒˆë¬´ê·¸ë¦° ì œ ìƒê°ë³´ë‹¤ ì‹¤ë¬¼ì´ í›¨ì”¬ ì˜ˆë»ìš”. ì§ˆë¦¬ì§€ì•Šì„ ì€ì€í•œ ê·¸ë¦°ìƒ‰ìƒì´ì—ìš”. ì•„ì´í°7ì„ 5ë…„ë™ì•ˆ ì“°ë‹¤ê°€ ì‹ ë¬¸ë¬¼(?) ì ‘í•˜ë‹ˆ ì ì‘í•˜ëŠ”ë° ì‚´ì§ ì‹œê°„ì´ í•„ìš”í•´ìš”. í™”ë©´ì€ ì œ ìƒê°ë³´ë‹¤ ë” ì»¸êµ¬ìš”. ì²˜ìŒì— ìœ ì‹¬ì¸ì‹ì´ ì•ˆë¼ì„œ ë‹¹í™©ìŠ¤ëŸ¬ì› ëŠ”ë° ì „ì› í•œ ë²ˆ ê»ë‹¤ í‚¤ë‹ˆê¹Œ ìž˜ ëì–´ìš”. ë°°ì†¡ë„ ì´í‹€ë„ ì•ˆë¼ì„œ ì™”êµ¬ ìš”ìƒˆ íƒë°°ê°€ ë¹„ëŒ€ë©´ ë°°ë‹¬ì´ë¼ ë¶„ì‹¤ê±±ì •ì´ ëì—ˆëŠ”ë° íƒë°°ë°•ìŠ¤ì— ì•„ì´í°11 ì´ë ‡ê²Œ ì•ˆ ì ì–´ì ¸ìžˆêµ¬ ê·¸ëƒ¥ ì „ìžê¸°ê¸°??ì „ìžì œí’ˆ?? ì´ë ‡ê²Œ ë˜ì–´ìžˆì–´ì„œ ì•ˆì‹¬ì´ì—ˆë‹µë‹ˆë‹¤. ë‹¤í–‰ížˆ ì €ëŠ” í•˜ìž ìžˆëŠ” ì œí’ˆì€ ì•„ë‹ˆì—ˆêµ¬ìš”. ì•„ì£¼ì•„ì£¼ ìž˜ ì‚¬ìš©í•˜ê³ ìžˆìŠµë‹ˆë‹¤. í° ë§˜ ë¨¹êµ¬ ì§€ë¥¸ ì œ ì˜ˆìœ íœ´ëŒ€í° 3ë…„ì€ ê±°ëœ¬ížˆ ì“¸ ìˆ˜ ìžˆê² ì–´ìš”. ìžê¸‰ì œ ìµœê³ ì—ìš”!,5
23,ì•„ì´í°12,ë³„ì ,ìž¥ê³  ëì— ë‹¤ì‹œ ì•„ì´í°ì„ êµ¬ë§¤í•˜ê²Œ ëëŠ”ë° ì§ì „ê¹Œì§€ ì“°ë˜ XSë³´ë‹¤ ì¡°ê¸ˆ í¬ê³  ê°€ë²¼ì›Œì„œ ë§Œì¡±ìŠ¤ëŸ½ìŠµë‹ˆë‹¤. í™”ë©´ì´ ì¡°ê¸ˆ ë…¸ëž—ê¸´ í•œë° íŠ¸ë£¨í†¤ ë„ë‹ˆ ê·¸ë ‡ê²Œ ê±°ìŠ¬ë¦¬ì§„ ì•Šê³  ê¸ˆë°© ì ì‘ë¼ìš”! ë°°ì†¡ë„ ì¼ìš”ì¼ ë°¤ì— ì£¼ë¬¸í–ˆëŠ”ë° í™”ìš”ì¼ ì˜¤í›„ì— ë„ì°©í•´ì„œ ì—„ì²­ ë¹¨ë¦¬ ì™”ìŠµë‹ˆë‹¤ ã…Žã…Ž XSê°€ ê³ ìž¥ë‚˜ì„œ ê¸‰í•˜ê²Œ ì£¼ë¬¸í•œê±´ë° ì´ë²ˆì—” ì˜¤ëž˜ ìž˜ ì“¸ ìˆ˜ ìžˆì—ˆìœ¼ë©´ ì¢‹ê² ì–´ìš”!,5
24,ì•„ì´í°12,ë³„ì ,ì œí’ˆì„ ë°›ê³  í•˜ë£¨ì •ë„ ì‚¬ìš©í•´ë³´ë‹ˆ ì—¬ìœ½ì‹œ ì• í”Œì´ë‹¤ í•  ìˆ˜ ì´ê»˜ì“°ìš”. ì¼ë‹¨ ë””ìžì¸ë„ ë„˜ë‚˜ë¦¬ ì˜ˆë»ì„œ ëŒ€ë§Œì¡±ì´ì—ˆê³ ìš” ì„±ëŠ¥ë„ í›½í›½ ë‚ ì•„ë‹¤ë‹ˆë“¯ì´ ìž˜ ë„˜ì–´ê°€ì„œ ë„ˆë¬´ ì¢‹ì•„ìš”. ë¬´ì—‡ë³´ë‹¤ë„ ì‚¬ì§„ì´ëž‘ ë™ì˜ìƒ ì°ìœ¼ë‹ˆê¹Œ ê¸°ì¡´ì— ì“°ë˜ ê°¤ëŸ­ì‹œ êµ¬í˜•ëª¨ë¸ì´ëž‘ ë¹„êµê°€ ì•ˆë¨... ì˜¬í•´ ë“¤ì–´ì„œ ëˆ ì œì¼ ìž˜ì“´ë“¯,5
25,ì•„ì´í°12,ë³„ì ,ì „ìžê¸°ê¸°ê°€ ì¹œí™˜ê²½ í¬ìž¥ìž¬ì— ì˜¤ë‹ˆ ë­”ê°€ ê¸°ë¶„ì´ ë‚¨ë‹¤ë¥´ë„¤ìš”. ì´í‹€ë§Œì— ì™”ì–´ìš”!! ê·¼ë° ì¹´ë“œí˜œíƒì€ ì›” ê²°ì œë  ë•Œ í• ì¸ë˜ëŠ”ê±´ê°€ìš”?ê²°ì œëŠ” 15000ì› ì¿ í°ë§Œ ë°˜ì˜ë˜ë”ë¼êµ¬ìš”. ì•„ì´í°12ëŠ” íŒŒëž€ìƒ‰ë§Œ í• ì¸í•´ì„œ ì§ˆë €ì–´ìš”.ë‹¤ë“¤ ì´ì˜ë°ìš”. ì•Œëœ°í°ì´ë¼ ìœ ì‹¬ë§Œ ì˜®ê¸°ë‹ˆ ë°”ë¡œ ê°œí†µëì–´ìš”.,5
26,ì•„ì´í°12,ë³„ì ,ë„ˆë¬´ì˜ë¡±í•˜ë‹ˆ ì˜ˆë»ìš”ã… ã…  ë°°ì†¡ì€ ì›”ìš”ì¼ì— ì‹œì¼œì„œ ì˜¤ëŠ˜ ì˜¤í›„ì— ì™€ì„œ ë¹ ë¥´ë‹¤ê³  í• ìˆœì—†ê² ì§€ë§Œ ì•ˆì „í•˜ê²Œ ìž˜ ë°°ì†¡ë˜ì–´ ì¢‹ìŠµë‹ˆë‹¤! í•˜ì§€ë§Œ íƒë°°ëŠ” ë°–ì— ë‚´ë†“ì•„ì ¸ìžˆì–´ì„œ ë¹ ë¥´ê²Œ ë°›ì•„ë´ì•¼ë êº¼ê°™ë”ë¼êµ¬ìš”. í™”ì´íŠ¸ ìƒ‰ìƒ ë°›ìœ¼ë ¤ê³  ì˜¤ì „ 10ì‹œì— ëŒ€ê¸°íƒ€ë‹¤ê°€ ì–¸ì œ í’€ë ¸ëŠ”ì§€ëŠ” ëª¨ë¥´ê² ì§€ë§Œ ì œê°€ ìƒ€ì„ë• 11ì‹œ ì •ë„ì˜€ì–´ìš”!! ì €ë„ ë¦¬ë·°ì—ì„œ ì‹œê°„ëŒ€ ìž˜ì°¸ê³ í–ˆìŠµë‹ˆë‹¤â˜ºï¸ í™”ì´íŠ¸ ê°•ì¶”í•©ë‹ˆë‹¹,5
27,ì•„ì´í°12,ë³„ì ,ê·¸ë™ì•ˆ í’ˆì ˆë¡œ êµ¬ë§¤í•˜ê³  ì‹¶ì–´ë„ ìž¬ê³ ê°€ ì—†ì—ˆëŠ”ë° í”„ë¦¬ìŠ¤ë¹„ì— ìœ ì¼í•˜ê²Œ í™”ì´íŠ¸ ìƒ‰ìƒ ìž¬ê³  ìžˆì–´ì„œ êµ¬ë§¤í–ˆìŠµë‹ˆë‹¤. ì‹¤ë¬¼ì„ ë³´ë‹ˆ ë”ë”ìš± ìž˜í–ˆë‹¤ê³  ìƒê°ì´ ë“œë„¤ìš”! ì¹œêµ¬ë“¤ì—ê²Œë„ ì—¬ê¸°ì„œ êµ¬ë§¤í•˜ë¼ê³  ì•Œë¦¬ê³  ìžˆëŠ” ì¤‘ ìž…ë‹ˆë‹¤. ì ë¦½ë„ ë§Žì´ ë˜ê³  ë¹ ë¥¸ ë°°ì†¡ê¹Œì§€ ë„ˆë¬´ ê°ì‚¬ë“œë¦½ë‹ˆë‹¤ ëª¨ë‘ í™”ì´íŠ¸ êµ¬ë§¤í•˜ì„¸ìš”~,5
28,ì•„ì´í°12,ë³„ì ,"128 ë¸”ëž™ ìž¬ê³  ìžˆëŠ”ê³³ì€ ì—¬ê¸°ë¿ì´ì–´ì„œ êµ¬ë§¤í–ˆì–´ìš” ì“°ë˜ í°ì´ ê³ ìž¥ë‚˜ì„œ ìµœëŒ€í•œ ë¹¨ë¦¬ ë°›ê³ ì‹¶ì—ˆëŠ”ë° ë°°ì†¡ ì§„ì§œ ë¹¨ë¼ì„œ ë§Œì¡±í•©ë‹ˆë‹¤ í°ë„ ê²°í•¨ ì—†ëŠ”ê±° ê°™êµ¬ìš” ë¸”ëž™ ì¡´ì˜ˆìž…ë‹ˆë‹¤ ì‹¤ë¬¼ì´ ìµœê³  ê·¼ë° ì‹¸êµ¬ë¦¬ ì•¡ì •í•„ë¦„, ì¼€ì´ìŠ¤ í•˜ë‚˜ ì •ë„ëŠ” ë„£ì–´ì£¼ê¸¸ ë°”ë¼ëŠ”ê±´ ìš•ì‹¬ì¸ê°€ìš”....",5
29,ì•„ì´í°12,ë³„ì ,"í™”ì´íŠ¸ë¥¼ ì‚¬ê¸°ìœ„í•´ ë©°ì¹  ê²€ìƒ‰ë§Œí•˜ë‹¤ê°€, ê³µì‹ì• í”ŒìŠ¤í† ì–´ì—ì„œ ì›í•˜ë˜ í™”ì´íŠ¸ ì»¬ëŸ¬ë¥¼ êµ¬ìž…í• ìˆ˜ ìžˆì–´ì„œ ì¢‹ì•˜ì–´ìš”.. ë¯¸ë‹ˆì™€ ê³ ë¯¼í–ˆëŠ”ë°, ìž˜í•œ ì„ íƒì¸ë“¯í•´ìš”~ í• ì¸ëŒ€ì‹  ë„¤ì´ë²„ í¬ì¸íŠ¸ë¥¼ ë§Žì´ ë°›ì„ìˆ˜ ìžˆì—ˆê³ ,, ë°°ì†¡ë„ ë¹¨ëžì–´ìš”~ ì—¬ëŸ¬ê°€ì§€ë¡œ ë§Œì¡±í•©ë‹ˆë‹¤",5
30,ì•„ì´í°12,ë³„ì ,"ì•„ì´í°12 128gbêµ¬ë§¤í•˜ë ¤ê³  í•˜ë‹ˆ í’ˆì ˆì´ë„ˆë¬´ë¹¨ë¼ì„œ ì°¾ì•„ë³´ë‹¤ê°€ ì• í”Œê³µì‹ì¸ë° ë„¤ì´ë²„í¬ì¸íŠ¸ë¡œ ì €ë ´í•˜ê²Œ êµ¬ë§¤í•  ìˆ˜ ìžˆì–´ì„œ ë”ì¢‹ì•˜ì–´ìš”ðŸ¤â¤ï¸
Q&Aì— ë‚˜ì˜¨ê²ƒì²˜ëŸ¼ ì˜¤í”ˆë˜ëŠ” ì‹œê°„ ìƒˆë¡œê³ ì¹¨í•˜ì—¬ êµ¬ë§¤ì„±ê³µí–ˆê³  ë°°ì†¡ë„ë¹ ë¥´êµ¬ ë„ˆë¬´ë„ˆë¬´ë„ˆë¬´ ë§Œì¡±í•©ë‹ˆë‹¨",5
31,ì•„ì´í°12,ë³„ì ,ì›”ìš”ì¼ì— ì£¼ë¬¸í•˜ê³  ìˆ˜ìš”ì¼ì— ì œí’ˆ ë°›ì•˜ì–´ìš”! í™”ì´íŠ¸ ìƒ‰ìƒì´ í’ˆì ˆì´ì—¬ì„œ ìˆ˜ì‹œë¡œ í™•ì¸í–ˆëŠ”ë° ìž¬ê³ ê°€ ê¸ˆë°© ë‹¤ì‹œ ë“¤ì–´ì˜¤ë”ë¼ê³ ìš” ( Â¨Ì® ) 11ê³¼ 12ì¤‘ì— ê³ ë¯¼í–ˆì—ˆëŠ”ë° ì œí’ˆ ì—´ì–´ì„œ ë³´ìžë§ˆìž 12ë¡œ ì‚¬ê¸¸ ìž˜í–ˆë‹¤ëŠ” ìƒê°ì´ ë“¤ì—ˆì–´ìš” ë¶ˆëŸ‰ í˜„ìƒë“¤ ì²´í¬ ë‹¤ í•´ë´¤ëŠ”ë° ì •ìƒì œí’ˆì´ë¼ ë‹¤í–‰ì´ì—ìš” ì§€ê¸ˆ ì¼ì£¼ì¼ ì •ë„ ì‚¬ìš©í•´ë³´ë‹ˆ ì´ì „ì— 8ì„ ì‚¬ìš©í–ˆì—ˆëŠ”ë° ë¬´ê²Œë„ ì‹ ê²½ì“°ì¼ì •ë„ë¡œ ë§Žì´ ì°¨ì´ëŠ” ì•ˆë‚˜ëŠ” ê²ƒ ê°™ì•„ìš”(ì œê°€ ëŠë¼ê¸°ì—ëŠ”),5
32,ì•„ì´í°12,ë³„ì ,ê°¤ì—ì„œ ì•„ì´í° ìœ¼ë¡œ ê°ˆì•„íƒ”ì–´ìš” ì•„ì´í° 12..ë ˆë“œ..ìƒ‰ìƒ ë„ˆë¬´ ì˜ˆë»ìš” íŠ€ì§€ ì•Šìœ¼ë©´ì„œ ì—£ì§€ìžˆê²Œ .ì•„ëŠ”ê²ƒì²˜ëŸ¼ ì¹´ë©”ë¼ ê¸°ëŠ¥ì´ ë„˜ì‚¬ë²½ì´ë¼ ì‚¬ì§„ ì°ìœ¼ë©´ ë„ˆë¬´ ì˜ˆì˜ê²Œ ë‚˜ì˜¤ê³  ë³´ì•ˆê¸°ëŠ¥ë„ ë›°ã…“ë‚˜êµ¬ìš”. ë™ìƒì´ ì‚¬ìš©í•˜ê³  ë„ˆë¬´ ë§Œì¡±í•´ì„œ ì €ë„ êµ¬ìž…í–ˆì–´ìš”,5
33,ì•„ì´í°12,ë³„ì ,"1.ë””ìžì¸
ê¹»ìžŽí†µ ë””ìžì¸ìœ¼ë¡œ ëŒì•„ê°„ ë“¯í•œ ì‚¬ê° ë””ìžì¸ì€
ê·¸ë¦½ê°ê³¼ ìž¬ì§ˆì˜ ì¡°í™”ë¥¼ ì´ë£¨ê²Œ í•´ì£¼ë„¤ìš”.

2.ë°°ì†¡
ì£¼ë¬¸ ê²°ì œ í›„ 2ì¼ë§Œì— ë„ì°©í•´ì„œ .

3.í•˜ë“œì›¨ì–´&ì†Œí”„íŠ¸ì›¨ì–´
.
ì• í”Œ ìƒíƒœê³„ì˜ ìµœìƒì˜ ì‹œìŠ¤í…œ êµ¬ì¶•ìœ¼ë¡œ ì–¸ì œ.ì–´ë””ì„œë“  íŽ¸í•˜ê²Œ ì ‘ì†í•˜ê³  ê³µìœ ë¥¼ ì´ë£¨ì–´ì§€ê²Œ í•©ë‹ˆë‹¤.
ëª¨ë°”ì¼ ê·¸ ì´ìƒì˜ ì„¸ê³„ë¥¼ êµ¬ì¶•í•˜ëŠ”ë° ê°€ìž¥ ì™„ë²½í•œ ë°©ë²•ê³¼ ë„êµ¬ë¥¼ ì°¾ìœ¼ë¼ë©´ ê°ížˆ ì•„ì´í°ì„ .",5
34,ì•„ì´í°12,ë³„ì ,"ì¼ë‹¨ ë°°ì†¡ì´ ëŠë¦¬ë‹¤ê³  ì„ íƒí–ˆëŠ”ë° ì™œëƒë©´ 17ì¼ ìƒˆë²½ì£¼ë¬¸ 22ì¼ì— ë°›ì•˜ìŠµë‹ˆë‹¤.
ê·¼ë° ì´ìœ ê°€ ìžˆë„¤ìš” ì¿ íŒ¡ í™”ìž¬ ë‚œê³³ì´
ë°”ë¡œ ì˜†ê±´ë¬¼ì´ë„¤ìš” ì—°ê¸° ë•Œë¬¸ì— ì¶œìž… í†µì œí•´ì„œ ëŠ¦ì—ˆë‹¤ í•©ë‹ˆë‹¤ ë­ ì§œì¦ë‚¬ì—ˆëŠ”ë° ì¶©ë¶„ížˆ ì´í•´í•©ë‹ˆë‹¤ ë¬¼ê±´ì€ 2020ë…„ 12ì›” ì œì¡°ê³  ë¶ˆëŸ‰ì—†ëŠ” ì œí’ˆ ë°›ì€ê²ƒ ê°™ìŠµë‹ˆë‹¤ ìž˜ ì“°ê² ìŠµë‹ˆë‹¤",5
35,ì•„ì´í°12,ë³„ì ,"ì§„ì§œ ì´ì•Œë°°ì†¡ì´ì˜€ì–´ìš”! ì§€ë°©ì¸ë° ì£¼ë¬¸í•˜ê³  ê·¸ ë‹¤ìŒë‚  ë°”ë¡œ ì™”ì–´ìš”
ì•„ì´í°12í™”ì´íŠ¸ ìƒ‰ìƒ ë¯¸ì³¤ì–´ìš” ã…œã…œì§„ì§œ ë„˜ì˜ˆë»ìš”!! 12í”„ë¡œëž‘ ì¹´ë©”ë¼ í™”ì§ˆì°¨ì´ëŠ” ì¡°ê¸ˆ ë‚˜ê² ì§€ë§Œ
ì•„ì´í°xì“°ë‹¤ ë„˜ì–´ì™€ì„œ ê·¸ëŸ°ì§€ í™”ì§ˆ ì„ ëª…í•œê²Œ ë„˜ ë§˜ì—ë“¤ì–´ìš” ã…Žã…Ž!!!",5
36,ì•„ì´í°12,ë³„ì ,"5ë…„ ê°€ê¹Œì´ ê°¤ëŸ­ì‹œ ì œí’ˆë§Œ ì‚¬ìš©í•´ ì™”ìŠµë‹ˆë‹¤.

ë‹¨ìˆœí•œ UIì™€ í•œì •ì ì¸ ì‚¬í›„ì§€ì›ì— í•œê³„ë¥¼ ì‹¤ê°í•˜ê³ 

ì²˜ìŒ ì•„ì´í°ìœ¼ë¡œ ë°”ê¾¸ê²Œ ë˜ì—ˆìŠµë‹ˆë‹¤.

ìƒˆë¡œì›€ì„ í–¥í•œë‹¤ëŠ” ë‚¯ì„¤ìŒê³¼ ìƒì†Œí•œ ìž‘ë™ì˜µì…˜ì—

ë‹¤ì†Œ í—·ê°ˆë ¸ì§€ë§Œ ì–´ëŠìƒˆ ë™í™”ëœ ë‚˜ë¥¼ ë§ˆì£¼í•˜ë©´ì„œ

ìƒˆë¡œìš´ ì¦ê±°ì›€ì„ ëŠê»´ë´…ë‹ˆë‹¤.

í•œë‹¬ì„ ì‚¬ìš©í•˜ë©´ì„œ ê°€ìž¥ í¬ê²Œ ì™€ë‹¿ëŠ”ê±´ ì§€ì†ê°€ëŠ¥í•œ

ìƒˆë¡œì›€ì´ ì•„ë‹ê¹Œ ì‹¶ìŠµë‹ˆë‹¤.",5
37,ì•„ì´í°12,ë³„ì ,ìž¬ê³  í˜„í™© ë§¨ë‚  ì‚´íŽ´ë³´ëŠ”ë° ë¸”ë£¨ ë ˆë“œë°–ì— ì—†ì–´ì„œ ã… ã…  ê³„ì† ê³ ë¯¼í•˜ë‹¤ê°€ ì–´ëŠë‚  ë´¤ëŠ”ë° ê·¸ë¦°ì´ ìžˆë”ë¼êµ¬ìš”!!!!ê·¸ëž˜ì„œ í•˜ë£¨ ë” ê³ ë¯¼í•´ì•¼ê² ë‹¤ í•˜êµ¬ ê¸°ë‹¤ë ¸ëŠ”ë° ë“œë””ì–´ ã… ã…  í™”ì´íŠ¸ ë– ì„œ ë°”ë¡œ ê²Ÿí–ˆìŠµë‹ˆë‹¹ ì•„ì´í° 8ì“°ë‹¤ê°€ 12ë¡œ ê°€ë‹ˆê¹Œ ì‹ ì„¸ê³„ë„¤ì—¬ ë°°ì†¡ë„ ê½¤ ë¹¨ëžê³  ë¦¬ë¸Œëª¨ë°”ì¼ ìœ ì‹¬ì¹©ë„ ê°™ì´ ì™€ì„œ íŽ¸í•œê²ƒê°™ì•„ìš”! ê·¸ìª½ìœ¼ë¡œ ê°ˆì•„íƒ€ë ¤ê³  ìƒê°ì¤‘ì´ì—ˆê±°ë“ ìš”ã…Žã…Žã…Ž ì‚¬ê°ìœ¼ë¡œ ë””ìžì¸í•œê±° ì—­ëŒ€ê¸‰..ë„ˆë¬´ì´ë»ìš” ã… ,5
38,ì•„ì´í°12,ë³„ì ,ì•„ì´í°ìœ¼ë¡œ êµ¬ë§¤í–ˆìŠµë‹ˆë‹¤. ë¶ˆëŸ‰ì´ ìžˆëŠ”ì§€ ê¼¼ê¼¼ížˆ ì‚´íŽ´ë´ì•¼ í•˜ëŠ”ë° ì„±ê²©ì´ ë¬´ë˜í•œ ì•„ì´ë¼ ê²‰ìœ¼ë¡œ ë³´ì´ëŠ” íŠ¹ì´ì‚¬í•­ì´ ì—†ë‹¤í•˜ì—¬ ëŒ€ì¶© ë³´ê³  êµ¬ë§¤ê²°ì •í–ˆì–´ìš”. ë³„ ì´ìƒì€ ì—†ëŠ” ê²ƒ ê°™ì•„ìš”. ì œê°€ ë³´ê¸°ì—” ì¹´ë©”ë¼ í…Œë‘ë¦¬ì— ì ì´ í•˜ë‚˜ ìžˆëŠ”ë° ì•„ì´ê°€ ê´œì°®ë‹¤ê³  í•˜ë‹ˆ ê·¸ë¶€ë¶„ë„ íŒ¨ìŠ¤ í•˜ê¸°ë¡œ í–ˆìŠµë‹ˆë‹¤. ë¬´íŠ¼ ì•„ì´ê°€ ë§˜ì— ë“¤ì–´í•´ì„œ ì¢‹ìŠµë‹ˆë‹¤.,5
39,ì•„ì´í°12,ë³„ì ,ë‹¤ë¥¸ ë§¤ìž¥ì´ë‚˜ ì¸í„°ë„·ì—ì„œ ê·¸ë¦°ì„ ì‚´ë ¤ê³  í•´ë„ ê·¸ë¦° ì œê³ ê°€ ì—†ì–´ì„œ ì·¨ì†Œë ê¹Œë´ ë¶ˆì•ˆí–ˆëŠ”ë° ë‹¤í–‰ì´ ìžˆì–´ì„œ ê·¸ë¦°ì´ ì™”ë„¤ìš” ê·¸ë¦¬ê³  ë°°ì†¡ë„ ì™„ì „ ë¹¨ë¼ìš” ì‚¬ì‹¤ ë°œì†¡ë¶€í„° ê±°ì˜ ë§¤ ì‹œê°„ë§ˆë‹¤ ë°°ì†¡í˜„í™©ì„ ë´¤ëŠ”ë° êµ¬ë§¤í•˜ê³  ë‚˜ì„œ ì´í‹€ë§Œì— ì œí’ˆì´ ì™”ì–´ìš” ì •ë§ ëŒ€ë§Œì¡±ìž…ë‹ˆë‹¤,5
40,ì•„ì´í°12,ë³„ì ,ê·¸ë¦°ì»¬ëŸ¬ ì¢€ ëª¨í—˜ì´ì—ˆëŠ”ë° ëŒ€ë§Œì¡±ìž…ë‹ˆë‹¤...ðŸ˜­ ìŒˆë¬´ê³  ë‚˜ë°œì´ê³  ê± ì¡´ì˜ˆ ê·¸ ìžì²´ì˜ˆìš”. ìƒ‰ìƒ ê³ ë¯¼ì¤‘ì´ì‹  ë¶„ë“¤ ê·¸ëƒ¥ ê·¸ë¦°í•˜ì„¸ìš” ì™„ì „ ì˜ˆ.ì˜.ë‹ˆ.ê¹Œ.ìš”.ðŸ¥ºðŸ¥º ë°°ì†¡ì€ í•˜ë£¨ ë” ê±¸ë ¸ì§€ë§Œ ì£¼ë§ ì „ì— ë°›ì•„ì„œ ì •ë§ ë‹¤í–‰ì´ì—ˆìë‹ˆë‹¤... ì¹˜í‚¨ìœ¼ë¡œ ì¸ë¬¼ì‚¬ì§„ ì°ì–´ë´¤ì–´ìš¤ ìž˜ ì°ížˆë„¤ìš” í•˜ ë§Œì¡±ë„ ìµœìƒì´ì˜ˆìš”.,5
41,ì•„ì´í°12,ë³„ì ,"ìž‘ë…„ì— ì•„ì´í°12 ë‚˜ì™”ì„ ë•Œ XSê°€ ê·¸ë ‡ê²Œ ì´ë»ë³´ì—¬ì„œ ìƒ€ì—ˆëŠ”ë° ì™œ ìš”ì¦˜ì—ì„œì•¼ 12ê°€ ì´ë»ë³´ì´ë˜ì§€ ã…‹-ã…‹-ã…‹
ì¶©ë™ì‹¬ì„ ì´ê²¨ë‚´ì§€ ëª»í•˜ê³  ì…€í”„ ìƒì¼ì„ ë¬¼ì´ë‹¤! í•˜ê³  ìƒ€ëŠ”ë° ì •ë§ ê°€ë³ê³  ì´ì˜ë„¤ìš”
8ë…„ ë§Œì— ì“°ëŠ” í™”ì´íŠ¸ë¼ì„œ ê·¸ëŸ°ì§€ ë” ì‚°ëœ»?í•˜ê³  ì¢‹ë„¤ìš”",5
42,ì•„ì´í°12,ë³„ì ,ì£¼ë¬¸í•œì§€ ì´í‹€ë§Œì—ì™”ì–´ìš” ã…‹ã…‹ 12ì •ë§ë§Œê¸°ì‰½ì§€ì•Šì€ë…€ì…•ì´ì˜€ì–´ìš” ë§¨ë‚  ì¿ íŒ¡ë³´ê³  ë„¤ì´ë²„ê²€ìƒ‰í•´ë³´ê³  ìœ íŠœë¸Œ ë˜ë³´ê³  ë¸”ë£¨ì‚´ê¹Œ ë¸”ëž™ì‚´ê¹Œ ê³ ë¯¼í• ë°”ì— ì²˜ìŒì— ë³´ì˜€ë˜ ë¸”ë£¨ë¡œ ê°‘ë‹ˆë‹¤ ì œíŠ¸ë¸”ëž™ì—ì„œ ìœ ê´‘ë¸”ëž™ì€ ì´ì œì§ˆë ¤ì„œ ë‹¤í–‰ížˆ í…ŒìŠ¤íŠ¸ë‹¤í•´ë´¤ëŠ”ë° ê¸°ê¸°ì— ë¬¸ì œì—†ëŠ”ê±°ê°™ìŠµë‹ˆë‹¤ ìž˜ì“¸ê²Œìš”,5
43,ì•„ì´í°12,ë³„ì ,"ì²˜ìŒìœ¼ë¡œ ìžê¸‰ì œë¡œ ì‚¬ìš©í•´ ë³´ë ¤ê³  í–ˆê³  ë„¤ì´ë²„-ê³µì‹í™ˆ ì´ìš©í•´ êµ¬ë§¤í•  ìˆ˜ ìžˆë‹¤ëŠ” ê±¸ ì•Œì•˜ì–´ìš”~ê³„ì† í™”ì´íŠ¸ ìƒ‰ìƒ í’ˆì ˆì´ë¼ ê¸°ë‹¤ë ¸ë‹¤ í™•ì¸í•´ë³´ëŠ” ê±¸ ë°˜ë³µ ì¤‘ ê±°ì˜ ìž¬ê³ ì—†ëŠ” ë‚ ì´ ë§Žì•„ ìžŠê³  ìžˆë‹¤ê°€ ì§€ë‚œ ì£¼ë§ì— í˜¹ì‹œë‚˜ í•´ì„œ ë´¤ëŠ”ë° ìžˆì–´ì„œ ë°”ë¡œ êµ¬ë§¤ í–ˆì–´ìš”~!!
ë¦¬ë·° ë³´ê³  êµ¬ë§¤í•´ë„ ë˜ê² ë‹¤ëŠ” ë§˜ì´ ë“¤ì–´ì„œ.. ìƒí’ˆ ë°›ì€ í›„ ë¶ˆëŸ‰ê²€ìˆ˜ í•˜ê¸° ì „ê¹Œì§€ ë‘ê·¼ í–ˆì§€ë§Œ 4S-> 6Sì— ì´ì–´ì„œ 12ê¹Œì§€ ì •ìƒì œí’ˆ ë°›ì€ ê²ƒ ê°™ì•„ìš”!!
6ë…„ ë„˜ê²Œ ì •ë“  6S ì²˜ëŸ¼ ì´ì œ 12ë„ ê¸¸ê²Œ í•¨ê»˜ í•˜ë ¤ê³ ìš”~",5
44,ì•„ì´í°12,ë³„ì ,"ë§Žì´ ê¸°ë‹¤ë ¸ëŠ”ë°..ë°°ì†¡ì´ ë¹ ë¥´ë‹ˆ ë„ˆë¬´ ì¢‹ì•„ìš”
24ì‹œê°„ë§Œì— ì˜¨ê²ƒ ê°™ì•„ìš”.
í¬ìž¥ë„ ì—­ì‹œ..í™˜ê²½ ìƒê°ì— ì¶©ê²©ì™„í™”ì œë„ ì¢…ì´
ë˜ í•œë²ˆ ê°ë™ì´ë„¤ìš”.
ì•„ì§ ì‚¬ìš© ì „ì´ë¼ ìž˜ ëª¨ë¥´ì§€ë§Œ..ê·¸ë¦° ìƒ‰ìƒ ì˜ˆì˜ë„¤ìš”.
í™”ì´íŠ¸ í’ˆì ˆì´ë¼ ì•„ì‰¬ì› ëŠ”ë° ë°›ê³ ë‚˜ë‹ˆ ë„ˆë¬´ ì˜ˆë» ì•„ì‰½ì§€ ì•Šë„¤ìš”",5
45,ì•„ì´í°12,ë³„ì ,"ì•„ì´í°6s 5ë…„ ì“°ê³  ì•„ì´í°12 í™”ì´íŠ¸ë¡œ ë°”ê¿¨ìŠµë‹ˆë‹¤
ë¯¸ë‹ˆëž‘ ê³ ë¯¼í•˜ë‹¤ê°€ ì‹¤ë¬¼ ë³´ê³  ë¯¸ë‹ˆê°€ ìƒê°ë³´ë‹¤ ë„ˆë¬´ ìž‘ì•„ì„œ 12ë¡œ ë§˜ êµ³ížˆê³  ìž¬ê³  ë– ì„œ ë°”ë¡œ êµ¬ë§¤í–ˆì–´ìš”
12/8 ì €ë…ì— êµ¬ë§¤í•˜ê³  12/10 ë°›ì•„ì„œ ì§€ê¸ˆê¹Œì§€ ì“°ê³  ìžˆëŠ”ë° ë¶ˆëŸ‰ë„ ì—†ê³  í™”ë©´ë„ í¬ê³  ë¹ ë¥´ê³  ì•„ì£¼ ë§Œì¡±ìŠ¤ëŸ½ìŠµë‹ˆë‹¤^^ ì „ í™”ì´íŠ¸ê°€ ì ¤ ì˜ˆìœ ê²ƒ ê°™ì•„ìš” ã…Žã…Ž íŽ˜ì´ìŠ¤ì•„ì´ë””ë„ ì ì‘í•˜ë‹ˆê¹Œ íŽ¸í•˜ë„¤ìš”",5
46,ì•„ì´í°12,ë³„ì ,"ë„ˆë¬´ ë¹¨ë¦¬ë³´ë‚´ì£¼ì…”ì„œ
ì¼€ì´ìŠ¤ë„ ë¯¸ì²˜ ì¤€ë¹„ ëª»í–ˆë„¤ìš©ðŸ˜‚
í•˜ìž ì—†ëŠ” ì œí’ˆìœ¼ë¡œ ìž˜ ë°›ì•˜ìŠµë‹ˆë‹¤.
ì£¼ë¬¸í•˜ê³  ì§€ë°©ì¸ë°ë„ í•˜ë£¨ë§Œì— ë°›ì•˜ì–´ìš”. ^^
ì•„ì´í°8ë³´ë‹¤ ì‚´ì§ ê¸¸ì–´ìš”
í™”ë©´ë„ í›¨ì”¬ ì»¤ì„œ ì•„ì§ ì ì‘ì´ ì•ˆë˜ëŠ”ë°
ìž˜ ê¸¸ë“¤ì—¬ì„œ ì˜¤ëž˜ì˜¤ëž˜ ì“°ë ¤êµ¬ìš”",5
47,ì•„ì´í°12,ë³„ì ,"ë ˆë“œê°€ ì´ì©ë‹ˆë‹¤.!
ì‹¤ë¬¼ë¡œ ë ˆë“œë³´ê³  ìƒê°ë„ ì•ˆí–ˆë˜ ë ˆë“œ ë°”ë¡œ ê²°ì œí–ˆì–´ìš”
ëª¨ì„œë¦¬ì— ì‚´ì§ ì°ížŒ ìžêµ­ì´ ìžˆì—ˆëŠ”ë° ë‚˜ë¨¸ì§€ëŠ” ì–‘í’ˆì— ì†í•´ì„œ ê·¸ëƒ¥ ì‚¬ìš©ì¤‘ìž…ë‹ˆë‹¤ã… 
ì•¡ì •ì€ ë‹¤ë¥¸ ì• í”Œ ì œí’ˆê³¼ ë¹„êµí•´ì„œ ì¢€ ë…¸ëž€íŽ¸ì´ê¸´í•´ìš” 12ì‹œë¦¬ì¦ˆ ë””ìŠ¤í”Œë ˆì´ ë¬¸ì œê°€ ë§Žë„¤ìš”... ã…  ã… 
ê·¸ëž˜ë„ ì „ë°˜ì ìœ¼ë¡œ ë§Œì¡±í•©ë‹ˆë‹¤
ì²«ìžê¸‰ì œì¸ë° ë„¤ì´ë²„í¬ì¸íŠ¸ë¡œ 10ë§Œì› ì•„ê»´ ìƒ€ë„¤ìš” !",5
48,ì•„ì´í°12,ë³„ì ,"ì—¬ì§€ê» ê°¤ëŸ­ì‹œë§Œ ê³„ì† ì‚¬ìš©í•˜ë‹¤, ì•„ì´í° í•œë²ˆ êµ¬ìž…í•´ ë´¤ìŠµë‹ˆë‹¤. ë‚¯ì„  ë‘ë ¤ì›€ë„ ìžˆì—ˆìœ¼ë‚˜, ê¸ˆë²ˆ 12 ëª¨ë¸ ì™¸ê´€ì´ ë„ˆë¬´ ë§˜ì— ë“¤ì–´ ì•„ì´í°ì— ìž…ë¬¸í•˜ê²Œ ë˜ì—ˆìŠ´! í•˜ë£¨ ì‚¬ìš©í•´ ë³¸ ê²°ê³¼, ì´ëž˜ì„œ ì•„ì´í° ì•„ì´í° í•˜ëŠ”êµ¬ë‚˜! ìƒê°ì´ ë“¬~ ì•”íŠ¼, ìž˜ ì‚¬ìš©í•˜ê² ìŠµë‹ˆë‹¤~",5
49,ì•„ì´í°12,ë³„ì ,ìŠ¤ë§ˆíŠ¸í°ì€ ê³„ì† ì•„ì´í°ì„ ì‚¬ìš©í•´ì„œ ì´ë²ˆì—ë„ ì•„ì´í°ì„ êµ¬ë§¤í•˜ê¸´ í–ˆìŠµë‹ˆë‹¤ë§Œ í†µí™”ëŸ‰ë„ ë³„ë¡œ ì—†ëŠ” íŽ¸ì´ê³  ì¸í„°ë„· ì‚¬ìš©ë„ ë§Žì´ í•˜ëŠ” íŽ¸ì€ ì•„ë‹ˆë¼ì„œ ê¸°ê¸°ë§Œ ë”°ë¡œ êµ¬ë§¤í•˜ê³ ìž ê²€ìƒ‰í•˜ë‹¤ê°€ ì´ê³³ì—ì„œ êµ¬ë§¤í•˜ê²Œ ë˜ì—ˆìŠµë‹ˆë‹¤ ë„¤ì´ë²„ í†µí•´ì„œ êµ¬ë§¤í•˜ë‹ˆ í¬ì¸íŠ¸ë¡œ í™˜ìˆ˜ë˜ëŠ” ê¸ˆì•¡ë„ ê½¤ í¬ê³  ë¯¿ì„ ë§Œí•œ ì…€ëŸ¬ë¥¼ í†µí•´ êµ¬ë§¤í•  ìˆ˜ ìžˆì–´ì„œ ì¢‹ì•˜ì–´ìš” ë°°ì†¡ì€ ë§Œ 3ì¼ ì •ë„ ê±¸ë¦¬ê¸´ í–ˆëŠ”ë° ì›í•˜ëŠ” ìƒ‰ìƒìœ¼ë¡œ êµ¬ë§¤í•  ìˆ˜ ìžˆì–´ì„œ ì¢‹ì•˜ìŠµë‹ˆë‹¤ ê°ì‚¬í•©ë‹ˆë‹¤!,5
50,ì•„ì´í°12,ë³„ì ,"ì¼ë‹¨ ë°›ìžë§ˆìž ë„ˆë¬´ ì˜ˆë»ì„œ ê°íƒ„í–ˆì–´ìš”,, ã… ã…  ìžê¸‰ì œ í°ì„ ì²˜ìŒ êµ¬ë§¤í•´ë³´ëŠ”ë° í° ì •ë³´ë¥¼ ì˜®ê¸°ëŠ”ê²Œ ì •ë§ íŽ¸í•´ì„œ ê¹œì§ ë†€ëž¬ë„¤ìš” 30ë¶„ì´ë©´ ì „ì— ìžˆë˜ í° ê·¸ëŒ€ë¡œê°€ ì˜¤ë”ë¼êµ¬ìš”!! í° ìž¥ì ì´ë„¤ìš” ì•žìœ¼ë¡œ ì˜¤ëž˜ì˜¤ëž˜ ìž˜ ì‚¬ìš©í•´ë³´ë ¤ê³  í•©ë‹ˆë‹¹:)",5
51,ì•„ì´í°12,ë³„ì ,"ì´ì •ë„ë¡œ ë¹„ì‹¼ ì œí’ˆì„ ì¸í„°ë„·ìœ¼ë¡œ ì‹œì¼œë³¸ ê²Œ ì²˜ìŒì´ë¼...ì¢€ ê±±ì •í–ˆëŠ”ë° ì•ˆì „í•˜ê²Œ ìž˜ ë„ì°©í•´ì„œ ê¸°ì©ë‹ˆë‹¤ ! ì•„ì´í° ì‹ìŠ¤ì—ì„œ ë„˜ì–´ì™€ì„œ ê·¸ëŸ°ì§€, ì¹´ë©”ë¼ë„ í™”ì§ˆë„ ì†ë„ë„ ì‹¬ì§€ì–´ ìŒì§ˆê¹Œì§€ ëª¨ë‘ëª¨ë‘ ìµœê³±ë‹ˆë‹¤ ! ê°ì§„ ë””ìžì¸ë„ ë„˜ë¬´ ë§ˆìŒì— ë“¤ì–´ìš”. í•˜ë„ 12ì— ëŒ€í•œ ë§ì´ ë§Žì•„ì„œ ì´ìƒí•œê²Œ ì˜¤ë©´ ì–´ì©Œë‚˜ ê±±ì •í–ˆëŠ”ë° ê¹¨ë—í•˜ê³  ë¬¸ì œ ì—†ëŠ” í°ì´ ì™”ì–´ìš” ! ê°ì‚¬í•©ë‹ˆë‹¤ !",5
52,ì•„ì´í°12,ë³„ì ,"ì²˜ìŒ ì•„ì´í°ì„ ì¨ë´ì„œ ê¸°ëŒ€ ë§Žì´í•˜ê³  ìƒ€ëŠ”ë°
í†µí™” ë…¹ìŒ ê¸°ëŠ¥ ì—†ëŠ”ê±° ë¹¼ê³  ë‹¤ ì¢‹ì•„ìš”
ì²¨ì—” ì–´ìƒ‰í–ˆì§€ë§Œ ìµìˆ™í•´ì§€ë‹ˆ íŽ¸í•˜ê³  í° ìžì²´ë¡œ ì´ì˜ê³  ì‚¬ì§„ë„ ëŠë‚Œìžˆê²Œ ë‚˜ì™€ìš” ë¬´ì—‡ë³´ë‹¤ ê·¸ì „ í°ì€ ë°°í„°ë¦¬ ê´‘íƒˆ ì‹¬í–ˆëŠ”ë° ë°°í„°ë¦¬ ì˜¤ëž˜ê°€ì„œ ì¢‹ì•„ìš”",5
53,ì•„ì´í°12,ë³„ì ,ìŒˆë¬´ê·¸ë¦°ì´ë¼ë„ ë§Žì´ ë†€ë¦¼ë°›ì€ ì»¬ëŸ¬ê¸´ í–ˆëŠ”ë° ìƒê°ë³´ë‹¤ ì˜ˆì˜ë„¤ìš” ê°€ê²©ë¹„êµ ê¼¼ê¼¼ížˆ í•˜ê³  êµ¬ë§¤í•œê±´ë° ì—¬ê¸°ê°€ ê°€ìž¥ ì €ë ´í•´ì„œ êµ¬ë§¤í–ˆêµ¬ìš”~ ë„¤ì´ë²„í¬ì¸íŠ¸ê¹Œì§€ ë°›ìœ¼ë©´ ë” ì €ë ´í•œë“¯!! ë°°ì†¡ ë¹¨ë¼ì„œ ì¢‹ì•˜ì–´ìš” íœ´ì¼ë¼ê³  í† ìš”ì¼ì¸ë°ë„ ë°°ì†¡ë˜ë„¤ìš” êµ¿êµ¿,5
54,ì•„ì´í°12,ë³„ì ,ê°¤ëŸ­ì‹œë§Œ ì“°ë‹¤ ì´ë²ˆ ì•„ì´í°ë””ìžì¸ì— í™€ë”±ë°˜í•´ ì•„ì´í°ì‹ ì„¸ê³„ë¡œ ì²«ë°œì„ ë‚´ë”›ì—ˆëŠ”ë° ì •ë§ ì‹¤ë¬¼ê¹¡íŒ¨ë„¤ìš”ã… ã…  ë§Œì¡±ëŒ€ë§Œì¡±ìž…ë‹ˆë‹¤ ì˜¤ë§¤ë¶ˆë§ ì£¼ë¬¸í™•ì¸ë§Œí•˜ì‹œê¸¸ê¸°ë‹¤ë ¸ëŠ”ë° ë¹¨ë¦¬ì™€ì„œ ì¢‹ì–´ìš” ì™ ë§Œí•œ ì‚¬ì–‘ì´ë‚˜ ë¶€ì†í’ˆë“¤ì€ ë‹¤ ì•Œê³ ì‹œìž‘í•œê±°ë¼!! ëŒ€ëŒ€ëŒ€ë§Œì¡±ìž…ë‹ˆë‹¤ í™”ì´íŠ¸ ê¸°ë‹¬ë¦¬ê¸¸ ìž˜í–ˆì–´~~,5
55,ì•„ì´í°12,ë³„ì ,ë°°ì†¡ì´ ì—„ì²­ ë¹¨ëžêµ¬ìš” ìš©ë‹¬ë¸”ë£¨ì— ê½‚í˜€ì„œ ìƒ€ëŠ”ë° ì œ ì„ íƒì— 200í”„ë¡œ ë§Œì¡±í•©ë‹ˆë‹¤!!! ìƒ‰ìƒ ì˜ë¡±í•˜ë‹ˆ ë„ˆë¬´ ì˜ˆì˜êµ¬ìš” íì—”ì—ì´ì— ë¬¸ì˜ ë‚¨ê²¼ë”ë‹ˆ ë‹µë³€ë„ ë¹¨ë¦¬ í•´ì£¼ì…¨ë„¤ìš” ë¸”ë£¨íˆ¬ìŠ¤ ì•ˆë˜ëŠ” ê²½ìš° iosì—…ë°ì´íŠ¸ í•˜ë©´ ìž˜ë©ë‹ˆë‹¤ ì‚¬ì§„ê³¼ ìŒì§ˆ í†µí™”ì†Œë¦¬ ì•„ì´í°ì˜ í’ˆê²©ì€ ë‹¤ë¥´ë„¤ìš”ðŸ‘ðŸ‘,5
56,ì•„ì´í°12,ë³„ì ,"ë„ˆë¬´ë„ˆë¬´ë„ˆë¬´ë„ˆë¬´ë„ˆë¬´ ì˜ˆë»ìš”!!!!
ë ˆë“œëž‘ ê³ ë¯¼í–ˆì—ˆëŠ”ë° í™”ì´íŠ¸ ì‚¬ê¸¸ ì •ë§ ìž˜í–ˆì–´ìš©~~
ê·¸ëƒ¥ ì˜ˆë»ìš” í“¨ì–´ ì‹¬í”Œ ê·¸ ìžì²´
ì•„ì´í° 7 ì“°ë‹¤ê°€ ë°”ê¾¼ê±°ë¼ ì‹ ì„¸ê³„ì—ìš”
í™”ë©´ì´ 7ì— ë¹„í•´ ë…¸ëž€íŽ¸ì´ë¼ ìƒ‰ìƒ í•„í„°ì—ì„œ íŒŒëž—ê²Œì„¤ì •í–ˆì–´ìš”
~~~~",5
57,ì•„ì´í°12,ë³„ì ,ë°°ì†¡ ì¼ë‹¨ ì—„ì²­ë¹¨ëžêµ¬ìš” ì•¡ì • ë¬¸ì œ ë•Œë¬¸ì— ì¢€ ê±±ì •í–ˆëŠ”ë° ì„¤ì •ì—ì„œ íŠ¸ë£¨ëª¨ë“œ í•´ì œí•˜ë‹ˆê¹Œ ê´œì°®ì•„ì¡Œì–´ìš”. ìœ ì‹¬ë§Œ ë”± ê°ˆì•„ë¼ì›Œë„£ìœ¼ë‹ˆê¹Œ ê°„ë‹¨í•˜ê²Œ í•´ê²°ë˜ë„¤ìš”ê°•ì¶”í•©ë‹ˆë‹¤ ê·¸ë¦¬ê³  ìƒ‰ìƒê³ ë¯¼ í•˜ì‹œëŠ”ë¶„ë“¤ ë¯¼íŠ¸ ì‚¬ì„¸ìš© ì´ŒìŠ¤ëŸ½ì§€ê³  ì•Šê³  ë„ˆë¬´ ì˜ˆë»ìš”,5
58,ì•„ì´í°12,ë³„ì ,ë¸”ëž™ì´ëž‘ ê³ ë¯¼í•œë‹¤ë©´ ë¬´ì¡°ê±´ ë¸”ëž™ í•˜ì„¸ìš” ì§„ì§œ ì‹¤ë¬¼ ê°‘ìž…ë‹ˆë‹¤ ì¼ì²´ê°ì´ ì§„ì§œ ë§¤ë ¥ì ì´ê³  ìœ ê´‘ì´ë¼ ê·¸ëŸ°ì§€ ë”± ë¸”ëž™ë³´ë‹¨ ì•½ê°„ ë‹¤í¬ ë„¤ì´ë¹„ëŠë‚Œë„ ë‚˜ìš” ë¬´ê´‘ì´ ì¢‹ì•˜ëŠ”ë° ìœ ê´‘ì´ ì°¸ ì´ì˜ë„¤ìš” í°ë„ ëˆ„ëŸ°ë¼ ë””ìŠ¤í”Œë ˆì´ë“± ë‹¤ ì •ìƒìž…ë‹ˆë‹¤ ! ì•¼ê°„ëª¨ë“œëž‘ í™”ì§ˆ ì°¸ ì¢‹ì•„ìš” !,5
59,ì•„ì´í°12,ë³„ì ,6Sì—ì„œ ë“œëŽŒ ê°ˆì•„íƒ€ì‘µë‹ˆë‹¤ã… ã… ã… ì†”ì§ížˆ ê³ ìž¥ë‚œê²ƒë„ ì•„ë‹ˆê³  ë”ì¨ë„ ìƒê´€ì—†ì§€ë§Œ ê²¨ìš¸ì´ë¼ì„œ..ë°°í„°ë¦¬ë•Œë©” ê²°êµ­ ë”°í¡ã… ã…  ë¯¸ë‹ˆì‚´ê¹Œ í•˜ë‹¤ê°€ ê·¸ëž˜ë„ í° ë°”ê¾¼ ëŠë‚Œ ë‚´ë³´ìž í•´ì„œ 12ë¡œ ìƒ€ë„¤ìš” ì—­ì‹œ í™”ì´íŠ¸ê°€ ë„ˆë¬´ë„ˆë¬´ë„ˆë¬´ì´ë»ì—¬!!!!ì¼€ì´ìŠ¤ê°€ ëŠ¦ê²Œì™€ì„œ ì•„ì§ ì“°ì§€ì•Šê³  ëª¨ì…”ë†“ê³  ìžˆìˆ¨ë‹ˆë‹¤ ì‚¬ëŠ”ê¹€ì— ê°–êµ¬ì‹œí”ˆ ìƒ‰ìƒ ì‚´ìˆ˜ìžˆì–´ ì¢‹ì•„ìš”,5
60,ì•„ì´í°12,ë³„ì ,ì´ë²ˆì— ë””ìŠ¤í”Œë ˆì´ ë¬¸ì œê°€ ìžˆë‹¤ê³  í•´ì„œ ê±±ì • ë§Žì´í–ˆëŠ”ë° í…ŒìŠ¤íŠ¸ í•´ë³¸ ê²°ê³¼ ì œ ì•„ì´í°ì€ ê´œì°®ì•˜ì–´ìš”!! ì¢€ ë…¸ëž€ ëŠë‚Œì´ ìžˆì–´ì„œ ì²˜ìŒì—” ê±±ì •í–ˆëŠ”ë° íŠ¸ë£¨í†¤ ì„¤ì • êº¼ë³´ë‹ˆê¹Œ ê´œì°®ë”ë¼êµ¬ìš”! ì ë¦½ê¸ˆë„ ë§Žì´ ìƒê²¨ì„œ ë‹¤ë¥¸ ê³³ë³´ë‹¤ ì¢€ ë” ì €ë ´í•˜ê²Œ êµ¬ë§¤í•œ ê²ƒ ê°™ì•„ìš”! í¬ìž¥ë„ ê¼¼ê¼¼í•˜ê³  ì¢‹ì•˜ìŠµë‹ˆë‹¤!,5
61,ì•„ì´í°12,ë³„ì ,"í°ì´ ê°‘ìžê¸° ê³ ìž¥ë‚˜ì„œ~ ì•„ì´í° 7+ 4ë…„ ì¼ëŠ”ë° í†µí™”ê°€ ì•ˆë¼ì„œ ê³ ì³ ì“°ë ¤ë‹¤ ê·¸ëƒ¥ ìƒ€ë„¤ìš”!
ì›”ìš”ì¼ ì˜¤í›„ì— ê²°ì œí•˜ê³  ìˆ˜ìš”ì¼ ì˜¤í›„ì— ë°›ì•˜ì–´ìš”~
ì™„ì „ ê°ì‚¬í•˜ì£ ! ì¿ íŒ¡ì—ì„œ ì£¼ë¬¸í•˜ë ¤ê³  í–ˆìœ¼ë‚˜ ìˆœì‹ê°„ì— í’ˆì ˆì´ ëœ¨ë‹ˆ ìž¬ìž…ê³ ì•Œë¦¼ë„ ì˜ë¯¸ ì—†ë”ë¼êµ¬ìš”~ í˜¹ì‹œë‚˜ í•´ì„œ ìœ„ë©”í”„ì—ì„œ ì°¾ì•„ë´¤ëŠ”ë° í™”ì´íŠ¸128ê¸°ê°€ ë–¡í•˜ë‹ˆ!!! ê°€ê²©ë„ ì •ê°€ì—ì„œ 35000ì› dc! ì œê°€ ì‚¬ê³  í™”ì´íŠ¸ëŠ” ë°”ë¡œ í’ˆì ˆëœ¨ê¸´í•˜ë”ë¼êµ¬ìš”ã…  ^^
í°ë„ ê¹¨ë—í•˜ê³  ë§ˆì´ê·¸ë ˆì´ì…˜ë„ ë°”ë¡œ ë˜ê³ !!
!",5
62,ì•„ì´í°12,ë³„ì ,ì›”ìš”ì¼ë‚  ì£¼ë¬¸í•´ì„œ í¬ë¦¬ìŠ¤ë§ˆìŠ¤ ì§€ë‚˜ê³  íˆìš”ì¼ë‚  ë°›ì•˜ì–´ìš” ë°°ì†¡ì€ ë‹¤ì†Œ ëŠë¦° íŽ¸ì´ì—ˆì§€ë§Œ í°ì€ ì˜ˆì˜ë„¤ìš”. í™”ì´íŠ¸ëž‘ ê·¸ë¦° ë‘˜ ì¤‘ ê³ ë¯¼ ë§Žì´ í–ˆëŠ”ë° í™”ì´íŠ¸ í°ì€ ì „ì— ì¨ë³¸ ì ì´ ìžˆì–´ì„œ ê²°êµ­ ê·¸ë¦°ìœ¼ë¡œ êµ¬ë§¤í–ˆëŠ”ë° ì•„ì£¼ ë§Œì¡±í•´ìš” ì•„ì´í° 7ì—ì„œ ë„˜ì–´ì™”ëŠ”ë° ì‚¬ì´ì¦ˆëŠ” ì¡°ê¸ˆ ë” í° íŽ¸ì´ë„¤ìš”,5
63,ì•„ì´í°12,ë³„ì ,"ê³„ì† ìž¬ê³  ëœ¨ê¸°ë§Œì„ ê¸°ë‹¤ë¦¬ë‹¤ê°€ ë³´ì´ìžë§ˆìž ë°”ë¡œ ê²°ì œí–ˆì–´ìš”~ ê·¸ë¦¬ê³  ë°”ë¡œ ë‹¤ìŒë‚  ë°›ì•˜ìŠµë‹ˆë‹¤! ì˜¤ìžë§ˆìž ë°”ë¡œ ì´ê³³ì €ê³³ í™•ì¸í•´ë³´ê³  ë””ìŠ¤í”Œë ˆì´ë„ í…ŒìŠ¤íŠ¸í•´ë³´ë‹ˆ ë‹¤í–‰ížˆ ì–‘í’ˆì´ë„¤ìš”!!
ë¹„ë¡ ì¿ í°í• ì¸ì€ ë†“ì³¤ì§€ë§Œ..ë„ˆë¬´ ìž˜ ì“°ê³ ìžˆì–´ì„œ ë§Œì¡±í•©ë‹ˆë‹¤~ ê·¸ë¦¬ê³  ë¦¬ë¸Œëª¨ë°”ì¼ ìœ ì‹¬ë„ ê°™ì´ ë³´ë‚´ì£¼ì…”ì„œ ì¢‹ì•˜ì–´ìš”
ìžê¸‰ì œí°+ì•Œëœ°í° í†µì‹ ì‚¬ë¡œ ê°ˆì•„íƒ€ì‹¤ ë¶„ë“¤ ì ê·¹ ì¶”ì²œì´ìš”!",5
64,ì•„ì´í°12,ë³„ì ,12 í™”ì´íŠ¸ ê°œì´ë»ìš”. ì´ˆê¸°ë¶ˆëŸ‰ ì—¬ë¶€ í™•ì¸í•´ë´¤ëŠ”ë° ì–‘í’ˆì¸ ê²ƒ ê°™ë„¤ìš”! ì†”ì§ížˆ ì˜ˆìœê²Œ ë‹¤ í•©ë‹ˆë‹¤..7ì—ì„œ 12ë¡œ ë„˜ì–´ì™”ëŠ”ë° ë„ˆë¬´ë„ˆë¬´ ë§Œì¡±í•©ë‹ˆë‹¤. ìžê¸‰ì œë¡œ êµ¬ë§¤í•´ì„œ ì•Œëœ°ìš”ê¸ˆì œ ì“°ëŠ”ë° ì•„ë¬´ëŸ° ë¶ˆíŽ¸í•¨ ì—†ì–´ìš”. ì–¼ë¥¸ ì¼€ì´ìŠ¤ëž‘ í•„ë¦„ ì‚¬ì„œ ì°©ìš©í•´ì•¼ ê² ë„¤ìš”! ì›”ìš”ì¼ì— ì£¼ë¬¸í•´ì„œ ê¸ˆìš”ì¼ì— ë„ì°©í–ˆìŠµë‹ˆë‹¤..! ë°°ì†¡ì€ ì¡°ê¸ˆ ëŠë¦° ê²ƒ ê°™ì§€ë§Œ ì–‘í’ˆì´ ì™€ì„œ ë§¤ìš° ë§Œì¡±í•˜ê³  ê¸°ì˜ê³  í–‰ë³µí•©ë‹ˆë‹¤! ë§Žì´ íŒŒì„¸ìš”!!,5
65,ì•„ì´í°12,ë³„ì ,"ì•„ì´í° 4, 5, 5s, 6s ì­‰ ì“°ë‹¤ê°€ ê°¤ëŸ­ì‹œë¡œ ìž ê¹ ê°”ë‹¤ê°€ ê²°êµ­ ì•„ì´í°12ë¡œ ë„˜ì–´ì™”ì–´ìš”~
ì•„ì´í°4 ëŠë‚Œë‚˜ë©´ì„œ ë„ˆë¬´ ì˜ˆì˜ê³  í™”ì´íŠ¸! ì •ë§ ì˜ë¡±í•˜ë„¤ìš”~
ì˜¤ëž˜ì˜¤ëž˜ ì“¸ë ¤ê³  ì• í”Œì¼€ì–´ê¹Œì§€ ê°€ìž…í•´ì„œ êµ¬ë§¤í–ˆì–´ìš”~
ê³ ë¯¼í•˜ë‹¤ê°€ ì‚¬ì „ì˜ˆì•½ ëë‚˜ì„œ í™”ì´íŠ¸ ê¸°ë‹¤ë¦¬ê³  ê¸°ë‹¤ë¦¬ë‹¤ê°€ ìž…ê³ ë˜ì–´ì„œ ë°”ë¡œ êµ¬ìž…í–ˆìŠµë‹ˆë‹¤~
ë¸”ëž™ì´ëž‘ í™”ì´íŠ¸ ê³ ë¯¼í–ˆëŠ”ë° ì—­ì‹œ í™”ì´íŠ¸ ìž˜ í•œê²ƒ ê°™ì•„ìš” ë³´ìžë§ˆìž ê°íƒ„í–ˆì–´ìš”~

ë°°ì†¡ë„ í•˜ë£¨ë§Œì— ì™”ì–´ìš” ìž˜ ì“¸ê²Œìš”~ðŸ˜Š",5
66,ì•„ì´í°12,ë³„ì ,ì›ëž˜ 12 í”„ë¡œ í¼ì‹œí”½ë¸”ë£¨ ì‚¬ë ¤ê³  í•˜ë‹¤ê°€ ìš©ë‹¬ë¸”ë£¨ê°€ ë„ˆë¬´ ì˜ˆë»ë³´ì´ëŠ” ë‡Œì´ì§•ì´ ì˜¤ê¸° ì‹œìž‘í–ˆìŠµë‹ˆë‹¤. ê²°êµ­ 12ë¡œ ì‚¬ê¸°ë¡œ ê²°ì •í•˜ê³  ìš©ë‹¬ë¸”ë£¨ë¥¼ ì†ì— ìž¡ì€ ìˆœê°„ ì—­ì‹œ ë‡Œì´ì§•ì€ ëŒ€ë‹¨í•˜êµ¬ë‚˜ ìƒê°í–ˆìŠµë‹ˆë‹¤. ê·¼ë° ì‹¤ì œë¡œ ë³´ë©´ ì§„ì§œ ì˜ˆë»ìš”. íŠ¹ížˆ ì‚¬ì´ë“œ ë•Œê¹”ì´ ë¯¸ì³¤ìŒ,5
67,ì•„ì´í°12,ë³„ì ,ì¼ë‹¨ ë°°ì†¡ êµ¿êµ¿êµ¿!!!!\nê±°ì˜ ë‘ë‹¬ ì´ìƒì„ ì•„ì´í°12ë¥¼ ì‚¬ë ¤ê³  ì—¬ê¸°ì €ê¸° ì•Œì•„ë³´ê³  ê°€ê²©ë¹„êµë„ í•´ë³´ê³  ë‚´ë¦° ìµœì¢… ê²°ì •ì´ ì—¬ê¹ë‹ˆë‹¤~^^ ë”¸ì•„ì´ê°€ ì›í•˜ëŠ” í™”ì´íŠ¸ìƒ‰ìƒê³¼ ê°€ê²©ë„ ì´ì •ë„ë©´ ê° ì°®ë„¤ìš”.íŠ¹ížˆ ì°œí•˜ê³  êµ¬ë§¤í•˜ë‹ˆ 34.000ì›ì„ ì ë¦½ê¸ˆìœ¼ë¡œ ëŒë ¤ì¤˜ ê°œì´ë“ìž…ë‹ˆë‹¤.\nê¸°ë‹¤ë ¸ë˜ í°ì´ë¼ ë°›ì•„ë³´ê³  ë”¸ì•„ì´ê°€ ì—„ì²­ ì¢‹ì•„ë¼í•˜ë„¤ìš”. ê°ì‚¬í•©ë‹ˆë‹¤~^^,5
68,ì•„ì´í°12,ë³„ì ,"ì´í‹€ë§Œì— ë°°ì†¡ ì™”ì–´ìš”! ê·¸ë¦° ìƒ‰ ì‚¬ê³  ì‹¶ì–´ì„œ ê²€ìƒ‰í–ˆëŠ”ë° ì—¬ê¸°ê°€ ìµœì €ê°€ë”ë¼êµ¬ìš”. ì‚¬ì‹¤ ì¿ íŒ¡ì— ë¸”ë£¨ìƒ‰ ì¹´ë“œ ì¦‰ì‹œí• ì¸ 5ë§Œì›ì— 24ê°œì›” ë¬´ì´ìž í• ì¸ê¹Œì§€ ìžˆì–´ì„œ í˜œíƒ ë•Œë¬¸ì— ê³ ë¯¼í•˜ë‹¤ê°€ ë¬¼ê±´ë³´ë‹¤ í˜œíƒ ë³´ê³  ì‚¬ë©´ ë‘ê³ ë‘ê³  ë§ˆìŒì— ì•ˆ ë“¤ê±° ê°™ì•„ì„œ ì¼ì‹œë¶ˆë¡œ ê·¸ë¦°ìƒ‰ ìƒ€ëŠ”ë° ã…Ž ã… ì •ë§ ì•ˆ ìƒ€ìœ¼ë©´ ë‘ê³ ë‘ê³  í›„íšŒí•˜ê³  ë•…ì„ ì¹ ë»” í–ˆë„¤ìš” ã…‹ã…‹ã…‹ ì‹¤ì œë¡œ ìƒ‰ ì•ˆ ë´¤êµ¬ìš”, ê·¸ëƒ¥ ê·¸ë¦°ì´ ì œì¼ ì˜ˆë»ì„œ ìƒ€ëŠ”ë° ì¡´ì˜ˆì—ìš”.... ì•„ì´í° 10ë…„ì°¨ë¼ í°ìƒ‰, ê³¨ë“œ, ë¡œì¦ˆê³¨ë“œ ë‹¤ ì‚¬ìš©í•´ë´¤ëŠ”ë° ê·¸ë¦°ì´ ì œì¼ ì˜ˆì˜ë„¤ìš” ã…Žã…Ž ë‚¨ë“¤ì´ ê·¸ ìƒ‰ ì§ˆë¦°ë‹¤ ë³„ë¡œë‹¤ í•´ë„ ë³¸ì¸ì´ ì˜ˆë» ë³´ì´ê³  ë§ˆìŒì— ë“¤ë©´ ë§ˆìŒì— ë“œëŠ” ì œí’ˆ ì‚¬ì•¼ í•´ìš”. ê·¸ê²Œ ì •ë‹µìž…ë‹ˆë‹¤! ã…Žã…Ž ê·¸ë¦¬ê³  ì¸ë¬¼ëª¨ë“œë„ ëŒ€ë°•ì´ì—ìš” ã…‹ã…‹ã…‹",5
69,ì•„ì´í°12,ë³„ì ,ì§€ë‚œì£¼ ëª©ìšœ ì˜¤í›„ 6ì‹œì— ê·¸ë¦°ìƒ‰ ì£¼ë¬¸í–ˆì–´ìš” ê³„ì† ìƒˆë¡œê³ ì¹¨í•˜ë©´ì„œ ê±°ì˜ í¬ê¸°í–ˆì—ˆëŠ”ë° ì°°ë‚˜ì— ìž…ê³ ëœê±° ê²Ÿí–ˆë„¤ìš”ã…Žã…Ž ìš°ë¦¬ë”¸ì´ ê·¸ë¦°ìƒ‰ ì—„ì²­ ê°–ê³ ì‹¶ì–´í–ˆëŠ”ë° ê°ì‚¬ë“œë ¤ìš” ê·¼ë° ë°°ì†¡ì´ ì¢€ ëŠ¦ì–´ì„œ ë³„í•œê°œ ëº„ë ¤ë‹¤ê°€ ì›”ìšœ ì ì‹¬ë¬´ë µ ë°°ì†¡ì™”ìŒ..ì‹¤ë§ì€ í–ˆì§€ë§Œ ê·¸ë¦°ìƒ‰ ë„ˆë¬´ ì´ì˜ê³  í•˜ìžë„ ì—†ëŠ”ê²ƒê°™ì•„ ë§Œì¡±í•©ë‹ˆë‹¤,5
70,ì•„ì´í°12,ë³„ì ,"10ì›” 23ì¼ ì¿ íŒ¡ì—ì„œ ì‚¬ì „ì˜ˆì•½ í• ë ¤êµ¬ ê¸°ë‹¤ë¦¬ë‹¤ê°€ ì‹œê°„ì´ëœ ì»´ì´ ê°‘ìžê¸° ë²„ë²…ê±°ë¦¬ë”ë‹ˆ ê²¨ìš° í™”ë©´ì´ ë– ì„œ ì‹ ì²­í•˜ë ¤ê³  í•´ë³´ë‹ˆ ë²Œì¨ í’ˆì ˆì´ê³ , 2ì°¨ì˜ˆì•½ ë•Œë„ ë©í•˜ë‹ˆ ë³´ê¸°ë§Œ í•˜êµ¬ ë‹¹í–ˆëŠ”ë°, ì—­ì‹œ ê¸°ë‹¤ë¦¬ë‹ˆ ìœ„ë©”í”„ì—ì„œ ì‹¸ê²Œ ìž˜ ìƒ€ì–´ìš”. ê¸°ê¸°ë„ ê²°í•¨ì´ ì „í˜€ ì—†ë„¤ìš”.",5
71,ì•„ì´í°12,ë³„ì ,"í™”ì´íŠ¸ ì‚¬ë ¤ê³  ìž¬ê³  ë§¤ì¼ ê¸°ë‹¤ë ¸ì–´ìš”ã… ã… 
ì˜¤í›„5ì‹œì¯¤ ìž…ê³  ëœë‹¤ê³  í•´ì„œ í™•ì¸í•´ ë³´ë‹ˆ ìž¬ê³  ë– ì„œ ë°”ë¡œ êµ¬ìž…í–ˆìŠµë‹ˆë‹¤!! ë°°ì†¡ì€ íƒë°°ì‚¬ ë¬¸ì œë•Œë¬¸ì— ì¡°ê¸ˆ ì˜¤ëž˜ ê±¸ë ¸ì–´ìš”. ìœ ì‹¬ë„ ìƒˆê±° í•˜ë‚˜ ë³´ë‚´ì¤¬ë„¤ìš”~ ì•Œëœ°í°ìœ¼ë¡œ ê°€ì‹¤ ë¶„ì€ ì°¸ê³ í•˜ì„¸ìš”!",5
72,ì•„ì´í°12,ë³„ì ,ì œë™ìƒ ì„ ë¬¼ë¡œ ì‚¬ì¤¬ìŠµë‹ˆë‹¤ ì•„ì´í°7í”ŒëŸ¬ìŠ¤ ì“°ë‹¤ê°€ 12 ë…¸ëž˜ë¥¼ë…¸ëž˜ë¥¼ ë¶ˆëŸ¬ì„œ ì—´ì‹¬ížˆ ê³µë¶€í•˜ë¼êµ¬ ì‚¬ì¤¬ëŠ”ë° ì¢‹ì•„ì£½ë„¤ìš” ã…Žã…Žã…‹ã…‹ã…‹ã…‹ ë¿Œë“¯í•©ë‹ˆë‹¤ ì¡°ê¸ˆë” ì €ë ´í•´ì§€ê¸¸ ê¸°ë‹¤ë¦¬êµ¬ ì‹¶ì—ˆëŠ”ë° ë¹¨ë¦¬ì‚¬ì£¼ê³ ì‹¶ì–´ì„œ ì‚¬ì¤¬ì–´ìš” ì´ì˜ê³  ì¢‹ë”ë¼êµ¬ìš”,5
73,ì•„ì´í°12,ë³„ì ,"1ì°¨ ì‚¬ì „ì˜ˆì•½í•´ì„œ 29ì¼ íƒë°° ë°œì†¡ë˜ì—ˆë‹¤ëŠ” ë¬¸ìžë°›ê³  í•˜ë£¨ë§Œì— íƒë°° ë°›ì•˜ì–´ìš”! ì˜¨ë¼ì¸ì—ì„œ í°ì„ ì‚¬ëŠ”ê±´ ì²˜ìŒì´ë¼ ë„ˆë¬´ë„ˆë¬´ë„ˆë¬´ ê±±ì •ë§Žì´ í–ˆëŠ”ë° ë½ë½ì´ë¡œ ì‹¸ì£¼ì‹œê³  ì•ˆì „í•˜ê²Œ ë°°ì†¡ì™”ì–´ìš”!
ì—¬ê¸°ì €ê¸° ìžì„¸ížˆ ì‚´íŽ´ë´¤ëŠ”ë° ë‹¤í–‰ížˆ ìƒí’ˆ ì´ìƒì—†ë”ë¼ê³ ìš”!! ìž˜ì“¸ê²Œìš”?",5
74,ì•„ì´í°12,ë³„ì ,"ì•„ì´í°12, 2ì°¨ ì˜ˆíŒìœ¼ë¡œ êµ¬ìž…í•´ì„œ 11ì›” 2ì§¸ì£¼ ë°°ì†¡ì˜ˆì •ì´ì—ˆëŠ”ë° ê°‘ìžê¸° ì–´ì œ ë¬¸ìžì˜¤ë”ë‹ˆ ì˜¤ëŠ˜ ë°°ì†¡ë˜ì–´ ì™”ìŠµë‹ˆë‹¤.
ë„ˆë¬´ ê°ê²© ã…œã…œã…Ž
ì „ì— ì•„ì´í° 11 ë•Œë„ ë¡¯ë°ì—ì„œ êµ¬ìž…í–ˆëŠ”ë° ì¿ íŒ¡ë³´ë‹¤ ë¬¼ëŸ‰ì´ ë” ë§Žì€ê±´ì§€ ìƒˆë²½ 12ì‹œì— êµ¬ìž… ì•ˆí•˜ê³  ë‚®ì— íŽ¸í•˜ê²Œ êµ¬ìž…í•´ì„œ ì¢‹ì•˜ìŠµë‹ˆë‹¤",5
75,ì•„ì´í°12,ë³„ì ,"ì¼ë‹¨ ë¹ ë¥´ê³  ì•ˆì „í•œ í¬ìž¥ ë°°ì†¡ ê°ì‚¬í•©ë‹ˆë‹¤! ë¶ˆëŸ‰ì¸ ë¶€ë¶„ ì—†ê³  ì¢‹ë„¤ìš”! í¼í”Œ ìƒ‰ê° ë””ìžì¸ë„ ì •ë§ ëë‚´ì£¼ê³ ìš” ^^
ì•„ì´í° ì²¨ ì‚¬ìš©í•´ë³´ëŠ”ë° ìŠ¤í”¼ì»¤ ìŒì§ˆì´ ìƒê°ë³´ë‹¤ ë„ˆë¬´ ì¢‹ì•„ì„œ ì™„ì „ ëŒ€ë§Œì¡±ìž…ë‹ˆë‹¤!!",5
76,ì•„ì´í°12,ë³„ì ,"ì´í‹€ë§Œì— ë°°ì†¡ë°›ì•˜ìŠµë‹ˆë‹¤. ì´ìƒí•œë°•ìŠ¤ì— í¬ìž¥ì´ ë˜ì–´ì„œ ë¶ˆì•ˆí•œë§ˆìŒì— ê°œë´‰í–ˆëŠ”ë° ì •í’ˆì´êµ¬ìš”.
ì´ì˜ë„¤ìš”. ì „ í™”ì´íŠ¸ìž…ë‹ˆë‹¤",5
77,ì•„ì´í°12,ë³„ì ,í¬ìž¥ë„ ì•ˆì „í•˜ê³  ë°°ì†¡ë„ ë¹ ë¦…ë‹ˆë‹¤. ê³µí™ˆì—ì„œ ì‚¬ëŠ”ê²Œ ì•„ë‹ˆë¼ ê±±ì •í–ˆì—ˆëŠ”ë° ê±±ì •í•  í•„ìš”ê°€ ì—†ì—ˆë„¤ìš”.,5
78,ì•„ì´í°12,ë³„ì ,"ì•„ì´í°6S ì‚¬ìš©í•˜ë‹¤ê°€, ì´ë²ˆì— ê°ˆì•„íƒ‘ë‹ˆë‹¤.
ë„ˆë¬´ ì¢‹ì•„ìš”.

ë§ëª»ìžˆê² ìŒìš” ã… ã… ã… ",5
79,ì•„ì´í°12,ë³„ì ,"ê¸ˆìš”ì¼ ì£¼ë¬¸í•˜ê³  í† ìš”ì¼ì— ë°›ì•˜ìŠµë‹ˆë‹¤.
ê·¸ë¦°ìƒ‰ì´ ì€ì€í•˜ë‹ˆ ì˜ˆì˜ë„¤ìš”.",5
80,ì•„ì´í°12,ë³„ì ,"ìƒ‰ê°ì€ ë§í• ê²ƒ ì—†ì´ ì˜ë¡±í•˜ê³ 
ì‚¬ì§„ì€ ë˜ ì–¼ë§ˆë‚˜ ì°ì„ë§› ë‚˜ê²Œìš” ~
ìžê¸‰ì œ ìœ ì‹¬ì¹© ë„£ê³  ìƒˆë¡œ ê°œí†µí•˜ëŠ” ê²ƒë„ ì¼ë„ ì•„ë‹ˆê³  ì°¸ íŽ¸ë¦¬í•˜ê³  ì¢‹ë„¤ìš” ~ ìƒˆ í°ìœ¼ë¡œ ë°”ê¿”ë„ ê¸°ì¡´ ìš”ê¸ˆì œ ì“¸ ìˆ˜ ìžˆìœ¼ë‹ˆ ë¶€ë‹´ì œë¡œ!",5
81,ì•„ì´í°12,ë³„ì ,"ì¹´ë“œí• ì¸ê³¼ ì—˜í¬ì¸íŠ¸ ì ë¦½ìœ¼ë¡œ ìƒê°ë³´ë‹¤ ê´œì°®ê²Œ êµ¬ë§¤í•œ ê²ƒ ê°™ìŠµë‹ˆë‹¤. ì™¸ê´€ í ì§‘ë„ ì—†ê³  í™”ë©´ì´ë‚˜ ì¹´ë©”ë¼, ì†Œë¦¬ë„ ìž˜ ë‚˜ì˜¤êµ¬ìš” ì–‘í’ˆì„ ë°›ê²Œ ë˜ì„œ ë‹¤í–‰ìž…ë‹ˆë‹¤!",5
82,ì•„ì´í°12,ë³„ì ,"ì‚¬ì „ì˜ˆì•½ìœ¼ë¡œ êµ¬ë§¤í–ˆì–´ìš”
ë°°ì†¡ë„ ë¹ ë¥´ê³  ì´ìƒì—†ëŠ” ê¸°ê¸° ì–‘í’ˆ ë°›ì•„ì„œ ì¢‹ìŠµë‹ˆë‹¤

ì•„ì´í° ë§Žì€ ìƒ‰ìƒ ì‚¬ìš©í•´ë´¤ì§€ë§Œ í¼í”Œìƒ‰ìƒì€
ì²˜ìŒ ì‚¬ë´¤ì–´ìš”. ì‹¤ë¬¼ ìƒ‰ìƒì´ í›¨ì”¬ ë” ì´ë»ìš”",5
83,ì•„ì´í°12,ë³„ì ,"ì•„.....ì´ì˜ë‹¤
ë¬´ìŠ¨ ë§ì´ í•„ìš”í•˜ê² ì–´ìš”...",5
84,ì•„ì´í°12,ë³„ì ,ë“œë””ì–´ ë°”ê¿¨ìŠµë‹ˆë‹¤ ë„ˆë¬´ ì˜ˆë»ìš” ã… ã…  í™”ì´íŠ¸ ì°°ë–¡,5
85,ì•„ì´í°12,ë³„ì ,ì´ë²ˆ ì•„ì´í°12 í¼í”Œë¡œ ì•„ì´í° ìœ ì €ê°€ ë˜ì—ˆë„¤ìš”. 4ì›” 30ì¼ ì¶œì‹œì´ ë§žì¶° ë°°ì†¡ ì˜¤ì „ì¤‘ì— ë°›ì•„ í™˜ê²½ì„¤ì •í•˜ê³  ìž˜ ì“°ê³ ìžˆë„¤ìš”,5
86,ì•„ì´í°12,ë³„ì ,ê³ ë¯¼í•˜ë‹¤ê°€ ë°”ê¿¨ëŠ”ë° ë„ˆë¬´ ì¢‹ì•„ìš” ! íŽ˜ì´ë¡œ ë˜ëŒë ¤ì£¼ëŠ” ê²ƒë„ êµ¿êµ¿ì´ë„¤ìš” ã…Žã…Ž í•˜ì–€ìƒ‰ ì£¼ë¬¸í–ˆëŠ”ë° ì˜ˆë»ìš©,5
87,ì•„ì´í°12,ë³„ì ,ë°°ì†¡ì´ ìƒê°ë³´ë‹¤ ë¹¨ë¼ì„œ ì¢‹ìŠµë‹ˆë‹¤.,5
88,ì•„ì´í°12,ë³„ì ,ì—­ì‹œ ì•„ì´í°! ì‚¬ì‹¤ 11ì˜ ì—°ë³´ë¼ì˜€ìŒ í–ˆëŠ”ë° ë§‰ìƒ ë°›ì•„ë³´ë‹ˆ 12ì˜ ìƒ‰ê°ë„ ì˜ˆì©ë‹ˆë‹¤:-) ë³´ë¼ìƒ‰ ë•í›„ë¡œ ë„ˆë¬´ì˜ˆë»ì„œ ê³„ì† ë’·ë©´ ë“¤ì—¬ë‹¤ ë³´ê²Œí•´ìš” ã…Žã…Ž,5
89,ì•„ì´í°12,ë³„ì ,"ë¹¨ë¦¬ì™€ì„œ ì¢‹ì•˜ì–´ìš”!!
ì• í”Œì¼€ì–´í”ŒëŸ¬ìŠ¤ ê°™ì´ ê²°ì œí–ˆëŠ”ë° ìž˜ í•œê±´ì§€ëŠ” ã…Žã…Žëª¨ë¥´ê² ì–´ìš”@.@
ì„¸ë¸ë³´ë‹¤ ì¡°ê¸ˆ í¬ê³  ì„¸ë¸ë„ ì‚¬ë…„ ê°€ê¹Œì´ ì¼ìœ¼ë‹ˆê¹Œ
ì´ í°ë„ ì˜¤ëž˜ì¨ë³¼ê²Œìš¤
ì œì¼ ì‹¸ê²Œ ìž˜ ìƒ€ì–´ìš”!!",5
90,ì•„ì´í°12,ë³„ì ,ì•„ì´í°8 ì‚¬ìš©í•˜ë‹¤ ë„“ì€í™”ë©´ìœ¼ë¡œ ë°”ê¾¸ë‹ˆ ì—„ì²­ ë³´ê¸°ë„ ì¢‹ê³  ì¹´ë©”ë¼ ê¸°ëŠ¥ë„ ë›°ì–´ë‚˜ì„œ ì¢‹ì€ë° ë°°ì†¡ë„ ë¹¨ë¼ì„œ ë„ˆë¬´ë„ˆë¬´ ì¢‹ë‹¤í•¨~~~^^,5
91,ì•„ì´í°12,ë³„ì ,"ê¸°ì¡´ ì“°ë˜ í•¸ë“œí°ì´ ê³ ìž¥ì´ ê¸‰í•˜ê²Œ ì£¼ë¬¸í•˜ì˜€ëŠ”ë°, ì•ˆì „í•˜ê²Œ ìž˜ ë°›ì•˜ìŠµë‹ˆë‹¤. ëª¨ì–‘ì€ ë‘ë§í•  ê²ƒ ì—†ê³  í™”ì´íŠ¸ë¼ ê¹”ë”í•˜ê³  ì¢‹ë„¤ìš”. ê¸ˆì•¡ë„ íƒ€ ì‚¬ì´íŠ¸ë³´ë‹¤ ì €ë ´í•˜ê²Œ êµ¬ë§¤í•´ì„œ ë” ë§Œì¡±í•©ë‹ˆë‹¤.",5
92,ì•„ì´í°12,ë³„ì ,"ì—„ë§ˆ ì‚¬ë“œë ¸ëŠ”ë° ë„˜ ì¢‹ì•„í•˜ì„¸ìš”^^
ë¯¼íŠ¸ìƒ‰ ì˜ˆì˜ë„¤ìš”!",5
93,ì•„ì´í°12,ë³„ì ,"ì‹¤ë¬¼ì´ ê°ë™ì ìœ¼ë¡œ ì˜ˆì©ë‹ˆë‹¤. ê³„ì† í’ˆì ˆì´ë¼ì„œ ì£¼ë¬¸í•˜ê¸°ê°€ ì–´ë ¤ì› ì§€ ë°°ì†¡ì€ ì—„ì²­ ë¹¨ëžìŠµë‹ˆë‹¤. íŒŒì†ëœ ê³³ ì—†ì´ ì•ˆì „í•˜ê²Œ ìž˜ ì™”ìŠµë‹ˆë‹¤.
ì•„ì´í°12 í”„ë¡œ ëª¨ë¸ë³´ë‹¤ ë¬´ê²ì§€ ì•Šì•„ì„œ ë§Œì¡±í•©ë‹ˆë‹¤.
í™”ì§ˆë„ ì¢‹ìŠµë‹ˆë‹¤!",5
94,ì•„ì´í°12,ë³„ì ,í¼í”Œìƒ‰ë„ˆë¬´ì´ë»ìš©!! ë°°ì†¡ë„ì™„ì „ë¹ ë¥´ê³  êµ³êµ³ ìž˜ì“¸ê²Œìš”ðŸ˜Š,5
95,ì•„ì´í°12,ë³„ì ,ë‚¨ ì¡°ì•„ìš” ê°€ë³ê³  xrì“°ë‹¤ ë°”ê¿§ëŠ”ë”” í›¨ ê°€ë²¼ì›Œìš”,5
96,ì•„ì´í°12,ë³„ì ,ë°°ì†¡ ì ë‹¹í•œ ë•Œì— ì™”ê³  ìƒˆë¡œìš´ ìƒˆì¶œë°œí•œë‹¤ëŠ” ëŠë‚Œìœ¼ë¡œ ì‹­ë…„ì“°ë˜ ì•ˆë“œë¡œì´ë“œì—ì„œ ê±´ë„ˆì™”ì–´ìš” ìž˜ ì¨ë³¼ê²Œìš”,5
97,ì•„ì´í°12,ë³„ì ,"ë””ìžì¸. í’ˆì§ˆ . ì¹´ë©”ë¼ ì„±ëŠ¥ ëª¨ë‘ ë§Œì¡± í•©ë‹ˆë‹¤.
ë©”ëª¨ë¦¬ ìš©ëŸ‰ ì„ ì¢€ ë§Žì´ ëŠ˜ë¦¬ê³  ê°€ê²©ë„ ì¢€ë„ í•©ë¦¬í™” í–ˆìœ¼ë©´ í•˜ëŠ” ë°”ëž¨ìž…ë‹ˆë‹¤.",5
98,ì•„ì´í°12,ë³„ì ,ìƒí’ˆì€ ì¢‹ì•„ìš”.ë°°ì†¡ë„ ë¹ ë¥´ê³ ...ê°€ê²©ì´ ë„ˆë¬´ ë¹„ì‹¸ë„¤ìš”.,5
99,ì•„ì´í°12,ë³„ì ,"ë„ˆ~~~~ë¬´ ì˜ˆë»ìš”~~~ê·¸ëƒ¥ ì˜ˆë»â€¦
ì• í”Œì´ ì• í”Œí–ˆë‹¤â€¦.
ë°°ì†¡ë„ ì•„ì£¼ ë¹¨ëžê³ , ì•ˆì „í•˜ê²Œ ì™”ìŠµë‹ˆë‹¤!
í¼í”Œì€ ì²˜ìŒ ì‚¬ë³´ëŠ”ë° ì•ˆ ì§ˆë¦¬ê³  ì˜¤ëž˜ ìž˜ ì“¸ê²ƒ ê°™ì•„ìš”",5
100,ì•„ì´í°12,ë³„ì ,"ê·¸ë™ì•ˆ ì•ˆë“œë¡œì´ë“œ ê³„ì—´ ê¸°ê¸°ë¥¼ ì¤„ê³§ ì‚¬ìš©í•˜ë‹¤ê°€, ì•„ì´íŒ¨ë“œ êµ¬ë§¤ë¥¼ ì‹œìž‘ìœ¼ë¡œ ì• í”Œ ì œí’ˆë“¤ë¡œ ê¸°ê¸°ë³€ê²½ì„ í•˜ê³  ìžˆë„¤ìš”. ë°°ì†¡ë„ ë¹ ë¥´ê³  ì•„ì´í° íŠ¹ìœ ì˜ ë””ìžì¸ì„ í¬í•¨í•œ ê·¸ë¦½ê°ì´ ì •ë§ ë§ˆìŒì— ë“­ë‹ˆë‹¤.",5
101,ì•„ì´í°12,ë³„ì ,"ë„ˆë¬´ ì˜ë¡±í•˜ê³  ì˜ˆìœ ë³´ëžë¹›ìž…ë‹ˆë‹¤ðŸ’œ
ë¯¸ë‹ˆëž‘ ì‚¬ì´ì¦ˆ ê³ ë¯¼í–ˆëŠ”ë° ë”± ì ë‹¹í•œ ì‚¬ì´ì¦ˆì¸ê²ƒ ê°™ì•„ìš”!!
ë°°ì†¡ë„ í•˜ë£¨ë§Œì— ì™”ì–´ìš”! ë¯¿ê³  ì£¼ë¬¸í•˜ëŠ” ê³µì‹ìŠ¤í† ì–´ê°€ ì§±ì´ë„¤ìš”!!!ðŸ’œðŸ’œ",5
102,ì•„ì´í°12,ë³„ì ,"ë°°ì†¡ì€ ìˆ˜ìš”ì¼ êµ¬ë§¤í•´ì„œ ê¸ˆìš”ì¼ ì €ë…ì— ë°›ì•˜ìŠµë‹ˆë‹¤!
ë´¤ëŠ”ë° ë„ˆë¬´ ì´ì˜ë‹¤....í•³.....í™”ë©´ì€ ì•„ì§ í…ŒìŠ¤íŠ¸ ëª»í•´ë´¤ì§€ë§Œ
ê²‰ì— ì°íž˜ ì—†ê³  ë°•ìŠ¤ë„ ê¹¨ë—í•œìƒíƒœë¡œ ìž˜ì™”ìŠµë‹ˆë‹¤!
ì¼€ì´ìŠ¤ë„ ìž˜ì“°ê²ŸìŠµë‹ˆë‹¤~",5
103,ì•„ì´í°12,ë³„ì ,"ë„ˆë¬´ ì˜ˆë»ìš”! í°ìƒ‰ ë‚˜ì˜¤ê¸°ë§Œì„ ê¸°ë‹¤ë ¸ë‹¤ê°€ ìƒ€ì–´ìš”.
ê³µì‹ëª°ì´ì—¬ì„œ ë¯¿ìŒì´ ê°€ê³  ë°°ì†¡ë„ ì•ˆì „í•˜ê³  ë¹ ë¥´ê²Œ ì£¼ë¬¸ ë‹¤ë‹¤ìŒë‚  ì™”ìŠµë‹ˆë‹¤.
ìŠ¤í¬ë ˆì¹˜ í•˜ë‚˜ì—†ê³  ê¹¨ë—í•œ ìƒíƒœì—¬ì„œ ë°”ë¡œ ê°œí†µí–ˆìŠµë‹ˆë‹¤. ëª¨ë‘ í™”ì´íŠ¸ ì‚¬ì„¸ìš”ã…Žã…Ž",5
104,ì•„ì´í°12,ë³„ì ,ìƒí’ˆ ì¢‹ì•„ìš”. ë”¸ì• ê°€ ì¢‹ì•„í•˜ë„¤ìš”. ë°°ì†¡ë„ ë¹ ë¥´ê³  ë¬´ì—‡ë³´ë‹¤ ì¢…ì´ë¡œë§Œ ì‹¸ì—¬ ìžˆì–´ í™˜ê²½ë„ ìƒê°í•œê²ƒ ê°™ì´ ì¢‹ë„¤ìš”,5
105,ì•„ì´í°12,ë³„ì ,ì´ì „ ì•„ì´í°6í”ŒëŸ¬ìŠ¤ë¥¼ ì˜¤ëž˜ ì“°ê³  ìžˆì—ˆëŠ”ë° ì´ë²ˆì— ë°”ê¿¨ì–´ìš”~ë¹„ì‹¸ê¸´í•˜ì§€ë§Œ ìž˜ë§Œì“°ë©´ ì˜¤ëž˜ì“°ê¸°ì— ê³ ë¯¼í•˜ë‹¤ êµ¬ë§¤í–ˆì–´ìš”,5
106,ì•„ì´í°12,ë³„ì ,"ì˜ˆë»ì„œ ì¢‹ë„¤ìš” ì—­ì‹œ ì•„ì´í°ì€ ì˜ˆì˜ë‹¤
ê·¼ë° íŽ˜ì´ê°€ ì—†ì–´ì„œ ë¶ˆíŽ¸í•˜ë‹¤",5
107,ì•„ì´í°12,ë³„ì ,í¬ìž¥ë„ ê¼¼ê¼¼ížˆ ë˜ì–´ìžˆê³  ë°°ì†¡ë„ ë„ˆë¬´ ë¹¨ëžì–´ìš” ì •ë§ ë§Œì¡±í•©ë‹ˆë‹¤!!,5
108,ì•„ì´í°12,ë³„ì ,ë°°ì†¡ë„ ë¹ ë¥´ê³  í¬ìž¥ë„ ì¢‹ê³  ì–‘í’ˆìœ¼ë¡œ ë°›ì•˜ë„¤ìš” ã…Ž ì¢‹ìŠµë‹ˆë‹¤,5
109,ì•„ì´í°12,ë³„ì ,ì„ ë¬¼ìš© ìž…ë‹ˆë‹¤. ë§Œì¡± í•©ë‹ˆë‹¤.,5
110,ì•„ì´í°12,ë³„ì ,ì•„ë‚´ ì„ ë¬¼ë¡œ ì‚¬ì¤¬ëŠ”ë° ë„ˆë¬´ ì¢‹ì•„í•˜ë„¤ìš”,5
111,ì•„ì´í°12,ë³„ì ,ìƒ‰ì€ ë§í•  ê²ƒë„ ì—†ê³  ì—­ì‹œ ì•„ì´í°ì´ë‹¤! ì¹´ë©”ë¼ê°€ ì´ì „ë³´ë‹¤ ëˆ„ë¦¬ë¼ë¦¬í•˜ê¸´ í•˜ì§€ë§Œ ì „ì²´ì ìœ¼ë¡œ ë§ˆìŒì— ë“¤ì–´ìš”,5
112,ì•„ì´í°12,ë³„ì ,"íƒë°°ë°°ì†¡ì´ë¼ ì•ˆì „í•˜ê²Œ ì˜¬ê¹Œ ê±±ì •ëì§€ë§Œ
ë©€ì©¡í•´ ë³´ìž…ë‹ˆë‹¤ ã…Žã…Ž ì™„ì „ ê°€ë²¼ì›Œìš”",5
113,ì•„ì´í°12,ë³„ì ,"ì €ë ´í•˜ê²Œ ì‚° ê²ƒ ê°™ì•„ ë§Œì¡±í•´ìš”! ì œí’ˆë„ ìž˜ ì™”ì–´ìš”!
ì¢…ì´ì™„ì¶©ì œë¡œ í¬ìž¥ë˜ì–´ ìžˆì—ˆê³  ì „ ë§Œì¡±í•©ë‹ˆë‹¹",5
114,ì•„ì´í°12,ë³„ì ,ë‹¤í–‰ì´ ì–‘í’ˆ ê±¸ë ¤ì„œ ìž˜ ì“°ê³  ìžˆì–´ìš”~~,5
115,ì•„ì´í°12,ë³„ì ,ë§Œì¡±í•©ë‹ˆë‹¤. ì¢‹ì•„ìš”,5
116,ì•„ì´í°12,ë³„ì ,"ì¹´ë“œ ì°½êµ¬í• ì¸ ë°›ì•„ì„œ ì‹¸ê²Œ êµ¬ë§¤ í–ˆì–´ìš”.^^
êµ¬ë§¤í•˜ê³  ë‹¤ìŒë‚ ì— í° ìž˜ ë°›ì•˜ìŠµë‹ˆë‹¤.
ì˜ˆì „ì— ì“°ë˜ í°ì´ ë„ˆë¬´ ì˜¤ëž˜ë˜ì„œ ë°”ê¿¨ëŠ”ë°, í°ì´ ì—„ì²­ ë¹ ë¥´ë„¤ìš”.
LTEìš”ê¸ˆì œ ìœ ì‹¬ ì‚¬ìš©í•˜ëŠ”ë°, ì•„ì§ê¹Œì§€ ì´ìƒì—†ì´ ìž˜ í„°ì§‘ë‹ˆë‹¤^^",5
117,ì•„ì´í°12,ë³„ì ,ìƒ‰ì´ ë„ˆë¬´ë„ˆë¬´ ì´ë»ì—¬!!!!! í¼í”Œ ì‚¬ì‹œë©´ í›„íšŒí•˜ì§€ ì•Šìœ¼ì‹¤ ê±°ì—ì—¬~~~ëª¨ë‘ í¼í”Œí•˜ì„¸ìš”:),5
118,ì•„ì´í°12,ë³„ì ,ì‚¼ì„±í° ì“°ë‹¤ ì•„ì´í°ìœ¼ë¡œ ë°”ê¿¨ëŠ”ë° ì•„ì´í°ì€ ê°€ë³ê³  ë””ìžì¸ì´ ë„ˆë¬´ ì´ë»ìš” ðŸ˜,5
119,ì•„ì´í°12,ë³„ì ,ì¡´ë²„ ì‹¤íŒ¨í•˜ê³  ì§ˆë €ëŠ”ë° ì¶©ë¶„ížˆ ë§Œì¡±í•©ë‹ˆë‹¤. ê°•ë ¬í•œ ë ˆë“œ ìƒ‰ìƒë„ ë‚´ ì·¨í–¥,5
120,ì•„ì´í°12,ë³„ì ,"ì‚¬ì´ì¦ˆ ë”± ì¢‹ê³  ì¹´ë©”ë¼ í™”ì§ˆë„ ì¢‹ê³  ë‹¤ ì¢‹ì•„ìš”~
í™”ì´íŠ¸ ìƒ‰ìƒ í•­ìƒ í’ˆì ˆì˜€ëŠ”ë° 2020ë…„ ì•ˆì— ë°›ì„ ìˆ˜ ìžˆì–´ì„œ ë‹¤í–‰ìž…ë‹ˆë‹¤~^^
ì•žìœ¼ë¡œ ìž˜ ì“°ê² ìŠµë‹ˆë‹¤!",5
121,ì•„ì´í°12,ë³„ì ,"ì§€ê¸ˆê¹Œì§€ ê°¤ëŸ­ì‹œë§Œ ì‚¬ìš©í•˜ë‹¤ê°€ ì²˜ìŒ ì•„ì´í°ìœ¼ë¡œ ë°”ê¿¨ëŠ”ë° ì •ë§ ì´ì˜ë„¤ìš”.
ë°°ì†¡ë„ ì •ë§ ë¹¨ë¼ìš”.",5
122,ì•„ì´í°12,ë³„ì ,"ë°°ì†¡ ì •ë§ ë¹ ë¥´ê³  ì œí’ˆë„ ë„ˆë¬´ ì¢‹ìŠµë‹ˆë‹¤.
ëŒ€ë§Œì¡±!!!!",5
123,ì•„ì´í°12,ë³„ì ,ê·¸ëƒ¥ ì§± ì´ì¨ ì˜¤ëž˜ì˜¤ëž˜ ì“¸ê²Œìš”,5
124,ì•„ì´í°12,ë³„ì ,ë„ˆë¬´ ì´ë»ìš”! í›„ë©´ ë³¼ë•Œë§ˆë‹¤ ê¸°ë¶„ì´ ì¢‹ì•„ì ¸ì„œ ì¢‹ìŠµë‹ˆë‹¤!! ì†ë„ë„ ë¹ ë¥´ê³  ì¢‹ì•„ìš”!!!!,5
125,ì•„ì´í°12,ë³„ì ,"ê°“ í¼í”Œ,,ì‹¤ë¬¼ë¡œ ì˜ì ‘í•œ ìˆœê°„ ì˜ë¡±í•¨ì— ë¬´ë¦Ž íƒ,,,ðŸ™Šì´ê²ƒì €ê²ƒ ë¹„êµí•˜ë‹¤ê°€ ë„¤ì´ë²„ë¡œ êµ¬ë§¤í–ˆëŠ”ë° í• ì¸í­ì€ ì—†ì§€ë§Œ ì¹´ë“œí•´íƒê³¼ ë§´ë²„ì‰½ìœ¼ë¡œ ë§Œì¡±í•˜ë ¤êµ¬ìš”! ë°°ì†¡ì€ 2ì¼ ê±¸ë ¸ìŠµë‹ˆë‹¤",5
126,ì•„ì´í°12,ë³„ì ,"ì¢‹ì•„ìš”.
í•­ìƒ ìž˜ì“°ê³  ìžˆì–´ìš”",5
127,ì•„ì´í°12,ë³„ì ,ì™„ì „ ë§Œì¡±í•©ë‹ˆë‹¤!!!!,5
128,ì•„ì´í°12,ë³„ì ,ì§„ì§œ ë„ˆë¬´ ì¢‹ì•„ìš” ã…Žã…Ž ë§¨ë‚  ë³´ê¸‰í˜• í°ë§Œ ì“°ë‹¤ê°€ ì œëˆìœ¼ë¡œ ì•„ì´í° ì‚¬ê²Œë˜ì–´ì„œ ë„ˆë¬´ë„ˆë¬´ ë§Œì¡±í•˜ë©´ì„œ ì“°ê³  ìžˆì–´ìš¥ ê°¤ëŸ­ì‹œì—ì„œ ì•„ì´í°ìœ¼ë¡œ ë°”ê¾¸ë©´ ë§Žì´ ë¶ˆíŽ¸í•˜ë‹¤ê³  í•˜ëŠ”ë° ì €ëŠ” ì•„ì£¼ ì¬ê¸ˆ ë§ê³ ëŠ” ê´œì°®ê³  ë” ì¢‹ì•˜ì–´ìš”~~,5
129,ì•„ì´í°12,ë³„ì ,"ìƒê°ë³´ë‹¤ ìƒ‰ê¹”ì´ ì˜…ë”ë¼êµ¬ìš”!!
SSí°ë§Œ ì“°ë‹¤ê°€ ì²˜ìŒ ì“°ëŠ” ì•„ì´í° ìƒê°ë³´ë‹¤ ë™ìž‘ì´ ìž¬ë¯¸ë‚˜ê³  íŽ¸í•˜ë„¤ìš”. ë§Œì¡±í•©ë‹ˆë‹¤!!^^
ê·¸ëŸ°ë° ì €ë§Œ í¬ìž¥ë°•ìŠ¤ê°€ ì €ëŸ°ê°€ìš”??
ë°•ìŠ¤ë¥¼ ëœ¯ëŠ” ìˆœê°„ ì“°ë ˆê¸°ì¸ì¤„ ì•Œì•˜ìŠµë‹ˆë‹¤!!;;",5
130,ì•„ì´í°12,ë³„ì ,"ë”í• ë‚˜ìœ„ì—†ì´ ë§Œì¡±í•©ë‹ˆë‹¤ :)
ì•„ì´í° 6s 5ë…„ì •ë„ ì“°ë‹¤ê°€ êµ¬ë§¤í–ˆì–´ìš”. í™”ë©´ë„ í¬ê³  ê·¸ë ‡ê²Œ ë¬´ê²ì§€ ì•Šì•„ì„œ ë§Œì¡±í•´ìš”. ë°°ì†¡ë„ ë¬´ì²™ ë¹¨ëžìŠµë‹ˆë‹¤!",5
131,ì•„ì´í°12,ë³„ì ,"ì•ˆë“œë¡œì´ë“œ ì“°ë‹¤ê°€ ë„˜ì–´ì™”ëŠ”ë°, ì•„ì§ ìµìˆ™ì¹˜ ì•Šì•„ì„œ ì¡°ê¸ˆ ë¶ˆíŽ¸í•˜ì§€ë§Œ ì‚¬ì§„í™”ì§ˆì´ë¼ë˜ì§€ ìœ íŠœë¸Œ ê°ìƒì‹œ ì‚¬ìš´ë“œë¼ë˜ì§€ ë§˜ì— ë“­ë‹ˆë‹¤.",5
132,ì•„ì´í°12,ë³„ì ,ë¹ ë¥¸ë°°ì†¡ì— ëŒ€ë§Œì¡±ì´ê³ ìš”. ì•„ì´í°12ë©´ ìƒí’ˆì´ì•¼ ë”ë§í• ê²Œ ì—†ì£ ?,5
133,ì•„ì´í°12,ë³„ì ,ë„ˆë¬´ ì¢‹ì•„ìš”~~ ìž”ê³ ìž¥ ì—†ì´ ìž˜ ì‚¬ìš©í•˜ê³  ìžˆìŠµë‹ˆë‹¤~^^,5
134,ì•„ì´í°12,ë³„ì ,í°ë”¸ ì„ ë¬¼ë¡œ ì‚¬ì¤¬ëŠ”ë° ì˜ˆì˜ê¸´ í•˜ë„¤ìš”.,5
135,ì•„ì´í°12,ë³„ì ,ì–‘í’ˆìœ¼ë¡œ ìž˜ ë°›ì•˜ìŠµë‹ˆë‹¤~ã…Žã…Ž,5
136,ì•„ì´í°12,ë³„ì ,ì œì¡°ì¼ìž ì¹ ì›”ì´ì—ìš”,5
137,ì•„ì´í°12,ë³„ì ,"ë°°ì†¡ë„ ì •ë§ ë¹ ë¥´ê³  ì–‘í’ˆìœ¼ë¡œ ì™€ì„œ ë„ˆë¬´ ë§Œì¡±í•´ìš”!
í™”ì´íŠ¸ ìƒ‰ìƒì€ êµ¬í•˜ê¸°ë„ ì–´ë ¤ìš´ë° í•˜ì´ë§ˆíŠ¸ì—ì„œ ë¬¼ëŸ‰ ë§Žì´ í’€ì–´ì£¼ì‹  ë•ë¶„ì— ìž˜ êµ¬ë§¤í–ˆìŠµë‹ˆë‹¤.",5
138,ì•„ì´í°12,ë³„ì ,"ë…¸íŠ¸ì“°ë‹¤ê°€ ì•„ì´í°ìœ¼ë¡œ ë‹¤ì‹œì™”ìŠµë‹ˆë‹¤.
ë¸”ëž™ ë³„ë¡œë¼ê³  ë“¤ì—ˆëŠ”ë° ê´œì°®ìŠµë‹ˆë‹¤.",5
139,ì•„ì´í°12,ë³„ì ,"8ì¼ë‚  ì£¼ë¬¸í•´ì„œ 10ì¼ë‚  ë°›ì•˜ì–´ìš”!
ëˆ„êµ¬ëŠ” 13ê¸°ë‹¤ë¦¬ì§€ ì™œ ì‚¬ëƒëŠ”ë° ê´œížˆ ì•„ì´í° ì“°ë‹¤ê°€ ê°¤ëŸ­ì‹œë¡œ ë„˜ì–´ê°“ì—‡ëŠ”ë° ë„ì €ížˆ ëª»ë²„í‹°ê² ì–´ì„œ ê± ìƒ€ìŠµë‹ˆë‹¤ã…Žã…Ž ë„˜ ì´ë»ì„œ ëŒ€ ë§Œì¡±!",5
140,ì•„ì´í°12,ë³„ì ,"ë§ì´ í•„ìš”ì—†ì–´ìš”... ë„ˆë¬´ ì˜ˆì˜ê³  ë§ˆìŒì— ë“­ë‹ˆë‹¤!
í™”ì´íŠ¸ìƒ‰ìƒë„ ì‹¤ì œë¡œ ë³´ê³  ìƒê°ë³´ë‹¤ ë„ˆë¬´ ì˜ˆë»ì„œ ê³ ë¯¼ì„ ì¡°ê¸ˆ í–ˆì§€ë§Œ ì—­ì‹œ ë¸”ëž™ì´ ìµœê³ ë„¤ìš”! í¬ê¸°ë„ ì ë‹¹í•˜ê³  ì¢‹ì•„ìš”. ë¹ ë¥¸ ë°°ì†¡ ê°ì‚¬í•©ë‹ˆë‹¤~",5
141,ì•„ì´í°12,ë³„ì ,ìƒí’ˆ ê°€ê²© ëŒ€ë¹„ ì¢‹ì•„ìš” ë°°ì†¡ë¹ ë¥´ê³  ì„œë¹„ìŠ¤ë„ ì¢‹ì•„ìš”,5
142,ì•„ì´í°12,ë³„ì ,ë„ˆë¬´ ì´ë»ìš” 7ì“°ë‹¤ê°€ ë„˜ì–´ì™”ëŠ”ë° í™”ì§ˆ ì°¨ì´ë„ ê½¤ ìžˆë„¤ì˜¤~,5
143,ì•„ì´í°12,ë³„ì ,ê°€ê²©ì´ ì¢€ ë¶€ë‹´ë˜ì§€ë§Œ ë“œëž˜ë„ ì• í”Œì´ë‹ˆ. ê·¸ë¦½ê° ìµœê³ ,5
144,ì•„ì´í°12,ë³„ì ,ì•„ì´í° ë„ˆë¬´ ìž˜ ì‚¬ìš©í•˜ê³  ìžˆì–´ìš”! ë””ìžì¸ ìµœê³  ã…Žã…Ž,5
145,ì•„ì´í°12,ë³„ì ,ë°°ì†¡ì´ë¹ ë¥´ê³  ë„ˆë¬´ ë§Œì¡±í•˜ë©° ì‚¬ìš©ì¤‘ ìž…ë‹ˆë‹¤.,5
146,ì•„ì´í°12,ë³„ì ,ìƒ‰ìƒ ì´ì˜ê³  í¬ìž¥ë„ ê¼¼ê¼¼í•˜ê²Œ ìž˜ ì™”ì–´ìš”,5
147,ì•„ì´í°12,ë³„ì ,ìž˜ ë¹¨ë¦¬ ë°›ì•„ì„œ ì¢‹ë„¤ìš” ìž‘ë™ ìž˜ ë©ë‹ˆë‹¤,5
148,ì•„ì´í°12,ë³„ì ,ë„¤ ìž˜ ë°›ì•˜ìŠµë‹ˆë‹¤ ê¹”ë”í•˜ê³  ê´œì°®ë„¤ìš” iphone ìžì²´ í¬ìž¥ì´ ì¢€ ì•„ì‰½ê¸´í•˜ë„¤ìš” í•˜ì´ë§ˆíŠ¸ í¬ìž¥ì€ ë§Œì¡±í•©ë‹ˆë‹¤ ~~ ìž˜ ì“¸ê²Œìš” ^^,5
149,ì•„ì´í°12,ë³„ì ,ë§¤ìš° ë§Œì¡±í•©ë‹ˆë‹¤ êµ¿êµ¿êµ¿,5
150,ì•„ì´í°12,ë³„ì ,ì—¬ì „ížˆ ìž˜ ì‚¬ìš©í•˜ê³  ìžˆìŠµë‹ˆë‹¤.,5
151,ì•„ì´í°12,ë³„ì ,ì„ ë¬¼ë¡œ ìƒ€ëŠ”ë° ë ˆì „ë“œìž…ë‹ˆë‹¤,5
152,ì•„ì´í°12,ë³„ì ,ë„ˆë¬´ ì˜ˆë»ìš”~~~ê°€ë³ê³  ì¢‹ì•„ìš”,5
153,ì•„ì´í°12,ë³„ì ,ì˜¤ì¤Œì•¡ì •(ëˆ„ëŸ°ì•¡ì •) ë‹¹ì²¨ë˜ê¸´í–ˆì§€ë§Œ... ê·¸ëž˜ë„ ì•„ì´í°ë„ˆë¬´ì´ë»ìš” ã…Žã…Ž,5
154,ì•„ì´í°12,ë³„ì ,ë°°ì†¡ì´ ë¹ ë¦…ë‹ˆë‹¤. êµ¿,5
155,ì•„ì´í°12,ë³„ì ,ì—­ì‹œ í¼í”Œ ì˜ë¡±í•˜ë‹¤,5
156,ì•„ì´í°12,ë³„ì ,"í¬ìž¥ ê¼¼ê¼¼í•˜ê²Œ í•´ì„œ ì•„ì „í•˜ê²Œ ë„ì°©í–ˆì–´ìš”
ì‹¤ë¬¼ì´ í›¨ì‹ ì´ë»ìš”.",5
157,ì•„ì´í°12,ë³„ì ,ì¡´ì—¨ã…‹ã…‹ã…‹ ì´ë½€ë‹¤ ìº¬,5
158,ì•„ì´í°12,ë³„ì ,"11ì›” 20ì¼ì— ê²°ì œí–ˆê³  í™”ì´íŠ¸ê°€ ë¬¼ëŸ‰ë¶€ì¡±ì¸ì§€ ë°°ì†¡ì´ ë°”ë¡œ ë˜ì§€ ì•Šê³  12ì›” ì²«ì£¼ ì¯¤ ë°›ì„ ê²ƒì´ë¼ ì˜ˆìƒí–ˆìœ¼ë‚˜, 8ì¼ë§Œì— ë°›ì•˜ì–´ìš”. (11ì›” 28ì¼ ìˆ˜ë ¹)
ì œí’ˆì€ ìƒê°ë³´ë‹¤ ê°€ë³ê³  ì–‡ê³  ì¢‹ì€ ê²ƒ ê°™ì•„ìš”.",5
159,ì•„ì´í°12,ë³„ì ,"8%í• ì¸í•´ì„œ ìž˜ìƒ€ìŠµë‹ˆë‹¤
ê°ì‚¬í•©ë‹ˆë‹¤",5
160,ì•„ì´í°12,ë³„ì ,ì•„ì´í° ë„ˆë¬´ ì¢‹ë„¤ìš” ì˜¤ëž˜ëœê±° ì“°ë‹¤ê°€ ìƒˆê±° ì“°ë‹ˆê¹Œ ë„˜ ì¢‹ë„¤ìš”,5
161,ì•„ì´í°12,ë³„ì ,ë°°ì†¡ì´ ì—„ì²­ ë¹ ë¥´ë„¤ìš”,5
162,ì•„ì´í°12,ë³„ì ,"ì•„ì¥¬ ì´ì©ë‹ˆë‹¤!
ì²­ëŸ‰í•˜ê³  ì´ì˜ê³  ë‹¤í•˜ëŠ” ë³´ë¼ìƒ‰ì´ì—ìš”",5
163,ì•„ì´í°12,ë³„ì ,ì•„ì´í°12 ë¬´ê²Œë„ ê°€ë²¼ì›Œì§€ê³  ì„±ëŠ¥ë„ ì¢‹ì•„ì§„ê²ƒ ê°™ì•„ìš”,5
164,ì•„ì´í°12,ë³„ì ,ë¹ ë¥¸ë°°ì†¡ì— ì¹´ë“œí• ì¸ìœ¼ë¡œ ì‹¸ê²Œ êµ¬ìž…í–ˆìŠµë‹ˆë‹¤,5
165,ì•„ì´í°12,ë³„ì ,ì•„ì£¼ ìž˜ì“°ê³ ìž‡ì–´ìš” ã… ã…  í—ˆë¹  ì¢‹ìŠµë‹ˆë‹¤,5
166,ì•„ì´í°12,ë³„ì ,"ë”¸ ì•„ì´ ì„ ë¬¼ë¡œ.êµ¬ìž…í–ˆìŠµë‹ˆë‹¤
ì´ë»ì˜¤ã…¡",5
167,ì•„ì´í°12,ë³„ì ,ì¡´ì˜ˆíƒ±â€¦ìŒˆë¬´ê·¸ë¦°ì€ ì‹¤ë¬¼íŒŒë„¤ìš”,5
168,ì•„ì´í°12,ë³„ì ,ë°°ì†¡ ë¹ ë¥´ê³  ë§¤ìš° ë§Œì¡±í•©ë‹ˆë‹¤^^,5
169,ì•„ì´í°12,ë³„ì ,ì•„ì£¼ ê½ê½ ìž˜ ì‹¸ì—¬ì ¸ ì™”ìŠµë‹ˆë‹¤,5
170,ì•„ì´í°12,ë³„ì ,ë°°ì†¡ ë¹ ë¥´ê³  ìƒ‰ê¹” ì´ë»ìš” ã…Ž,5
171,ì•„ì´í°12,ë³„ì ,ê¸°ëŒ€ë§Œí¼ ì˜ˆë»ìš” ì¢‹ìŠµë‹ˆë‹¤,5
172,ì•„ì´í°12,ë³„ì ,ì•—ì‹¸ í°ìƒ€ë‹¤ ë„˜ í–‰ë³µí•´ìš”,5
173,ì•„ì´í°12,ë³„ì ,ë³´ë¼ìƒ‰ ë„˜ë‚˜ ì˜ˆë»ì˜¤!!!!!,5
174,ì•„ì´í°12,ë³„ì ,ì •í’ˆì´ì˜ˆìš”. ë§Œì¡±í•´ìš”,5
175,ì•„ì´í°12,ë³„ì ,ì—­ì‹œ ë„ˆë¬´ ì´ë»ìš”ðŸ‘,5
176,ì•„ì´í°12,ë³„ì ,ë¬´ì´ìž í• ë¶€ë¡œ ì¡°ê¸ˆ í• ì¸ë°›ì•„ ìƒ€ìŠµë‹ˆë‹¤ í¬ê¸°ë„ ì ë‹¹í•˜ê³  ë§Žì´ ë¬´ê²ì§€ ì•Šì•„ì„œ ì¢‹ìŠµë‹ˆë‹¤ ì˜¤ëž˜í† ë¡ ê³ ìž¥ ì—†ì´ ìž˜ ì‚¬ìš©í•˜ê² ìŠµë‹ˆë‹¤,5
177,ì•„ì´í°12,ë³„ì ,ë°°ì†¡ì•„ì£¼ë¹ ë¥´ê³  ë§í•´ë­í•´ ë””ìžì¸ ì¡°ë…œã… ã… ,5
178,ì•„ì´í°12,ë³„ì ,ì•„ì£¼ ì¢‹ì•„ìš” ì¢‹ì•„ìš”,5
179,ì•„ì´í°12,ë³„ì ,"ë°°ì†¡ì€ ë¹ ë¥´êµ¬ìš”
ìƒí’ˆë„ ì¢‹ì•˜ì–´ìš” í• ì¸ì¹´ë“œ ìžˆì–´ì„œ ì‹¸ê²Œ ìž˜ ìƒ€ì–´ìš©",5
180,ì•„ì´í°12,ë³„ì ,í‰ì†Œ ê°€ì§€ê³  ì‹¶ë˜ í°ì´ë¼ì„œ ì¢‹ì•„ìš” ê°€ë³ê³  ë””ìžì¸ë„ ë„ˆë¬´ ì´ë»ìš”,5
181,ì•„ì´í°12,ë³„ì ,í•«ë”œë¡œ ì €ë ´í•˜ê²Œ êµ¬ìž…í–ˆì–´ìš” ì¡°ì¹´ê°€ ì—„ì²­ì¢‹ì•„í• ê±° ê°™ë„¤ìš”,5
182,ì•„ì´í°12,ë³„ì ,ê³„ì† ì•„ì´í°ë§Œ ì“°ë˜ ë”¸ì´ë¼ì„œ ì—„ì • ì¢‹ì•„í•˜ë„¤ìš”,5
183,ì•„ì´í°12,ë³„ì ,ì•„ì´í°12 í¼í”Œ ì„±ëŠ¥ ë””ìžì¸ ë§Œì¡±í•©ë‹ˆë‹¤.,5
184,ì•„ì´í°12,ë³„ì ,í•œë‹¬ ì‚¬ìš©í•´ë„ ë¬¸ì œ ì—†ê³  íŠ¼íŠ¼í•´ìš”,5
185,ì•„ì´í°12,ë³„ì ,ì‚¬ì „ì˜ˆì•½ ë‹¤ëë‚˜ê³ ë„ ìžê¸‰ì œ 2ì°¨ì˜ˆì•½ì´ ë˜ì„œ ì •ë§ ë‹¤í–‰ì´ì—ìš” ìƒê°í–ˆë˜ê±°ë³´ë‹¤ ê·¸ëž˜ë„ ë¹¨ë¦¬ì˜¨íŽ¸ì¸ê²ƒ ê°™ì•„ ì¢‹ìŠµë‹ˆë‹¤~ í¬ìž¥ì´ ë°•ìŠ¤ì•ˆì—ì„œ í°ì´ ëŒì•„ë‹¤ë‹ë§Œí•˜ê²Œ í•´ì£¼ì…”ì„œ ì¡°ê¸ˆ ì•„ì‰½ì§€ë§Œ ê·¸ëž˜ë„ í°ìƒíƒœë„ ì¢‹ê³  ì¢‹ë„¤ìš”,5
186,ì•„ì´í°12,ë³„ì ,ì‚¬ìš©í•˜ê¸° ì¢‹ìŠµë‹ˆë‹¤ ê¹”ë”í•˜ê³ ,5
187,ì•„ì´í°12,ë³„ì ,ì•„ì£¼ ë§Œì¡±ìŠ¤ëŸ¬ì›ŸìŠµë‹ˆë‹¤,5
188,ì•„ì´í°12,ë³„ì ,"12í™”ì´íŠ¸ ë„˜ ì˜ˆì˜ë„¤ìš” ã…Žã…Ž
í”„ë¡œëž‘ ê³ ë¯¼ í–ˆëŠ”ë° ê°€ë²¼ì›Œì„œ 12í–ˆì–´ìš”",5
189,ì•„ì´í°12,ë³„ì ,"6S 5ë…„ ì‚¬ìš©í•˜ê³  12 ë‚˜ì˜¤ê¸°ë§Œì„ ê¸°ë‹¤ë ¸ë‹¤ê°€ ë°”ë¡œ ì£¼ë¬¸í–ˆëŠ”ë° ë„ˆë¬´ ì¢‹ìŠµë‹ˆë‹¤.
ê¸°ì¡´ì— ì“°ë˜ ìœ ì‹¬ ë¼ë‹ˆê¹Œ ìž˜ ë˜ë„¤ìš”.
ì¼€ì´ìŠ¤ë§Œ ì¢€ ì•„ì‰½ê³  ë°°ì†¡ì´ë‚˜ ë¬¼ê±´ì€ ë§Œì¡± @@",5
190,ì•„ì´í°12,ë³„ì ,"ë°°ì†¡ë„ ë¹ ë¥´ê³  ë„˜ ì˜ˆë»ìš”!!! ðŸ˜ðŸ˜
ê·¸ë¦°ìœ¼ë¡œ í•˜ê¸¸ ìž˜í–ˆë„¤ìš”",5
191,ì•„ì´í°12,ë³„ì ,ì•„ì´í°11 í¼í”Œìƒ‰ ìƒê°í•˜ê³  ì£¼ë¬¸í•œê±´ë° 12 í¼í”Œìƒ‰ì€ ë§Žì´ ë‹¤ë¥´ë„¤ì—¬ ê·¸ëž˜ë„ ì˜ˆë»ìš”,5
192,ì•„ì´í°12,ë³„ì ,"ë°°ì†¡ ë¹¨ëžì–´ìš”!!
ì§€ë°©ì´ë¼ì„œ ëŠ¦ê²Œ ë°›ì„ì¤„ ì•Œì•˜ëŠ”ë° ë„˜ ì¢‹ë„¤ìš” .ì˜¤ëŠ˜ ì˜¤í›„ 3ì‹œ ë„ì°©!
ìš´ ì¢‹ê²Œë„ ìƒíƒœ ë„ˆë¬´ ì¢‹ê³  ë””ìŠ¤í”Œë ˆì´ ë¬¸ì œë„ ì—†ëŠ” ì™„ë²½í•œ ì œí’ˆ ë°›ì•˜ìŠµë‹ˆë‹¤ !
í™”ì´íŠ¸ ì§„ì§œ ì˜ˆë»ìš” ã…Žã…Ž",5
193,ì•„ì´í°12,ë³„ì ,"ì¹´ë“œí• ì¸í• ë•Œ ìž˜ ìƒ€ìŠµë‹ˆë‹¹
ë°°ì†¡ì´ ìª¼ê¸ˆ ëŠë¦°ê²ƒë§Œ ë¹¼ë©´ ì•„ì£¼
ë§Œì¡±í•©ë‹ˆë‹¤!",5
194,ì•„ì´í°12,ë³„ì ,"ì•„ì´í°12ëŠ” í™”ì´íŠ¸ê°€ ì œì¼ ì˜ˆìœê±° ê°™ì•„ìš”
ë°°ì†¡ë„ ë¹ ë¥´ê³  ë§Œì¡±í•©ë‹ˆë‹¤!",5
195,ì•„ì´í°12,ë³„ì ,ì•„ì´ê°€ ì•„ì´í° ê°–ê³  ì‹¶ì–´í•´ì„œ ê³ ë¯¼í•˜ë‹¤ í¼í”Œ ë„ˆë¬´ ì´ë»ì„œ êµ¬ë§¤í–ˆì–´ìš” í¬ê¸°ë„ ì ë‹¹í•˜ê³  ìƒ‰ë„ ë„ˆë¬´ ì´ì˜ë„¤ìš” ìž˜ì‚¬ìš©í• ê»˜ìš” ì•¡ì •ì´ëž‘ ì–´ëŒ‘í„° êµ¬ë§¤ë„ í•œë²ˆì— ê°€ëŠ¥í•´ì„œ ë²ˆê±°ë¡­ì§€ ì•Šê²Œ êµ¬ë§¤í–ˆì–´ìš”,5
196,ì•„ì´í°12,ë³„ì ,ë§¤ìš° ë§Œì¡±!! ë°°ì†¡ë„ ë§¤ìš° ë¹ ë¦…ë‹ˆë‹¤,5
197,ì•„ì´í°12,ë³„ì ,í™”ì´íŠ¸ê°€ ë„ˆë¬´ ì´ì˜ë„¤ìš” ì¢‹ì•„ìš”!!! ë°°ì†¡ì€ ë³´í†µìž…ë‹ˆë‹¤!!,5
198,ì•„ì´í°12,ë³„ì ,11/5 ì¶œê³ ì˜ˆì •ì´ì—ˆì€ë° 4ì¼ì— ë°›ì•˜ì–´ìš” ë„ˆë¬´ ì˜ˆë»ìš”,5
199,ì•„ì´í°12,ë³„ì ,ê°€ë³ê³  ì´ì˜ê³  í™”ì§ˆë„ ì¢‹ê³  ë˜ê²Œ ë°ê³  ì¢‹ì•„ìš”!!,5
200,ì•„ì´í°12,ë³„ì ,ì•„ì´í° ì£ í•˜ì—¬â€¦ë°°ì†¡ë¹ ë¥´ê³  ì¢‹ì•˜ìŠµë‹ˆë‹¹,5
201,ì•„ì´í°12,ë³„ì ,ë„ˆë¬´ ì˜ˆì˜ê³  ê¹¨ë—í•´ìš” !ã… ã…  ìž˜ ì‚°ê±°ê°™ì•„ìš”,5
202,ì•„ì´í°12,ë³„ì ,ì•„ë‚´ê°€ ì•„ì£¼ ë§Œì¡±í•˜ë©° ìž˜ ì‚¬ìš©í•˜ê³  ìžˆì–´ìš”,5
203,ì•„ì´í°12,ë³„ì ,ì„ ë¬¼ìš©ìœ¼ë¡œ êµ¬ë§¤í–ˆëŠ”ë° ë„ˆë¬´ ì¢‹ìŠµë‹ˆë‹¤,5
204,ì•„ì´í°12,ë³„ì ,í™”ì´íŠ¸ìƒ‰ìƒ ì˜ë¡±í•©ë‹ˆë‹¤. ì—­ì‹œ ì• ë¿”~,5
205,ì•„ì´í°12,ë³„ì ,ì˜ë¡±í•œ ìžíƒœ.. ê³ ë¯¼ì€ ì‚¬ì¹˜ì¼ë¿!,5
206,ì•„ì´í°12,ë³„ì ,ë°°ì†¡ë„ ë¹ ë¥´ê³  ìž˜ ë°›ì•˜ìŠµë‹ˆë‹¤.,5
207,ì•„ì´í°12,ë³„ì ,ë¹ ë¥´ê³ ì•ˆì „í•˜ê²Œìž˜ë°›ì•˜ì–´ìš”^^,5
208,ì•„ì´í°12,ë³„ì ,ë¹¨ë¦¬ ì˜¤ê³  ì˜ˆì˜ê³  ì¢‹ì•„ìš”~~,5
209,ì•„ì´í°12,ë³„ì ,ì•„ë“¤ì´ ë„ˆë¬´ ì¢‹ì•„í•˜ë„¤ìš”. ë‹¤í–‰ìž…ë‹ˆë‹¤. ë°°ì†¡ë„ ë¹ ë¥´ê²Œ ì§„í–‰ë˜ì—ˆìŠµë‹ˆë‹¤.,5
210,ì•„ì´í°12,ë³„ì ,ì¢‹ì•„ìš” ìž˜ì“°ê³ ìžˆìŠµë‹ˆë‹¤,5
211,ì•„ì´í°12,ë³„ì ,ì•„ì´í°6sì“°ë‹¤ ë°”ê¾¸ë‹ˆ ì‹ ì„¸ê³„ë„¤ìš”~ë¶ˆëŸ‰ì—†ì´ ì–‘í’ˆ ë¹ ë¥´ê²Œ ë°›ì•„ ì¢‹ë„¤ìš”,5
212,ì•„ì´í°12,ë³„ì ,"ë°°ì†¡ì¡°íšŒê°€ ì•ˆë˜ê¸¸ëž˜ ë¶ˆì•ˆí–ˆëŠ”ë° íŒë§¤ìžë‹˜ê»˜ì„œ ì¹œì ˆí•˜ê³  ì •í™•í•˜ê²Œ í™•ì¸í•´ì£¼ì…¨ë„¤ìš”. ì‘ë‹µë„ ë¹ ë¥´ì‹œê³ , ê°ì‚¬í•©ë‹ˆë‹¹",5
213,ì•„ì´í°12,ë³„ì ,ìƒ‰ê¹”ì´ ì˜ˆë»ìš” ~~,5
214,ì•„ì´í°12,ë³„ì ,ê¸ˆìšœë°°ì†¡í–ˆëŠ”ë° í† ìšœ ë°›ì•˜ì–´ìš” ã…Žã…Ž ðŸ‘ðŸ» ì´ì˜ê²Œ ìž˜ì“¸ê²Œìš”,5
215,ì•„ì´í°12,ë³„ì ,ì¶”ì²œí•©ë‹ˆë‹¤. ë°°ì†¡ì€ 3ì¼ ê±¸ë ¸ìŠµë‹ˆë‹¤.,5
216,ì•„ì´í°12,ë³„ì ,ì „ì— ì“°ë˜ íœ´ëŒ€í° ì•¡ì •ì´ ê¹¨ì ¸ì„œ ê¸‰ížˆ êµ¬ë§¤í–ˆì–´ìš”. íŽ˜ì´ë°±ê¹Œì§€ í•´ì„œ ì €ë ´í•˜ê²Œ êµ¬ë§¤í–ˆì–´ìš”.,5
217,ì•„ì´í°12,ë³„ì ,ìž‘ì€ ì•„ì´í° 8ë§Œ ì“°ë‹¤ê°€ ì•„ì´í° 12ë¡œ ë„˜ì–´ì˜¤ë‹ˆê¹Œ ì§„ì§œ ì˜ë¡±í•˜ë„¤ìš” ã…œã…œã…œ,5
218,ì•„ì´í°12,ë³„ì ,"ë°°ì†¡ë„ ë¹¨ë¦¬ ì™”ê³  ì–‘í’ˆ ë³´ë‚´ì¤˜ì„œ ìž˜ ì‚¬ìš©í•˜ê³  ìžˆì–´ìš”
í™•ì‹¤ížˆ í™”ì´íŠ¸ê°€ ë„ˆë¬´ ì˜ˆë»ìš”",5
219,ì•„ì´í°12,ë³„ì ,"ë§‰ ì°ì–´ë„ ë„˜ë‚˜ ìž˜ë‚˜ì™€ìš” ,,,ìµœê³±ë‹ˆë‹¹
ê³µì‹ì‚¬ì´íŠ¸ë¼ ë¯¿ìŒì´ê°‘ë‹ˆë‹¤ !!",5
220,ì•„ì´í°12,ë³„ì ,ìžê¸‰ì œí° ë¯¸ê°œë´‰ ìƒˆê²ƒ ì¤‘ì— ì œì¼ ì‹¸ê²Œ ìƒ€ë„¤ìš” ì¢‹ìŠµë‹ˆë‹¤,5
221,ì•„ì´í°12,ë³„ì ,ì•„ì§ì€ ë§Œì¡±ìŠ¤ëŸ¬ì›Œìš” ã…Žã…Ž,5
222,ì•„ì´í°12,ë³„ì ,ë°°ì†¡ì´ ì§±ìž…ë‹ˆë‹¤! ì¢‹ì•„ìš”!,5
223,ì•„ì´í°12,ë³„ì ,ë°°ì†¡ ë¹ ë¥´ê³  ìƒí’ˆ ì¢‹ë„¤ìš”,5
224,ì•„ì´í°12,ë³„ì ,ë„˜ ì´ë¿Œë‹¤ìš” ìž˜ ì“¸ê²Œìš”^^,5
225,ì•„ì´í°12,ë³„ì ,ë¹ ë¥¸ ë°°ì†¡ ì¢‹ì•„ìš”!,5
226,ì•„ì´í°12,ë³„ì ,ì•„ì´í°7ì—ì„œ ë°°í„°ë¦¬ ì†Œëª¨ê°€ ê¸ˆë°©ë˜ì„œ ë„˜ì–´ì™”ì–´ìš”. ì•„ì´í°12(ë¸”ë£¨) ìƒ‰ìƒ ì˜ˆë»ìš”,5
227,ì•„ì´í°12,ë³„ì ,ì•ˆì „í•˜ê²Œ ë°°ì†¡ë°›ì•˜ì–´ì—¬. ë¹ ë¥¸ë°°ì†¡,5
228,ì•„ì´í°12,ë³„ì ,"ì•„ì´í°8í”ŒëŸ¬ìŠ¤ ì“°ë‹¤ê°€ 12ë¡œ ë°”ê¿¨ë”ë‹ˆ ê°€ë²¼ì›€ì— ë†€ëžê³  ë ˆë“œìƒ‰ìƒ ì¡°ë…œìž…ë‹ˆë‹¤~
ì¹´ë“œí• ì¸í•´ì„œ ê°€ê²©ë„ ì¢€ ì €ë ´í•˜ê²Œ ìž˜ êµ¬ë§¤í–ˆì–´ìš”
ì•žìœ¼ë¡œ ì˜¤ëž˜ì˜¤ëž˜ ìž˜ ì“¸ê²Œìš”~",5
229,ì•„ì´í°12,ë³„ì ,ì˜ˆë»ìš”....ì˜ˆë»ìš”....,5
230,ì•„ì´í°12,ë³„ì ,"ì·¨ê¸‰ì£¼ì˜ í…Œì´í”„ë¡œ ì¹­ì¹­ ê°ì•„ ì•ˆì „í•˜ê²Œ ë°°ì†¡ ìž˜ ì™”ìŠµë‹ˆë‹¤
êµ¬ì„±í’ˆì— ì–´ëŒ‘í„°ì™€ ì¼€ì´ìŠ¤ ê·¸ë¦¬ê³  ì•¡ì •í•„ë¦„ì€ ì—†ìœ¼ë‹ˆ ì°¸ê³ í•˜ì„¸ìš”!",5
231,ì•„ì´í°12,ë³„ì ,ì„¤ ì—°íœ´ ê¸°ê°„ì— ì‚¬ì„œ ë‹¤ë¥¸ ê³³ë³´ë‹¤ ì €ë ´í•œ íŽ¸ì— ì‚° ê²ƒ ê°™ì•„ìš”. í•¸í° ë¶ˆëŸ‰ í…ŒìŠ¤íŠ¸ í•´ë´¤ëŠ”ë° ì´ìƒë„ ì—†êµ¬ìš© ë°°ì†¡ë„ ë¹¨ëžì–´ìš”.,5
232,ì•„ì´í°12,ë³„ì ,ë°°ì†¡ë„ ë¹ ë¥´ê³  í¬ìž¥ë„ ê¼¼ê¼¼í•˜ê²Œ ìž˜ ë˜ì–´ ì™”ì–´ìš” ã…Žã…Ž ì´ì˜ë„¤ìš” ðŸ˜,5
233,ì•„ì´í°12,ë³„ì ,ë§Œì¡±í•©ë‹ˆë‹¤ ìž˜ë°›ì•˜ìŠµë‹ˆë‹¤ ì‚¬ì§„ ìž˜ì°í˜€ìš”,5
234,ì•„ì´í°12,ë³„ì ,ì˜ˆì˜ë„¤ìš” ìš°ë¦¬ë”¸ì´ ë¬´ì§€ ì¢‹ì•„í•˜ë„¤ìš”,5
235,ì•„ì´í°12,ë³„ì ,ìµì˜¤ì—ìš”ã…  ê³„ì† í™”ì´íŠ¸ ì–¸ì œ í’€ë¦¬ë‚˜ ìžì£¼ ë´¤ëŠ”ë° ë§ˆì¹¨ í’€ë ¤ìžˆì–´ì„œ ì£¼ë¬¸í–ˆì–´ìš”!! ë„˜ ì¢‹ìŠµë‹ˆë‹¤ ë°°ì†¡ë„ ë¹¨ë¼ìš”ðŸ‘ ì˜¤ì¤Œì•¡ì •ì€ ì²˜ìŒì— í‚¤ë©´ ì¼œì ¸ìžˆëŠ” ìžë™ ë³´ì • ì—†ì• ë©´ ë©ë‹ˆë‹¤ ã…Žã…Ž ê²€ìƒ‰í•´ë³´ì…”ìš”,5
236,ì•„ì´í°12,ë³„ì ,"4, 5s ì´í›„ ê°¤ëŸ­ì‹œ ì“°ë‹¤ê°€ ë‹¤ì‹œ 12ë¡œ ë„˜ì–´ì™”ëŠ”ë° ì—­ì‹œ ì•„ì´í°ì€ ê¹»ìžŽí†µ ë””ìžì¸ì–´ì•¼ í•©ë‹ˆë‹¤",5
237,ì•„ì´í°12,ë³„ì ,í•œë‹¬ ì‚¬ìš©í•˜ê³  ìžˆì§€ë§Œ ë³¼ë•Œë§ˆë‹¤ ì´ë»ìš”! ë§Œì¡±ìŠ¤ëŸ½ê²Œ ì‚¬ìš©í•˜ê³ ìžˆìŠµë‹ˆë‹¤!,5
238,ì•„ì´í°12,ë³„ì ,ë³´ë¼ìƒ‰ì— ê½‚í˜€ì„œ ìƒ€ëŠ”ë° ë„ˆë¬´ ì´ì˜ê³  ì¢‹ì•„ìš”ã…  ë°°ì†¡ë„ ì´ë§Œí•˜ë©´ ë¹¨ë¦¬ì™”ì–´ìš”,5
239,ì•„ì´í°12,ë³„ì ,ì–‘í’ˆ ìž˜ ë°›ì•„ì„œ í•œë‹¬ì •ë„ ì‚¬ìš©í–ˆëŠ”ë° ê³ ìž¥ì—†ì´ ìž˜ ì“°ê³  ìžˆì–´ìš” ìµœê³±ë‹ˆë‹¤ ^^,5
240,ì•„ì´í°12,ë³„ì ,7+ ì“°ë‹¤ê°€ ë„˜ì–´ì™”ëŠ”ë° í¬ê¸°ë„ ì ë‹¹í•˜ê³  ì¹´ë©”ë¼ í™”ì§ˆë„ í™•ì‹¤ížˆ ì¢‹ì•„ìš” ã…Žã…Ž,5
