,0,1,2,3,4,5,6,7,8,9,10,11,12,13,14,15,16,17,18,19,20,21,22,23,24,25,26,27,28,29,30,31,32,33,34,35,36,37,38,39,40,41,42,43,44,45,46,47,48,49,50,51,52,53,54,55,56,57,58,59,60,61,62,63,64,65,66,67,68,69,70,71,72,73,74,75,76,77,78,79,80,81,82,83,84,85,86,87,88,89,90,91,92,93,94,95,96,97,98,99,100,101,102,103,104,105,106,107,108,109,110,111,112,113,114,115,116,117,118,119,120,121,122,123,124,125,126,127,128,129,130,131,132,133,134,135,136,137,138,139,140,141,142,143,144,145,146,147,148,149,150,151,152,153,154,155,156,157,158,159,160,161,162,163,164,165,166,167,168,169,170,171,172,173,174,175,176,177,178,179,180,181,182,183,184,185,186,187,188,189,190,191,192,193,194,195,196,197,198,199,200,201,202,203,204,205,206,207,208,209,210,211,212,213,214,215,216,217,218,219,220,221,222,223,224,225,226,227,228,229,230,231,232,233,234,235,236,237,238,239
0,좋은 리뷰 감사드려요~s2e 구매 했는데 정말 마음에  들어요~~%🤗🤗🤗,요거 고민 좀 하고 있었는데 딱 좋네요~ 감사합니다.,"안녕하세요. 좋은 영상 잘 봤습니다.
미니에는 노크온 기능이 없는데 혹시 gts2e 에는 노크온 기능이 있을까요?
답변 달아주시면 구매에 큰 도움이 될 것 같습니다. 감사합니다.",공구 놓쳤네요..ㅠ 다음 공구 계획있으신가요?,아 공동구매 기회 놓쳤는데ㅠㅠ 한번더 할 예정없으신가요???ㅠㅠㅠ,음~~ 이 채널 정말 마음에 들어. 발음도 정확하고 목소리도 거슬리지 않아. 무엇보다 스피디하게 쏟아지는 정보전달력이 아주 그만이야. 잘 되길 바래. GUI작동화면 같은거 좀 더 추가하면 좋겠어.,좋은 영상 감사해요! 혹시 gts2 통화기능은 전화도 걸 수 있을 까요?,혹시 QCY T13쓰고 계시면 괜찮은지 음질이나 통화품질 괜찮은가요 ?,이제야 좀 알아보는 상황인데 . 궁금한게 . 두 제품 다 전화가 오면 진동/소리 알림이나  카톡알림/보기 이런기능들도 기본적으로 되는건가요 ?? 전화통화나 스피커 ? 이런거도 좀 궁금합니다.,Gts2e 공구 한번 더해주세요 ㅠㅠ,덕분에 싸게사서 잘쓰고 잇습니다~~~,R형제 비교도 기다릴게요 ㅎㅎ,공구 또 언제하나요 ㅠㅠ??,미니가 터치감이 조금 더디다 했는데 기분탓만은 아니었군요ㅠ 근데 미밴드는 화면 터치하면 켜지는데 미니는 터치로 화면켜짐은 안되나요?,Gts2 mini aod 할때 분씩 지날때 마다 시계 보여주는 위치가 달라지는데 고정 할 수 있는 방법이있나요??,미니 공구 계획 있으신지 궁금합니다~,스마트워치 살려고 영상 보고 구독 눌렀는데 뭐 살 지 몰라서 미니나 se 제품 둘 다 워치페이스 제 맘대로 할 수도 있나요?,미니도 운동중 자동멈춤기능 있나요??,"안녕하세요 
그럼 gts2e를 샀을때 mini 스트랩을 구매해도 호환가능한가요?","오! 제 마음은 어떻게 아시고 ㅎㅎ😄
즐감할게요^^",gts2e도 스마트폰 분실방지 기능은 없죠? (연결된 스마트폰과 연결이 끈길시 알람),추후에 gts2e에도 원격사진촬영기능 업데이트 추가되..지않을까요?,공구가격이 얼마였을까요..궁금,mini도 공구해주세오ㅠㅠㅠ,"gts2미니 큐텐에서 바로 구매하려했는데 빅튜브님 비교 영상보고 고민이 되네요.. 심지어 재공구라니 구독박고 댓글답니다
gts2e 장점 :더고급스러운외관(미니랑 비교해 체감이 큰가요?)약간더큰디스플레이(이게 사용에도 큰차이가있나요?),더많은배경화면저장가능,높은프레임
gts2mini장점: 비슷한 성능에 비해 큰 가격차이,가벼운무게(실생활에서 무게 체감이 큰가요?)
이정도인거같은데 아무래도 영상으로는 알기에 한계가 있다보니 실사용한 빅튜브님께 추천받고 싶어서 댓글남깁니다
디자인과 스펙도 중요하게 생각해 gts2e도 끌리는데 실생활 편리성도 중요하게 생각해 10g이나 가벼운 미니도 끌리네여
수험생이라 보통 하루종일 앉아서 공부하고 매일 30분정도 조깅합니다 앉아서 공부하는데 무게차이가 불편할지도 궁금합니다!","손목이 15.5인 성인남성입니다. 미밴드6랑 번갈아 사용하려고 합니다. mini랑 gts2e 크기 때문에 고민중인데요, gts2e 써도 괜찮을까요?",걷기 운동하는데 착용하면 미밴드처럼 걸으면 바로 알아서 측정이 되나요? 걸음수요,"mini나 e 말고 GTS2에 대한 정보는 찾기 어렵네요...인기가 없는건지 공구후에 공식판매페이지에는 아예 GTS2가 사라지고ㅋㅋㅋ 구매했는데 생각보다 배터리가 빨리 닳네요 이틀정도밖에 못가는거같은데... AOD정도만 사용하는데 암것도 안해도 조금있다보면 배터리 닳아있는데, 배터리가 불량인걸까요?","Gtr2 mini 중고 번개장터에 4개가 올라와있던데 
저분들은 잘 모르고 올리신거겠죠? 
가격도 7.5만 9만 올려놓으섰던데 
그분들 걱정이 되네요",혹시 미니 알렉사 지원을 안하나요?,mini도 배경화면 변경이 가능한가요 ?,갤럭시랑 같이써도되나요?,미니가 이상하게 인기가 좋던데 실제로 보면 저거 되게 별로임. aod가 잔상때문이라며 자꾸 분 바뀔때마다 위치 이동을 함. 정신 사나움. 실제로 aod 워치페이스 만드는 분들도 가뜩이나 화면도 작은데 저 움직이는거 땜에 사이즈 맞추기 개빡시다고 함; 내가 미니 잠깐 써봣는데 착용감도 구림. 특히 손목에 얹어지는 느낌이 진짜 싼티가 남; 벗엇을 때 특히....,,,,,,,,,,,,,,,,,,,,,,,,,,,,,,,,,,,,,,,,,,,,,,,,,,,,,,,,,,,,,,,,,,,,,,,,,,,,,,,,,,,,,,,,,,,,,,,,,,,,,,,,,,,,,,,,,,,,,,,,,,,,,,,,,,,,,,,,,,,,,,,,,,,,,,,,,,,,,,,,,,,,,,,,,,,,,,,,,,,,,,,,,,,,,,,,,,,,,,,,,,,,,,,
1,스마트워치로 드디어 에뮬게임 구동하는지 기대했습니다...만,"저와 같은 G-Shcok GW-A1000을 가지고 계시군요 반갑습니다. 저도 같은 FC밴드로 장착하여 6년째 잘 쓰고 있습니다. 저도 데일리로 주로 착용하는데, 요즘 T-Rex Pro역시 눈여겨 보고있습니다. 좋은 리뷰 감사합니다. 아마도 곧 지르게 될것 같네요",형수님 형님이 손목 오락기 장만 한줄 알았네요.,좋은정보감사합니다^.^,"Gshock...
아직도 사는 사람이 있나?",쭝국앱이라 개인정보 빼갈까봐 선뜻 선택이 어렵죠..,중국산의 끝은 어디인가,이거 재입고 언제 될려나요 품절뜨고 한참 지난거 같은데 ㅠㅠ,ui가 아니고 워치 페이스라고 합니다,시계를 기능으로 차는건 아니지..,,,,,,,,,,,,,,,,,,,,,,,,,,,,,,,,,,,,,,,,,,,,,,,,,,,,,,,,,,,,,,,,,,,,,,,,,,,,,,,,,,,,,,,,,,,,,,,,,,,,,,,,,,,,,,,,,,,,,,,,,,,,,,,,,,,,,,,,,,,,,,,,,,,,,,,,,,,,,,,,,,,,,,,,,,,,,,,,,,,,,,,,,,,,,,,,,,,,,,,,,,,,,,,,,,,,,,,,,,,,,,,,,,,,,,
2,"영상 잘 봤습니다! 혹시 한 화면에 듀얼타임이나 트리플타임 시현되나요?
서울, LA, 파리 이런 식으로요.",오! 디테일한 리뷰 감사합니다~! 잘 보았어요 ^^,나이가 먹다보면 혈압과 심전도 체크가 중요해지는...,와우...가격에 비해 어마어마하게 투머치한 성능을 제공하네요,리뷰 잘 봤습니다. 질문 하나 드릴께요.. 심박수 범위를 설정하여 운동중 일정한 심박수 범위에서 운동할수 있게 해주는 기능이 있을까요? 너무 낮거나 높을때 진동으로 알려주는 기능같은거요. ^^ 그럼 심박수에 따라 좀 강도를 낮추거나 높여 운동할수 있을것 같아서요,머선129   다 품절낫네 ㄷㄷㄷ,"상세한 리뷰 너무감사합니다.
혹시 단톡알람만 따로 끌수도있나요? 단톡알람도 진동으로 다 울려버려서 시계가 남아나질않겠네요..아무리찾아도 설정이 없네요",10ATM   물속 10기압에서  버틸수 있다는  뜻임   100미터  잠수 가능이라는  뜻이 아님 얕은 수심에서 잠수 수영 가능  장시간 물속 방치는  주의필요,"덕분에 스마트 워치 첫 입성합니다
운좋게 이것저것 할인받아 14만원에 득템했네요.... 아주 기대됩니다","리뷰감사함니다.
낮에 야외에서 시인성이 좋은 제품 인가요?
해상도는 ? 어느정도인가요/",수영 기능 상세히 부탁드려요~^^,"쥐샥 느낌나서 스타일링에 쓰기 좋아보여서 삽니다 ^^ 현재 gts2 mini , 갤럭시액티브 2 사용중입니다. 이두개중 gts2 mini를 더많이;쓴다는...",지샥 좋아하시는 분들한테는 뽐 좀 오겠네요^^,"티렉스 프로 블랙 예구 했어요.
자세한 리뷰 🙇 !!!","쿠팡에서 188,000원에 판매가 되고 있던데 가성비가 좋은건가요?","와.. gps연속 40시간, 헤비유즈 연속 9시간 이부분이 개좋네 가민포러너 45 1년째사용중이지만.. 가민보다 이게나을듯","통화가능유무와 통화품질, 가격이 궁금하네요. 유용한 영상 감사합니다 ~^^",기존 t rex 모델이랑 프로 모델의 차이는 뭘까요? 가격 차이만한 스펙이누 기능차이가 있는지 궁금합니다,연결이 끊긴 후에 다시 알아서 재연결을 하나요? 미밴드는 이게 돼서 당연한 기능인지 알았는데 당연한게 아니더라구요,디지털 워치페이스 (영상 마지막에 나온)는 앱스토어에서 구매할수있는건가요?,헬스할때도 사용할만한 기능이 있나요? 러닝이나 사이클 말고 무산소운동 중 에서요!!,"티렉스 프로와 전작 티렉스 모델의
차이점이 무엇인가요?",사고싶은데 스트랩 줄질이 아쉽네요~~~제가 줄질 매니아라서~~~🤗🤔🤔,티렉스 프로와 일반 티렉스의 차이는 무엇인가요? 그리고 핸드폰없이 운동기능 사용가능한가요?,정보감사합니다.  티렉스프로와 GTS2 둘중에 한글문자알림이 올때 어느쪽 폰트사이즈가 더 큰가요? 똑같은가요?,운동결과가 GPX로 저장되는지 궁금합니다.,티렉스와 티렉스프로 는 어떤 차이가 있는가요? 가격이 3~4만원 차이가 나는데..,어메이즈핏 티렉스와 많이 다른 가요?? 물론 프로가 더 좋겠죠??,스탑워치랑 타이머 기능은 없나요?,아.. 가민. 피닉스6..110만원에 샀는데.. 괜히..ㅜㅠ,그럼 gtr 2보다 이게 더 괜찮나요?,"잘 보았습니다.
세상참, 좋아졌네요.
단지,습관이 안된 나같은 사람은
사용하기도 복잡해 보이네요.^^",버피나 스쿼트할때 숫자세주는 기능도있나요??,혹시 간단한 문서 확인도 가능 한가요?,와우 운동용으로는 괜찮군요,블루투스 끊겨도 시간은 나오나요?,"제품이 오늘 도착해서 가볍게 야외 러닝을 했는데요 GPS 튐이 좀 많이 있습니다 
지역별로 좀 다르겠지만, 휴대폰과 비교해도 큰 차이가 있습니다 
좀더 데이터를 누적시켜 테스트 해보겠지만 
가격만큼의 성능이라는 생각을 슬슬하게 됩니다","안녕하세요 빅튜브님 혹시 제품 충전시 사용해서는 안되는 충전기 있습니까? 휴대폰 고속충전기 등 저전압 1A , 2.0 A 등 
제가 휴대폰 고속충전기 사용하고있습니다
고속충전기에 제품충전 해도 상관없는걸까요?","안녕하세요 잘보고 구매예정입니다.
블루투스 이어폰하고 같이 사용가능한가요?","AOD 밝기 조절이 따로 없는게 아쉽내요;
알고서 구입하긴했는데 가끔 메인화면 밝기로 AOD가 멈춰있는 경우가 있는거같기도 하내요",Gtr2랑 비교해주실 수 있을까요?,"리뷰 감사합니다. 저는 블랙 구입하였는데 , 달려있는 스트랩이 살짝 저렴해보여 아쉽길래 줄질을 알아보니 casio GST-S100 용 스트랩이 잘어울립니다. 교체하시면  좀더 고급스러워  보입니다. 알리에서 8천원 정도 구입 가능합니다.",애플워치 사용중인데 극악배터리 타임으로 넘어가고 싶네요,혹시 구매가능한곳 링크도좀올려주세요,언제나 좋은 영상 잘 보고있습니다. 영상에서 편하다고 하신 자동멈춤은 어메이즈핏 빕에서도 되는걸 보니 다른 어메이즈핏 시리즈에서 다 되지않을까 싶은데요. 이 영상에서는 티렉스만의 장점처럼 표현되서 덧글남겨봅니다. 좋은하루되세요~,"안녕하세요. 현재 사용중인데 운동설정후 사용하면 정보가 맞지 않습니다.
예를들어 등산중 사용시 고도와 거리가 맞지 않거나 싸이클링중 사용하면 속도와 거리, 런닝중에는 거리가 워치상에 전혀 맞지가 않게 정보가 나오며 운동후 zepp앱상에는 정확하게 정보가 저장되는데요.. 워치가 고장일까요?",워치 맛집 ㅋㅋ,"버튼은 어떻게 되어있어요?
음악 볼륨 업 다운
뒤로가기 홈
이렇게 되어있나요?","탐 부넨 처럼 속도계 없이 탈란다 ,,  속도계가 없으니 구간이 좀 줄어드네 ㅎㅎ",30만원인데 어디서 사나요?,손목끈은 일반 시계끈과 호환이 되는지 궁금하네요.,"고등학생인데요. 학교에서 핸드폰 꺼서 내고, 워치만 쓰면 작동이 않될까요...?ㅠㅠ",녹음기능 있나요? 중저가중에 녹음기능있는 워치 추천부탁드립니다.,아이폰 사용중입니다. 아이폰에 있는 녹음 어플을 티렉스 프로에서 사용할 수 있나요? 애플워치처럼 통화중에 녹음이 가능한지가 궁금합니다.(핸드폰 스피커폰 + 애플워치녹음),자전거 속도계에 심박수 전송 기능이 있을까요?,가민 살 필요 없네...,"gtr 47mm 사용잔데요. 2년여 지나니깐 배터리가 장난이 아니던데요., 배터리교체 as는 불가능하더라구요. 11번가에서 샀는데 자료들도 다 없는데....
아이나비에선 교체 안되고...먼 방법 없을까요? 
이 제품이 참 편하고 좋은데 말입니다.",중국 내수 제품 구매했는데 워치내 한글 설정이 안되네요..  zepp 앱에서는 핸펀 언어가 설정될 거라고 하는데 그냥 중국말로 나오네요.  이거 글로벌제품이 따로 있거나 한건 아닌걸로 알고 있었는데. 혹시 해결방법 아시는 분 계신지요.. ㅠㅠ,안녕하세요 우선 구매해 배송기다리는 중인데 알림에 대한 진동도 오는지 여쭤봐도 될까요??,내부저장공간도 있나요?,스트라토스 사용자였습니다. 최근에 고장이 니서 찾는중인데.....이 제품 철인3종 기능 있나요?,구독 좋아요..이영상보고 바로 주문~,스트라바랑  어떻게  연결하죠  아무리해도  안되는데요 ㅠㅠ,"188,000원이 가성비 금액에 들어가는군요...제가 너무 싼걸 쓰고 있나봐요..",구매 링크에서 상품이 안보여요 ㅠㅜ,혹시 진동모드도 있나요?,화웨이밴드6도 리뷰 가능할까요?,썸네일에 워치페이스 뭔지 궁금해요 ㅎㅎ,따로 데이터 비용이 들어가나요??,현재기온 날씨정보는 정확한지 궁금하네요. 중국 제품이라 중국 기상청 정보를 퍼오지는 않는지.,보안문제는 괜찮을까요,"사람들 잘모르던 Pro이전 모델 부터 사용중인데, 
정말 가성비 끝내줍니다, 다만 Zepp 앱이 좀 거지같아서;; 
지샥삘 나는 스마트워치라 참 좋습니다. 
Pro로 하나 다시 살까 고민중인데 고장이 안나요 ㅠㅠ",골프앱도 깔수있나요?,거의 20만원이네용,"저는 문자수신이 안되던데
어떻게 하는건지 궁금합니다",블루투스 꺼져도 알람기능 있나요?,"산소포화도나 수면질, 스트레스등 확인가능한가요?","티렉스프로 사용자입니다.
전화가오거나 카톡이와도 워치가 인식을 못합니다.
이유를 모르겠네요?","애플워치 구매후 별로 필요도없고 러닝타임이 짧아서 처분했는데 없으니 또 아쉽네요
저는 전화알림만 잘되면되구요....
티렉스프로와 gtr2나 gtr2e고민인데요 추천좀 해주세요 다 매력이 있는지라...
gtr2 글라스 약하지 않나요?? 기스가 잘나게 생겨서요.. 액정기스 너무싫어요
다 사용해 보셨으니 괜찮은녀석 추천좀 해주세요",화면 톡톡치면 화면 켜지는거 되나요?,"크기가 너무크다 ㅠ
42나 44면 사겠는데 ..47.5는 거대하네",샤오미 중국 브랜드네,"난 왜??
자꾸 자동차 리뷰
가 생각나냐 
넘 똑같다(목소리)",저는 운이 좋았네요. 할인 받아서 15만원에 구매했었는데... 화면보호필름도 추가로 증정해줬습니다. ^^  직업이 좀 거칠어서 기스날까봐 애지중지 하는 중입니다. 하나더 구매하려고 찾아봤는데 모든곳에서 품절사태입니다.  정말 인생템입니다. 살면서 사본것중 탑텐안에 들정도로 대박입니다. 이건 188000원에 판매하는것 부터가 사기입니다. 50만원이라도 구매합니다.,워치페이스 뭔지 알수있을까요?? 메인화면에 뜨는,난 우리 민희 샀당~~~ㅎㅎㅎㅎㅎ아이신낭~~,나 저가형 샀는데 ㅋㅋ 온도체크 혈압  산소농도 등 전부 엉터리엿음 그냥 저장된 값 보여주고 뒤에 센서는 가짜엿음....,"가격이  188,000원  입니다",내가 왜 핏빗을 샀지 ㅋㅋ ㅅㅂ,스피커로 통화기능 되나요?,심장 박동등 실시간 업데이트 표시 되나요?,제가 땀이 공사현장에서 일하면서 땀이란 땀은 다 흘리는정도로 엄청나게 땀에 염분이 많고 땀도 엄청 심할정도로 많이흘립니다 먼지가 앉거나  또 먼지 많은곳에서 일하게되면 사용을 해도괜찮을까요? 그리고 폰은 갤럭시인데 에어팟2세대도 같이 쓰고있씁니다 에어팟2세대와 동시에 연결해서 사용할수잇을까요 ?,가민 순토 망하겠는데  이러다,지티에스 2 미니보다 좋을까요?,이쯤되면 화미에서 광고줄만도 한데요ㅠ,"수입품인가요?
어느나라?",젤센 웨어러블 리뷰좀 해주세요,운동용 으로 쓰는 가민 기능이 애플워치에도 있던데 데이터 정확도 면에서 태생적으로 차이가 남 운동용은 전문제조 업체 꺼 추천함,흐음..,음악은 되나여?!,티렉스 이전제품과 무슨 차이가 날까요,줄이조뮤아쉽네요,워치로만 전화통화되난요??,"예전 초창기버젼인 어메이즈핏 페이스, 어메이즈핏 스트라토스 두개 아직도 사용중입니다.
물론 중국직구로 샀고 가민보다 저렴한 가격에 기능은 필요한건 다 들어있고 gps가 일부지역 (다리밑, 짧은터널 등등)에서 조금 차이가 있지만 그럭저럭 쓸만했습니다.

주변 지인들도 제가 사용하는걸 보고 몇명이 샀는데 2-3년 지나니까 배터리수명이 급속도로 떨어집니다. 어쩔수없는 현상이지만 혹시나 해서 본사에 이메일을 보냈더니 이렇게 답변이 왔습니다.

1. 왕복 운임비 소비자 부담
2. 중국내 물건 받을 주소가 있어야 함
3. 배터리 교체비용 & 공임비 별도 (정확한 금액은 기억이 안납니다.)

1,2,3 합산해보니 대략 새거 가격 나오길래 포기하고 그냥 가민 쓰다가 어쩌다 짧은거리, 짧은시간 운동할때만 가끔씩 썼습니다. 페이스, 스트라토스, 가민 이렇게 3개로 돌려가면서 쓰니 배터리는 향후 몇년동안 큰 걱정은 안하게되었습니다만 .. 어메이즈핏 제품이 국내에서 기술AS가 지원된다면 가성비 충분한 제품이라 봅니다. (멀쩡히 잘 쓰다가 근래 몇개월 전부터 페이스, 스트라토스 작동시작 할때 gps 잡히는데 시간 꽤 걸립니다. agap? agps? 가 작동이 안된다면서 한번 더 검색하면 그제서야 어렵게 잡힙니다.) 

빅튜브님이 언급하신 티렉스 프로가 스트라바와 호환연동이 되고 (런타스틱도 되면 좋은데 .. 이건 욕심이겠죠??) gps의 성능이 나아졌을거 같은 느낌(gps+글로나스)은 충분히 구매 메리트가 있어보입니다. 가민 245 중고 살려고 생각중이었는데 고민이 좀 되네요.",카톡은 안되나요? 제꺼는 카톡안되는데요,넘복잡해,좌표는 안나오나요,,,,,,,,,,,,,,,,,,,,,,,,,,,,,,,,,,,,,,,,,,,,,,,,,,,,,,,,,,,,,,,,,,,,,,,,,,,,,,,,,,,,,,,,,,,,,,,,,,,,,,,,,,,,,,,,,,,,,,,,,,,,,,,,,,,,,
3,혹시 지얄오크 - 카시오 G shock GA2100 메탈 스트랩(3세대) 에 맞는 스마트 와치는 없을까요? 티렉스프로가 웬지 될것도 같은데 ... 된다면 정말 획기적인 업그레이든데 ㅎㅎㅎ 된다면 뽐뿌가 ㅎㄷ ㄷ 그런데  아무도 이런 시도는 안하는거 같아서.... 빅튜브님 너무 궁금합니다 ㅠㅠ,비교 영상 리뷰 감사 합니다. 구매에 큰 도움이 될 것 같아요,헬스할때 운동기능은 어떻게 기록되는지 궁금해요ㅠㅠㅠ,오~~~! 너무 궁금했는데 감사합니다 🙏,와 사려고 눈팅하고있었는데 공동구매라니!!! 감사합니다 😀,계속 망설이다가 오늘 영상보고 공구 결제했네요. GTR2E 받아서 한번 가성비 느껴보고싶네요.👍,"배터리랑 크기가 다른데 가격이 같다는게 참... 
그래도 두개 다 넘 땡기네요. 6.1일 기다리고 있겠습니다~",영상 도움이 많이되네요 감사합니다 공구는 어디서하는건가요,기존 GTR 1 쓰고 있었는데 GTR 2 는 GPS 성능이 얼마나 개선됐는지 궁금합니다. 1은 현재위치 잡는 속도가 몇십초 이상 걸렸고 중간중간 좌표가 튀기도 했어요. 야외수영기능이 있는데 물 속에 들어가면 GPS가 끊기고 수면위로 올라오면 다시 붙고 아주 개판이여서 그냥 GPS 없는셈치고 사용했는데 2는 좀 개선됐나요?,"리뷰너무 감사합니다!!
gtr2와 gtr2e 비교 시 배터리 타임이 뭐가 더 오래가나요? 차이는 어느정도인가요? 

빅튜브님 유튜브 보면서 gtr2와 gtr2e 중 1개 구매결정 하려는데 2e가 2대비 배터리가 얼마나 더 오래가는지 궁금해서요. 

베젤디자인만 보면 2가 맘에드는데 배터리만 보면 또 2e가 더 오래간다하니..ㅎㅎ",공구 기대되네요😁😁,감사합니다~구매에 너무 도움이 되었어요~,덕분에 좋은제품 합리적으로 구매했습니다.다른앱으로 싸게 샀다고 샀다가 빅튜브 공구가 훨씬저렴해서 취소하고 다시 구매했습니다 다시한번 감사드려요.,빅튜브님꺼 t-rex pro보고 구매해놨는데(완판으로 6월15일부터 순차배송) gtr2e랑gts2e도 좋아보이네요 선물용으로 구매해야하나...t-rex pro도 이번에 공구있나요?ㅜ,"안그래도 이번주 금요일에 선물하려고 찾는 중이었는데... 공구라니ㅠㅠㅠ!!!
금요일에 택배 받을 수 있을까요..","좋은영상 감사합니다
R2e 혹시 글자폰트 크게 하는 방법은 없나요?",비교 너무 감사합니다.,흠 알2이가 이쁘긴하네요 미니랑 뭐랄까 고민 해봐야겠어요,스트랩은 몇미리인가요???,"질문있습니다~~
앱에서 날씨설정하라는데 아무리 찾아도 날씨가 없네요...ㅜㅜㅜ
어디서 설정하여야 하나요?",Gtr2 vs gtr2e차이점도 알려주세요...,으음...저는 전화나 메신저 알람용으로 현재 미니 잘쓰고 있네요. 이번은 패쓰~,"잘보았어요~~GTR2e 공구 기대됩니다~~~
🙄🙄👍🏻👍🏻",공구 한번 더 해주세요!,샤오미 제품들은 빅스비 호환 안되는거죠? 좋은 영상 감사합니다!,공구 기간이 지나버려서 아쉬워요 ㅠㅠ,공구가격 대략 얼마정도로 예상되나오???,빅튜브님 공구 6월1일 몇시에 오픈예정인가요?,이거 구매고려중인데요. 스마트워치는 첨인데  걷기하고 달리기 동시에 측정이 돼요? 그러니깐 5분 걷고 5분 달리기하면 각가가 기록으로 보여주는지 아니면 그냥 총 운동 10분이라고 기록되는지,공동구매로 저렴하게 구매하였습니다. 감사합니다.,GTR2e 같은 경우 gps가 탑재돼 있어 휴대전화를 가지고 뛰지 않아도 되나요?,"안녕하세요? 리뷰보고 구매할까 고민중인데,  진짜 걱정되서 여쭙는데, 어메이즈핏을 사용해도 제 개인정보가 도용될 일은 없을까요?",공구는 또 안하시나요ㅠ,S2e도 하는건가요?,혹시대전 본듯해서 구독,다음 공구 계획있으신가요~?,가격은 어떻고 어디서 구매 가능하죠?,gts2 mini는 자동 멈춤 기능이 없나요>?,15만원 ㅋㅋ 걍 삼성 사죠,gtse도 통화 되나요,gts2 mini는 할인안하나요?,2빠,,,,,,,,,,,,,,,,,,,,,,,,,,,,,,,,,,,,,,,,,,,,,,,,,,,,,,,,,,,,,,,,,,,,,,,,,,,,,,,,,,,,,,,,,,,,,,,,,,,,,,,,,,,,,,,,,,,,,,,,,,,,,,,,,,,,,,,,,,,,,,,,,,,,,,,,,,,,,,,,,,,,,,,,,,,,,,,,,,,,,,,,,,,,,,,,,,,,,,
4,잘보고가요~ 혹시 한성 모니터 최근나온거 리뷰가능하시면 해주십사 함돠 ㅋㅋ,감사합니다!혹시 운동 측정중에 음악 컨트롤이 안되는거  같은데 해결 방법이 있을까요?..,워치는 살까말까 매번 고민만 하네요,어메이징핏 워치 진짜 질나오네영,이거 구매했는데 정말기대되네요~~~!,카톡확인할때 폰트크기가 GTR2에 비교해 같은가요? 아니면 작은가요?,잘 긁힌다는 글을 봤는데 어떤가요??,어메이즈가 20대면 애플워치 se를 살까 고민하게 될거 같은디..,티렉스하고 프로 하고 차이 많이 나나요? 뭐사야할지 고민이네요 ㅠ현시점,디게 좋은거같은데 이거 휴대폰연락처동기화해서 전화 걸기 받기는 안되죠? ㅜㅜ,나이키 런 클럽과 연동 가능한가요?? 그리고 os는 어떤것이 사용하나요.구글 os wear 사용하면 좋은데 스마트워치 리뷰에서 기기의 os설명이 없는것이 항상 아쉽습니다.  os에 따라 설치하고 사용할수있는 앱들이 달라지는데 리뷰에선 항상 설명이 없을까요.. 애플워치보면 어플 종류가 완전 다른데요.,워치페이스 시계화면 어디서다운받을수 있나요???,카톡알림은  몇개의 안 읽은 메시지가 있습니다 라는 알림도 같이와서 카톡이 1개가 와도 2번씩 알림이 뜹니다,중국제품이라 망설였지만 고민고민하다 질렀는데 가성비대비 괜찮죠???....ㅎㅎ첫 워치라...기대반걱정반입니다ㅜㅠ이것도 문자 전화수신알람다되는거죠...?ㅠㅎ,"블루투스 이어폰하고 같이
사용가능한가요?","이 영상을 비롯 여러 영상을 보고 구매후 2주정도 사용했습니다. 

이전에 삼성 기어워치3 lte 모델  3년정도 사용했습니다. 

요 제품은 디자인 기능이 아웃도어 스포츠에 특화된 모델이라 운동외는 별 기능이 없습니다. 

어플 추가도 어렵구요.

집순이 집돌이 운동 안하시는 분들......

요 가격이면 좀 더 보태서 갤럭시 기어 가세요. 

하지만 오래 가는 배터리와 강인한 내구성, 아웃도어 스포츠를 즐기신다면 추천입니다. 

아쉬운 점도 있지만 저는 만족합니다.  ^^

줄도 교체 가능합니다. 

알리에 메탈, 실리콘,가죽 등 여러가지 전용줄 판매중입니다. 


개인적으로 스마트 워치를 사용하면서 사용하지 않았던 대표적 기능 
 
AOD -  처음에는 이쁨, 배터리 많이 먹고 손목 올려보기 기능으로 만족.
 
심박 - 처음에 몇번 사용후 관심 없음.
 
통화 - LTE 버전을 사용했었기에 여기에 포인트를 두고 많이 사용할거라 생각했는데 프라이버시도 있고해서 나중에는 사용 안함.
 
음악 플레이 - 용량 적고 음질 별로.....사용 안함.  휴대폰 또는 소형플레이어 블투 연결이 갑.
 
워치페이스 - 나중에는 그냥 마음에 드는 몇개로 끝.",아이폰은 워치페이스어플 없나요ㅠㅠ,"사지마세요 시계페이스 몇개안되서 
시계페이스어플 바꿀렸드니 하나에9500원 완전 사기꾼들
옛날 프린트 잉크생각하시면됨
사면 후회합니다",AS같은 부분은 괜찮으려나 ..?,,,,,,,,,,,,,,,,,,,,,,,,,,,,,,,,,,,,,,,,,,,,,,,,,,,,,,,,,,,,,,,,,,,,,,,,,,,,,,,,,,,,,,,,,,,,,,,,,,,,,,,,,,,,,,,,,,,,,,,,,,,,,,,,,,,,,,,,,,,,,,,,,,,,,,,,,,,,,,,,,,,,,,,,,,,,,,,,,,,,,,,,,,,,,,,,,,,,,,,,,,,,,,,,,,,,,,,,,,,,,
5,영상은 잘봤는데 설명과 영상이 동일한지 헷갈리네요.이렇게 여러가지 모델들을 리뷰하실때는 처음에 어떤게 어떤 모델인지 한번에 같이 나와야 영상보는데 도움이 될듯합니다.영상과 자막이 따로 놀아서 잘모르는 사람이보면 무슨 내용인지 이해가 안돼요,"영상 잘 봤습니다.
혹시 유튜브 뮤직 다음곡넘기기 기능도 지원되는지 궁금합니다!",gts2 미니 보다가 화면이 남자인지라 작을거 같아서 gts2로 알아보는중에 좋은 영상 감사합니다!!,진짜 궁금했던건데 리뷰 영상이 외국영상밖에 없었는데 딱 나오네,어메이즈핏 gts2 미니가 있다는것도 처음 알았네요 영상 잘봤습니다 그리고 블루투스 통화가 되는 워치중 60000원이하의 라운드나 스퀘어 워치중 추천해주시면 감사하겠습니다,"아 미니가 통하만 돼어도 바로사는건디...ㅠㅠ
아쉽네요....그래도 몇만원 더 들여서 gts2 사야겠군용...ㅜ",잘봤읍니다👍,GTS2 mini는 워치페이스가 구립니다. 정해진 페이스만 가능하고 커스텀 페이스가 없습니다. 즉 어메이즈 페이스 홈페이지에서 다운받아서 적용이 불가능. 대신 가볍고 심플.,알아보는 중인데 데체 GTR2e는 어디서 파는걸까요ㅠㅠ,아버지 드리려고 미밴드4 샀다가 글씨가 너무 직아서 다시 사랴고 하는데 영상을 보니 미니2가 끌리네요. 글씨가 gtr2하고 많이 차이가 나나요  미밴드랑 비교하면 어느정도일까요,저도 와이프 미니로 구매 했어요 참 참고로 스트랩이 호환되는 워치좀 알려주시면 감사하겠습니다  수고하세요 ^^,저는 왜 인천세관에 있을까요 ㅠㅜㅜ,GTR2e 모델이 배터리타임이 길어서 좋네요 정발되면 좋겠습니다,mini 제품이 혹시 갤럭시 워치에 있는 심방세동  측정하는 기능이나 ECG기능이 있을까요??,나이키런클럽 기록연동될까요?,GTS2도 한국어 지원되나요?,"운동갈때 집에 핸드폰 두고 gts2 미니만 속목에 차고 가려고 하거든요
시계로 문자 확인은 가능한가요?
혹시 음악은 들을 수 있나요?
gts2 미니요",보이런던 스마트워치 q92  리뷰해주세요 하이버 어플에서만 팔더라구요 괜찮은거 같아서요,얘네는 잘 만들긴 하긴하네요. 디자인도 그렇고.... 다소 아쉬운 건 역시 내장메모리 정돈 쓰게 만들지 싶긴 하네요.,"e모델에 마이크 있습니다
단지 스피커가 없어서 통화가 불가능한 것입니다",gts2 알람 진동 느낌? 소리? 가 어떤가요??  70mai saphir 구매했는데 이건 뭐.. 진동 소리가 완전 싸구려 제품 진동 소리라... 차고 다니더 알람받기가 민망할 정도네요,이번에 출시한 미워치2020도 가격이나 성능 모두 괜찮은것같더라구요 ㅎㅎ,가성비 좋고 카톡답장되는 제품 추천좀해주세요,중국거 인가요?,gts2e 스트랩 다른 기종과 맞는게 있나요?,GTS2 카피 FM08 이 있던데. 디자인이 정말 똑같더라고요. 후기가 없어서 좀 망설여지는데...혹시 리뷰 가능하실까요?^^,영상이 너무 어렵네,저중에서 뭐가 제일 좋은가요? 기능만 따졌을때,Gts2아이폰만 되나여?갤럭시 만되나여?,"어메이즈핏 라인 중에 원형 모델은 GTR2인 건가요?
근데 GTR2는 꽤 비싸던데
가성비 모델 중에 어메이즈핏 라인의 원형시계는 없을까요?

아 영상을 끝까지 보니 원헹의 가성비 라인은 GTR2e인 모양이네요
근데 GTS2 mini만큼의 가성비 원형 모델은 없나보군요ㅠㅠ",,,,,,,,,,,,,,,,,,,,,,,,,,,,,,,,,,,,,,,,,,,,,,,,,,,,,,,,,,,,,,,,,,,,,,,,,,,,,,,,,,,,,,,,,,,,,,,,,,,,,,,,,,,,,,,,,,,,,,,,,,,,,,,,,,,,,,,,,,,,,,,,,,,,,,,,,,,,,,,,,,,,,,,,,,,,,,,,,,,,,,,,,,,,,,,,,,,,,,,,,,,,,,,,,,
6,"와....이번건 정말 좋네요!!
개인적으로 1세대 제품은 ui가 장난감 같은 느낌이 들어서;;","가격에 비해 좀 성능에 아쉬움이 있네요
영상 잘 봤습니다. 수고하셨습니다",gtr1 47 차고 있는거 보면 다 방패 그자체던데 아로낭님 손목에 잘 맞네요,"gtr47 티타늄 쓰고 있습니다. 야외용으로 샀는데 GPS가 완전 망작입니다.  
야외 활동 하시는 분들에게는 정말 비추입니다. 야외 등산. 조깅등에서 사용 하면 오차가 너무 심합니다. 
이건 샤오미 카페에 가서도 거의 포기 상태라고 하시더군요.
스트라토스 쓰다가 넘어 왔는데 GTR2도 GPS 별로 개선 된것 없다고 합니다.

스트라토스3 처럼 GPS가 두가지 (그로나스+바이더우)가 조합 되는 모델만 정확도가 높습니다.",써보면 압니다. 아로랑님이 리뷰하신 GTR스텐... 정말 좋습니다!,"궁금했는데 잘 봤습니다. 
기존 GTR보단 좋아졌는데 몇몇 부분은 아쉽네요.",항상 좋은 정보 감사합니다,디자인이 많이 좋아졌네요 워치면서 성능 좋아보이는 코스펫 프라임같은 제품도 리뷰해주세요,아 GTR 3달째 잘쓰고 있는데 뽐뿌온다.. MP3재생이랑 베젤...,샤오미 스토어에서 zmi purpods pro(anc 35db 기능 있는 399위안)짜리 리뷰 부탁드려요!,"1에 비해 살짝 업그레이된거 같은데 가격은 뭔가 아쉽네요 
이 제품 궁금했었는데 잘 봤습니다~","디자인 이뻐서 들어왔어여 문워치생각 나는 글라스와 디자인, 정장,세미정장에 잘 어울릴거 같아요ㅎㅎㅎㅎ잘보고갑니다.",글로벌 모델이 아닌 이상 해외사용에 제한이 굉장히 많은것 같네요... 저도 아랫 댓글분처럼 11일 알리에서 구매할 예정입니다. 디자인에 대한 리뷰 감사드려요^^,gtr1 이랑 비교해서 연속으로 알림 올 때 알림표시는 어떤가요 gtr1은 알림오면 첫알림만 나오고 뱃지로 표시되었는데 gtr2는 다른지 궁금합니다,그냥 애플워치가 갓!,"GTR 47mm와 액티브2 사용중데 애매하네요....
베젤에 아무것도 넣지 않았다면....ㅠ","현시점 거의 반값이 돼버린 1세대가 나으려나요?..
구글페이 된다면 사보고 싶긴 합니다만..",2.5D  글라스 같네요. 평면이 아니라서 강화유리는 부착이 힘들듯?,굿👍,그냥 액티브2  사는게 답,"음...gtr1 있는 입장에서 기존꺼의 베젤두께때문에(손목 얇은데 47mm라 거의 캡아방패수준...""ㅇㅁㅇ) 살까말까했는데
다른건 다 이해할 수 있어도 구동속도보니까 ap칩이 1때 쓰던거 재탕같은 느낌이...
3을 한번 기다려볼께요...""ㅇㅁㅇ","중국에 거주하시는 모양이네요. 
가성비 제품들 좋네요~",문의드려요~~혹시 gtr2모델 전화 수신만 가능한가요? 아니면 발신수신 전부 가능한가요?,I did not understand anything said but your video presentation was excellent. It really showed the watch beautifully.,Gtr1은 진동이 아니라 진동소리로 난다는데 이건 진동이 울리나요?,얼마를 걷던 5보정도 차이가 난다는 나름의 결론에서 뿜었습니다. ㅋㅋㅋ,"기기자체에서 운동 걷기들어가면 agps쓰면서 작동될건데요?
어플에서 운동누르면 핸드폰gps기반으로잡히던데...",00:23 ㅋㅋㅋㅋㅋㅋㅋㅋ,그라머  2보다  1을  구매하는거 나을까요??  스댕 생각하고 있었습니다만,전에 모델은 싼티가 났는데 이번건 예쁘고 고급스럽네요.,베젤에 무늬 없었으면 그냥 액티브2랑 똑같이 생겼겠네,gps 정확성은 어떤가요 gtr1은 gps 버리는거라던데요,녹음기능이 젤.중요한데 어디도 된다만다 말이 앖어요~?,"amazon fit 인줄 알았넹...
아마존에서 만든 제품인줄...ㅋㅋㅋㅋ","아론황님 안녕하세요. 혹시 GTR1처럼 한글패치 만들어 주실 계획 없으신가요? 메뉴만 이라도 한글로 떴으면 좋겠는데요.. 좀 참을것을 GTR1처럼 한글 지원될 줄 알고 일찍 구매했는데 불편해서 서랍속에서 잠자고 있습니다. 싸게 팔려고 해도 직구제품이라 그것도 안되고...  그래서 GTR1사용하고 있는데요, GTR2만 보면 속이 끓어 죽겠네요.  조만간 폭파시키는게 제 건강에 이롭지 않을까 생각이듭니다. 항상 좋은 리뷰 감사드립니다.",Gts2와 기능은  완전같나요?  노크온도  안되나요?,너무 큰데.....방패인가..,추후에 업데이트 진행하면서 단점들 보안되겠죠??? 제발 된다고말해줘요,0:24 무슨 만화인줄 ㅋㅋㅋ,빠르다!,전자기기는  가성비 가성비 하는데... 비쌀수록 그 값어치 하는것 같아요...,"오하고 왔다 베젤에 각인...확깨네요ㅋㅋㅋ
유리끝 단차하며 퍼포먼스에 한글충돌등등 가격생각하면 그닥 인듯",어느나라 회사 제품인가요?,해킹에는 안전할까요?,혹시 녹음기능가능한가요?,노래테스트 하실때 첫 노래 제목이 먼가용ㅎㅎㅎ?,NFC도어락도 가능한가요??,혹시 11월 11일에 판매시작인 아너 밴드6 nfc 리뷰는 계획 없으신지요? 미밴드5 nfc버전으로 한글폰트 넣고 카드키 등록해서 잘 사용하다보니 nfc되는 다른 기종도 관심이 가는데 별로 없네요. 아너밴드6 nfc도 한글 알림 지원이 되는지 카드키도 등록되는지 알고 싶어서요.^^*,gtr 산지 얼마 안됐는데 힝,디자인은 구형이 좋은듯 합니당^^,혹시 아이폰연동 잘 되나요? 한국 정발될런지모르갯지만 정발되면 스댕으로 살까 생각중인데..애플워치는 너무 비싸서리..,03:56 뉴스닷인줄 ㅋㅋㅋㅋ,"박스나 비닐 뜯는 방식이 애플워치랑 비슷하네 ㅋㅋㅋ
gtr1 쓰다가 애플워치se 쓰는데
GTR1이 좋은점 딱하나 있어요 
배터리",저는 배터리가 왜이리 빨리달까요..,"되게 부드럽긴 한데...... 뭔가 아쉽네요. ㄹㅇ 애플워치 같은 약간 부들부들함? 이런건 좋은데... 
분명한건 애플워치를 말곤 앱이 제대로 돌아가거나 하는  진정한 스마트 워치는 아직 안드로이드엔 없는 것 같네요.... ㅜㅠ",8:11 AOD 라는 말이 자주 나오는데  AOD가 뭔지 조금 쉽게 알려주실 분 계신가요?,아로노앙형님~이거 기다렸는데 올려주셨네요. 미밴드5 국내판 사고 잘 만족하며 쓰는 중인데요. 밖에 있을 때 스마트폰 보는 시간이 확 줄더군요. 블투 통화기능이랑 잡다한 업그레이드 하면 거의 스마트폰 안 만지고 살 수 있을 것 같아서 gtr2글로벌버전 너무 기다리는 중입니다. 블루투스콜 기능은 리뷰가 빠져서 궁금하네요. 알리에는 광군절 할인품목으로 정가300달러+로 올려놓고 쿠폰으로179달러에 풀던데. 179달러가 정가겠죠?,어멋.. 손등에 털봐...,대략 아쉬운 제품인것 같네요...,중국어말고 영어로라도 바꿀 수 있는 방법 찾으면 댓글달아주세요 ㅜㅜ,gts 2 리뷰는 안하시겠죠? ^^,액티브 보다 훨씬이쁘네요,aod기능은요??,전화 좀 테스트해주세요,그냥 갤럭시핏2나 갤럭시워치 사세요 가성비가 최고는 갤럭시핏2인것 같습니다 두개 다가지고 있는데 갤럭시워치보다 마음편하게 갤럭시핏2를 항시 사용하고 있어요,삼성아 이렇게 좀 만들어주라... 갤럭시 워치 너무 두껍고 안 예쁘다 ㅠㅠ,형 싸움 한번도 안해봤찌. 손 보니까 물주먹이네 ㅋㅋ,gtr1도 쓰뎅 모델있습니다,방간....,통화기능이 없나요?,일단 차이나라 패스,디자인이 후퇴했음.,아 좀 싼티나네요.. S면 몰라 R모델은 그냥 외관이 생명인데,저거 사고 스마트폰에 어플 까는 순간 내정보 다 털림.,유튜브 볼수있나요?,중국은 엉터리야...싸구려....혼자 말하는 거예요...ㅋㅋ,"2도 gps 똥망인가 보네요
이럴거면 gps를 그냥 폰이랑 연동시키든가
울동네 뻥뚫린 공원 달리고 있으면 시작부터 끝까지 gps붙었다 떨어졌다 메세지에 심박수등 다른정보 볼수가 없어요 (gps 메세지 한 5초쯤 켜졌다가 꺼짐 그게 운동하는동안 무한반복)",,,,,,,,,,,,,,,,,,,,,,,,,,,,,,,,,,,,,,,,,,,,,,,,,,,,,,,,,,,,,,,,,,,,,,,,,,,,,,,,,,,,,,,,,,,,,,,,,,,,,,,,,,,,,,,,,,,,,,,,,,,,,,,,,,,,,,,,,,,,,,,,,,,,,,,,,,,,,,,,,,,
7,이 제품 영상들 중에 완전 초보자들이 보기에 가장 잘 설명해주신듯!!,2:02 보통 아이티 기기들은 버튼을 길게 누르면 전원이 꺼집니다.  이 워치도 길게 누르면 바로가기가 실행되고 계속 더 누르고 있으면 전원끄기가 나옵니다.  반대로 켜는것도 같은 방법입니다.,"크,,, 리뷰 너무 깔끔하고 정말 필요한 정보들로만 채워져있는거같아요 구매하는데 너무 좋은 참고가 되내요 감사합니다","시원하게 설명 고맙습니다.
초보자가 쉽게 적응하기 좋게 설명해 주셔서 감사합니다",우와 스트랩 정보 궁금해요~ 워치랑 잘 어울리네요~,0:13.시작부터... 팩폭 0:17 솔직해....^^^,와AOD 부럽다........미밴드에도 AOD좀....ㅎㅎㅎㅎㅎㅎ,역시 배터리 오래가는게 최곱니다 저도 쓰고있는데 진짜 편하더라구요,은진님이 리뷰하시니 신뢰도 Up~,방금 주문했는데 리뷰 너무 유용하네요 🤍 배송 오면 또 시청하러 오겠습니다!!,보기에는 그냥 애플워치인줄! 가성비 진짜 좋겠네용,"와ㅡㅡ 리뷰 감사합니다 
덕분에 요걸루 결정했어요",주문했는데 깔끔한 설명 감사해요~♡,잘 봤습니다. 큰 도움 됨!!!,은진님 보고 바로 구매해버렸습니다 ㅋㅋㅋㅋㅋ,"칠만원에  워치 입문용 좋은거 같아요
다음달 구입해야겠네요",좋은 정보 감사합니다. 날씨 정보에서 현재위치 날씨 정보 설정방법을 알려주세요.,"정말 좋은 리뷰 잘 봤습니다~^^
워치에서 날씨 표시는 어떻게 연동? 나오게 하나요??","생각보다 기능도 되게 많고, 배터리도 오래가고 좋아보여요 👀
갤럭시는 왜 이렇게 저렴하고 오래가는 녀석이 안 나올까요~ ㅠ",은진님 오늘따라 왤케귀여우심ㅋㅋㅋㅋㅋ,이영상보고 뽐뿌와서 방금택배받았어요 ㅎㅎ 영상보면서 초기설정하려구요 짱😍😍,잘봤습니다^^ 저도 구매해서 오늘 받았는데 화면 자동켜짐? 손을 움직여서 켜지는것이 넘 둔한데 이거 설정하는방법이 있나요?,감사합니다ㅎㅎ 많은 도움이 되었습니다,스마트워치... 정말 관심은 가는데 막상 구입은 망설여지는 기기 중 하나가 아닐까?? 싶네요...,되게 애플워치스럽다.... 인터페이스도 디자인도,잘보고있습니다 안만 찿아도 7:07처럼 원격으로 사진찍기가 없어요 나침반하고 휴대폰찿기만 있는데 어떻게 찿을수 있나요?,gps 잡는 속도는 어떤가요,Gts2 미니 새것와 액티브1 중고 가격이 비슷한데 어떤걸 사는게 나을까요?,덕분에~ 감사해요~,착용하신 스트랩은 뭐라 찾아야해여?  어디서 구하나요?,오늘도 고우시네요,좋네요 ^^,구입해서 사용중인데 아주만족중입니다 ㅎㅎ,화면 좌측이서 스와이프하면 알렉사 뜨는데 이걸 다른걸로 바꿀수 있나요?,원격으로 사진찍기 어케해요?,설정을 다 잘활용하시네요 ㅎㅎ 유익했습니다,통통님..시계줄 어디서 구매하셨나요?,주식때문에  미확인알림이  많은 편인데 위로 스와이프시  미확인  알림이나  읽고  삭제하지 않은  최근알림이  대략  몇개까지  남아잇나요 ?,통통테크 2021 구독자 10만 가즈아,시계 줄은 따로 구매를 하신건가요? 혹시 정보좀 알수있을까요~,전원 꾹 눌러서 종료되요.빠른설정에 설정한거 무시하고 계속 누르면 종료 화면 떠요!,저는 메세지 알림이 안되는데요 설정을 어떻게 해야 하나요?ㅠㅠ,"어플로 설정할때 몇가지가 없는데 혹시다들 버젼이 어떻게 되세요? 
전 1.0.2.38 인데 이게 최신버젼 맞나요?",애플워치랑 정말 비슷하네요,"홈화면에 사진찍기 버튼, 스마트폰찾기 버튼 설정 어떻게 하나요?",만보하고 500칼로리는어떻게함?,통! 으로 보는 테크 통통테크!!!,감사합니다. 혹시 줄 구매처 공유 가능하실까요~~?,스트랩은 어디서 구매하셨나요?,전 왜 자꾸 시계를 찾을 수 없다고 뜰까요ㅠㅠㅠ 몇시간째 연결이 안돼요.....,와 예쁘다..,안녕하세요. 동영상을 보니 저랑 좀 다른부분이 있어서요ㅠ저는 왜 연구실도 없고 SMS답글알림설정도 없는거죠ㅠㅠ뭐가 다른걸까요??,"안녕하세요. 미니 카톡 연속으로 빠르게 글자쓰면 두번째 글은 인식 못하던데 혹시 어떠신가요? 예를들어 빠르게 1,2,3 카톡 보내면 2는 인식을 못하네요. 중간중간 카톡이 끊기는 것이
있어서 질문드립니다^^",수면탭저건어떻게함?,저는 5학년 초등학생인뎅 요거 사야겠어요~,2:37초 처럼 처음 시작할때 용두를 눌러야만 화면이켜지나요? 화면터치로 바로 안켜지나요? 제꺼는 바로 안켜져서 미밴드6 는 바로 켜지는데 gts2는 안켜지더라고요. 손목을 제껴서 켜야 화면터치가 되던데요 원래그런건가요?하자가 있는건가요?,ㅠㅠ업데이트는 했는데 한글지원만 누르면 업데이트 실패라고 나오는데 이건 어찌하는거죠...?,"오 샤오미에서 처음으로 스마트워치 처럼 생긴
스마트워치를 만들었네 그동안에 것들은 너무 허잡했는데",음악은 유튜브 뮤직같은 어플에서 듣는 음악도 재생이 가능한가요????,"aod는 써보니 불안정해요
아침에 작동안하다가 되다가 그래요",gts2e 버전 같이 리뷰 또 해쥬세용,줄질 하려면 블랙 사는게 나을까요? 어머니 사드리려고 합니다..,카톡알림이 어떻게해도 도저히 안와서 이거 해결법도 올려주시면 안될까요 ㅠㅠㅠㅠ,알렉사기능 은 뭔가요??,9만8천원 가격이 오른건가요?,오~ 괜찮네요,테크님 근데 gts뒤에 가끔 초록 빛이 나오는데 이건 뭐죠?,"저는 전화오면 이름이 안뜨고
번호만 나오는데 설정법아시나요?",폰과  거리가 멀어져 블루투스  해제  되면  알려주나요?,6만원대 어디서 구입할 수 있나요?,스마트폰 분실방지 기능만 있음 최고인데 ㅜㅜ,알렉사 어떻게 해요.?ㅠㅠ,"아이폰 11유저인데 카톡이랑 문자 알림이 안돼네요 설정은 다했는데 전화 알림은돼는데 
방법이랑 이유좀 알려주실수",카톡만  연결이 안되는데 어케 해야할까요,그 구멍 뚫린 스트랩 어디서 사나요? 링크 달아 주세요!!,ㅇㅏ이폰 12 에 미니 쓰는중인데 안드로이드 보다는 기능이 많이 떨어지더라구요 ..아이폰으 ㄴ역시 애플워치를 써야 하는건지.. .기능들이 너무 아쉬움. .. .,무선이어폰 연결도 되나요?,AOD 쎄팅방법 좀 알려주시기 바랍니다,대부분 미밴드에 있는 기능이군,왜 어째서 어제 칠만원 후반대로 지른 공청기랑 비교하고 있는 것인가......,이거 카톡 단체톡 알림 폰에선 안되게 되어있는데 스마트워치엔 계속 알림이 울려요ㅠㅠ 어떻게 해야하나요?ㅠㅠㅠ,원격카메라 홈화면에 바로가기 아이콘은 어떻게 설정하는 건가요? 너무설명잘해주십니다^^,영상보고 설정 잘했습니다 앙기모띠~!,"q10 에서 토스결제하면 6초반
가성비 끝판왕 애플워치에서 들어간 센서 거의다 들어가고 배터리 오래가고
단 백커버 싼티나고 기본줄 구리고 
ui가 이쁜색감 디자인은 아님",바탕화면에 카메라 바로 가기 어떻게 설정하나요???,카톡 오면 글이  이름 말고는 안나오는뎅 해결방법 좀ㅜㅜ,매력있으시네요 훨씬,6만원대가 어딨죠 ?,7만원대 구입주소좀 알려주세요ㅜ 배송비다포함인가요?,알림은 블루투스로 받는건가요??,홈화면에 아이콘설정하는건 어떻게하는 건가요?,무슨 기능이 16갠데 저가격이야ㅋㅋ,"미밴드 쓰다가 화면크고 오래가는 워치러 바꿔서 찾아보다가 구독까지 하고가여 ㅎ
저렴 워치라 액정 필름 같은건 안붙여도 되겟죠?",nfc도 지원하나여?,혹시 교통카드도 어플로 들어가나요???  그리고 지하철등등 사용 가능 한가요??,아이폰 가능?,카톡은 내용을 볼 수 있는데 문자와 텔레그램 등 다른 알림 작동에 문제가 있습니다. 문자는 왔다는 알림만 오고 내용을 볼 수 있는 방법을 모르겠습니다. 그리고 텔레그램 같은 경우는 아예 알림 조차도 오지 않습니다. 물론 어플에서 알림 설정은 다 했습니다. 제 와치만 그런가요?? 아니라면 해결방법 좀 알려주세요.,워치에 배경화면을 제가 원하는 사진으로 할수 있나요??,"왜 카톡내용은 안뜨고 메시지가 왔습니다만뜨는거죠?
휴대폰 카톡설정에서 알림 미리보기를 해줘야하는군요 한참헤멧어요",워치설정 > 시스템 언어에 한글이 없습니다 ㅠ,qr코드 넣을수 있나요,통통님 저 오늘  GTS 2 mini 왔는데 워치로 전화 못받나여? 받을수 있으면 알려주세요ㅠㅠ,"아이폰12입니다.
어제 와서  동기화는 되는데
문자나 캍톡등 알림이  안오고

날씨도  안되네요.

alexa연결이  안되는것같네요",7만원대는 아니고 8만원이 맞는것 같아요,부재중 매세지 아이폰은 안되나요??,6만원대 구매링크를좀주시지...,홈화면에 휴대폰찾기 아이콘 얼케 설정하는건가요?,카톡 알람이 안오는데 알려주실수 있으신가요?ㅠㅠ,산소농도랑 스트레스 신기하네요,윤혜준님은 퇴사했나요? 요새 안보이더라구요,오늘도 역시 은진님은예뻤다💎💎💘💘오늘도재미있게보고가여 이쁘신은진님💎💎💕❤️💘💝💝💘❤️💎그럼통빠,어디서 6만원에 파는건지 링크좀 주세요 아무리 찾아봐도 안보이는데,핸드폰 찾기 채고다,이쁘셔서 구독했음,Cute,AOD!,선생님 한국어 설정이 안뜹니다ㅠㅠㅠ,이제품 교통카드 기능도 되나여?,"리뷰들 10개정도 봣는데 최고유익하네요 흥하시요 통통!!!!!!!!
구독하고갑니다",댓글 질문 하나도 답변안해줌,혹시 카톡방 알림끈 채팅방은 알림안오게 할 수있는방법이 있을까요?,전화받는 것도 되나요?,전화받는건안되는거죠?,"다 좋은데 딕션이 좀 아쉽네요.
소리를 내뱉어야 하는데 머금어서 약간 답답합니다.
그것만 고치시면 완벽하겠습니다.",모든기능(수면측정/스트레스측정 등등) 다키면 3일도 못가네요,We,6천원이라도 안사요......,다~ 좋은데 ㅈㅊ발음 듣기 거북하네요. 중국인 발음 같아요,,,,,,,,,,,,,,,,,,,,,,,,,,,,,,,,,,,,,,,,,,,,,,,,,,,,,,,,,,,,,,,,,,,,,,,,,,,,,,,,,,,,,,,,,,,,,,,,,,,,,,,,,,,,,,,,
8,"0:28 악덕유투벜ㅋㅋㅋㅋㅋ
5:25 대쉬님의 사랑ㅋㅋㅋㅋ
7:56 Aespa-Next Level
8:28 바람을 가르는 무공",역시 믿고보는 대쉬형👍🏻,중국 거라 믿음이 떨어지지만 가격을 보면 샤오미를 믿고 싶어진다.,"2년 약정이 끝나서 LG X6에서 다른 폰으로 갈아타려고 하는데
삼성이랑 애플 중에서 어떤 것이 더 낫나요?",스마트워치 고민하다가 내구성이랑 배터리때문에 가민 인스팅트솔라 샀는데 티렉스도 미리 알았더라면 고려해봤을 것 같네용 ㅎㅎ,"카톡, 전화확인, 메세지확인 다 되나요?
그리고 따로 데이터 들어가는건 없나요??",ㅋㅋㅋㅋ꙼̈ㅋ̆̎ㅋ̐̈ㅋ̊̈ 대쉬님 아싸셨나여 ㅜㅜ😂😂,👍👍👍👍,,,,,,,,,,,,,,,,,,,,,,,,,,,,,,,,,,,,,,,,,,,,,,,,,,,,,,,,,,,,,,,,,,,,,,,,,,,,,,,,,,,,,,,,,,,,,,,,,,,,,,,,,,,,,,,,,,,,,,,,,,,,,,,,,,,,,,,,,,,,,,,,,,,,,,,,,,,,,,,,,,,,,,,,,,,,,,,,,,,,,,,,,,,,,,,,,,,,,,,,,,,,,,,,,,,,,,,,,,,,,,,,,,,,,,,,
9,"리뷰 감사합니다ㅎㅎ
미워치 라이트와 비교도 궁금하네요ㅎㅎ 기대하겠습니다",ㅠ ㅠ 이것도 어플이 바뀌는 거죠? 어메이즈핏빕 3년쓰고 미니로 바꿨는데 기능은 많아졌는데 첨엔 좋은 것 같지만 오히려 씀에있어 사소한 부분들이 더 불편해진것 같네요.. (디테일한 설정이 좀 빠짐) 미니가 안 좋은게 아니라 예전 핏빕이 넘사 가성비였다고 느낌.. (핏빕 화면 24시간 켜고 쓰는데 3년쓰고도 아직 배터리 20일 이상 간다는...),3:35 이걸로 미니승!,"gts2미니가 출고가보다 훨씬 싸게 풀려서 어메이즈핏빕 u pro 가 애매해진거 같네요 
이것도 가격대비 괜찮은거 같은데...",핏빕 같은 e-ink(디스플레이)제품으로 화면 좀더 키우고 해상도 높인 제품이 나왔으면 좋겠네요.배터리 1달 가게 만들고 외관 조금 고급 스럽게 하면 비싸도 살텐데 그런 제품이 않나오네요.,어제 미니가 와서 잘쓰고있는데요!   핸드폰이랑 워치. 블루투스 연결과 해제는 zepp앱으로 연결해야하는건아니고  일반적으로 우리가 전자장비와 폰을 블투연결하는 방식으로 하면되는건가요?,GTS2mini가 더 좋아 보이지만 어메이즈핏 빕 U Pro도 좋은 것 같네요!!!,전 개인적으로 어메이즛핏빕에 한표네요!,가격 안따지고 기능만 보면 뭐가 더 좋아요??,오오!(전 돈없어서 패스..) 좋아보여요!,혹시 gts2 mini를 큐텐에서 샀는데 nfc나 ai음성인식 기능 설정 어떻게 하는지 알려주세요,전 평소나 운동할때 몇 걸음이나 뛰는지가 궁금하거든요. 이 제품이 가능한가요? mini 는요?,"샤오미 스마트워치 시리즈가 점점 많아지네요.
뭘 골라야 할지 몰랐는데 이렇게 리뷰해주셔서 잘 보고있습니다.
다음 리뷰도 기대할게요.",어메이즈프로 샀는데 언어 설정을 도저히 못찼겠는데 언어설정을 혹시 어디서 하는지 아시나욤 ?  ㅠㅡㅠ,어메이즈핏빕 2년째 사용중인데 자다가 중간에 깬 뒤 또 자는걸 인식하지 못한다는 점 빼고 얘를 교체할 이유를 만들어 줄 워치를 아직 못 찾았네요 ㅎ 언제나 좋은 리뷰 감사합니다~,생각보다 이쁘게 생겼네요,"미니가더고급스러워이네요ㅋㅋ
비교리뷰 해주세요!",저거도 미니도 통화는 안되나요??,타이밍이 뭔가 팀킬 제품같네요,70mai saphir.  가장 관심 가는 스마트워치. 저는 이미 질렀습니다.,이거 근데 아이폰만 가능한가요? 저는 삼성인데..... 연결이 되나요? 그리고 가능하시면 연동 앱도 알려주세요 머가 먼지 모르겠어요ㅠㅠ,"GTS2미니를 구입하였읍니다
근데 카톡이 내용이 나오지않고 누구님한테 온것만 표시됩니다 제휴대폰은삼성노트5 입니다 안드로이드7버전 입니다 제발 해결책좀 알려 주십시요",저 어메이즈핏 Bipu구매를 해는대요  전화발신 목록이안떤요   전화발신목록떠가하는 방법알려주새요,,,,,,,,,,,,,,,,,,,,,,,,,,,,,,,,,,,,,,,,,,,,,,,,,,,,,,,,,,,,,,,,,,,,,,,,,,,,,,,,,,,,,,,,,,,,,,,,,,,,,,,,,,,,,,,,,,,,,,,,,,,,,,,,,,,,,,,,,,,,,,,,,,,,,,,,,,,,,,,,,,,,,,,,,,,,,,,,,,,,,,,,,,,,,,,,,,,,,,,,,,,,,,,,,,,,,,,,,
10,디에디트와 함께했던  '필요할까?' 스마트워치편. https://youtu.be/x_drgm0p300,"ㅋㅋㅋㅋㅋㅋㅋ진짜 너무 재밌어요...형 스마트 워치 무용론 너무 좋아요. 웬만한 테크 유투버 분들 영상은 보면 모든걸 사고 싶어지는데,,,  오히려 욕구가 떨어지는 건 처음!",킹즈모형 최고!!ㅎㅎ,"저도 그렇게 생각해요 ㅎㅎ 크게 바뀐게 없어서 아쉽지만, 디자인은 개취니까요 ㅎㅎ",가성비 좋고 정말 레트로 감성의 디자인이네요 ㅎㅎ 좋아보입니다.,진동알림만 되면 샀을꺼 같네요.. 핏빕은 굉장히 만족하며 사용했었습니다. 지금은 가민 사용중..,심전도는 건강한 사람도 있으면 나쁜게 없는 기능같내요.,너무 솔직한 소신 발언이네요 극도의 실용주의로 다 까내림 ㅋㅋ 은근 재미집니다,액정이 항상 온상태에서 배터리가 10일 이상 사용하는게  최고의 장점이내요.,"뭐 묻은 손으로 전화받을 때 갤럭시 워치 정말 편합니다.
기계식 베젤링 어디 아무 곳에나 걸고 돌리면 전화 받아지고 터치가 불가능한 상황에 최고임.
기능이 있으면 누군가는 찾아서 요긴하게 사용해요.",그냥 전자시계에 건강기능 몇가지 있다고 생각하면 가격대비 괜찮아보여요.,저도 스마트워치의 필요성에 의문을 가졌지만 사니까 다 쓸때가 있더라구요 :),갤 스마트워치 사용자인데 가장 큰 불만은 배터리가 너무 짧다는 것입니다... 진짜 배터리 완충했을때 충전없이 일주일정도만 쓰게 해줘도 대만족할거 같아요 정말ㅠㅠㅠㅠㅠㅠㅠㅠㅠ,"미밴드도 리뷰하실 생각있으신가요??
이거보니 기즈모님이 미밴드 리뷰하시면 너무 재밌을것같아요ㅋㅋㅋㅋ",여자친구 이불 드립에 개빵터졌습니다. 공감을 한걸까요?,삐삐 삐삑~ 잘 보고 갑니다:),ㅋㅋ알림왔을 때 시계창 대신 메시지 딱 뜨면 대박이였을거 같은데 ㅎㅎ,알림기능에 진동만 됐어도 구입가치는 충분했을텐데 여러모로 구매하기는 아쉬운 제품이네요 신박해서 재밌긴 하네요 ㅋㅋ,이건 매트릭스4에서 주인공 네오가 차야 하는 시 ㄱ ㅖ.. 읍으ㅈ,갤핏2는 모듈을 손바닥쪽으로 돌려서 차면은 착용감이 아주 좋더라고요.,4:25 요즘 카시오시계도 핸즈온기능 있어서 손목 들면 백라이트 나와용 ㅋㅋㅋㅋㅋ,형님 덕분에 신발 야광 보여주고 차였던 첫사랑 그녀가 생각났네요. 에어 달린 그 녀석과 만나서 행복했니?,"기즈모님 제가 무선 이어폰을 사려고 하는데요 제 우선순위는 페어링 안정성>사용시간>음질인데요
1. 요이치엘도라
2. 원모어 스타일리쉬
3. 뮤토리 r3
4. 버즈 1세대
이 중에 뭐 살까요?","산소포화도가 필요한 사람은 1000명중의  한명도 안될겁니다 
삼전도는 그보다 조금더 필요하겠네요",심박은 있으면 좋고 심전도는 보험같다는 생각이 듭니다.,"아아..매킨토시의 영롱하고 깔끔한 푸른빛은 어디가고
갑자기 창백하고 힘없는 푸른빛이라뇨..

다른것보다도 알림 기능이 삑삑이 단일은 좀...","롤렉스 보다 훨씬 실용적이지만 디자인에 비하면 가격이 허들인 것 같습니다. 
만보기와 심박수 측정 기능이 달린 효도 시계 선물용으로는 생각해 볼만 하네요",여자친구랑 둘이있을때 이불속에 들어가서 시계 라이트나 야광 자랑하는건 국룰이죠~,갤럭시 와치3도 있는데 전 이걸 메인으로 쓰게 되네요..,"일단 디자인이 영락없이 우레탄 밴드의 디지털 방수시계인데 스마트폰과 연결이 되는 스마트워치라니... 신기하네요...
근데 화면이 회색 바탕에 검은 문자가 뜨는 화면이네요...  디지털 시계를 차는 사람들에게는 익숙한 부분이네요...",애플 멘트 팩트,이딴게 5만원씩이나 한다구요?  ㅋㅋ 이 리뷰는 일거양득이군요. 리뷰도 하고 스마트워치 무용론도 한번 더 피력!!!,결국 아무것도 없는 이상한거 리뷰였어... 헐~,"이 제품 사면 군대 꿈 꾸게 될거같아보이는군요. 삐삐 알람 후
빵빠레~~~ 아흑.",개인적으로는 디자인은 정말.. 차라리 카시오 3만원짜리 시계를 사겠어요..ㅠㅠ,카시오는 같은 기능으로3년갑니다,진동만 있었어도 ... 삑삑이라니...,"옛날 전자시계 삐삣 거리는거 듣기 싫었는데 최근 스마트밴드나 와치가 약한 진동으로 알려주는게 좋다고 생각합니다. 너무 옛날 감성으로 퇴보한 느낌이네요.
그냥 핏빕이나 계속써야 겠습니다. 개인적으로 핏빕 정도의 기능만 가진 다른 디자인의 어메이즈핏 제품을 기대했는데",우왕 새 영상이다 잘 볼게용,남자는 밥달라는 시계가 제일 귀찮아 합니다.,"안녕하세요 가즈몹니다.

와 일단 오늘 기분이 좋아요 낮시간에 영상을 잘 안올리는데 와이프가 지금 집에 없어서 여유롭거든요 

오늘은 스마트워치 입니다.
이형은 스마트 워치를 왜 차는지 모르겠다고 하네요 
근데 차고 다닌데요 
생태계를 제외하면 애플워치를 사는건 디자인 요소가 크겠죠 맞아요 저도 그렇게 생각해요 

근데 저도 기어s2 미밴드4 있는데 
솔직히 엄청 좋지 않고 그렇게 ㅆ는 기능도 많이 없어요 
그냥 손목 알람시계에요 

오늘은 신나서 할말은 많은데 약속이 있어서 나가야 되요  아쉽네요 

형 어떤분이 잘생겼다고 댓글 남기셨남데 
그분 구독자 선물로 안경 보내줘 될거 같아요

장난이구요 
형 좋아해요 사랑은 아니에요 그냥 좋아해요",전화왔을때 진동기능이라도 있었으면 참 좋았을텐데 말이죠~좀 아쉽네요,스마트폰없이 시계만 착용하고 돌아다녀도 걸음수가 측정 가능한가요?,이제품은 좀 ...  사고 싶은 제품 으로 좀 업로드 해주세용,"저거랑 닮은 카시오 모델이 AE1200인데, 사실 이건 꽤 최근 모델입니다. 그렇게 오래된 모델은 아니죠. 혹시 러그 폭은 어떻게 되나요? 겉보기에는 줄질이 가능해 보이는데...",이불속에 왜 들어가요? ㅋㅋㅋ 애플워치4를 1년 넘게 쓰다 방출하고 지금은 미밴드5를 사용중입니다. 애플워치는 수영하면서 유용하게 사용했는데 내가 사용하지 않는 기능에 너무 많은 비용을 쓰고 있는 기분이 들더라고요. 네오는 레트로 디자인 시계로 사용하기에 딱 적합하네요.ㅎㅎ,"입대선물용 스마트워치. 훈련기간 끝나면 휴대폰과 연동하라고 해야겠네요.
갤럭시 워치 액티브 사용중인데, 편하긴 하지만 가격을 보면 굳이 이 돈으로 이런걸 사야할까? 싶더라고요. 조금 더 보태서 고급 브랜드 시계를 사고말지.",진동기능이 왜없니ㅜㅜ....,어메이즈핏빕 쓰세요그냥...,디지털 시계도 태양광 충전은 자동 빽라이트는 기본입니다.,진동만 들어가줬어도 쓸만했을거같은데 ㅋㅋ,굿~~~,2020년입니다. 이제품이 무순 의미가 있는지요. ㅋㅋㅋㅋ 아침에 알람으로 깨워준다고요? 와우 신기~ ㅎㅎㅎㅎ,유튜버 중 형님이 젤 아깝다. 내가 볼 때 입담 1등인데 다른 콘텐츠로 라방도 하고 그러자.,"아  진짜 안팔리겠어요  이 시계는
그래서 전   샤오미 gtr 47mm 스텐리스 사용합니다 최소한  그냥 약간의  뽀대나구요   진동잘되구요 ^^",형 다이소 ㅋ 명언입니다,전화올때 진동만 왔어도 샀을꺼같은데 ... 아쉽다,애플워치 스크래치 때문에 비싼거 샀는데도 카약타다가 스크래치 너무 심하게 나서ㅜㅜ 너무 돈아까웠네요ㅜㅜ 방수된다더니 물 놀이하면 한동안 소리가 안나네요,"이걸보고 지샥 dw5600의 향수가 느껴진다고 하는건 dw5600에 대한 모독인것 같은데요;
애매하게 비슷한 케이스 모양 빼곤 재질, 색감 전부 다 다르네요 
오히려 케이스모양을 통한 애매한 비슷함때문에 더 따라한 느낌이 들어서, 더 촌스러워보이고 장난감 시계같은 느낌이 강하게 듭니다.
시계를 필요성으로만 차기에는 스마트폰을 기능만 보고 사는것 보다 더 촌스러워서 별로네요. 시계는 스마트폰과 다르게 계속해서 밖에 노출되는 옷과 같은 아이템이니까요.",카시오의 007카지노로얄?ㅋㅋ 시계로 불리는 월드타임 시계를 너무 닮았는데요? ㅋㅋㅋㅋ,"진짜 솔직히 스마트워치가 쓸모있는 부분은
전화 알림, 문자 알림(텍스트) 이 두개가 끝임.
기능이 더 많아봤자 쓸 일이 없음.
헬스케어도 솔직히 있으면 있는갑다 정도일 뿐
없어도 무방함

애플워치 삼성워치 배터리 길어야 2일 가는거 실화냐고
Amazefit Bit. 2년 넘게 썼는데
진짜 최고의 시계임. 또 살듯",애플워치6 샀는데 개 좋음.,전화 번호 뜨는거랑 진동 알림 이 딱 두가지만 있었어도 ㅠ.ㅠ,형 자주 올려줘 현기증 난단 말야,형 내가 지금 aiyima a03 엠그가 있는데 리뷰 해주실라우???,아니 최소한 진동은 넣어줬어야...,아 진동기능만 추가되면 좋을 듯. 조용해야 하는 곳에서 좀 민망할 거 같은뎁...,이걸 스마트워치라고 해야하나...,시장이 오묘한 곳임 저렇게 실용적인 기능만 담으면 될 거 같은데 실상은 아니란 말이지,2분 전은 못참지,갬성 제외하면 미밴드로 가는 게 낫겠네요.,거의 미밴드 두개 가격이네요,자야~~ 내 시계 야광이다..좋제~,스마트워치라고 부르기에는 너무 하찮고 일반 시계라고 하기에는 쓸데없는게 많이 들어갔넹 알림으로 삑삑대는거는 음...삐삐도 아니고 그냥 애매한 전자시계인듯 운동할때는 피트니스차고 일상에 나갈때는 전자시계를 차는 걸 바보같이 섞어둔 제품,Amazfit 이제 한글이 정식지원되다 보니 한국에 정식 총판이 있나보군요.,이야... 이건 좀 아니지 진짜.... 충전 걱정 없는 줄달린 블루투스 이어폰 같은 물건이잖아...,중국현지가로 오만원대라면 샤오미가 정신줄 놓았네..그 돈이면 세이코무브 들어간  중국제 오토매틱가격인데 ..반년 후 가격 급락할듯,"근데 모솔이라 궁금한데, 시계 불빛은 왜 보여주는건가요?
애인은 커녕 친구조차 없어서 물어볼 수조차 없네요ㅋㅋㅋ",갤핏2 대비 장점이 없네요,ㅋㅋㅋㅋUnsmart watch...,"저게 무슨  스마트시계지?

걍 카시오 사는게 낫지않나?","30년전 고등학교 시절 차던 카시오 시계 생각나게 하는 날 입니다.
우리나라는 시계도 못만들던 시절......",그냥이건 ㅡ틀ㅡ,애플워치는 걍 더럽게 좋나 비싼 스마트 워치죠,진동만 되었어도,빌드업 수우준 애플워치 까더니 겨우 소개하는게 저거야? ㅋㅋㅋ,"저는 아직도 디지털시계를 사용합니다.
기능도 없는게 가격은 샤오미 미밴드보다 두배도 넘내요.
하지만 액정을 볼수 있고 배터리 하나로 2년을 사용합니다.
군인시계로 만원대에 판매중인 메이커 디지털 시계도 물론 충분이 쓸만하기는 합니다.
위치는 액정과 베터리 가장 문제고 정작 필요한 어르신들에게 너무 복잡하기만 합니다.
디지털시계형 위치는 액정은 단순해도 액정을 항상 확인이 가능하고 배터리도 비교적 오래갑니다.
심전도는 건강해도 필요한 기능 같내요.
건강해도 마비가 올수도 있다는 겁니다.
한마디로 건강 보험보다 심전도 위치가 더 좋을수도 있다는......................................................",공감합니다,차라리 리뷰를하지맠ㅋㅋㅋㅋㅋㅋㅋㅋㅋㅋㅋ,이번거는 좀... 아쉽네요.. 애플이나 갤럭시핏은 별로라면서 카시오 카피본스러운건.. 괜찮나요? 스마트워치인데 진동기능없고 삑삑 소리밖에 안나는데 괜찮다니.. 어떻게 괜찮나요.. 소리가 진동보다 낫다니 손목에 차고 다니시면서  진동보다 소리가 낫다니...,군용인가요?,기즈모님 잘생겼어,다이소 ㅋㅋ,"시계 란게 비싸도 된다라는 면죄부 같은 악세사리라
애플워치가 이만큼 해먹고 있는게 아닌가 합니다.
진짜 산소포화 어쩌고 기능에서 아 갈때 까지 갔구나 했음",진워렌버핏 닮으셨네,뒷담화 영상인가요,구려,디자인도 기능도 그렇고...5만원이라니..매우 건방지네요.,아 쓸데없는 리뷰하지말지 왜 남의시간 뺏는건지,애플워치를 좀 차보고 리뷰를 하시던가.... ㅋㅋㅋ 안차봤으니깐 당연히 필요가 없다고 느껴지는거 아닌가요...? ㅋㅋㅋㅋ 지금 차고 있는 그 디자인이 더 공돌이 시계같은데.....,손가락 각질 좀 제거하시지.....ㅋㅋ,,,,,,,,,,,,,,,,,,,,,,,,,,,,,,,,,,,,,,,,,,,,,,,,,,,,,,,,,,,,,,,,,,,,,,,,,,,,,,,,,,,,,,,,,,,,,,,,,,,,,,,,,,,,,,,,,,,,,,,,,,,,,,,,,,,,,,,,,,,
11,"표정, 음성도 신뢰를 많이 받으실 법 한분이라 생각해서 몇번을 지켜보고
구독을 하게 되었습니다. 
지금의 모습 잃지마시고 좋은 컨텐츠 부탁드립니다. 응원하겠습니다.",유익한 정보 공유 해주셔서 스마트 워치 구입에 많은 도움이 될것 같습니다 ^^,워치 생각 중이였는데~ 만장님 유익한 정보 감사합니다!!,아니 스크립트가 따로 있으신건가. 그냥 막힘없이 쭉쭉 말씀하시네. 쉽지 않은데. 대단하십니다. 컷편집 시간이 많이 안 들겠네요.,근데 gt2 46mm 방수가 어떤지 궁금합니다!!,지금 꽤나 고민중이예요 최근에 미워치도 나와서 ㅠㅠ,"외국에선 워치페이스 변경이 됩니다.
찾아보면 우리나라에서도 워치페이스 변경할 수 있는 방법이 나와요. 대신 백도어는 생깁니다.(저는 왠지 모르게 안되더라고요)","99000원은 정말 운좋게 구매하신것같구요 원래는  20만원 정도합니다
어메이즈핏 정발과 가격 비슷하기 때문에 더 싸다고 하긴 어렵습니다 
결론은 이쁜데 갤워치액티브2와 가격차이가 많이 안나기에(3-4)만원정도? 액티브2 사는게 낫습니다","영상 잘보고있습니다.ㅎㅎ
질문인데요.남자가 이 시계를 차기에는 많이 알이작을까요?지금 amazfit gtr2e를 사용중인데. 자꾸 이 시계가 정말 이뻐보이네요.알이 너무작지않으면 구입하고 싶은데.남자가 차기엔 어떤지 자세히좀 알려주세요.ㅎㅎ",크기 사이즈 디자인 가격 기능 모두 맘에드는데 딱하나 화웨이라는게 문제네 ㅠㅠ,어메이짓핏 mini 와 비교하면 어떤가요?,패션!!,46mm는 배터리가 또 다릅니다 제가 쓰고있거든요,아 가격보고 후다닥뛰어왓다가 화웨이보고 후퇴합니다 ㅜ,이제 20만원대에요ㅜㅜ,이거랑 그 gts2 mini인가? 이거랑 뭐가 나아요?,10만원 이하를 검색했더니 10만원짜리를 보여주네 유튜브,백도어 화웨이네요,만장님... 아무리 그래도 화웨이는 좀 선 넘는거 같아요ㅋㅋㅋㅋ,이걸 어디서 10만원대에 구입했어요 ?  없던데 좌표좀 줘보셈,"무심코 지나가다가 우연히 저를 만나신 모든 분들이 아프지 않고 좋은 일만 가득하시길 바랍니다. 학업 취업 연애 재물 건강 모든일이 잘되실겁니다💖
항상 다같이 행복해요💖💚💙💛",앗!! 화웨이;;,워치는 삼성 갤럭시워치죠,화뭬이?,,,,,,,,,,,,,,,,,,,,,,,,,,,,,,,,,,,,,,,,,,,,,,,,,,,,,,,,,,,,,,,,,,,,,,,,,,,,,,,,,,,,,,,,,,,,,,,,,,,,,,,,,,,,,,,,,,,,,,,,,,,,,,,,,,,,,,,,,,,,,,,,,,,,,,,,,,,,,,,,,,,,,,,,,,,,,,,,,,,,,,,,,,,,,,,,,,,,,,,,,,,,,,,,,,,,,,,,
12,가격은 부담스럽고 체험은 해보고 싶은 분들에게 최적인 것 같다ㅎㅎ 역시 주부누나의 디테일한 리뷰💕💕,암튼 가주님 웃는 얼굴이 참 예뻐요^^ 시계자랑 ㅎㅎㅎㅎ워치 페이스 정말 많네요 베터리도 진짜 오래가네요 애플워치는 배터리ㅜㅠ뽐뿌있는 리뷰 잘 들었습니다~👍,으엉엉 가쥬님 오늘도 스토리텔링 진짜 물흐르듯 좔좔 너무 좋아요!!,잘 자서 그런지 피부가 짱 이네요.,입문용 워치 라는 말에 지름신이 발동!!! 아직 워치 초보라 ㅎㅎ 이번에 구매 할듯~ 좋은 정보 감사요!!^^,"엄청 깔끔하고 이쁘게 나왔네요 ㅎㅎ
가격도 괜찮고!",“니가 뭘알아 워치야-“ 에서 빵터짐 ㅋㅋㅋㅋ,스마트 워치 기능이 아니더라도 Garmin 이 제공하는 스포츠 기능 거의 다 되면서도 값이 너무 싸서 스포츠 워치로 사용하면 정말 좋을거 같네요.,"좋은거 다들어가있지만 정보는 다 가져갈꺼임..
너무 해맑은 표정으로 우리정보는 여기에 주세요~ 하시고 계심..",미밴드 열풍이 미워치로 넘어가겠네요 기능도 많고 가볍고 좋아보여요~,와플 보고 흥분해서 심박수 급상승에서 터졌슴다. ㅋㅋㅋ,난 이영상을 보는 이유는 표정이 리얼해서 봅니다..ㅋㅋㅋ,"주부님이 워치 차시니  엄청커 보여요~ㅋㅋ
저 라이트 버전 사용중 
사각모델이 없어서요...",샤오미 미워치 VS 샤오미 GTS2 mini 둘중 어느게 낫나요?,"좋은 정보 감사합니다. 골프 내비 어플, 연동기능도 되는지 모르겠네요?",이 영상의 단점 : 웃는게 너무 예뻐서 시계에 눈이 안감 끝나고 웃는 얼굴만 기억나네요,"오늘, 오랜기간 주부님의 방송을 봤지만,
주부님의 손바닥을 처음 봤습니다
손금을 보니 올해는 설날이후로 재복이 굴러 들어 오겠네요.","항상 좋은 컨텐츠의 영상 올려 주셔서 감사히
잘 보고 있습니다. 영상 편집하시랴 업로드 하시랴 고생 많으셨겠습니다
저의 '좋아요'를 받아주세요!!
행복한 하루 되시고 화이팅 하세용!!
😍😍😍😍😍😍😍","저려미 워치(미밴드, 워치 등등)들 대부분은 건강 위주로 많이 구성이 되어있더라구요. 라이트하게 건강, 스포츠 위주의 활동을 계획 중이신 분들은 나쁘지 않은 선택지일 것 같네요😆",요기서 나오는 공주님이 ㅋㅋㅋ 테크몽의 공주님과 동일인물인지 ㅋㅋㅋㅋㅋㅋ,토끼 기욥다. . ㅋㅋ 항상잘봅니다 ^^,가장 큰 단점 샤오미,이거 AOD 키는 순간 배터리가 3일 갑니다 ㅠㅠ,어메이즈핏 GTR2와 비교분석 기대하겠습니다,자전거 타는데 속도계에 워치 쓰면서 기록보는거는 못참겠더군요,잘 보고 갑니다. 운동 할 땐 밴드를 평소엔 워치를... 애플이나 갤럭시 워치 안 써 보신 분들에겐 추천합니다.,야플워치6에서 애플워치 배터리 최소 일주일 갈 때까지 존버합니다. 이해가 안가는게 왜 애플워치는 배터리를 그렇게.. ㅜㅜ,좋은 영상감사합니다~~ 구독!!!,배터리가 제일 탐나네요ㅋ 갤럭시워치나 애플워치랑 어떤 차이가 있길래 배터리가 오래갈까?,"음성메모도 가능한가요?
가능하다면 최대 몇분 가능할까요?
음성메모진행 시 화면꺼짐은 유지 되나요?",샤오미 가성비워치있다라는대요 단 전안씀,좋은 정보 리뷰 감사합니다 🙇,라이트하게 쓰기에 좋을거같아요 이거 써보고 좋으면 애플워치로 갈지말지 결정해야겠네요 스마트워치 처음쓰는 사람들한테 좋을거같아요,재미있는 영상 항상감사합니다,한복 생각나서 샤오미꺼 못쓰겠네요...,설명을 너무 잘해주셔서...가성비 짱이네요~디자인도 이쁘구요.,요즘 길러리 걸어다녀 보면 아날로그 시계보다 스마트워치가  많이 보이더라고요  가성비도 좋고  찜해놔야 겠어요!,아이폰하고 궁합은 어떤가요 어메이즈핏은 아이폰하고 궁합이 너무 안좋아서 미워치 고려중이에요,하지만 차고 있고 차고 싶은건 애플워치....,잉 이 누나 요즘 왜케 이뻐지는중??,샤오미 성공했네 가전주부가 리뷰도 해주고☺,샤오미도 탑승하는 가주코인 ㄷㄷ,"화웨이 것도 예쁘던데, 비교해보고 싶네요","제가지금 어메즈핏빕 라이트를 쓰고있는데요~
다 좋은데 날씨가 업데이트가 안됩니다

예를들어 미핏 어플 들어가서 동기화 되면 업데이트가되는데요, 이후로 미핏어플을 다시 따로 들어가지 않으면 날씨가 그대로 멈춰서 업데이트가 안됩니다.

미워치는 폰에서 어플을 따로 안들어가도 날씨가 알아서 업데이트가 되나요?

아니면 갤워치처럼 시계 자체에 날씨업데이트기능이 따로 있나요?","보급형? 입문용으로 딱 맞아 떨어지는 것 같아요 
뭔가 제대로 된거 내가 잘 활용할료나 이런 의문점이 드는 분들에게 맞을 듯 싶어요",아직도워치 별문제없이잘쓰고있는지궁금합니다,오 좋은정보 감사합니다ㅎ,스트랩 mm 가 어떻게 되나요?,실용성 있는 샤오미 워치 ! 언제나 편하게 사용 할 수 있겠네요,"여긴 관종 유투버 댓글없어서 좋네
가전주부화이팅",미인이다.진심,GTR2 한표 던집니다 ㅋㅋ,"무심코 지나가다가 우연히 저를 만나신 모든 분들이 아프지 않고 좋은 일만 가득하시길 바랍니다.
학업 취업 연애 재물 건강 모든일이 잘되실겁니다💖
새해엔 다같이 행복해요💖💚💛",영상 잘 봤습니다. 혹시 운동 자동추적(?)기능은 없나요??,밤에 손목에 밝게 빛나는 시계를 보자면 내가 이시간에도 일을 하는구나란 자괴감이 들어서 아날로그 시계 씁니다. 그중에 빛같은 기능이나 시계 침에 발광이 절대 없는것으로,4:38 ㄹㅇㅋㅋ,다시 열일하시네용,샤오미는 관심없고 미모보러 왔습니다,"갤럭시 폰 이용자들이 많은 만큼 삼성헬스 사용자도 많을텐데, 샤오미 제품을 볼때마다 삼성헬스와의 연동이 궁금했습니다. 연동이 불가하다면 샤오미 웨어와 삼성헬스의 비교 사용후기도 있으면 좋겠네요",미워치보다는 어메이즈핏 시리즈가 레전드 가성비입니다,예쁘다...누나 ㅋ,"장점: 있을거 다 있다! 심지어 배터리까지 타제품 압도!!!
단점: 짱","어메이즈핏 보다는 빠릿빠릿해 보여서 좋네요
근데 .. 이제 애플워치로 아이폰 unlock되서 애플워치 버릴수가없... ㅋㅋ","판매왕 가주님..ㅠㅠ 저 스마트 워치가 사고싶어요..ㅠㅠ 
안그래도 전에 가주님 애플워치보고 뽐뿌와서 요즘 고민하고 있는데..ㅎㅎ;; 좋은 대안이 될 수 있을까요?",최고!!!,중국때문에 자영업자  어렵고...전세계가 고생하는데... 중국제품은 안 사려고요.ㅋ,🥰🥰리뷰매번따랑해요,0:08 0:08 드루와 드루와!!! 어이~브라더~내 시계좀 봐줘~,스트랩은 어떤거랑 호환되나요??ㅋㅋㅋ,지금 다품절이어서 그런데 정품사이트 추천좀 해주시면 안될까요? 블랙컬러 사고싶어요,가성비 디자인 인정. 그래도 중국산은 거른다.,아무리 좋아도 중국 제품은 피해주세요,"참고로 태형이가 찬 시계는 애착탬으로 
탱크 루이 까르띠에 제품입니다 (TMI)",좋은정보 감사합니다😊,하아 애플워치야 배터리 반만 따라가자...  ㅠ,애플 갤럭시 기능 다 들어가고 백도어도 들어가고...,샤오미웨어? 개안은 워치는 대개 안드로이드웨어를 탑재함. 중공자체의 웨어탑재된 워치는 거개가 중공으로 정보가 송출됩니다.,다 됏고~ 예쁘십니다!,전 애플 워치 수영용으로 많이 쓰는데 다음세대에 방수용으로 좀 강해져서 나왔으면 좀 겠어요. 이번 세대 수영용으로 쓸수는 있다는데 방수 관련해서 자세하게 안나와서 아숩,기능이란 기능은  다  때려  넣었네 ㅋㅋ  디자인도  괜찮은거 같고   최대장점   베터리 타임  ㄷ ㄷ,지름 잴 때 쓰신 자 어플 뭔지 궁금합니다~~,애플워치 닮은 미 워치 써보고 싶긴하네요 ㅋㅋ 놀림 받을까 봐 걱정도 되구요..,"여자분이라 그런지 세심한 부분까지 잘 설명해 주시네요. 샤오미워치가 아쉬운 부분은 혈압측정이 안되는 것.
그리고 샤오미 어메이즈핏 버지 모델은 통화, AOD 모두 되는 모델인데 현재 102$이면 구매 가능.","배터리 때문에 그리고 가성비 때문에 전 구매했어요 과연 받아보고 사용해봐야 알겠지만 어떨지 ㅎㅎ
갤럭시나 애플껀 다음에 총알 크게 모아서   ㅠㅠ 흑 ㅋ",BGM 너무 좋아요,샤오미는 백도어 논란 없나요?,운동기록할때 워치 단독으로 에어팟이랑 연결해서 음악 들을 수 있나요?,"안녕하세요 현재 미밴드4 잘사용중인데 애플워치 se로 넘어갈까 하는
차에 이영상을 봤네요 감사합니다 ㅋㅋㅋ 혹시 미워치 라이트에 nfc 기능 있나요??",1:47 미워치라이트 모양부터 UI까지 애플워치 그대로 베낀것 무엇??,가전주부님. 오늘 영상하고 상관없는 질문인데 MV7 스탠드 뭘로 사야해요?,이걸 14주고 사느니 5만원 더주고 액티브2 를 사지 🤔 미밴드만 ㅇㅈ,"지나가던 유선 이어폰 사용자입니다.
좋아요 누르고 갑니다.",미리수 맞춰서 줄질 가능할거같은뎅... 라이트도 궁금해요!!!!,"와우.. 헬리오워치 쓰고있는데요.
이게 다 좋은데 블투가 허구헌날
끊겨요. 그리고 어플이 설치 되어
있는데도 계속 다시 설치하라고
나와서... 다른모델 찾고 있었는데요
가전주부님께서 똭하니 리뷰를 
해주시니 그냥 바로 질렀습니다.
가전주부님 믿고 구매했으니 
잘 되겠죠? ^^",감사합니다.,중국산 전자제품들 다 사지마세요 개인정보 중국정부에 다 넘어갑니다!!! 보이싱한테도 넘어갈수도,보면 볼수록 갤럭시 워치3 사길 잘한거 같네요,보이스 캐디기능도  잇나요?,스포츠모드 건강관리 이런거가  제일 쓸때 없는 기능이라고 생각하는 1인인데 이런 그능 말고 다른기능 들이  잘 설정된 건 없을까요?,실사용자인데 배터리 고자임.. 처음엔 며칠 가는거 같더니 지금은 하루 이틀에 한번은 충전해줘야 하네요 이 동영상보고 샀는데 낚인기분임 뽑기 문제인지,중궈산 패스,너무큰것도 단점이네여,애플과 삼성 디좌인이 묘하게...보이네요 (흐린눈) 영상 선댓후 감상하고 갑니당~~!!!,가성비 있네 워치~ 네용,갤워치3이 저정도 두께로 나왔어야...워치3 너무 두꺼움 하.. 샤워미는 안두꺼워서 괜찮네,"애플워치 쓰는 중인데 결국 아날로그로 돌아감 ㅋㅋ
어차피 시계가 주된 사용 용도이기 때문에 아닐로그로 돌아갈수밖에 없음",배터리 너무 부럽네요 ㅜ 액티브 aod로 하루인데 ㅠ,테니스도 운동인식 가능할까요??,"시계줄은 얼핏봐서는 20mm 처럼 보이긴하네요 정확한 폭을 아시게 된다면 레버스프링바로 탈착 가능한 일반 시계줄 (가죽, 엔드링크 없는 직선 메탈줄 등등)은 바로 사용하실 수 있을 것 같아요! 일반 스프링바 사용하는 시계줄도 공구사용해서 교체할 수 있을 것 같은데 자칫 잘못하면 러그 안쪽에 스크래치를 내실수 있으니 가급적으면 간편하게 탈부착 가능한 레버 스프링바를 쓰는 시계줄 쓰시면 좋을 듯!",미워치 일정미리알림 안됨. 미밴드 3도 있는 기능을....... 미워치 사지마세요^^,"워치6 에르메스 구매했는데 기능을 거의 사용하지 않아서 그저 예쁜 액세서리에 불과했었는데 ios 14.5 부터 워치 착용 시 마스크 착용한 상태에서도 페이스 아이디 잠금 해제 지원된다고 해서 너무 행복해요😍
샤오미는 워치에 입문 하시는 분들, 가볍게 사용하시는 분들이 구매하기 좋을 것 같아요:)","다 좋은데 어플에서 알림기능 개선안해주려나..
어메이즈핏 gts 2 mini 처럼 알림기능만 가능하면 딱인데",헐 9:02 에 제가 나오네요!!!!!!! 우오아아아아앙,알림에서 앱별 아이콘만 다르게 떳다면 바로 샀는데... 미밴드5도 되는걸 왜 안넣었지,"스마트 워치 대부분 알림 진동이 약해서 다른 일에 집중하다 보면 그냥 지나치는 경우가 많아서 아쉽더라고요.
가성비도 좋지만 진동 세기도 중요한 선택 기준이 될 듯한데...?",애플워치 쓰는데 사보고 싶어지네....?,워치페이스 바꾸고싶은데 기기에 연결할수없다고 계속 나옴 ㅠ 연결됐는데..,중국산은 거르는게 맞습니다.,✞✞✞✞✞     헌금에 대해 욕하지 맙시다 ......      정승 같이 쓴답니다.       💖 헵시바 🙏,안그래도 막내 졸업선물로 어떤 스마트 와치를 사줄까... 고민하고있었는데 대박이네요 ㅋㅋㅋ GOOD👍,"애플워치 4세대 44mm 사용하다가 방금 쿠팡으로 받아서 차 봤는데, 이게 더 가벼운 착용감이네요! UI 넘어가는게 깔끔하지 않지만, 이 가격이면 ㄹㅇ 후회는 안합니다",샤오미....,말많은 소녀님이 지를때는 확실히 좋은거 지르랬서여 그래서 애플워치6 삼 ㅋ,샤오미쳤네,2:10 히이이이익! 백인이야? 왜케 하얘,스트랩은 일반 스트랩과 호환이 가능한가요???,핸드폰하고 멀리 있을 때도 전화말고 건강기능들은 문제없이 쓸 수 있는건가요?,0:45 손목이 얇으셔서 그런지 약간 방패 같네요....,미와치의 경쟁자는 미밴드임. 10만원 넘는 미 와치 를 사서 3년 버티는거 보다 3만원 짜리 미밴드 사서 3년 버티겠음. 미밴드가 워낙 가성비가 뛰어남,찐으로 가벼워서 충격이었던! 🤯,"안녕하세요 반갑습니다 😁
응원합니다 🥰👍🙏",기능 다있다고 좋아하지 마라 기능 신뢰성이 중요하지 몸생각해서 산다면 신뢰성 있는걸 사야지 중국산 빼고,고민하다 플렉스 했지 모얌,그래도 가전주부님은 애플워치 쓸꺼잖아요 ㅋㅋㅋㅋ,어디서 파나요~?,어랏. 가격 올랏네. 13만원넘네..혹시님이 가격 올린거 아님 넘 잘소개해서...ㅠㅠ,가전주부님 계속 사용하셨는지는 모르겠지만ㅜ 혹시 호환성 문제나 연결에 문젠 없으셨너요 사용하면서,녹음기능 있나용 ㅎㅎ,이렇게 또 내가 전혀 모르는(관심없었던) 제품하나 알고 갑니당~ 대리만족~!!,아이폰 유저는  살꺼면  애플워치 사셔야합니다 안드로이드 유져라면   생각해 볼만하네요,갑자기 뽐뿌와서 샀습니다 책임져주세요 누나 ㅠ,여긴 시리 탑제 안되나요. 양SIRI,당신 비밀번호들 다 중국서버로 실시간 전송되고 있다는 것만 아시오.,어차피 보는건 시계및 알림 가끔 만보기 어쩌다 더가끔 심박수 그밖에 기능들은 거의 사용을 안함 그리고 헤이루같은 가성비라 쓰고 쓰레기라 읽는  와치 사지말고 차라리 이전세대 삼성이나 애플워치같이 어플이랑 기능 제대로 작동하는 워치 사는게 더나음,"샤오미에서는 워치가 엄청 자주 많이 나오네요 다 차치하고 사용시간 왜케 잘 뽑는지.. 애플워치는 이렇게 못하나 ㅎㅎ
미밴드5 4개월 사용 중인데.. 정말 충전 10일에 한번 합니다 ㅎ 각종 수치 체크도 잘 맞는 것 같아요
우주시계나 사과시계는 비싸고 베터리 지속 시간이 너무 짧아서.. 샤오미 살까 심각하게 고민 중 입니다 하하...하..ㅎ.ㅏ.....",0:28 자막오류!,"집문열때 시게로만 열리게하면 안됨
집다털림
Nfc  지문 비밀번호 홍채 목소리 여러개해야함 그래야지 시계잃어버려도 도둑놈이 시계로 못열지",유튜브나 인스타 도 작게 돌아가나요?,"혈압  혈당  수치  기능은 언제 나오나 
인체  암일  발생  안되는  기능
암이  위험인자  발견 기능
신체 전체 적으로  기능저하 관리 기능
언제쯤  몸 관련 전체 다  나오는  기능이  생길까 
한국기술로  좀  만들어주면 젛겠네
중국제품은 사지말자  일본제품도 사지말자",애플워치 밧데리  ㅠㅠ,저도 애플워치-갤럭시워치-어메이즈핏 갔네요. 근데 퇴근 후엔 스마트한게 싫어서 아날로그 워치 차고 나가요. ㅎㅎ;;,문제는 안예쁘다는거네..,모델명이...GTR2e 맞는가요?,갤워치 유저로써 갤워치가 쓰레기인 이유: 배터리 창렬남,2:10 공주형님 살많이 빼셨네요,가전주부님 현재 샤오미에서 한복이 중국의 문화라고해서 서경덕교수님이 항의메일도 보내시고 문제가좀 되고있습니다. 중국의 동북공정 역사왜곡 심각합니다.  컨텐츠 다시생각해보시길....,가전주부님 채널A 아나운서 하셨었나요?,왜 계속 이뻐지시지,샤오미 주식사면 돼는 각입니까?  ㅋ,갤럭시워치는 배터리 1일 가는데 .. ㅡ.ㅡ;,"저는 애플워치 se골드 만족중입니다 ! !
다른 워치를 사면 애플워치도 샀을거라는걸 알고 있거든요...ㅠㅠ","???: 어이 핑핑이
???: 개인정보 어서오고",방수도 되나요?샤워가능한가요?,진짜 땡기는 제품입니다.,오.. 중국 가전 제품 안사려고 하는데 이건 사보고 싶네요.  캐나다에 들어 올까 싶네요.,"누나 샤오미gts2mini도 올려보세여 
ㄹㅇ 갓성비",미워치 좋아보여영,"shaun- way back도 좋치만 ""My bad"" KSHMR Edit 노래 더 좋아요,,,한국에 이리 놀라운 뮤지션이 있는줄 몰랐네요",가격저렴한 밴드쓰는게 나을듯.. 밴드기능 거의 그대로인데.. 설마 통화기능있을줄알았는데 없군요..,선물용으로 딱이네요🧐,"주부님 안녕하세요 혹시 이워치 
방수기능 있나요?
있으면 완전방수되나요?","저는 카톡의 경우 알림이 왔다는 표시만 뜨던데, 어떻게 설정을 해야 하나요?","나에 대한 상태를 자세하게 표시해주는 점은 좋은데, LTE 안되고 알도 커서 지금쓰는 갤럭시 액티브2 보다 매력 있지는 않네요! 전 그냥 갤럭시 액티브3나 기다려 보려구요~","애플워치 구매하기 전에 나오지..
내가 쓰는 기능은 다 갖추고있네.

그런데 가격은 애플워치가 4배 비싸고 배터리 유지 기간은 1/4이네.",일시품절이래요...ㅜㅜ,현실은 애플워치,버벅임은 없나요? 갤럭시워치는 최신품도 버벅이던데,크긴크다... 워치페이스 따로 만들수도있나요?,가성비 갑 중공제 샤오미 풉,얄루 첫번째로 본다 ㅎ,스마트워치이름좀요......(소개한것중에제일좋은걸로요),그냥 큰 미밴드네 ㅋ,"중국제품은 기본적으로 사용자 정보를 중국으로 전송하는 스파이기능을 갖고 있습니다.
심지어 로봇청소기도 사용자 정보를 중국으로 전송한다는 기사가 뉴스에 나왔죠
이런 사실을 알면 중국제품은 소개에서 빼는게 상식입니다
모든 중국 전자제품이 다 해당됩니다",중국산은 믿고 거른다,모든기능을 on 시켜도 16일 가나요?,갓방송 가전주부ㅋ,음...전화가 안되는게...아깝네요..;;그나저나 주부님 오랜만에 들어와 보는데 엄청 이쁘십니다. (와이프 몰래),애플 건강앱과는 어떤 항목들이 연동이 되나요?,이런거보면 갤워치는 ap부터 소프트웨어까지 다문제네요..ㅠ,중국산 불매합니다 1명 추가!,그래서 애플워치지,폰 크기와 무게가 묵직한 것을 보아하니 무기 수준이십니다. ㅎㅎㅎ,보고 바로 질럿다.,하..생일에 중고로 액티브2사서 사기당할게 아니라 돈 좀 보태서 이거삿어야됫네..,"스트랩이 맘에 안 들어요. 그건 갤럭시 워치도 마찬가지구요. 
배터리 충전의 번거로움은 감수해도 기존 시계와 별반 차이 없는 스트랩의 불편함은 못 견디겠더군요.
애플 외에 다른 제조사들은 스트랩에 대한 고민을 아예 안 하는 것 같아요.",샤오미...고민되네...,중구칸 샤오미 패쓰 에라이,결국 '애플워치'로 간다고들 하지만 샤오미 미 워치로 중간에 빠져서 한번 테스트 해보는 것도 좋을까요? 실망을 많이 하려나.. (스마트 워치 사용 0년차 입니다),"스마트워치를 사용하다가 2~3일에 한번은 충전을 해야해서 그냥 일반 전자시계로 갈아탔어요.
스마트워치는 시계 기능만 사용 했을때 길어야 일주일 정도 가는데 일반 전자시계는 배터리 하나로 거의 3년? 정도 사용하는 것 같아요. 
저는 그냥 문자/전화 알림, 시계기능, nfc 기능(티머니)   이것만 되도 충분하거든요.
처음에 스마트워치 신기해서 이런 저런 기능 사용하는데 나중에는 운동할때 앱을 사용 안하고 그냥 몇시간 운동 했는지만 체크해요.
그래서 기능이 많은 것 보다 배터리 용량이 많은 제품을 선호하죠.
어떤 스마트워치는 시계기능만으로 한달을 사용 한다고 하는데 그래도 6~8개월 이상 사용 할 수 있는 스마트워치가 나왔으면 좋겠더라구요.
언젠가는 나오겠지만 빨리 나왔으면 하는 바램이 있네요.",저거 불안한게 중국꺼라 어플도 깔아야되는데 거기서 내정보가 진핑이한테 가는게 아닌지 괜히 의심이 되서 전 못쓰겠어요...... 갤워치야 가격치고 배터리가 왜그러니...... 배터리좀 따라가주면 안되겠니??,혹시 사진도 볼수 잇나요/,그렇게 한복 김치 다음으로 개인정보는 중궈로...?,첨엔 좀 커보이고 그랬는데 화면 밝고 선명하고 디자인도 가전주부님 착용 시 잘 어울리고 예쁘네요!,조회수도 12만회 맞춰버리는 가전주부 라임 클라쓰,뭐...어디 제품이건 전자제품을 많이 사용 할 수록 개인정보를 보호하기를 포기하는거 같지만 중국제품은 더욱더 대놓고 악용하기에 내 정보 갖다바치는 비용이랍시고 할인해서 가격이 저럼하게 느껴지는 요즘,괜찮겠네요 이거 사서 마눌 주고 나는 애플워치 계속 써야지 ㅋㅋ,스트랩은 사제호환되나요 hoxy?!,워치 뭐살까 고민중인데 이녀석이 딱인듯싶네요,"사실 스마트 워치 기능은 거의 비슷한 듯 합니다. 다른 점은 애플워치는 감성과 디자인을 양보 못하는 거고 갤럭시워치는 애플의 사각형이 맘에 안들거나 안드로이드폰을 사용할떄 호환성 및 삼성이라는 브랜드에 대한 믿음 때문에 고가(?)를 주고 구입해 사용하는 거죠. 기기의 디자인과 앱들의 디자인, 그리고 편의성에서 조금만 양보하면 싼 것도 그렇 저럭 쓸만 한 것 같습니다. 늘 활짝 웃는 밝은 미소로 좋은 리뷰 감사합니다.","흠..... 뭐 예전과는 좀 다른기는하지만 중국제품을안쓰는건 기능이모자라거나 비싸서가아니죠 불안해서라는거;;;
그래도 예전에비하면 새오미제품들이 퀄리티가 굉장히 올라왔죠 ㅋ",중국에선 뭘 내도 관심이 없죠ㅋ,"하루에 한번 충전하고 간지나고 범용성을 생각한다면 애플워치나 갤럭시워치, 2주에 한번 정도 충전해서 시계, 날씨, 메세지, 알림, 수면, 건강체크를 원한다면 미워치를 추천합니다.
갤럭시워치 사서 이것저것 어플도 깔고 게임도 깔아서 해봤는데, 그 조그만 화면으로 게임하는건 곤욕이고, 스마트폰 쓰듯이 워치에 어플깔아서 쓰다보면 배터리 광탈에 버벅거리고(애플워치는 어떤지 안써봐서 모르겠습니다), 결국 시계 본연의 역할인 시간 확인하고 추가적으로 알림,메세지 확인, 라면 타이머가 주용도가 됐습니다.",5:31 으악 군대인줄,"올~~~~대륙의 실수~~~사고친것 같은데 ㅎㅎ
통화기능 없는건 좀 에바다 ㅠㅠ",네 다음 백도어,2:23 Hoxy 주연테크 회장손녀분?,"애플워치, 갤럭시 기능 훔쳐서 만든 중궈 구매사절","여태 착각했다. 장소가 이뻐서 가전 주부님 외모가 이뻐 보일수도 있겠다 라는 착각을...

그저 아름다우신 거였구나",미밴드 5 처럼 폰카메라 촬영 버튼 있나요?,스마트 워치의 기준이 뭔가요? 미 워치 어플추가설치가안되던데,"What time is it now? 
Its Bitcoin time.",녹음은 안되겠죠..?,자료화면 찾는다는 핑계로 뷔 사진을 넣는다,단점은 애플에서 만든게 아니라는 것 밖에 없네요,그 와플 이야기 누가 그런다고 이야기 하시는데 가주님 이야기 인 거 다 알고 있습니다 ㅋㅋㅋㅋㅋㅋㅋㅋㅋ 다른 사람인 것처럼 꾸미지 마세요 ㅋㅋㅋㅋㅋㅋㅋㅋ,워치를사면 핑핑이랑 개인정보공유기능까지~,자 이제 분해를 시작하는데.....,"손목 모델님 피부가 엄청 하얀건가요, 아님 가전주부님이 엄청 까만건가요?ㅋ","미밴드 그냥 액정 배터리 기능 몇개 추가한 정도라
쓰다보면 그냥 미밴드 쓰는느낌일듯 
미밴드 유저는 넘어갈 이유는 없을것 같네요
미밴드 빠로서 애플워치 겔워치 뭐하러 비싼거 사냐
대충 사서 운동이나 일할때 알람 심박수 수면체크 시계용도로 2주간격 충전함 되지 이랬는데..
애플워치5 사용 후 줄질 갬성 및 워치 페이스 갬성 
굳이 알려고 하지 않아도 워치만 봐서 내가 원하는 정보 자연스레 알게됨(팔고나니 굳이 알려고 핸드폰에 들어가서 이어플 저어플 찾아 보게되니 너무 허전함)
그리고 애플워치 하나만으로 자신감? 자존감 +5 됨요ㅋ 굳이 백만원 이상 되는 시계가 아니어도 이정도면 충분한 나만의 느낌",폰줍기 ㅇㅈ,"배터리 수명 다돼면 버려야해요
배터리 교체 하는 대나 알려
주세요 궁금해서요  !!",샤오미 어메이즈핏GTR은 카톡 알림은 아이콘이 뜨던데 그것마저 안되다니 UX가 약간 쪼끔...,애플워치는 뭐하는가 .. 배터리 개선좀 ㅜㅜ 이틀마다 충전하는데,전화나 문자도 되는고에요???,저기요 오메가  무시하나요 ?ㅋㅋ ㅠㅠ,아진짜 어떡하죠ㅠㅜ 안드로이드에서 아이폰으로 옮기고 다시 초기화 시켰는데 아이디 만들 때 이미 이메일 써가지고 ㅠㅜ 그 이메일 사용 못한대요ㅣㅠㅜ,유선이어폰 써서 죄송합니다...,핑핑이에게 정보만 넘어가지 않으면 최강인데,"안녕하세요 가전주부님 제가 1월부터 직구해서 사용하고 있는데 제 폰에는 워치 페이스가 100개가 아니라 94가지가 있어요 ㅠㅠ 이건 왜 이럴까요??
그리고 중국 내수용에서는 통화기능도 있다고 해서 보니 스트랩 제거하고 위인가 아래쪽에 구멍이 있습니다. 외국 유튜브 리뷰에서는 이게 원래 있는 스피커랑 마이크 구멍이라는데 이번 글로벌 버전에는 없는건지. 아니면 기능만 뺀건지 궁금하네요... 그리고 샤오미 미워치는 원래 음악 앱을 켜지 않고 음악재생 기능을 켤 수 없는걸까요?? 답변 언젠가 해주시면 감사하겠습니다 ㅠㅠ",통화 되나요
13,"해당 영상에서 비교 제품으로 촬영된 제품은 GTR2 입니다.

GTR2와 GTR2e는 통화기능과 내장 메모리, 2.5D 글라스 차이 외에
디자인, 디스플레이, 메뉴, 배터리 성능까지 모두 동일해서
촬영에는 GTR2를 사용했습니다.

혼란이 있을듯 해서 미리 고정댓글로 안내 드립니다.

감사합니다.",GTS디자인이 더 끌린다는 ㅠㅠ,영상짱이요🥰🥰,시계줄에  구멍이 많으면 손목에  앨러지가 생기는 사람들에게는  도움이 됩니다.시계줄 때문에  손목에  앨러지가 생기는 사람들이 많거든요.,좋은 리뷰네요,"GTS2 mini도 좋다고 생각했는데
괜찮은 제품이 나왔군요. 
GTR2e 좋아보이네요. 
좋은 영상 감사합니다. ^^",공식적으로 gtr2 gtr2e 모두 노크온 기능 없습니다 댓글에 정정글 다셔야겠네요,스트랩 구매처 좀 알수 있을까요?^^,"Gtr2e 실사용자 입니다...노크온 기능없습니다.
고객센터에서   확인했습니다.
메뉴사용중 잠시 화면 꺼졌을때 일시적으로 화면 보여지는게 노크온 같긴 하지만 아니랍니다",,,,,,,,,,,,,,,,,,,,,,,,,,,,,,,,,,,,,,,,,,,,,,,,,,,,,,,,,,,,,,,,,,,,,,,,,,,,,,,,,,,,,,,,,,,,,,,,,,,,,,,,,,,,,,,,,,,,,,,,,,,,,,,,,,,,,,,,,,,,,,,,,,,,,,,,,,,,,,,,,,,,,,,,,,,,,,,,,,,,,,,,,,,,,,,,,,,,,,,,,,,,,,,,,,,,,,,,,,,,,,,,,,,,,,,
14,"자세한 구매 정보는 '영상설명란'을 확인 해 주세요 :D
보는 방법 ↓↓↓
 
 
 
모바일 : 제목 클릭 (제목 옆 ✔ 모양 클릭)
PC : 영상 설명란 -> 더보기 클릭
순위에 해당하는 링크를 클릭하면 구매창으로 이동 됩니다😀",정보중심에 아주 깔끔하네요,녹음기능이 좋은 제품은 머가 있을까요?,미워치 라이트와 헬로우 솔라 ls05 둘중에는 뭐가 더 나은가요?,"리뷰 감사합니다.
햇빛이 있는 야외에서 화면이 잘보이는 기종 추천 부탁드림니다.
시간과 걸음수체크(만보기 기능)만 되면 되구요 5만원 이하의 제품중 위와같은 
기능이 되는 스마트워치  추천 부탁 드림니다.",좋은정보고마워요,자주올려주세요 고맙습니다,10가지 제품 다 문자나 알림을 한글로 받을수 있는거죠???,2위 kospet prime 링크타고가면 30만원대의 물건이 나옵니다,"리뷰 감사합니다.
햇빛이 있는 야외에서 화면이 잘보이는 기종 추천 부탁드림니다.
시간과 걸음수체크(만보기 기능)만 되면 되구요 5만원 이하의 제품중 위와같은 
기능이 되는 스마트워치  추천 부탁 드림니다.",혹시 어린이들의 위한 스마트 워치뭐가있을까요?,프리티리틀이 괜찮은듯,gps기능과 내부저장공간이 있는 제품은 어떤건가요?,L13 모델 한글지원 펌웨어는 어디서 구하나요 검색해도 안나오던데 ㅜㅜ,와 탐난다,혹시 녹음기능을가진 제품도있을까요?,"5만원 미만
샤오미밴드6

10만원 미만
어메이즈핏gts2 mini 
(이게 거의 20만원중반까지 다 잡아먹습니다)

그 이상
갤럭시면 갤럭시 워치4 기다리셨다가 사시고
애플이면 애플워치사세요","알익에서 스마트워치 10개 넘게 사봤는데. 다 거기서 거기에요. , 특히  하드웨어는 느리거나 버벅이는건 가격을 감안해 나름 쓸만한테 소프트 웨어적으로 한계가 많습니다.  중요한건,  중국 배터리가 내장되있는 전자제품은 국내에선 배송이 불가하니. 재수없어서 불량품이라도 오면 반품도 못합니다. 절때 사지마세요. 정품 스마트 워치는 화면에나오는 메뉴를 누르면 상세메뉴로 이동하지만, 알리 스마트워치는 그냥 페이크에요, 그냥 재미로 사보실 분은 사보세요.","리얼미 ,  프리티리틀 한번유심히 봐야겠네여",어메이즈핏이 화웨이였구나...,콜미 p8이 판매 순위 1등인데욤,"잘못된 내용이 있네요

화웨이 어메이즈핏이 아니고

화미의 어메이즈핏입니다.",여기있는 제품들은 gps기능이 다 없나요?있는것도 알려주세요!!,"리뷰 감사합니다.
햇빛이 있는 야외에서 화면이 잘보이는 기종 추천 부탁드림니다.
시간과 걸음수체크(만보기 기능)만 되면 되구요 5만원 이하의 제품중 위와같은 
기능이 되는 스마트워치  추천 부탁 드림니다.",세상의 모든 가전 제품은 중국이 지배할날이 다가왔네 ㅠ,썸네일에서 왼쪽에서 네번째 분홍줄 저거 어떤 제품인가요?,카톡이나 문자 가능한 워치좀 알랴주세요..ㅋㅋ큐ㅋㅠ,혹시 3위 문자오면 알림이 뜨나요?,"6위 Amazfit bip u는 전화알림은 안 오나요?
카톡,문자는 알림오죠?",웨어러블기능은 있나요..?,다 한국어 지원 되나요?,카톡을 직접 할 수 있는건가요?,영상설명란이 어디에 있나요 못찾겠네요  죄송,10개 제품 모두 전화가 되나요??,,,,,,,,,,,,,,,,,,,,,,,,,,,,,,,,,,,,,,,,,,,,,,,,,,,,,,,,,,,,,,,,,,,,,,,,,,,,,,,,,,,,,,,,,,,,,,,,,,,,,,,,,,,,,,,,,,,,,,,,,,,,,,,,,,,,,,,,,,,,,,,,,,,,,,,,,,,,,,,,,,,,,,,,,,,,,,,,,,,,,,,,,,,,,,,,,,,,,,,,,,,,,,
15,"기존 GTR 모델 쓰고 있는데 리뷰 보니 새모델  사고 싶네요 ㅎㅎ 이런 리뷰 너무 좋아요 추천 누르고 갑니다 
앞으로도 자주  자주 올려주세요  감사합니다","리뷰 잘 봤습니다
Gts 2 골드 정발 제품쓰고 있는데 zepp어플이랑  시계랑 연동이 안 될때는 어떻게 하시는지 아시나요..?","영상 잘 봤습니다.
검색을 하니 아이나비로 나오는데 맞나요?
알람 진동이 궁금합니다.
코아코리아 레인사용하는데 진동이 거의 안느껴져요~~
그리고 알람 진동이 3번 울리고 끝나는데 리뷰해주신 제품은 어떤가요?",스마트 와치를 쓰고있는데..많이 들어본 브랜드라 관심있게 보았습니다..장단점을 잘 알게 되었네요.^^,"영상을 보고 어메이즈핏gtr2는 참 좋은것 같아요.
어메이즈핏gtr2보다 저렴하고
통화 기능이 없는 스마트워치를 찾고 있는데 
추천해주실 만한 제품이 있을까요?","리뷰 감사합니다^^
혹시 knock ON 기능이 있나요?","항상 영상 잘보고있습니다.감사해요.
이 모델과 huawei watch gt2 pro랑 어느쪽을 살까 고민중인데 추천해 주실수 있나요?^^",너무 좋습니다,디자인은 1이 더 이쁜것 같네요....지금 가지고 있는 미밴드5 쓰다가 나중에 gtr3 나오면 한번 생각해봐야겠습니다.,"워치로 유투부도 시청가능한가요?
다른 워치들은 가능하던데요...",아이폰과 연결은 어떤가요? 아이폰에서도 알림 잘 오나요?,"운동하시고 스마트워치에 관심있는분은 강추합니다,,,삼성 중국저가제품 다 써봤는데,,,1.가볍고 2,배터리 오래가고(삼성,애플 자주충전해야함) 3, 왠만한 기능 다있고 4.가격이 착함,,,","안녕하세요
워치 설명 영상 잘 봤습니다.
문의드립니다
제가 야외에서 운동을 자주 하는데 운동 하면서 걸려오는 전화는 받아야 하겠고 그렇다고 핸드폰을 들고 할 수 없어 놔두고 운동 하다보면
거리가 멀어 벨소리를 듣지 못하고 놓치는 경우가 많아 워치를 구매해서 수신전화를 빠짐없이 받고자 합니다.
워치를 블루투스로 연결해서 사용하면 될것 같긴 한데 워치와 핸드폰과 이격 거리가 문제가 있더라구요
혹시 최대 이격거리 보유하고 있는 워치 소개를 부탁 드려요",혹시  gtr과 gtr2 둘 다 손목들어올려기능 끄고 오로지AOD기능으로만 사용 가능한가요?..손목 올려도 그냥 AOD기능만 되게끔,저는 gtr1 이랑 gtr2랑 구매 고민중입니다. gtr1이 2보다 배터리 기간이 훨씬 길다고 들었는데 사실인가요? 그럼에도 불구하고 굳이 2를 사야할 이유가 있을까요??,"쿠팡에도 판매시작했네요!
-구매링크
https://coupa.ng/bNHRwl

🔥오류 정정🔥
7:15 시인성 구간에 야외에서 찍은 장면이 빠졌네요 ㅠㅠ 양해 부탁드립니다~","5ATM은 50M방수가 아니고 5기압 방수라는 뜻입니다.
5기압이면 일상적인 방수를 나타내는 겁니다
전문 다이버 용도 아니고 어떻게 50M 방수가 가능하겠어요",영상 잘봣습니다~~gtr2사용중인데 문자수신설정은어떻게하나요?,관심가지고 있던 기기인데 리뷰 감사합니다.,오랜만에 영상 반갑습니다. 그동안 궁금 했어요. 영상 잘 보고 좋아요 누르고 갑니다.,"녹음 기능은 모든 스마트워치에 없나요? 가격을 20만원까지도 수용한다면 헬로우 보다 GTR이 훨씬 더 기능상 추천하시나요? 저는 기본 심박수 체크와 통화, 녹음기능이 필요하거든요~","진동 세기를 알고 싶네요.
gtr 과 gtr2 똑같나요?
현재 gtr을  사용중 입니다 
다 맘에 드는데 진동이 약해 많이 불편하네요  
그래서  gtr2를 구입할까 고민 중입니다..",저는 카톡알림 연동해놨는데 카톡수신알림만 확인되고 내용은 안보이던데 어떻게해야 내용확인이가능한가요?,영상 매니매니 올려주세요 ㅎㅎ,"유심 꼽을수 있나요?
없다면 유심되면서 gps잘되는 기종추천좀 부탁드려요.",지름신을 물리치게  단점을 부각시켜 주세요...,"제가지금 어메즈핏빕 라이트를 쓰고있는데요~
다 좋은데 날씨가 업데이트가 안됩니다

예를들어 미핏 어플 들어가서 동기화 되면 업데이트가되는데요, 이후로 미핏어플을 다시 따로 들어가지 않으면 날씨가 그대로 멈춰서 업데이트가 안됩니다.

gtr은 폰에서 어플을 따로 안들어가도 날씨가 알아서 업데이트가 되나요?

아니면 갤워치처럼 시계 자체에 날씨업데이트기능이 따로 있나요?",드디어 돌아오셨네요^^,혹시 스마트폰+무선이어폰 착용중인 상태에서 전화가 오면 이 워치가 전화알림을 띄워주고 저는 이 워치 화면을 터치해서 전화받기를하고 무선이어폰으로 통화하는게 가능할까요?,Gtr 2e  비교 영상도 ㅎㅎ 부탁드려요,3~4만원을 더들여서 액티브2사는게 더좋을거같아요.(제생각임),질문드립니다. 핸드폰과 멀어져서 블루투스가 끊기면 알람을 해주는 기능은 있는지요?,"전에 중국발 사서 쓰다 고장..

수리 as 안되서 버렸죠

이건 as되겠지요?",gtr2 와gts2랑 차이는 외향밖에 없는건가요?,요즘 29cm에서 할인판매중인 라플루 RS-01 스마트워치 리뷰좀 부탁드려도 될까요. 좀 끌리는데 아직 제대로된 리뷰나 정보가 없네요.,혹시 카톡 이나 문자 알림 오면 내용을 바로 뜨게하는건 따로 설정이 필요한건가요>?,음악을 틀 때 버즈 라이브랑 연동해서 버즈 라이브로 들을 수 있나요? 통화도 마찬가지요,"Gtr 1  사용중인데 업데이트이후 기능이 거의 벽돌상태가됐습니다.
2나오니까 어플관리 똥으로하고있는듯",아직 살때가아니구나 역쉬 거기서 거기네 존버가 답 아직은 워치는 시기상조,혹시 가격대가 얼마정도하나요?,"눈금만 없으면 바로 살텐데....
그래서 미워치 눈독들이고 있습니다","혹시 수면중에 무호흡증도 시계에서 인식도 해주나요?
궁금해서 여쭤봅니다.",근데 언어가 독일어로 잘못설정되었는데 한글로 설정하는 방법은요?,잘 봣어용. 이거 통화 안되는 버전도 잇나요?블투 잇어서 굳이 통화 까지는 필요 없을거 같아서용,"핸드폰이랑 에어팟연결해서
노래듣고 워치로 노래탐색하면서
전화오면 워치로 전화받아서 에어팟으로 통화되나요?",아이폰이랑 연결 안정성이 떨어진다고 하던데 괜찮나요?,카톡이나 문자 수신때 전송된 사진도 볼 수 있나요?,"카톡만 수신이  안됩니다,앱에서  설정이  되어  있는데 ...방법 좀  알려주세요 !","휴대폰도 커지고 단순히 시계만 보기위해 ,알림을 확인하기위해  폰을 주머니에서 넣고 빼고하는 행위가 블편하게 느껴저

시계의 본질에 두고 제품을 찾는중인데
처음 접하는 스마트 워치이다 보니 30만원 이상의 고가의 제품들은 무리더라고여

그래서 맥시멈을 이제품을 두고 구매 생각중인데 5만원이상 10만원 초반대 제품들에 비해 충분히 구매할 가치가 있을까요? 입문용으로도 너무 비싼게 아닐까 생각이 들어서요.",카톡에 오는 사진도 보이나요? 그리고 화면 배경화면을 폰사진을 배경으로 사용가능할까요?,혈압 측정기능만있으면 바로 구매각인데....,사이즈는 47mm 밖에 없나요? 사이즈 작은 가성비 스마트 워치 동그란모양 있을까요? 남잔데 손목이 가늘어서...,정말 사고 싶은 장점이 많네요......ㅎ 미밴드 4가 고장이 안나고 너무 튼튼해서 와이프가 절대로 안사줄게 분명하다는 건 비밀.......하아....,차라리 애플워치3가 낫지 않을까요,혹시 구매 하셨을때 보호필름이 붙어 있었나요?,"늦게 영상잘봣네요.
지금 gtr사용중인 워치초보자입니다.
좀더나은 버전을 위해 gtr2관심중인데..
궁금한게잇네요.
gtr은 기본내장된 워페3가지중  한가지만 변경가능하고,기존2종류워페는 변경불가능해서 불편번거러운데...
grt2는 기존내장된 워페은   
다변경이가능한지요?
앱을통해 원하는 워페디자인을 여러개 변경내장하여 지루할때
바로바로 워치에서 변경가능하면 편하다는생각입니다.
늦깍기 초보자라 궁금한게많아서..ㅎ
친절한가이드 부탁드려요^^",나이키런클럽 기록연동될까요?,as가능한가요?,"외부에서 워치로 통화시  와이파이연결안되어있으면 워치로 통화못받나요?? 
그리고 샤오미미워치랑 GTS2어메이징이 후속작인가요???",핸드폰 안가져가구 음악어플 지니 실행한후 블루투스이어폰끼고 런닝 하려는데 가능한가요?,"가성비는 갑인데 GPS기능은 최하 입니다.  등산과 달리기 자전거에서 GPS를 제대로 못잡거나 오차가 너무 심해서  아웃도어 스포츠 기능은 절대 비추입니다.
GPS를 소니 센서를 쓰는 스트라토스2와 비교 해봤는데 등산에서는 gps핸드폰 어플보다 훨씬 못합니다.  아웃도어 에서는 기대 하지마세요.
 샤오미카페에서도 GPS는 거릅니다.","갤워치처럼 블루투스로 폰에 연결시 알림 전화 수신되나요????
그리고 카톡왔을때 알림 수신 및 답장이 가능한가요??","이걸 워치라고 부른다면 화면 사이즈를 말할때 인치라고 말하지말고 몇센치라고 말해야 된다고 생각합니다. 
이걸로 운동하고 스트라바에 연동되나여?",메세지 5줄까지 보이는데 메세지 터치하면 5줄 이상 분량의 전체 메세지 모두 볼수 있나요?,이제품은 데이터 비용이 따로 들어 가나요?,혹시 메세지가 안녘ㅋㅋㅋㅋ이런 받침이 ㅋ으로 끝나거나 그런 메세지도 그대로 안녘ㅋㅋㅋㅋ으로 보이나요 ? 아니면 안념ㅁㅁㅁㅁ이런식으로 보이나요 ?,저에게는 불호인 분침표시와 중국산 앱을 까는게 쪼오금 찝찝하네요. 그래도 저정도 가격에 as에 배터리 사용시간 등등 생각하면 정말 어마어마하네요..잘보고갑니다!!,얼마인가요???,"혹시 마이크가 있던데, ""30분 알람맞춰줘"" 이런거 가능한가요?","아이폰사용자입니다 리뷰보고 워치안에 음악을 넣었는데 목록엔 나오는데 왜 재생이 안될까요?    
mp3파일을 넣었는데 ,,,몇시간째 이것땜에 스트레스네요 ㅜ",블루투스는 에어팟도 연결이 되나요?,오 댓글부터 남기고 영상 봅니다.ㅎ,"카톡 문자 왔을때
답장을할수있나요?",39인치...?,크기?,유튜브 동영상 볼수있나요,기능 광고하지 말고 어떻게 사용/설정하는지를 알려주세요!! 말 정말 빠르네..뭐를 눌러서 그렇게 되는지를 몇번이나 되돌려봐도 모르겠네...ㅜㅜ,,,,,,,,,,,,,,,,,,,,,,,,,,,,,,,,,,,,,,,,,,,,,,,,,,,,,,,,,,,,,,,,,,,,,,,,,,,,,,,,,,,,,,,,,,,,,,,,,,,,,,,,,,,,,,,,,,,,,,,,,,,,,,,,,,,,,,,,,,,,,,,,,,,,,,,,,,,,,,,,,,,
16,역시 믿고 보는 만장님!,gtr 쓰다 애플워치로 넘어 왔는데 굉장히 잘 썼음ㅋㅋ 의외로 튼튼하고 워치 페이스 다양하고 입문용으로 괜찮은 듯,리뷰가 구입에 많은 도움이 됐습니다 영상퀄리티도 좋네요 좋은 리뷰 감사합니다.,"영상 잘보았습니다. 설명깔끔하니 좋았습니다^^
혹시 통화수신시 장갑끼고 터치가 되나요?
아니면 옆에 물리버튼이나 구글 음성 등으로 받기되는가요?",혹시 스마트폰+무선이어폰 착용중인 상태에서 전화가 오면 이 워치가 전화알림을 띄워주고 저는 이 워치 화면을 터치해서 전화받기를하고 무선이어폰으로 통화하는게 가능할까요?,"제품 소개 내용이 군더더기
없이 깔끔하네요. 
필요한 정보를 이해하기 쉽게
잘 보고갑니다 !",워치3랑 비교했을때 속도 빠르기 차이는 거의 비슷하져??? 배터리 오래가는건 GTR2가 승이겠죠??,오오 겔워치보다 더ㅜ이쁘당. 구매누르고 싶어집니당,워치페이스 커스텀 제작은 어떻게하나요?,"상대방에게서 들리는 음성 말고,

 내가 말하는 음성은  상대방에게 어떻게 들리나요?",전화 연결 해놓으면 시계로만 통화가 가능한가요? 아니면 휴대폰으로도 기존처럼 받아서 사용이 되나요?,"GTR1 쓰다가 진동이 너무 싸구려라 처분했는데, 진동이 울릴 때 진동 소리를 주변 사람이 다 들을 정도라 스트레스가 너무 심했습니다. 진동의 느낌이랄지 진동이 울릴 때 발생하는 소리가 어떤지 알려주시면 정말 감사하겠습니다.","무심코 지나가다가 우연히 저를 만나신 모든 분들이 아프지 않고 좋은 일만 가득하시길 바랍니다.
재물 학업 취업 건강 모든일이 잘되실겁니다💖
새해엔 다같이 행복해요💚💙💛","gtr살까 말까 고민하고있었는데 ㅎㅎㅎ 좋은영상 감사합니다
근데 처음부분에 폰번호가 나와있습니다..",알림 진동은 강력한가요? 세기설정가능한지요,"카톡이든 메세지든 알림은 잘오는데요,
스마트폰에서 확인하는순간 삭제되는건 원래 그런가요?? 
(이전 스마트워치는 알림이 어느정도 계속 남아는 있었는데..)",만장님 근데 저거 전화통화는 블루투스로 하는건가요?,시계줄은 갤럭시워치랑 호환되나요?,혹시 썸네일에 있는 가죽스트랩 구매처 알 수 있을까요?,통화기능도 지원되는건가요??!!!,워치로 사진촬영조작 가능하나요??,0:46 직경 1.39 인치이면 35mm 인데 오타인가요??,여러영상보다보니 연결문제가 있다고하는데 사용해보시니 어떻신가요,"아이폰에 연결했을때, 먹통일때가 가끔 있다던데 혹시 확인 가능하신가요ㅠㅠ",블루투스 이어폰 연결은 어떻게 하나요? 폰은 연결했는데 어어폰은 안 되네 버즈프로입니다,제 용도를 미밴드4가 안성맞춤..........ㅎㅎ,예쁘네요..이거 혹시 핸드폰을 늘 갖고 다녀야 하나요?,녹음도 되나요?,링크에는 저 금액이 안나오네요 구매 하고싶은데~,NFC는 지원되나요?,어메이즈핏 gtr2e리뷰가능 한가요?,n개의 읽지 않은 메세지 클릭하면 내용을 볼 수 있나요?,"사이즈 선땍이 없어서 아쉽.,",샤워미 미워치는 밧데리16일가는뎅...12만원대. 갤럭시나 애플보다... ..대륙의실수작,Gps기능이 있응지?,링크연결안됨 페이지사라짐,내 개인정보도 어메이즈하게 전송~,,,,,,,,,,,,,,,,,,,,,,,,,,,,,,,,,,,,,,,,,,,,,,,,,,,,,,,,,,,,,,,,,,,,,,,,,,,,,,,,,,,,,,,,,,,,,,,,,,,,,,,,,,,,,,,,,,,,,,,,,,,,,,,,,,,,,,,,,,,,,,,,,,,,,,,,,,,,,,,,,,,,,,,,,,,,,,,,,,,,,,,,,,,,,,,,,,,,,,,,,,,
17,"구독, 알람하시면 IT 신제품 소식과 리뷰를 빠르게 만나보실 수 있습니다. 이퓨 유튜브 구독하기 : https://goo.gl/n934rz",2:00 충전 방식 좋다,좋은 정보 감사합니다.,영상 잘봤습니다^^,좋은 정보 감사합니다 ><,어메이즈 핏은 점점 신뢰의 가성비 스마트워치가 되어가는것 같네요. 잘 봤습니다.,산소포화도는 무슨 도움이 되나요? 디자인이 참 깔끔하니 좋네요ㅎ,핸드폰 블루투스 연결해서 워치로 통화 가능 하나요?,덕분에 13만원대에 구입완료..,영상 잘봤습니다. 시계 스트랩은 어떤게 호환되는건지 궁금합니다,좋은정보 감사합니다!^^,♡♡♡♡♡,고민중이였는데 ㅎㅎ,"충전방식이 미밴드 충전방식이군요🤔
샤오미미워치랑 비교해보고 싶어지네요",야외수영도 가능한가요?,"저도 이제품 사용중인데 배터리는 일주일 쓰기가 어렵더라구요.
광고하고는 다릅니다.
가성비는 괜찮은 제품인거 같아요.","전화 걸지못해도 블루트스로 연결해서 전화 받기 가능한지요.

카톡 문자 답장 안되지요.","Gtr 2e가 좋을까요
Gtr이 좋을까요",골프 거리 측정도 가능한 모델 인가요,저도 이거 구입해서 사용하고 있는데요. 대략 2주 정도 지난 거 같아요. 근데 배터리가 저는 1주일을 못 가더라고요. 물론 2일을 못 가는 애플워치 보다는 좋지만 애네 회사에서 광고하는 45일? 25일이랜나? 무튼 1주일을 못 가서 좀 실망을 했어요.,이이,"gtr2와2e차이가 뭔가요
어느것이 더 좋나요",1빠,,,,,,,,,,,,,,,,,,,,,,,,,,,,,,,,,,,,,,,,,,,,,,,,,,,,,,,,,,,,,,,,,,,,,,,,,,,,,,,,,,,,,,,,,,,,,,,,,,,,,,,,,,,,,,,,,,,,,,,,,,,,,,,,,,,,,,,,,,,,,,,,,,,,,,,,,,,,,,,,,,,,,,,,,,,,,,,,,,,,,,,,,,,,,,,,,,,,,,,,,,,,,,,,,,,,,,,,,
18,"영상 잘 보았습니다^^질문이 있는데 시계본체라고 해야하나요?실리콘 줄은 그레이 회색으로 보이는데 시계본체 색도 줄에맞춰서 그레이, 회색으로 되어있나요?화면상으론 본체색상이 은색으로 보이는데 색깔좀 알려주세요.ㅎㅎ",듀얼타임 시현도 되나요? 한국시간이랑 다른 나라 시간을 한 화면에 보이게 할 수 있는지 궁금해요,영상깔끔하네요 ㅎ 잘봤습니다,영상잘봤어요~어떻게 저렴하게 구매하셨나요?,"몇개 안되는 시계 언박싱 영상에 앱과 연동하는 방법은 하나도 보여주지 않네요? 
너무 간단해서 패스인가요? 
그리고 제품마다 앱의 기능이 모두 다르고, 
어떻게 운동데이터를 잘 분석해 놨는지도 시계 못지않게 중요할텐데
그런 점은 전혀 언급이 없네요.

단지 패션 시계만은 아니기에 운동관련 앱의 기능들을 비교 분석도 좀 해주시면 안될까요?
다른 분들의 비슷한 사용기와 크게 다른 점도 없네요. 아니 거의 유사하다고 봐야죠.
늦게 사용기를 올리셨기에 뭔가 차별화 된 점을 기대 했었는데  아쉬웠어요.
3종류의 시계 영상 잘 보고 갑니다. 
다음 영상도 기대할께요.
수고 하셨어요!!",좋아요~,혹시 스트랩 정보알수있을까요 색이 이뿌네요,"저거 방수 대나여?..;

ㅇ..알려주세요 ㅈ..제발..🙏🥺",저 시계끈은 어디서 구입했는지 알 수 있을까요? (스트랩이라고 하나요?),"오~1등

가성비 워치네요
음악저장재생 및 통화기능 원하시면 그냥 gtr2로 가세요",어디서 구매하셧나요 ? 링크점,손목대비 시계가 너무 커서 불편해보이네요 같은 브랜드 GTS 2 mini도 잘 어울리실거같아요,1:51 툭,,,,,,,,,,,,,,,,,,,,,,,,,,,,,,,,,,,,,,,,,,,,,,,,,,,,,,,,,,,,,,,,,,,,,,,,,,,,,,,,,,,,,,,,,,,,,,,,,,,,,,,,,,,,,,,,,,,,,,,,,,,,,,,,,,,,,,,,,,,,,,,,,,,,,,,,,,,,,,,,,,,,,,,,,,,,,,,,,,,,,,,,,,,,,,,,,,,,,,,,,,,,,,,,,,,,,,,,,,,,,,,,,,,
19,와 샤오미 제품이죠? 완전 잘 만들었네 ㄷㄷㄷ 스트랩은 가죽인가요? 운동할때 스트랩이 가죽이면 많이 불편할텐데 ㅠ 스트랩을 방수재질로 해줬으면 더 좋았을텐데 아쉽네여,"이 제품이 가성비가 좋다고 해서 검색했는데 
잘 보고 갑니다. ^-^",안녕하세요~ 운동용 워치 및 밴드를 알아보고있는데요. 운동면에서는 미밴드가 제일 낫나요?? 가격은 액티브2까지도 생각하고있습니다ㅜ,"GPS는 찾는것이 느리고요. 해발고도는 오차가 큽니다. 베터리는 오래가서 좋습니다. 
워치페이스는 자기가 찍은 사진을 배경으로도 사용 가능합니다.  운동 하고 난 후 스마트폰 어플을 통해 운동한 경로를 지도상에서 확인할 수도 있습니다. 
유익한  영상 감사합니다","처음 본 브랜드인데 이해하기 쉽게 깔끔하게 소개시켜 주시네요. 잘 보고 구독과 좋아요 누르고 가요.
초보인 제 채널과도 소통구독 부탁드려요 ㅎ","42mm 하고 47mm랑 차이점이 뭔가요?
다른 영상에는 시계 화면 개수가 다른것 같아서
기능도 차이가 있나 궁금해서 댓글 달아봅니다.","안녕하세요 좋은 영상 감사드립니다
궁금한게 gps지속 사용시 40시간 사용 가능이라고 하셨는데 gps 상시사용 세팅이 따로 있나요? 심박수 측정 처럼요ㅎ",궁금한게 있는데 블루투스가 해제되면 일반시계모드도 사용불가능한가요?,와 워치 너무 이쁘네요 ㅜㅜㅜㅜ,차분한 목소리에 자세한 설명....편하게 영상 봤습니다. 구독 나도모르게 눌렀네요 ^^,Aod  키면 배터리 수명 어느정도 가나요,"자전거 탈때 가슴에 심박센서 차기 싫어서 이걸 구입해볼까.....하는데...
심박은 정확히 잘 맞나요?
그리고 가죽스트랩이 땀을 많이 흘려도 견뎌주나요?
고무스트랩을 써야겠죠?
그리고 여러가지 재질이 있는데 자전거 라이딩시 가장 추천할만한 재질은 뭘까요?",잘 봤습니다 구매하는데 도움이 되었네요,47mm면.. 저한텐 엄청 크네요.. ㅠ.. 하.. 진짜 뼈 굵은 분들 부럽습니다.,이거생일선물로받았는데어떻게쓰는지몰랐는데알려주셔서감사합니다,"저는 애플워치3.액티브2랑 같이 써봤는데 만보기. GPS기능은 차이 심합니다.  운동할때 기록 같은거 측정하려고 구입 고민하시는분들은 구매하시면 후회하실듯..
기능은 15만원 값어치도 못하는거 같아요.
그냥 시간.전화알림.카톡확인.패션용 으로 쓰실분들은 사실만 할듯",42mm는 어떤 소재로되어있나요?,"잘보고 있습니다. 구매를 해서 잠깐 전원이 나갔었는데....스마트폰이랑 페어링 하려니 자꾸 실패로 뜨네요. 혹시 해결방법 아시는지요? 블투는 항상켜져있어요~
ㅜㅜ 도움좀 부탁드립니다.",와 진짜 설명잘해주신다,47미리면 손목 두꺼워야겠네여,6:42 묵직하네😳🙄,스마트 워치는 핸드폰을 항상 같이 들고다녀야 하나요?,"GPS, 나침반센서가 포함된건가 보네요. GPS는 있지만 지도기능을 못쓰는 것은 아쉽네요. 아몰레드 맘에 드네요. Always On Display 는 지원하나요? 기본에 충실하고 배터리 오래가니 고민되네요. 디자인도 괜찮고.. 갓성비는 역시 미밴드4겠지만, 역시 디자인.. 가격은 성능에 비해 좀 비싼 것 같은 느낌은 있네요.
아. 연동되는 어플은 없나요?","이런거 살돈모아서 애플이나 갤럭시 사는게 어떨런지 a/s부터 지원되는 컨텐츠생각함. 갓성비도 중요하지만 
그래도 오랫동안 안질리고 쓸수있는데. 블루투스이어폰 2~3개살바에 제대로된거 하나 사는게 났다고 경험한지라.","GTR47 티타늄 오너입니다. 저는 스트라토스2를 쓰다가 배터리 성능 때문에 갈아 탔습니다.
하지만 배터리 빼고는 별로 메리트가 없습니다. 차라리 미밴드가 좋습니다.
일단 gos성능이 너무 안좋아 샤오미 카페에서도 포기한 상황입니다.
운동기능이 주 사용인데 특히 걸음수와 거리가 맞지 않습니다.
 이번 업데이트에도 오히려 하양됐다는 의견이 전반적입니다. 구매 하실때 검색을 좀 해보시면 참고 되실겁니다.",블루투스거리는 어떤가요?,어메이즈핏이 확실히 다른스마트워치보다 일반시계랑 비슷하게생겨서 너무 좋아보이네요 요즘엔 이정도기능되는 중국산 스마트워치가 3~4만원대에 많이나와서 가격은 아쉽지만 디자인은 모든스마트원치중 탑이네요 특히 정장같은곳에서도 너무잘어울리고요 특히 워치페이스 명품시계로 바꾸면 너무 잘어울리네요,"영상 잘 봤습니다.
그런데 미밴드5 처럼 일정 미리 알림 기능은 없나요?",안녕하세요? 혹시 GTR as는 어디서 받을수 있는지 아시나요? 갑자기 터치가 안되서 사용을 못하게 되었어요.,시계화면 carrera 이거 적힌거 너무 이쁜거 같은데 어디서 받을수 있나요?,이제푼 쓰고 있는데 심박수 다 자동꺼놨는데도 왜 어쩌다 보면 심박수가 작동돼고이ㅛ는건가요?,혹시 사용 비거리가 얼마나되나요? 미밴드는 폰을  충전하면서 화장실을 다녀와도 끊어지질 않았는데... 지금 사용중인 삼성 갤럭시핏은 10~15m만 벗어나면 연결이 안되네요. ㅠ0ㅠ,근데 제가 날씨룰 사용하려고 했는데 앱에서 도시를 설정하라는걸 어떻게 해야하죠?,제가 s10을쓰는데 이걸로 갤럭시 멜론 컨트롤 할수있나요?? 그리고 수면체크 기능은있나요?,이거 후레쉬 기능 있다고쓰신게 휴대폰 후레쉬를 켜주는건가요 아니면 시계자체 후레쉬가있다는건가요?,gtr 42랑 차이가 크나요..? 사이즈만 다른거죠.?..?,블루투스페어링 끊김현상은없나요?,GPS기능 정확한가요??,어떻게 구입 하나요,시계 테두리는 따로 구매하셨나요?,어메이즈핏 GTR과 나이키런클럽 연동되요?,좋긴한데... 10만원이넘으면...가성비는아닌듯함,저 중학생인데 42mm가 나을까요 47mm가 나을까요?,"오늘 구입을 했습니다
다른 건 다 설정이 되었는데
문자나 카톡이 알림은 오는데
내용이 나오질 않아서요
내용도 같이 나타나게 하는 방법은 없을까요?",통신사 요금제 가입이 가능한 제품인가요??,현재 인터넷 가격 6만원대로 나오는데 물런 직구지만요 이 가격 실화인건가요? 왜 이리 가격차이가 나는 거죠?,지금 중학생 인데 중학생이 사용해도 상관없나요?,가성비 대비 참 좋긴한데 갤워치3은 못따라가네...,골프장에서도쓸수있는거죠?  GPS,"영상 한개 막올리셨는데 구독자ㄷㄷ네용
비법같은게 있으신가요?
저도 유튜브 시작할까 고민하고 있는데ㄷㄷ",구입처좀 알수있나요,혹시 이거 샤워할때 차고있어서 상관없을까요?,카톡 문자 확인 잘되나요? 전화오면 혹시 누가 온지 전화 받는건 안되도 확인은되나영,"합금, 스틸, 티타늄 소재중 어떤것을 선택해야할지 모르겠습니다. 비교정보가 없어서요. 그 소재의 장단점을 알수 있을까요",배터리는 얼마나가요??? 선댓!,혹시 베젤링 돌아가나요?,"전 알리에서 지금 할인기간인데 큰 할인쿠폰은 바로 동나서 할인적은 쿠폰 썻는데 7만8000원에 사서 기분이 좋네용
옛날부터 사고 싶었는데 알리에서 할인해줘서 나이스 입니다 
영상잘봤습니당 ㅎㅎ","발목 가는 여자 중딩이 쓰기엔 큰가요?
42cm로 사야 할까요?",언박싱 제품이랑 설명에 쓰는 제품이 왜 틀려요?  베젤.  아 추가 햇구나ㅋㅋ 추가 구매가 되요?,화면 계속 켜놓는 AOD 기능은 없나요?,문자메시지는 확인이되는데 카톡알림은 안오네요ㅡㅡ 따로 설정해야되나용?,블류튜스 이용시 문자나카톡답변이가능한가요?,삼성 헬쓰앱과 연동이 되나요?,시계줄?이 가죽 뿐인건가요..??,화면 버벅임 심하나요??,이 재품 사려고 했는데 다른 채널에서 그러던데 영상보다 많이 버벅거리나요??,삼성핼스 연동 되나요??,이거 뒤에 gtr 이랑 다른건가여?,너무 크다는게 ....,충전을 한달동안 안한다고요? 귀가 막혔나... 기어 뭐임?,이거 aod안되여?,it 기기나 공기청정기는 중국 제품 사용하지 맙시다,6:30 꼬뚝튀,,,,,,,,,,,,,,,,,,,,,,,,,,,,,,,,,,,,,,,,,,,,,,,,,,,,,,,,,,,,,,,,,,,,,,,,,,,,,,,,,,,,,,,,,,,,,,,,,,,,,,,,,,,,,,,,,,,,,,,,,,,,,,,,,,,,,,,,,,,,,,,,,,,,,,,,,,,,,,,,,,,,,,,
20,큼지막하고 시원시원한 디자인 멋지네요:),이 시계에 디비전 워치페이스 깔면 완벽합니다.,1달 사용후기 : 굳이 갤럭시가 필요한가??,"영상 잘 보았습니다.질문이 있는데요.
시계줄 색상은 그린이고 시계 본체색은 무광 은색인가요?세 종류가 있어서 어떤걸로 할까 고민중이라서요. 본체색이 개인적으론 가장 맘에 드는데. 그린 줄만 본체색상이 은색인지도 궁금합니다.아시는 범위내에서 알려주세요.^^","와 영상이랑 내용, 내용전달하는 목소리 모두 너무 좋네요. 진짜 여느 테크유튜버보다 뛰어나신거같아요. 근데 뭔가 채널이름이 싼티나요 ㅋㅋ 고퀄 컨텐츠에 어울리지않는 느낌..ㅎㅎ",분명 성공 하실듯!,배터리만 빼면 갤럭시가 낫겠네요. 물론 비쌈,gts가 애플 따라한거면 gtr은 액티브 따라한거 아닌가.. .,이 영상을 보고 애플워치를 휴지통에 버렸습니다,삼성워치 액티브2 갔고싶다...,지마켓 빅스마일데이에서 쿠폰 적용시 11만원대 나오네요! http://mitem.gmarket.co.kr/Item?goodsCode=2030083331,구글 어시스트같은 음성명령 가능한가요?,1,,,,,,,,,,,,,,,,,,,,,,,,,,,,,,,,,,,,,,,,,,,,,,,,,,,,,,,,,,,,,,,,,,,,,,,,,,,,,,,,,,,,,,,,,,,,,,,,,,,,,,,,,,,,,,,,,,,,,,,,,,,,,,,,,,,,,,,,,,,,,,,,,,,,,,,,,,,,,,,,,,,,,,,,,,,,,,,,,,,,,,,,,,,,,,,,,,,,,,,,,,,,,,,,,,,,,,,,,,,,,,,,,,,
21,오오 항상 좋은 리뷰 감사합니당~ㅎㅎ,"GTS2 MINI와
리뷰해주신 GTS2e 중에 어떤걸 추천하시나요..?ㅠ","항상 깔끔한 영상 리뷰 감사합니다
^^","안녕하세요. 좋은 영상 잘 봤습니다.
저는 스마트 워치를 한 번도 구입해 본 적이 없는데 이번에 구매하려고 합니다.
가장 궁금한 건 스마트 워치는 폰이랑 연동해서 사용하는 건데
혹시 가장 기본적인 시계나 스탑워치 기능도 폰이랑 멀리 떨어지면 사용할 수 없을까요?",스트랩 ㅋㅋㅋ 그냥 원래 끼워져 있던게 더 이쁜것 같고 워치 페이스와 더 잘 어울리는것 같은건 나만의 생각인가?,"커브드3과 2.5글라스 차이가 많이 나나요?
스크레치 대응이 궁금하네요",잘 샀습니다. 스트랩까지 같이 구매했습니당!,저게 설명을 보니까 최대 사용기간이 14일이고 한달이고 어쩌구 하는거는 다른 기능 전혀 안쓰고 순수하게 시계만 보는 목적으로 햇을때 최대 그정도 사용이 가능하다고 구석에 아주 작게 써놓더라구요. 실제로 운동모드 기능을 자주 쓰거나 aod기능같이 실시간 또는 사용시간 중에 배터리를 많이 쓰게되면 대략 오래 가야 4일? 다른 브랜드 중저가 스마트워치들도 그렇더라구요,GTS2 mini와 비교를 해주셨으면 더욱 좋았을듯 ㅜ,리뷰 잘 봤습니다! 어떻게...11만원대에 구매하셨나요 ^^;;;,GTR 쓸때 너무 깡통 진동같이 소리나면서 진동이 세지 않아서 별로였는데 이녀석은 어떤가요??,"온도에 대해 잘못 알고 계신게...
중국어로 온도는 환경온도를 가리킵니다.
사람의 온도를 가리킬때는 꼭 체온体温이라 하구요.
저건 아마도 내가 있는 곳의 온도가 궁금할때 5분정도 벗어두면 실온이 측정되는걸로 알고 있어요.

지나가다 설명 너무 잘 듣고 혹시 다른 분들에게도 도움되길 바라며 남겨요. 
미니랑 2e  너무 고민되네요.ㅜㅜ",와 부평시장 버거킹ㅋㅋ,만장님 줄 어디서 사셨나요? 예뻐서요 궁금하네요 ㅎ,"GTS2e 와 MINI 를 둘다 사용중인데 , 가격차이 많이 안나니 2~3만원 더쓰시고 GTS2e 사시는걸 적극 , 무조건 강추 드립니다.    
우선 배터리 타임은 최근 GTS2e 업데이트 이후 MINI랑 큰차이 안나고요
시스템의 문제인지 스펙상의 문제인지는 몰라도 GTS2e가 훨씬 부드럽고 빠릿합니다. 
외관역시 차이가 많이 납니다.  
MINI는 프레임이 투톤 칼라에 프라스틱이라 GTS2e 대비 싼티 및 줄질 칼라매칭이 어렵구요 
Size역시 GTS2e가 0.1인치  큽니다.  
또  한가지 가장 치명적인건 스마트 워치의 생명인 워치페이스가  MINI는  똥망입니다. ;;;   
GTS의 넘쳐나는 워치페이스를 적용시 MINI화면비율로 인해 적용후 화면이 짤리거나 밀리는 현상이 생깁니다.","안녕하세요~  리뷰 요청사항이 있어서 댓글남기는데요.. 어메이즈핏 GTS2, GTR2      
 화웨이 GT2, 화웨이 GT2 PRO 및 애플워치 SE,5,6  삼성 스마트워치 여러 비교 영상 부탁드려요~~ 🙇 참고로 화웨이 비교영상 젤 보고싶어요~",3:25 어~~ 우리동네네요. ㅎㅎㅎㅎ,"Gts2mini 랑 비교를 해야될제품 같은데..
상당히 애매한포지션이네요 ㅎㅎ",운동모드에서 몇보 걸었는지 알수있나요?,GTS2 네이버에 검색해도 안뜨던데 구매는 어디서하나용,gts2mini 구매후 아이폰은 연동이 전화수신말고는 문자나 카톡은 알림이 먹통이라 방출했는데 이제품도 마찬가지일까요?ㅠ,"무심코 지나 가다가 우연히 저를 만나신 모든 분들이 아프지 않고 좋은 일만 가득하시길 바랍니다. 학업 취업 연애 사업 재물 건강 모든일이 잘되실겁니다💖
항상 다같이 행복해요💖💚💙💛",문자나 카톡 수신시 사진도 볼 수 있나요~,T-rex pro 제품도 부탁드립니다 ~,,,,,,,,,,,,,,,,,,,,,,,,,,,,,,,,,,,,,,,,,,,,,,,,,,,,,,,,,,,,,,,,,,,,,,,,,,,,,,,,,,,,,,,,,,,,,,,,,,,,,,,,,,,,,,,,,,,,,,,,,,,,,,,,,,,,,,,,,,,,,,,,,,,,,,,,,,,,,,,,,,,,,,,,,,,,,,,,,,,,,,,,,,,,,,,,,,,,,,,,,,,,,,,,,,,,,,,,
22,역시...믿고 구매했어요 ㅎㅎ진짜 가성비에요..!!! 엠알하면 디자인..잘봐주시니 고민하다 블랙으로 구매해서 잘쓰고 있어요 항상 잘 보고 있어요🥰,헐헣 30분전에 사고왔는데 오자마자 영상이 올라왔네요!!싱기방기 ㅋㅋㅋㅋㅋㅋ 사길 잘했단 생각이 더더욱 들어요!👍감사합니다 :),자 따라오시죠 후에 노래까지 너무 중독성있고 좋아요!!!,애플워치 5 쓰고 있는데 다음번에 워치 바꿀때 심각하게 고려할만 하네요 👍,mr 역시 믿고보네 ㅈㄴ 잘생기고 깔끔한톤과 딕션 거기에다 상세한설명까지 ㄹㅇ최고당 👍,병원에서 근무해서 기계로  테스트해봤는데 심박수는 3회측정시 오차없이 맞았고 산소포화도는 3회측정시 4정도 차이났습니다.  참고하시길,"엠알형의 찐팬은 오늘도
못참고 애정하러 달려왔엉 ㅎㅎ",아니 이런 가성비가 나올수가있나 뭐지 신세계네 ㅋㅋㅋㅋㅋㅋ 좋은정보 감사합니다,10:41 MR님 애플워치인 줄 아시고 용두를 돌리시네요🤦🏻‍♂️ㅋㅋㅋㅋㅋㅋㅋㅋㅋㅋㅋㅋㅋㅋㅋ,gtr 2 쓰는 사람인데 어메이즈 핏제품들 다 괜찮음 믿고 사도 좋을정도,"영상보고 효도 선물로 장인,장모님, 어머님 드릴려고 샀습니다 ㅎㅎ 좋아하셨으면 좋겠네요 ㅎㅎ","오 20mm 표준 스트랩으로 교체가 가능하구나!!
말나온김에 20mm 스트랩 추천영상 만들어 주실수 있으신가요?",엠알형 혹시 저같은 무지성 흑우에게 추천한다면 애플워치랑 이거중에 어떤거 추천하시나요??,Qoo10에서는 공식한글판이 있고 지마켓에는 국제판이 있는데 두개가 어떻게 다른건가용?,오늘도 시계는 눈에 안들어오고 형 얼굴하고 목소리밖에 안들어오네....,이건 가성비가 오져버렸네,mi band 6 랑 비교했을때 아침에 알람 울리는 진동 세기는 어떤게 더 센가요?,"햇빛 아래에서 화면은 잘 보이는 편인가요?
스마트 워치 없어서 한 번 사려고 고민 중이었는데 이 참에 사야겠네요...ㅋㅋㅋㅋ",오옷 요거 분홍색 차고 지금 보는중ㅋㄷㅋㄷ 전 큐텐에서 6만원 후반대에 구매했어요! 막쓰기엔 좋은듯👍🏻,미밴드에서 이걸로 넘어왔는데 너무 만족하고 쓰는중이에요ㅋㅋㅋ 이제 스트랩 바꿀거 찾아봐야겠어요,샤오미미워치하고 가격차이가 별로 안나니 서로 비교해보면 좋겠네요,2주 배터리라곤 되어 있으나 실상은 AOD안해도 만충후 1주일 갑니다. 참조,역시 구독을 안할수가 없다,애플워치의 스트랩이 커넥터같은거 없어도 그냥 다 호환되나요?,이거 검정색 쓰고있는데 화면꺼질때까지 기다리지말고 손바닥으로 덮으면 화면이 알아서 꺼집니다!,저는 시계까진 스마트로 못갈거같네요. 클래식이 최고인듯,형님 이거 방수등급 있습니까 형이 리뷰하니까 사고싶어지네..,와 이영상보고 ㅋㅋㅋ 바로 어메이즈핏 gts2 mini 바로 샀네요 ㅋㅋㅋㅋㅋ 만족!,어메이즈핏 GTS2나 어메이즈핏 GTS2e 하고 비교 해주시면 좋을 것 같네요,토트넘홋스퍼 스마트워치도 리뷰해주세용ㅎㅎ,"저렴한 스마트워치 몇개 사봤는데, 심박수체크 성능이 매우 떨어집니다. 비싸더라도 성능 검증된걸로 사세요.",미밴드6랑 이거중에 뭐가 더 괜찮나용?,"갤럭시 워치 처럼 동그란 스타일 워치를 선호 했는데 애플워치 5부터 네모난 디자인이 눈에 들어와서 이뻐요 ㅎ
갤워치보다 네보난 화면이 직관적이고 더 많이 볼 수 있어 좋은거 같아용


엠: 엠알 유튜브
알: 알아서 구독,좋아요,알림설정",그린색 착용중인데 진짜 가성비 갑입니다. 워치 비싸서 살 생각 없었는데 디자인도 너무 예쁘고 애플워치 성능 다 있고 근데 7만원이니까 바로 질렀습니다. 추가로 저 시계 앱에서 본인이 좋아하는 사진으로 화면 설정이 가능합니다. 여러가지로 성능 좋은 시계이니까 입문자 분들이 구매하시기 좋은것 같아요,몇달 써보니  always on display가 불안정한것 같습니다. 안되다가 되다가 하네요.다른 기능들은 정상 작동 됩니다,근데 저거는 만약 고장나면 수리는 어디서 해요?ㅠ,저 궁금한게 있는데 이거는 AS는 어렵나요?,당연한거지만 그래도 형은 애플워치 쓸 것 같아 ㅎㅎ;,"피부가 장난이 아니네요
깨끗하고 광이나요",헐ㄷㄷ,밴드스트랩은 시중에 나와있는 애플스트랩이나 도른 예쁜스트랩들과 호환이 가능한가요?,워치가 없는데 궁금한게 있는데 밴드는 갤럭시 밴드랑만 교체가 되나요?? 아님 애플꺼랑도 교체가 가능한가요,"gps운동 추적기능은 어떻게 사용을 하나요? 제가 스마트 워치 초보자라...... 
많은 가르침 부탁 드립니다. ^^",감사합니다,와 진짜 잘생기셨다,완전 애플워치느낌나요!!!,애플워치로 치면 한 40mm 정도 크기일까요?,Mr  님 20만때부터봤는디 구독자 마니 줄었니요 힘내버십다 다시 60만 가즈아!!!!!,스트랩교환은 어떤걸로 가능한지..?(호환되는줄이있을지요),감사해요♡,야외 시인성은 어떤가요?  맑은날 잘 안보인다는 사람이 있어서요,4:35 스트랩 이쁘네요 어디가면 살 수 있나요??ㅠㅠ,이거 진짜 괜찮은 물건이네요,"좋은 정보 감사합니다.  네


불루트스로해서 전화 오면 통화 정도 할수있나요. 전화 걸지 못해도요.","혹시 저거 시계 스트랩은 전용 스트랩이 따로 있는건가요..🥲 지금 저거 사서 기다리고있는중인데 인터넷에 파는 
애플워치 스트랩도 하나 샀는데 혹시라도 전용 스트랩이 있으면 그거 반품하려고하거든여..🤦‍♀️",용두만 제발 없애줘!!,이정도 가격이면 사야겠는데?(애플워치보다 좋네 가성비로 따지면),AOD 설정은 어떻게 하나요?ㅜㅜ,이쁘네요~^^,중고가 너무 올라요ㅠㅠ 헝헝 노양심ㅠㅠ,1초전은 못참지,혹시 톰브라운 시계줄 어디서 구매하신건지 알려주실 수 있으신가요?! 너무 예쁘네요,갤럭시워치가 없었다면 요 워치샀을 듯?,아니 셔츠 어디꺼에요 어매이즈핏보다 셔츠가 더 맘에 들어요🤔,이거 쓰는데 진짜 좋음,아 요즘 왜 스마트 워치만 올려요 마음아프게ㅠㅠ,"헐....
신기하네용",혹시 이거 어디서 구매하셨는지..?,"안녕하세요? 리뷰보고 구매할까 고민중인데,  진짜 걱정되서 여쭙는데, 어메이즈핏을 사용해도 제 개인정보가 도용될 일은 없을까요?",엠알님 예전에 이벤트 참여로 이메일 달았었는데 3주전인가 당첨됬다면서 카톡오고 이메일 비번 달라네요ㅋ 모두 조심하시길,"요즘 vlog는 안찍으시나요..?
브이로그 마려운데",어디서 구매해야 최저가로잘사는지 아시는분~~,미밴드5 만족하면서 쓰는 중인데 땡기네요.,입문용으로 이거 쓰면 다른거 못 쓸텐데. 배터리 충전이 너무 귀찮습니다. 워치들 특히 ㅠㅠㅠ,바로사러 갑니다,톰브라운 스트랩만 있으면 갤럭시 워치도 부럽지 않음,마스크 락해제 때문에 애플워치산...,"손목둘레가 17.5cm인데 괜찮을까요? 

사이즈가 여러개있나요 아니면 프리사이즈로 하나로 나오는건가요?",잘보고가요,4:16 칠렐레 팔렐레ヲヲヲヲヲヲヲヲヲヲヲヲヲヲヲヲヲヲヲヲヲ맘에든다ヲヲヲ,이제품 진짜 강추드림 ㅋㅋ,어디에서 구매할수 있나요?,방수는 잘 되나요?,이거 혹시 방수기능이 있을까요?,"호흡 곤란이 의심됨 ㅋㅋ 번역이 참..
AOD(Always On Display) - 시계 계기판 끄기로 번역하더군요 AOD 찾느라 오해걸림",스마트폰이란 연결하면 통화는 가능한가요? 블루투스 연결로...,형 요즘에 좌 따라오시죠가 너무 짧아..,혹시 혈압측정이 상시로 가능한가요? 미밴드4 1년가까이 쓰는중입니다. 혈압측정이 필요하게 되서;; 문의드립니다. 가능하다면 기변예정입니다.,그래도 애플워치 ...😋,와......,"MR님,, 지메일로 이벤트 당첨됬다고 사칭메일 계속옵니당,, 당하신분 많이 계실듯요.",음 ls02쓰는데 기변각인가…?,방수 가능한가요??,엠알님 스마트위치사면 요금이 나가났ㅇ요??,2개 구매!,잘생기셨네요^^,진짜 바로 돈 모읍니다,갤럭시폴더2(폴드말구여)랑 연결될까요?,어메이즈핏 빕은충전시간얼마나걸려요?,역시좋은정보..........,이 모델은 아이폰으로 봤을 시 문자를 몇 줄 까지 볼 수 있나요?,워치 엑티브 디자인에 저런거 나오면 좋겠다 갠적으로 네모난 디자인 별로라서..ㅎ,스트랩 구매링크잇나요?ㅠㅠ,와우 어뭬이쥥,Gts2갤럭시만 가능한가요?,"워치페이스 탐나네요ㅎㅎ 좌표좀 알려주세요^^
번인 문제없나요??",따라오시죠가 점점 줄어드는데요,아....mr님 보고 미밴드6 샀는데...,I Loved the watch o clock 1.10 black two for couple matching Oh Yeah so pretty 😃😃,아이폰에선 전화문자카톡등 알림이 제대로 오는데 안드로이드에선 전화만 옵니다 혹시 따로 설정을 해야되는지 어떻게 해야되는지 가르쳐주실 수 있나요..?,용두디자인만 좀 손보면 좋겠네요.  작은 용두가 툭튀라서  아예 크던가 작을거면 옆에 딱붙어있었어야 했는데  아쉽네요,혹시 전화나 문자도 되나요,그리고 참고하실게 호흡곤란이 의심됨은 아마 이거 어플이나 시계내에서 전반적으로 번역이 잘못된게 많아서 그런듯함 그냥 호흡불안정? 정도로 생각하면 될듯 아래 횟수별로 심각도도 써있음,8만원도 비싸다...,생활방수는 어떻게 되나요?,"액티브2 44mm와 똑같은놈 있나요?
0:22",근데 인터넷 되나요??  애플워치는 링크 걸어두면 되긴 한데 그것도 되나요?,방수는 ㅇㄷ감?,사러감니다...,mp3플레이어 내장까지 원하는건 너무 양아치심보인가 ㅋㅋ,반하겠엉...,오 안녕하세여,어디서사나요0,Gts 배터리 오래가는건 통화기능빠진거아닌가여,충전기어댑터는핸드폰충전기쓰면되나여?,폰찾기 기능 혹시 있나여?,"이벤트 당첨 됐는데 메일이 스팸함에 들어와 있는 줄 모르고 여태 있었네요.  당첨 취소
 되는 건가요?",교통카드 기능 되는건가요?,디자인 애플워치인줄..,오 괜찮다,이거 교통카드 기능이 있어요?,전화나 문자 카톡 녹은은 안돼요?,AOD:Always On Display,안심까에마림다,광곤과?,스마트워치 단체카톡같은 경우 못끄나여?,엠알님 저는요 봤어요 워치 이거보다는 갤럭시 워치 액티브 애플워치 좋아합니다,오,내래 이미 갤워치를 사버렸지비,페로몬은 이성의 호감도를 3배 이상 높인다는 연구결과가 있죠 존아자르 오리지널 페로몬향수를 사용해보세요..,요즘 이매일 사칭 너무 많이 오네요 진짜 인줄 알고 기분 좋았는데....,카톡되나요?전화되나요?,갤럭시 워치 샀는데,good,폭발하는거 아뉨니까,뭐가 애플워치보다 좋다는거지? 제목꼬라지 하고는...,ㅋㅋ 배송중이에요,1빠,"여러분들 사칭조심해요 
이사람 1644-4174",,,,,,,,,,,,,,,,,,,,,,,,,,,,,,,,,,,,,,,,,,,,,,,,,,,,,,,,,,,,,,,,,,,,,,,,,,,,,,,,,,,,,,,,,,,
