,review,star
0,"노트20울트라 사양은 이미 알고 구매.1. 미개봉인지 전시상품인지 고민-미개봉 상품으로 보임(흔적 없이 깔끔)2. 제조일자 궁금-2021.1월(4월 받은 분도 있다는데 살짝 아쉬움)3. 구성품- 이어폰, 충전기 헤드, 양쪽이 5핀 연결선(자료 옮길때 씀), 핀, 투명 케이스4. 전면 필름 붙어있음5. 케이스와 필름 따로 구매했는데 ㅠ.ㅠ- 쇼핑몰 후기에 출고시 붙은 필름과 케이스 안좋다고 해서 구매했는데 좋음 - 낚인거 같음.6. 사은품- 복합기, sk알뜰폰 유심",5
1,제품 잘 받았습니다. 주문하고 다음날 받았어요. 동영상후기 올렸지만 박스포장도 완벽하네요. 박스안에 한번더 박스포장 되어있고 그 안에 대왕뾱뾱이로 본품 잘 포장되어있구요. 노트20 울트라 본품이야 삼성제품이고 사용해봐서 믿고 구입합니다. 가격대가 있는만큼 오래쓰게됩니다.,5
2,사은품도 잘왔고 7월 폰이네요.자급제라 안쪽 어플도 깔큼해요약정할인 받아서 요금깍기 딱입니다.다만 택배가 던저졌는지 찌그러져왔어요문앞이 아닌 엘베에서 대충 쓱 밀고 던져서집 근처로 두고간듯합니다ㅜㅜ배송은 하루만에와서 빨라요안에 젤리케이스가 생각보다 커버가 잘되요,5
3,"빅스마일 할인 받아서 구매 했어요.* 17일 주문 -> 18일 오후 배송 하루만에 왔어요.다음날이 휴일이라 유심때문에 바로 유심기변 안하고, 테스트겸 전원 켜서 미리 설정만 해 놨다가 23일 유심 착장 후 지금 사용 해 보고 있어요.기존 폰을 6년 정도 써서 그런가 새폰이 좋긴 좋네요. 화이트랑 브론즈 색상 고민 했는데..화이트 실물은 보지 못했지만, 브론즈색상 이쁘네요. 색상 맘에 들어요. 근데 구매 당시엔 몰랐는데 출시 초기에 불량으로 문제가 있었던.. 카메라 초광각 렌즈 유격과 베젤과 tsp 사이뜸이 제가 받은 제품에 있어요. 카메라는 작동만 잘 되면 뒤면이라 상관이 없는데..베젤 사이뜨는건 눈에 보이네요. 유튜브보니까 교품 받았던데..근데 오늘 처음으로 케이스 껴봤는데 케이스 끼면 가려서 안보이긴 하던데..사이뜸으로 먼지 엄청 낄것 같고, 방수나 시간 지나면 문제 있지 않을까 생각 드는데..뽑기운이 없네요ㅠ 그래서 지금 고민 중인데..시간 내서 센터 방문 해 볼려구요.",5
4,삼성 제품 구입하고 앞으로 모든일 이 잘 되길 바래봅니다. 줄 곳 삼성 갤럭시 제품과 인연을 맺고 있는데 이 번에는 3년 아니 그 이상을 사용하기를 기대해 봅니다. 외장메모리는 삼성 에보 플러스 512GB를 장착했습니다. 케이스도 정품 항균 LED  뷰 커버를 사용했으며 카툭튀로 인하여 후면 고성능 카메라에는 짐작하시다시피 강화유리를 부착했습니다. 전면은 원래 필름이 부착되어있다고 합니다. 충전은 기존 S9+에서 사은품으로 제공했던 고속무선충전기를  사용해서 충전을 시작했습니다. 100%  완충을 실현합니다. 기존 제품들 보다 실제인 체감은 막연한 무거움은 전혀 아니라고 봅니다. 오히려 가볍게 느껴집니다.  저도 유튜버들의 평가를 탐독하고 구입했기에 이질감은 없으니 삼성전자에겐 유튜버들이 일등공신이고 구매예정자에겐 상당한 길잡이가 되어서 무척이 좋았습니다. 50% 할인 혜택으로 주어지는 갤럭워치 와 갤럭시 버즈 라이브도 구매해야 할지 무척 고민됩니다. 이상입니다,5
5,쓰던폰이 상태가 안좋아지고 있던중 노트를 써보고 싶어서 알아보고 있었는데 때마침 라방이하여 구매하게 되었네요.노트20  울트라 전체 외관은 다들 광고부터 사진까지 다들 보셨을테니 패스~브론즈 색상은 빛에따라색이 변하더라구요.그래서 핑크같이 나온 사진으로 첨부해봤어요.기능들은 찾아보면 상세히 글 잘 쓰신분들 많으니 패스~개인적으로 아쉬운점  하나만 이야기하겠어요.처음 받아서 이리저리 보다보니 카메라가 조금 어긋나 있더군요.알아보니 꽤 많이 이런 제품이 나왔나보더라구요.가격이 저렴한것도 아닌데 맘이 상해서 A/S센터까지 가봤으나 이정도는 정상이라고 해줄게 없다는말만 반복...삼성폰 처음 사봤는데 실망..이렇게 어긋난게 많은건 기기디자인이 처음부터 잘못되어서임을 모르지 않을텐데도 사람이 조립해서 그럴수 있다며 정상범위라고 안내하는거보니 정말 실망되더라구요.노트 기대가 컸는데..아쉬움만 남는 만남이되어버렸어요.,5
6,"LG  V50 쓰다가  분위기  쇄신차원에서 바뀌봤네요.폰이 거기서거기라,  큰장점은 모르겠는데  고장없이  잘써야죠^^기본 실리콘케이스가 들어있네요.  버들이어폰 연결방식이  C타입 충전구에  연결방식이라 기존 이어폰을 못쓰는단점이 있네요.  요즘다 무선사용하나? ?S21울트라와 비교하다가  노트가 더 가볍고,확장sd도  가능하고,색상이 로즈골드가 가능하여  이걸루 선택했네요.    만족합니다^^",5
7,배송은 예상날짜보다 빨리 왔네요받자 마자 미리 준비한 카메라 보호필름과 보호커버를 씌웠습니다.출고전 충전이 66%라서 동봉되어 있는 급속 충전기에 물려 놓고 잠시 일 때문에 나왔습니다.집에 가서 스위치어플로 데이터 옮기고 유심과 외장메모리를 끼우면 됩니다.2년전 구입한 노트9울트라는 가족에게 줄 예정입니다.잘 쓰겠습니다.,5
8,S21울트라와 계속 고민하다 구매하였습니다.S21울트라는 무거운 감이 있었는데 노트20울트라는 상대적으로 괜찮은 것 같아서 잘 산 것 같습니다.배송상태는 꼼꼼하게 잘 포장되어 안전하게 되었습니다.사은품도 모두 들어 있었습니다.본품도 특별한 문제없이 양호합니다.잘 사용하겠습니다.,5
9,"아이폰 미니만 오매불망 기다리다가 고민끝에 결국 노트를 구입하게 되었습니다 ㅎㅎ(기존 아이폰 se사용) 
너무 마음에 들고 노트로 오길 잘했다는 생각이 가득 드네요^^ 스마트폰 갤럭시는 처음 써보는데 너무 괜찮고 특히 에스펜 굿입니다~~
이젠 큰폰만 찾게될 것 같아요 ㅋㅋ 작은거 보니 눈아파오네요 저걸 지금까지 어떻게 썼는지 ㅋㅋ
버즈라이브도 좋네요 귀 구멍이 작은편이라 좀 아프긴 한데 느슨하게 끼고 있어요 좀만 더 작았으면 진짜 100%만족이었을것 같아요 감사합니당 너무 맘에 들어서 상품평 작성하였습니다.",5
10,8.24 구매 8.28 수령했어요! 한 16시쯤 받았어요~ 우리 남편 폰 바꿔주려고 샀는데 너무 좋아해서 제가 다 행복하네요! 이럴 줄 알았음 사전예약 할 걸ㅜㅜ 사전예약을 못해서 저렴한데 찾다가 여기로 구매했어요~ 아직 남편 약정이 남아있어서 약정폰으로 하면 위약금도 있고해서 그냥 자급제로 샀어요! 5G요금제 비싸기도 하고ㅜㅜ아직까지 그렇게 상용화되지 않은 것 같아 일단 LTE요금제 쓰려구요 21년 1월 약정 끝인데 그 때 그냥 선약해서 지금 요금제에서 25%할인 받으려구요~ 하나카드 만들어서 구매했는데 얼마 몇개월 쓰는 조건 없어서 너무 좋아요! 할부만 끝나면 바로 해지하려구요~ 습기에디션은 일단 좀 지켜봐야겠어요! ㅎㅎㅎ 감사합니다~~~아 그리고 기본으로 오는 건 사진에 있는 거랑 케이스(카메라 보호 없음) 유심 바꾸는거? 왔어요~! ,5
11,cj택배대란으로 걱정했는데 택배 이틀만에 왔구요ㅎㅎ 택배수취 확인하자마자 회사에서 택시타고 가져왔네요ㅎㅎ 분실될까봐 걱정했는데 물품 이름 까맣게 지워주셔서 분실 안됐던 것 같아요ㅎㅎ 가개통제품 올까봐 결제를 계속 고민했었는데 확실하게 미개봉으로 왔습니다ㅎㅎㅎ 젤 재고가 많지만 그래도 시그니처 색상을 구매했는데 로즈골드빛이 짱 예쁘구 고급지구 혼자 다하네여! 전 이만 케이스 사러 가야겠습니다ㅎㅎ 빠른 배송 감사합니당？？,5
12,배송은 확인하고주문했었고 예상날짜대로 도착!월요일이른아침주문 다음날 택배아저씩저녁에도착^^이정도면지방치곤빠른편^^ 쿠폰.카드청구받았음에도 타사에비해 좀비싸나 버즈라이브득템이라는^^하이마트직배송이라 제품갖고장난칠거같지않아서 더더믿음.일전에 타사이트자급제샀다가 재포장판매한걸받은적있으서 불신이 마구솟은상태라ㅎ결국환불받긴했지만.만족만족만족,5
13,자급제폰 구매하려고 여기저기 비교하다 쿠폰도 있고 카드할인도 받아서 다른곳보다 저렴하게 구입했어요비싸긴하지만 다른곳보다 저렴하게 사서 좋았구요사이즈가 약간 크긴한데 얇아서 그런지 그립감이 정말 좋아요만족합니다,5
14,부모님 폰인데 네이버에서 8월 12일에 갤놋20 이벤트해서 주문했는데 물량이 밀려서 27일에 받았고 사정이 있어서 방금전에 개통했네요. 놋20 울트라 진짜 보는거와는 달리 너무 예쁘고 잘 작동되어서 너무 좋네요. 모처럼 휴대폰 덕분에 자식 된 노릇해서 기분 좋습니다. 빨리 개통해드릴렸고 했는데 2주넘게 기다려야해서 중간에 취소해야하나 고민했었는데 물건 받아서 셋팅하고 좋아하시는 부모님 뵈니 걍 괜한 걱정했나 싶었네요ㅋ 코잇 덕분입니다. 많이 많이 파시고 앞으로 휴대폰 살때 다시 찾아오겠습니당~,5
15,"스마트폰을 3년 이상 사용하다보니 기능이 저하되어 구입을 고려하던 중,모바일로 하이마트 홈페이지를 검색하다가 좋은 기회를 얻어 갤럭시노트20 울트라를 삼*디지털프라자보다 더 좋은 조건으로 구입하게 되었습니다.와이프 것도 같이 구입했는데 배송도 빠르군요.",5
16,발송예정일보다 일찍 와서 놀랬어요!무사히 도착했구 특이한 이상없어 바로 데이터 옮기구 유심꽂구 어제밤부터 사용중입니다!전에 기기도 노트시리즈여서 크게 변화는 모르겠구색상이 넘이뻐서 자꾸 전화기를 뒤집어 놓게 되네요!감사합니다^^,5
17,. 금요일에 S20 울트라와 워치3 같이 주문해서 다음날인 토요일 아침에 바로 받았어요. 얼마나 좋아졌겠어 했는데 확실히 카메라도 좋고 S펜 반응속도도 빠르네요. 아직 카메라 쓰는게 어색하지만 앞으로 아깝지 않게 활용하려구요. S9+에서 노트20울트라 넘어왔는데 대만족 입니다.,5
18,"하이마트 배송은 정말 빠릅니다. 2월 18일 입금해서 다음날 19일에 왔고요. 살짝 아쉬운 점은 제가 샀을 때는 정가 1,4520,000원을 70,000원 할인해서 1,382,000원에 샀는데, 이번달에 83,000원이 더 할인되서 총 153,000원이 할인되서 1,299,000원이 됐네요. 조금만 더 있다가살 껄 그랬네요. 왠만한 아이폰보다 비싼 갤럭시노트20 울트라. 가격은 비싼 편이지만 높은 사양을 생각한다면 좋은 가격입니다. 품질도 좋아요. 만족합니다. ",5
19,코로나로 인해 배송이 많이 늦어지긴 했지만 화면도 넓고 부드러운 움직임이 상당히 만족스럽습니다. 아직 쓴지 만 하루도 되지 않아 정확히 뭐라히기엔 어렵지만 전반적으로 만족합니다. 터치감은 확실히 좋아진 느낌이 들어요. 슬라이드 움직임이라든가. 연결 usb는 컴퓨터에 연결할 포트가 없어서 (양쪽 다 c타입) 새로 구매해야겠네요. 이어폰도 c타입이어서 컴퓨터엔 쓰지도 못합니다.. 이점들은 좀 아쉽습니다,5
20,속도도 빠르고 화면 큰 것도 좋은데...요즘은 보급형도 꽤 크게 나와서 차별성이 떨어지는 것 같습니다.사용하면서 정말 불편한 건 지문인식이 진짜 거지 같네요..LG폰은 지문인식은 갑이었는데...특히 이 제품이 문제인지 모르겠지만 내 폰인데도 열리지 않고 여러번 실패할때마다 쌍욕이 나오네요!!!,5
21,"갤럭시노트S20울트라 말이 필요없는 최고의 스마트폰이라고 할 수 있지요. 성능 디자인 모두 만족합니다. 사은품중 우산은 너무 작아 차안에 비상용으로 두었고, 무선충전패드는 갤럭시 버즈도 충전이 잘되어 편하게 사용하고 있습니다.",5
22,s9+쓰다가 넘어오니화면이 시원시원하고 좋습니다그립감도 크기에 비해서 좋구요각진 전면 디스플레이가 이뻐보이더라구요색상도 평범한 화이트가 아니어서 더욱 이쁘네요제원상 무게차이가 남에도 안느껴지네요도리어 s9+보다 가벼운느낌이에요잘쓰겠습니다,5
23,오랜만에 바꾸니 좋네요. 노트8도 좋은 폰이지만 배터리가..너무 빨리 닳아서 바꿨어요.누가 노트8 새것 싸게 준다면 그걸 샀을지도..ㅋㅋ큰 차이는 모르겠어요.카메라  옆구리에 뭔가 홈이 있어서 네이버로 찾아봤네요.11월 말일에 포인트 들어오길.최신폰이라 샀는데 깔맞춤으로 좋아요,5
24,배속 빠르게 옴.가격은 뭐... 다 거기서 거기지만 비싸지않게 샀다고 위로해 봄.거짓말 조금 보태서 적당한 컴퓨터 본체 하나 새로 세팅하는 느낌.용량은 역시 졸X 큼. 대용량 짱.배터리 따로 구매 안되는 건 구림.SD 카드 사용 가능한 건 좋음.S펜 조하.속도 조하.가입 조건 없는 거 편안~,5
25,아쉽게도 제조일자가 1월이네요ㅠ한참고민하다 그냥 제품씁니다. 막쌍 써보니 생각보다 더 노울 좋네요. 요즘 s21울트라 세일엄청해서 노트가 더비쌌지만.무게나 외장메모리 장점이 너무커서 비싸도 만족합니다.---‐-----------------------사은품으로 온 무선충전기 사용한지 하루도 안돼서 이렇게 됨ㅎㅎㅎㅎㅎ 터질까봐 무서워서 못쓰고 구석에 처박아둠. 어차피 작동도 잘안됨ㅎㅎㅎㅎ 무선충전기 사은품 기대하지 마시길;; k 마크가 무색할정도ㄷ,5
26,드디어 기변을 했네요~ㅋ갤럭시노트 20  울트라 브론즈 색상.색상은 사실 케이스를 사용해서 그다지 의미는 없구요~집에서 자료 옮기고 유심 뽑아 바로 사용가능하니 역시 이맛에 자급제 폰 구매하는거겠지요~한가지 엄청 기분 나쁜건..배송지에 택배가 도착해놓구선 정작 배송은 3일 후에나 이루어졌다는것..게다가 택배박스도 찌그러져 있고~;;;;엄청 찝찝하고 불쾌해서 기분 나빴음;;이건 택배사 문제니깐 판매자님 필히 항의하세요~~!!다행히(?) 사용하는데는 지장 없어 구매결정합니다.,5
27,"자급제로 구매했습니다. 제품은 매우 만족하였으나,하이마트측과 배송부분에서 아쉬운 점이 있어 만족스러운 구매는 아니었던거 같습니다.@하이마트1. 예약번호 발송일정 미공지사전예약 사은품에는 ""조기종료될수있습니다""문구가 있어 구매자 입장에서는 빨리 신청하고 싶은 입장이지만, 예약번호 발송일정에 대해 정확한 공지가 없었던점.차라리 0일~0일발송분>0일 예약번호 발송과 같은 안내가 있었으면 불만없이 기다릴 수 있었을거 같음. 하다못해 발송완료후 3일내 안내 해 드립니다라는 두루뭉술한 문구라도... 결국 콜센터에 전화해서 물어보았더니, 상담원님도 ""오늘중에발송""까지만 알고 시간등에 대한 내용전달은 못받으셨던 것 같음@롯데택배1. 배송시요청사항에 ""전화먼저주시고 부재시 무인택배함에보관해 주세요""라는 문구를 넣었음에도 전화한통없이 현관문 앞에 택배가 놓여있던점개인적인 일정으로 요청사항대로 제품을 받았어야 하나, 150여만원에 달하는 제품이 집 앞에 덩그러니 놓여있게 된 상황이었음. 분실됐으면 어떻게 책임지려고 배송을 이렇게했는지... 차라리 배송요청사항을 없애시던가.....이번이 하이마트에서 두번째 핸드폰 구매고, (노트8, 노트20울트라)보유하고있는 엘포인트가 많아서 타 자급제 판매처보다는 하이마트를 이용하게 되었는데, 판매처와 배송처의 안일한 업무 처리때문에 다음 핸드폰 구매 때는 다른채널 이용을 심각하게 고려 하게 될 것 같습니다.롯데택배의 경우 배송기사님에 따라 차이는 있겠지만,집현관문이 외부에 노출되어있거나, 사람들이 많이 지나다니는 곳에 현관문이 있는 곳에서 주문하실경우 심각하게 고민 해 보셔야 할 문제일거같네요.",5
28,"개봉하지 않은 완전 새제품인거 확인하고 샀어요. 미개통,새상품이라면서 전시용품이나 반품된거, 또는 가개통폰을 파는곳이 많아서요.배송도 빠르고 원하던 폰 사서 기분 좋아요~신한카드 22개월 무이자할부로 사니 부담도 없고유심 꼽지도 않았는데 구글계정 로긴하니 기존폰에서 쓰던 앱이 알아서 깔리네요.기존요금제로 사용하니 더 좋은거 같아요.ㅋ",5
29,매우 만족합니다.기기를 만져보면서 점검하다보니 구매후기가 늦어졌습니다. 제품도 뾱뾱이에 둘러싸여 제품 박스에 상처하나 없이 깨끗하게 왔습니다.선물용으로 구입한 거다보니 걱정이 되었는데 정말 감사합니다. ^^기존에 사용하던 LTE유심을 빼서 꽂아보니 2번 정도의 재부팅후 정상 동작을 확인하였습니다.기본 구성품으로 실리콘 케이스와 고속 충전기가 모두 들어있어 S21에 비해 잘 구매했다는 생각이 듭니다.,5
30,주문후공휴일제외 2일만에 도착해서 배송은 빠른편입니다. 인터넷에서 노트20울트라가 많아서 선택을 고민하다가 믿을수 있는 업체라고 생각해서 구매하게 되었습니다.노트20울트라의 제조일자가 21년 1월이라 조금 아쉽긴하지만 핸폰의 성능은 만족합니다.그리고 사은품에대해서는 넘 급이떨어져서 차라리 단돈 1~2만원이라도 할인을 해주시는게 나을듯 합니다.,5
31,"사전예약인데 혜택이 일반 통신사 혜택보다 못한게 많이 아쉽네요. 예약번호, 개통 안내도 제대로 표기되어있지않고 (유심만 장착하면 되는줄 알았는데 안되어서 통신사 대리점에 가니 8/14부터 개통된다고 하더군요) 예약번호도 언제 보내준다 말이없고 고객은 무작정 기다려야하고...) 박스도 너무 부실하게 포장되어있어서 개봉할때 그닥 기분은 좋지 않았어요. 처음한 사전 예약이었는데 괜히했나 싶을 정도입니다 ㅡㅡ",5
32,"6월 마지막 주에 구입 했는데 처음으로 온라인구매
했지만 10일넘어 7월6일날  음~~주문 취소 할려고 하니
배달된다고 열라와서 받아지만 중간에 도대체 
배송희망일짜는 장식이고 배송된다고 하는 날짜 4번인가 변경되고 음~~ 50%쿠폰 이벤트 종료하는
날까지 안보내주고 참~다음에 그냥 다른 곳에서

",5
33,너무 좋으네요..빅스할인까지해서 가격도 좋고요..최신제조 5월달 제품으로 보내주셔서 감사드립니다.스마트 트위치로 하니 데이터이동도 간편하니 너무 좋으네요..속도도 엄청 빠르고 기능도 많아서 배우기 바쁘네요.좋은 제품에 사은품까지 구매하게 해주셔서 감사드립니다^^*,5
34,"우선 빠른배송이 좋구요. 포장도 아주 깔끔하고 안전하게 해서 발송됐네요.구성품은 양쪽끝 c타입 캐이블, c타입 이어폰, c타입 충전기에 젤리케이스가 박스안에 같이 있어요.화면을 보니까 필름이 붙여져있는거같아요 ㅎ크기는 큰데 부게는 아주아주 가볍더라구요",5
35,노트20울트라 구매를하기위해 찾아보는데 다들 전시용 폰을 팔길래 짜증이 나 있던차에 미개봉이라고 적혀있어 우선 전화로 확인을 하기위해 연락을 드렸는데 굉장히 친절하시더라구요. 미개봉 미사용 맞다고 하시길래 바로구매하였습니다. 바로 배송해주시더라구요. 수령하기까지 14시간?만에 받은거같습니다. 상품은 미사용 미개봉 맞았구요 물건 많이 파셨으면 좋겠어요!,5
36,하루만에 배송 받았구요.kt대리점 방문해서 일반기변 신청할거라아직 유심은 꽂지 않았어요.fhd이지만 120hz라 큰 화면이 움직임 부드럽네요.카메라 성능은 더 써봐야 알겠지만망원카메라 사용시 어느 지점을 찍고 있는지가이드 화면이 나오는 기능이 좋네요.사전구매 이벤트도 미리 신청했네요.이제 대리점만 가면 됩니다.2년뒤엔 대리점 안가도 되기를...,5
37,배송 빠르고 최근 제조된 제품으로 배송 받아 만족합니다~ 다만 6월 말일에 주문하는바람에 6월 이벤트쿠폰을 사용 할수가 없었다는거~~ 하루나 이틀 빨리 주문했더라면 사용가능 했을텐데 아쉽네요ㅠ 그래서 1일날 배송 받았지만 폰 사용 아직 안하고 보관중ㅋㅋ 최근제조라 별이상은 없겠죠!!!,5
38,만족합니다. 아내가 매우 좋아합니다. 다행이고.. 노트4를 쓰던 아내에게 미안함이 먼저 크고 이 기회에 알뜰폰으로 무제한 요금제도 넣어 놨습니다. 사전예약 자급제로 할꺼면 알뜰폰 무제한으로 해야되겠죠. 선할인 후 약정.. 뭐가 더 유리한지 계산을 해보면 전 자급제폰 추천입니다.,5
39,믿고쓰는 갤럭시 프리미엄 라인이라서 딘딘님 생방시작하자마자 구매했습니다. 배송도 25일에 와서 생각보다 빨리 받아서 좋았어요 근데 단말기 박스에 imei 스티커 하나 떼져서 왔더라구요 왜그런건지... 스티커 하나 떼진거 말고는 다 좋습니다예비신랑 결혼선물로 사준건데 엄청 좋아하고 잘쓰네요,5
40,"노트20울트라 배송도 엄청나게 빨리왔네요.요즘 코로나 때문에 2-3일 정도 예상했는데 하루만에 왔고요, 개인적인 일때문에 하루뒤 개통컴퓨존 홈피에서 컴퓨터 부품들을 구매해 왔던터라컴퓨존 이름이 뜨길래  믿고 이곳에서 자급제폰을 구매했네요. 개통하고 이것저것 깔고 이제야 글 남깁니다. 속도 성능 모두 만족합니다.",5
41,블랙 너무 멋져요. 갤노트 2 -> 5 -> 8 -> 20 으로 4대째 사용중입니다. 그런데 크기가 점점 커져서 바지 뒷주머니에 넣기도 부담이 됩니다. 카툭튀가 거슬렸는데 기본으로 제공되는 투명커버 씌우니까 좀 낫습니다. 더 사용 해 봐야겠지만 펜 사용이 좀 더 실감나게 재미있고 반응이 빠릅니다. 갤폴더나 갤플립과 직접 비교는 불가능하지만 가성비 좋다고 생각 됩니다.,5
42,"자급제로 구매했습니다. 제품은 매우 만족하였으나, 하이마트측과 배송부분에서 아쉬운 점이 있어 만족스러운 구매는 아니었던거 같습니다.@하이마트1. 예약번호 발송일정 미공지   사전예약 사은품에는 ""조기종료될수있습니다""문구가 있어 구매자 입장에서는 빨리 신청하고 싶은 입장이지만, 예약번호 발송일정에 대해 정확한 공지가 없었던점.차라리 0일~0일발송분>0일 예약번호 발송과 같은 안내가 있었으면 불만없이 기다릴 수 있었을거 같음. 하다못해 발송완료후 3일내 안내 해 드립니다라는 두루뭉술한 문구라도... 결국 콜센터에 전화해서 물어보았더니, 상담원님도 ""오늘중에발송""까지만 알고 시간등에 대한 내용전달은 못받으셨던 것 같음@롯데택배1. 배송시요청사항에 ""전화먼저주시고 부재시 무인택배함에보관해 주세요""라는 문구를 넣었음에도 전화한통없이 현관문 앞에 택배가 놓여있던점개인적인 일정으로 요청사항대로 제품을 받았어야 하나, 150여만원에 달하는 제품이 집 앞에 덩그러니 놓여있게 된 상황이었음. 분실됐으면 어떻게 책임지려고 배송을 이렇게했는지... 차라리 배송요청사항을 없애시던가.....이번이 하이마트에서 두번째 핸드폰 구매고, (노트8, 노트20울트라)보유하고있는 엘포인트가 많아서 타 자급제 판매처보다는 하이마트를 이용하게 되었는데, 판매처와 배송처의 안일한 업무 처리때문에 다음 핸드폰 구매 때는 다른채널 이용을 심각하게 고려 하게 될 것 같습니다.롯데택배의 경우 배송기사님에 따라 차이는 있겠지만,집현관문이 외부에 노출되어있거나, 사람들이 많이 지나다니는 곳에 현관문이 있는 곳에서 주문하실경우 심각하게 고민 해 보셔야 할 문제일거같네요.",5
43,색감이 실물로 봤었음에도 불구하고 예뻐요. 카툭튀가 심해서 카메라강화유리도 사고 그립톡도 사려고요.그립톡때문에라도 카메라보호가 되지않을까 싶어요. 사진 테스트삼아 찍어보니 어마어마하네요. 음향은  작게 들리는 느낌..일단 전반적으로는 만족합니다.,5
44,타사랑 고민하다 울트라로 결정하고 부터는 색상 고민인데 결국 케이스 색이 결정한다는 부모님 말 듣고 배경색은 역시 화이트다 싶어 구매했는데 무슨 케이스든 어울림. 기기 장단점은 유투브 보면 자세히 나오니 생략 갠적으로 한손에 들고 키보드 입력도 가능한지라 큰화면도 맘에 듦,5
45,"결제 후 다음 날 택배를 받았습니다.에어켑으로 이중, 삼중 꼼꼼하게 포장이 잘 되어 있었습니다. 제가 주문한 모델과 색상에 맞게 배송 되었습니다. 제가 받은 건 제조일자가 2020년 11월로 비교적 최근 제조품이고 구성품도 빠짐 없이 다 포함돼 있었습니다. 자급제폰이라 기존에 사용 중이던 유심을 꽂으니 바로 인식되었고 지금까지 기기 의 이상 없이 잘 사용하고 있습니다.좋은 제품, 빠른 배송에 매우 만족합니다.",5
46,배송엄청빠르고  완전 좋네요.. 여기 상담해주는 여직원분이 엄청 친절하세요~  미개봉이라 좋아요~ 이거 잘알아보고 사야지 가격은 비슷한데 전시 상품 파는데도 있어여... 아이폰이랑 고민하다가 이번엔 왠지 노트가 끌리더라구요.~ 카메라 엄청 좋네여~,5
47,미스틱브론즈 주문했는대 화이트로 수정되어서 받았읍니다.화이트라 깔끔합니다. 포장도 깨끗하게 되어왔고 배송도 이틀만에    왔읍니다. 신경써 주셔서 감사하구요..참 무엇보다 가격을 다른곳에 배해 많~~이 저렴하게 구입하게되어 기분 좋으네요.폴드2...도 저렴한 가격에 나오길 기대해볼께요~잘 사용하겠읍니다.,5
48,근래 나온 삼성폰중에 최고의 디자인입니다. 특히 m>화이트는 넘 이쁘네여. 성능은 s20u보다 너프되었다는데. 실사용은 카메라포함 큰 차이 없습니다. 오히려 카메라는 레이저포커스로 바ㅟ고 촛점바보에서 벗어났구요.  초기 결함은 없었습니다 다행이죠.,5
49,주말에 주문해서 화요일에 바로 받았어요 늦어질 줄 알았는데 배송 완전 빨라요 ㅎㅎ 색상만 다른 핸드폰 2대 샀는데 하나는 3월 하나는 1월이라 그런지 소프트웨어 업데이트 된 상태가 달라요 ㅋㅋ 처음에 핸드폰이 다르길래 뭔가 했는데 소프트웨어 업데이트 차이네요,5
50,14일부터 사용할수 있다니 휴대폰 빨리 받고도 쓸수가 없네요. 색상 이쁘고 사용해 봐야 좋은지는 알수 있을듯해요. 노트 5보다 조금더 길어요.  사은품 신청 하려 접속하니 유심을 아직 못 읽어서 그런건지 주문번호로 신청이 안되구요.저만 그런게 아니라면 이유를 상품 설명쪽에 공지를 해 놓으셨음 좋았을텐데 오늘 전화해 봐야 겠네요. 아무튼 이쁜 노트20 울트라 잘 쓸께요.,5
51,미개봉씰을 누가 손톱으로 뜯으려고 들어내다가 도저희 안되서 반품한 제품을 보낸것같습니다. 씰이 손톱으로 벗기다만 흔적이 있더군요 제품에는 문제가 없어 그냥 사용하지만 가격이 나가는만큼 꼼꼼한 검수는 필수일것 같습니다.,5
52,"요금제가 부담스러워서 자급제 사는데 최저가가 120이였어요.10월 이벤트 참여하려고 부랴부랴 사려고 목욜 저녁 주문했는데금욜 발송해주시고 토요일에 받아서 바로 유심꼈어요. 쿠팡이나 위메프,하이마트중 젤 저렴해서 여기서 샀고 여기가포장제일 잘해주신다길래 구매했는데 대만족입니다.",5
53,"다른ㄱ늣보다 포장에신경써서 보내주시는것같아 주문했습니다. 배송도이틀걸렸어요.빠르고안전하게 배송되었어요. 색상도이쁘고,제품도 정품에 새제품이라 만족합니다. 제조일자도 확인해보니202010월이네요. 잘쓸께요~~번창하세요!",5
54,"노트20 울트라인 인기 때문인지 몰라도 배송이 좀 지연 되었지만, 친절한 지연 안내와 배송 시 제품 손상을 우려해서 뽁뽁이를 왕창 감아 배송해주신 점에 대해 감사드려요.오늘 저녁부터 휴대폰 셋팅에 시간을 다 보낼 생각에 아찔하지만행복합니다 ㅋㅋ",5
55,자급제폰 구매하실분 연락주세요ㅠ업무용으로 투넘버 사용하는데 자급제폰을 사용하면 투넘버가 불가해서 어쩔 수 없이다시 통신사폰 구매해야하네요ㅠ브론즈 색상이구요 착한가격에 드리겠습니다(박스오픈해서 반품을 못하는 슬픈현실)8710구88공 문자.전화 편하신대로연락주세요ㅠㅠ,5
56,사은품 신청하느라 고생햇지만 상담원분들 친절하게 설명해주시고 알아봐주셔서 해결했네요. 사전예약과는 다르게 현재 초기구매 사은품을 신청해야하므로 삼성멤버스에 들어가 어딘가에있는 초기구매혜택 사은품신청에서 해야햐합니다. 그림도 똑같은데 사전예약 초기구매 글씨만 다르네요 ㅠㅠ 암튼 멀쩡한폰으로 잘왔고 사은품신청 잘했습니다,5
57,배송은 배송시작 다음날 도착해서 나쁘지 않았습니다. 제품도 크게 문제는 없어보이는데 좀 더 써봐야 알겠죠 오늘 개통됐으니. 근데 사은품관련 정보는 빨리 보내주시는게 좋을거같네요. 상품재고에 따라 신청이 안될수가 있으니 ,5
58,아주 만족스럽네요. 요즘 롯데온 상품들 가격이 좋아서 종종사는데 그중 사은품 이것저것 많이 챙겨주는 노트20울트라도 만족스럽습니다.,5
59,"신랑 생일 선물로 자급제 구매 했어요. 5G 쓰기 싫어서 초기부담이 커도 자급제로 샀고, 대 만족이에요. 노트8쓰다가 노트 20울트라로 넘어온건데 남편도 아주 좋아해요.",5
60,"노트 시리즈야 말할 것도 없는 삼성 최고의 플래그십이죠. 엑시노스 대신 스냅드레곤 865를 사용해서 성능도 만족스럽구요. 무엇보다 노트 21은 나오지 않는다고 하니, 노트20 울트라 자급제 구매해서 오래 쓸라고 합니다.",5
61,빠르고 안전한 배송으로 놀랐습니다. 포장 상태도 완벽했습니다.,5
62,가격 나쁘지 않게 잘 샀어요.블랙이랑 화이트도 좋지만 브론즈미스틱 매개봉 넘나 비싼 것... 금액대 괜찮은 거 겨우 찾아서 구매. 잘 쓸게요. 많이 파세요!,5
63,"배송이 빨라서 너무 좋고, 봉인씰도 흔적없이 잘 붙어있슴 근데 필름위에 살짝 기스있는거 아쉽",5
64,작동 잘 되네요.. 빠른 배송입니다,5
65,전날 밤에 주문했는데 다음날 오전에 왔습니다. 배송사항을 카톡으로 받아서 안전하게 받았고요. 복합기랑 유심칩 사은품으로 받았습니다. 제조일은 202107 이네요. 😊,5
66,안깨지도록 포장을 정말 꼼꼼히 해주셨어요 ㅋㅋ 이쁘게 잘 사용하겠습니다 ㅋㅋ,5
67,"생각보다 빠른배송, 그리고 구매 후 메세지로 사은품 안내도 너무 친절했습니다.",5
68,최고입니다 좋아요 추천,5
69,저렴하게 잘 샀어요~ 사은품도 잘 받았습니다^^,5
70,사용해보니 생각보다 무겁지는 않았습니다.노트5 쓰다가 넘어온건데 역시 크긴 크네요.사은품도 모두 잘 왔고 택배박스가 생각보다 작아서물건이 다 안 온줄 알았습니다. ^^;;동영상 화질 대만족입니다~!!!,5
71,포장 매우 깔끔하구요. 하루만에 왔습니다.,5
72,택배사 오배송으로 배송차질은 있었으나 제품엔 문제 없었어요! 새거 좋네요!,5
73,엄마 선물로 구매했는데 너무 만족하세요!! 좋은 상품 감사합니다~,5
74,8월 행사로 좋은 가격이 구매했습니다.삼성 복합기는 별로 필요가 없어서..정품케이스나 보호필름 이었으면 좋았을텐데 아쉬움이 넘네요배송은 빠르고 포장도 깔끔하게 왔어요 👍 ,5
75,자급제로 싸게 구매하여 잘 사용하고있습니다 다음에도 여기서 구매할께요 감사합니다 번창하세요!,5
76,아버지 사드렸는데 멀리계셔서 아직 개통은 못해드리고 있습니다. 잘 켜지고 작동은 이상없이 잘 되네요. 색상도 마음에들고 제조년월일도 최근거라 마음에 듭니다. 잘 사용할게요. 감사합니다.,5
77,배송빠르고 마음에 듭니다,5
78,2일 차이에 제가 사용하는 카드 10% 청구할인이! 청구할인 %가 복불복인게 살짝 아쉽지만 물건은 만족합니다,5
79,음청 커요 ㅋㅋ 무겁지만 괜찮아요. 내사랑 엘지폰이 안나와서 갤럭시로 ㅜㅜ,5
80,잘 받았습니다.노트를 처음 써봐서 그런가 생각보다 묵직한데 새 폰이라서 빠르고 좋습니다.자급제 폰 사용도 처음인데 바로 USIM 넣고 켜니 잘 작동합니다. 무선충전패드까지 챙겨주셔서 감사합니다. 잘 사용할게요 .,5
81,착한가격에 빠른 배송 감사합니다  증정품도 잘 도착했구요 친절한 전화상담도  고맙습니다,5
82,외형에는 육안으로 이상 없는것 같아요.렌즈도 잘나온것같구요 ㅎ색상도 예쁘네요~!,5
83,배송도 빠르고 전시상품 아닌거 찾기가 힘들었는데 포장도 잘해주셔서 좋네요,5
84,잘받았습니다 성능이 좋은거 같아요.노트4 사용중인데 체감되네요.ㅎ,5
85,빠른 배송에 감사드립니다많이 파세요.,5
86,하루만에 도착했어요 엄청빨라요 ㅎㅎ,5
87,배송빠르고좋내요 7월 생산품 입니다,5
88,제품 잘받았습니다! 잘작동하네요!,5
89,포장꼼꼼하게 잘 도착했어요!!,5
90,하루만에 배송와료되었습니다,5
91,데헷 드디어 새폰!  잘쓸게욧,5
92,상품만족 배송만족 가격만족입니다^^,5
93,잘 받았습니다 잘 쓸게요,5
94,빠르게 배송와서 좋았고 제품도 좋아요! 어머니 드렸는데 좋아하세요^^,5
95,잘받았어요검은색 시켯는데 품절이래서 화이트 받았어요묵직하고 고급지내요 좋아요 번창하세요,5
96,빠르고 안전한배송 감사합니다^^ 손수 손글씨까지 써주시고 서비스로주신 케이스도 잘쓰겠습니다~,5
97,배송빠르네요 포장은 너무허술해보임,5
98,월요일 저녁에 주문해서 수요일 아침에 받았어요!! 짱빠른 배송 감사합니다^*^,5
99,싸게 잘샀아요 감사합니다ㅎㅎ,5
100,총알배송 감사하고 노트20울트라 새제품 잘받아서 사용중인데 너무좋네요,5
101,배송빠르고 제품상태좋아요~~~,5
102,만족합니다.많이 파세요,5
103,배송 매우 빨라서 좋았습니다. 포장도 잘해주셨네요. 자급제폰은 첫구매라 걱정했었는데 좋은 상품 정말 잘 받은거 같아요. 나중에도 여기서 구매하고 싶네요. 잘 사용하겠습니다.,5
104,화면이커서 사용하기좋아요,5
105,잘 쓰고 있어요! 좋아요!,5
106,빠른배송 감사합니다 ㅎㅎ,5
107,배송 빠르고 좋아요,5
108,배송도 빠르고 완전 새제품이고 믿고 살수있는곳이네요!  박스상태도 안찌그러져서 왔고 정말 만족합니다,5
109,화면도 크고 사용감이 맘에 듭니다오래오래 아껴써야겠어요,5
110,방금 물건 받아습니다 정말 배송기간 총알수준포장 상태 매우 좋습니다,5
111,주문한지 하루만에 배송되었다.품질 성능은 아직 쓸만하다고 생각한다가격이 많이 내려서 좋다 ㅎ,5
112,안전하게 배송잘왔어요. 감사합니다,5
113,좋아요! 배송도 빠르고 친절해요!,5
114,너무너무 좋아요 최고최고,5
115,배송도 빠르고 정상제품 잘 받았습니다~~,5
116,"초스피드 배송에, 미개봉 완벽합니다!",5
117,배송빠르구요 제품잘받았습니다 감사합니다,5
118,배송도 괜찮았고 좋아요 잘 쓸게요,5
119,핸드폰 교체하려던 차에 행사하고 있어 바로 주문했습니다. 배송도 빠르고 우려했던 카툭튀도 크게 거슬리지 않네요. 써봐야 알겠지만 아직까지는 마음에 드네요. 한 달뒤에  다시 재리뷰 하겠습니다. 번창하십시오.,5
120,너무좋아요 현존최강폰임!!!!,5
121,잘받앗어여 잘쓸게여,5
122,배송빠르네요감사합니다,5
123,카드행사 기다렸다 샀어요사진이 잘나와요첨부사진은 노트로 찍은 사진입니다,5
124,제품 빨리오고 좋습니다. 젤리케이스 넣어주신거 잘쓰겠습니다.,5
125,감사합니다 배송빠르고 좋네요! 번창하세오,5
126,좋아요 만족합니다.. 그리고 적당한 가격에 잘 샀어요 ~~  굳굳,5
127,다른곳에 더 저렴하게 팔아서 속상했지만...뭐 그래도 좋아요,5
128,구입한 다음날 할인 행사해서 마음이 아팠지만 좋네요,5
129,"토욜 결제 월욜 배송 화욜 12시전 도착,최고!!",5
130,"할인되고, 사은품 받고, 페이백까지좋네요",5
131,배송빠르고 좋습니다 역시 폰은 삼성이죠,5
132,노트펜도 너무 편하고 잘 쓰고 있어요,5
133,로켓배송과도 같은 속도였습니다.,5
134,우람하고 영롱합니다.,5
135,잘사용하고있어요^^,5
136,배송이 주문하고 하루만에 왔어요에어캡으로 파손안되도록 잘 포장해주시고 젤리케이스도 주셔서 감사합니다!!,5
137,제조월이 1월인거빼곤 좋아요.미개봉상태에서 제조년월땜에 반품하려했는데처리해준다고 해놓고 앚어부렀는지 안해주네요.귀찮아서 그냥씁니다,5
138,좋아요 그런데  어플 각각 전부 제 로그인해야 해서 불편하고 적응하는데 시간이 좀 걸리겠네요ㅡㅡ노트울트라20는 좋긴 좋아요 ,5
139,회사 업무용으로 구입했어요 4대 모두 양품 잘 받았아요,5
140,제조연월 2021년 5월 제품으로 문제없이 잘 받았습니다.,5
141,자아알 쓰으겠습니다,5
142,감사합니다~~~~~~,5
143,새거라 조아요. 크기가 커서 집에서 익숙해져야 할듯요. 더 저렴하게 파는 곳을 보아서 가격이 저렴한건지는 모르겠는데 그래도 삼성에서 파는곳이 믿음이가서 구매했어요. 기프트콘도 주고 좋네요.,5
144,좋은 가격에 좋은 제품 구매할수 있어서 좋았어요,5
145,이렇게나 배송을 안전하게 보내줄 몰랐네요 감사합니다,5
146,브롬즈 색이랑 화이트 중 고만하다가 브론즈 햇는데 엄청 맘에 드네요 ㅎㅎ 이쁩니다요 ㅎㅎ,5
147,"요즘 5G요금제 너무비싸고 잘 터지지도 않아서 자급제로 알아보다가 쿠폰과 할인카드, 추가 이벤트까지 더해 노트20울트라 구입했어요.버즈라이브도 사은품 받아서 좋네요.",5
148,"예상도착일에 맞춰 잘 왔고, 잘쓰고있습니다.",5
149,믿고 구매할수있어서 만족합니다,5
150,크고 묵직하네요 좋아요,5
151,갤s9를 쓰다가 휴대폰 바꿀때가 되어서 알아보다 갤노트20울트라 주문했는데 3일을 쓰니 어느정도의 기능이나 성능은 진짜 좋네요 다만 카툭튀 부분이 신경이 쓰네요 그래서 케이스를 사서 쓰네요,5
152,"노트는 첨이라,적응 중ㅡ일단은, 화면 엄청 크고요,카메라 기능 오호호ㅡ",5
153,어머니 생신선물로 사드렸습니다 좋아하시네요,5
154,배송도 엄청 빠르고 안전하게 와서 좋았어요! :),5
155,갤럭시노트는 역시 최고입니다.,5
156,무거운거빼곤 좋습니다^^,5
157,가격 혜택좋아요ㅎㅎ,5
158,디자인 너무 이쁘고 카툭튀 신경도 생각보다 안쓰여요봉인씰 제대로 닫혀서 왔고 양품이네요 ㅎㅎ 감사합니다.,5
159,결재 다음날 바로 배송이 왔어요.포장도 꼼꼼하게 진짜 튼튼하게 잘해주셔서 잘받았습니다.보내주신 사은품도 감사해요.유심꼽고 이틀정도 사용했는데 이상없는것 같네요,5
160,좋아요 잘 쓰고 있습니다,5
161,배송이 칼배송입니다무게가 무겁다고 해서 걱정 많이 했는데생각보다 덜 무겁습니다화면이 엄청 크네요아버지 어버이날 선물로 사드렸는데 매우 좋아하십니다뽑기가 잘 됐으면 좋겠네요,5
162,주문하고 빠르게 배송되어서 좋네요 사은품 보조배터리도 잘 받았구요,5
163,삼성 스마트폰은 처음으로 사용해서인지 마감 깔끔하고 튼튼해보이네요 카메라는 카툭이지만 케이스를 두꺼운걸로 해서 나쁘지않습니다. 그립감도 좋고 나쁘지않네요,5
164,배송 신청당일날왓음! 싸게 잘구입했어요 부모님선물,5
165,주문하고 몇 일 기다렸어요. 제품은 최고네요 ㅎㅎ,5
166,많이 고민하고 자급제폰 구매했는데 너무 좋아요,5
167,"제품은 최고 배송도 빠르고, 프린터까지 덤으로",5
168,정가보다 20프로 싸게 구입해서 기분이 좋네요.,5
169,너무 만족합니다 가격도 저렴하니 잘 샀어요,5
170,갤럭시노트만 쓰는이유가 있네요 좋아요,5
171,선물했는데 너무 너무 좋아하네요.새제품이고 미개봉 배송도 엄청 빨리 왔어요.,5
172,노트는 처음 써보는데 만족합니다,5
173,생각한그대로네요. 잘쓰겠습니다,5
174,sm-n986n 삼성 국내용 정품~ 강추!,5
175,미개봉 세제품 아주좋아요,5
176,빠르고 좋아요 잘쓸게요~!,5
177,배송 빠르고 예쁩니다,5
178,포장도 꼼꼼하게 잘 도착했어요 저렴하게 산거 같아 만족합니다,5
179,잘받았어요.노트9사용하다 교체한건데 길이는 조금 길지만불편한점은 없네요. led뷰케이스도 같이 구매했는데튀어나온 카메라 보호 딱 맞네요!보내준 사은품도 잘 사용할께요 ~,5
180,자급제 폰 가격이 다른곳보다 저렴했어요 지금 쓰고있는데 무리없이 잘쓰고있어요,5
181,잘 받았고 작동도 괜찮은 것같은데 카메라에 마무리가 잘못 된 건지 유격이 있어요. 플래그쉽 폰인데 아쉽네요.,5
182,자급제로 저렴하게 잘 구매하였습니다!사은품도 잘 받았습니다!,5
183,어머님 선물로 샀는데 좋아하시네요.빠른 배송 감사합니다.,5
184,하루만에 잘 받았습니다^^ 아주 좋네요ㅋ 노트8 3년 쓰다가 바꿨는데~ 얘는 6년써도 질리지않을것 같네용~ ,5
185,포장상태와 제품이상없이 잘 왔습니다.카툭튀가 아직 적응이 안되지만 그걸 제외하곤 다 만족스럽네요.,5
186,사이트 여기저기 알아보다가 친절함에 반해서  믿음이 가서 구매했네요^^ 많이 파셔용 새상품 넘좋아요,5
187,총알배송으로 배송하루만에 도착했어요노트8에서 넘어왔는데 성능이 훨씬좋네요!!,5
188,"LG휴대전화를 이용하다가 이번에 삼성으로 넘어왔는데, 이 제품을 구매했습니다.구매시 선택에 고민이 많았지만, 실물을 접하니 만족합니다.",5
189,"배송 시 구매한 제품이 아닌 다른 물품이 왔지만, 판매자 분께서 즉각적으로 익일 배송해 주셔서 잘 받았습니다.사용하니 양품이라 만족합니다.",5
190,배송이  경기도라 좀 늦어서  짜증 났는데막상 자급제가오니 기분이 풀렸네요성능이야 진짜 좋구여  사은품도 잘  챙겨 받았네요근데 버즈50%할인권은어디서 쓰는건가요?노트만 계속 써왔는데  노트20  울트라 마음에 듭니다.^^,5
191,폰 잘받앗어요 배송 엄청 빨라요 상태도 조아요,5
192,배송 무척 빠릅니다제품 만족합니다,5
193,"전에는 노트8을 사용 했는데,노트20울트라 예상보다 훨씬 좋네요크기는 사용하던폰이랑 비슷하고,무게도 생각보다 무겁지 않고 좋습니다바꾸길 잘한거 같네요^^",5
194,조아요옹옹옹ㅇ어어오오옹,5
195,7월7일 럭키세븐날 저렴하게 득템했네요봉인실 정상으로 부착된 미개봉 새제품2021 04월달 생산 근데 박스는 그리 깨끗하지 못하지만 아뭇튼 개봉안한 새제품. 저렴하게 구매했습니다,5
196,배송빠르고 사은품까지 좋아요,5
197,배송 파르고 아주 좋아요. 미개봉 새제품 5월 생산된 제품 이예요. 감사 합니다~,5
198,배송은 당일배송 깜짝놀랐네요..집사람 생일선물로 구입..설치까지 퍼펙트...정말 좋아하네요..,5
199,"배송 빨리 왔고, 테스트 하니 액정도 문제 없고너무 좋네요",5
200,진짜 오래 기다렸는데 드뎌 받았네요 잘쓰겠습니다.,5
201,배송이랑 빨랐는데ㅜ프린터는 짐이네요ㅜㅜ그리구 포장이랑 박스가 조금 딲아야하네요ㅜ,5
202,사랑합니다 판매자님~건강하시고 돈많이 버세요!!,5
203,배송도 빠르고 21년 7월 제조품 받았습니다카드할인 받아 가격도 아주 만족합니다 감사합니다,5
204,초알 배송 아주 맘에 들어요^^잘 쓰겠습니다~,5
205,카드 청구할인으로 저렴하게 구입했습니다.,5
206,배송도 바로 오고 기기도 이상없고 좋아요,5
207,좋은제품 빠르게 잘받아 사용하고 있어요,5
208,싸게 잘 샀습니다. 좋네요 ^^ 많이 파세요,5
209,아직은 잘 돌아기는데 더 써바야지요굿,5
210,빠른제품 최신제조일자 만족합니다.,5
211,좋네여 사진도 잘찍히구요,5
212,"빠른 배송, 하자없는 물건",5
213,잘받았습니다 너무좋아요,5
214,굳 좋습니다.번창하세요.,5
215,사은품도  잘받았습니다.,5
216,좋습니다 효도폰 베리굿,5
217,좋은 제품 감사합니다,5
218,좋아여,5
219,아들이 써보더니 좋다고 난리네요~사주길 잘한것같네요,5
220,엄마 선물로 사드렸는데 너무 좋아 하세요 ㅎㅎ 사은품도 챙겨주시고 좋습니다 ~~! :),5
221,빠른 배송과 안전한 포장풍성한 사은품에 카드할인까지 저렴한가격으로구매했네요~,5
222,하루만에 배송와서 놀랐습니다. 그리고 뾱뾱이 엄청 두껍고 꼼꼼한 포장을 보고 엄지척 했습니다. 미개봉에 개통이력도 없고 만족해서 다음에도 이용할 것 같아요^^,5
223,배송빠르고 제품 가격 모두 좋아요색상변경도 감사하구요5월 생산분 이고 박스 미개봉 맞습니다필름은 기본장착 기본 투명케이스 제공하네요,5
224,카툭뒤가 너무 심해서 걱정했는데카메라 화질이 정말 좋네요~배송도 예정일 보다 빨리 배송해주셔서사은품 신청도 잘 했습니다.브론즈로 구매했는데 색감이 고급져 보여서만족합니다.,5
225,저렴하게 잘 구매했고 빠른 배송이 만족스러웠어요 감사합니다.,5
226,생각보다  화면도 크고 좋아요 근대 엣지라서 조금 블편해요 무게도 좀 무겁고요!! 그래도 전에 쓰던 6s보다 인터넷도 잘터지고 좋네요,5
227,상태 깨끗합니다.와이프꺼랑 2개주문했는데 만족합니다.,5
228,결제하자마자부터 목빠지게 기다렸는데 저녁 7시 반 넘어 당일배송으로 받아봤네요 ㅎㅎ 선물했는데 쓰던 유심 바로 끼우니 사용 가능해서 넘 좋아해요. 빠른 배송 감사합니다.,5
229,미개봉 새상품에 5월 생산분이니 완전 최신제조품이네요. 잘 사용하겠습니다~ 부자되세요~!,5
230,인터넷으로 구입하면 이상한 제품이 올까 걱정되었는데 무사히 잘 받았고 이상없어서 다행인거 같습니다.,5
231,오늘 하이마트 쇼핑몰 에서서 구매한 갤럭시 노트 20 울트라를 잘 받았습니다,5
232,전에 쓰던  6s보다 무겁지만 화면 크기도 크고 인터넷도 잘 되서 너무 좋네오,5
233,뽑기를 잘못했는지 위쪽에 잔기스가 있네요 배송은 정말 빠릅니다,5
234,미개봉에 21년 7월 제품인데 포장까지 엄청 꼼꼼하네요감사합니다.,5
235,상품은 만족합니다. 배송은 파업으로인해 늦어져서 어쩔수없는부분이지만 다만 그 후처리가 늦어지는건 문제가 있는듯합니다.,5
236,잘~쓰겠는대요   ㅆㅓ  비스로  액정 필림 1 장 안주네요,5
237,S9+에서 노트20울트라로 넘어오니 좋네요~ 와이프도 팬을 쓰고 싶다하여 같이 변경했습니다. 배송속도도 빠르고 제품도 빠르고 역시 새폰이라 좋네요 잘쓰겠습니다^^,5
238,겔럭시 노트 20울트라 빠르게 잘받았습니다 잘사용할게요자급제폰 알뜰폰 사용하신분들은 보험가입하셔서 사용하세요,5
239,배송이 좀 늦긴했지만 새상품 잘받았습니다,5
240,가격이 일반 자급제보다 훨씬 싸고좋아요,5
241,"포장도 꼼꼼하고, 투명케이스도 주시네요",5
242,갤노트 뭐 두말하면 잔소리 좋죠 좋아요,5
243,빠르게 도착했고 저렴하게 잘 샀습니다.,5
244,배송도 빠르고 제품도 좋아요 추천해욤,5
245,좋아요 새상품 저렴파게 구매했습니다,5
246,필요했는데 마침 나와서 잘 샀습니다,5
247,자급제폰 첨사용해보는데 좋아요 유심칩만 꼽아서사용하니 간편하고 노트20은 말할것없이좋아요 강추합니다,5
248,만족합나디 감사합니다 번창하세요,5
249,좋네요 다음에 또주문 하겠습니다.,5
250,"잘 받았는데 2021년 1월 생산이네요
",5
251,잘 받았습니다사은품도 괜찮네요,5
252,괜찮은것 같아요.. 많이 파세요..,5
253,상태 깨끗합니다. 많이파세요.,5
254,노트21 기다리다가 안나온다는 소식듣고 겟했습니다ㅎㅎ 컴퓨존 믿을만한 국내 최대 전자유통업체에 훨씬 싸게 잘샀어용~,5
255,감사합니다. 번창하세요~,5
256,빠른배송 합리적인가격,5
257,빨르게 잘받았어요~ 박스에 배송중 약간의 모서리 눌림이 있었으나 잘 작동해요~ 싸게 잘 살거 같아요~ 감사합니다^^,5
258,잘쓰겠습니다..허허,5
259,미개봉 새상품 빠르게 안전하게 받았어요상품 기대만큼 좋습니다,5
260,배송빠르고 새제품 다른 서비스제품까지  보내주셔 감사드려요~,5
261,주말이 끼어서 배송이 어떻게 될지 몰라 퀵으로 받았습니다.화면도 크고 빨라서 쓸만하군요. 노트 시리즈는 처음인데 참 좋습니다.제품 배송 문의에 대해서 즉시 응답해 주시고 대응도 친절하셔서 만족합니다.김사합니다.,5
262,너무 좋습니다.  잘받아서 잘쓰고 있습니다.포장도 안전하게 되어있구요,5
263,저렴한가격에 잘 샀어요^^ 배송도 빨랐고 역시 갤럭시네요 ㅎㅎ,5
264,지인이 택배는 받았습니다. 제가 해외에 있어 지인이 해외 출장을 오면 받을 수 있습니다. 기대가 되네요. 제발 폰에 문제가 없기를 기대하면서..,5
265,빠른배송이 좋았구요박스상태나 봉인씰도 아무 이상 없었어요역윽시 울트라!! 지금부터 가지고 놉니다,5
266,근처에 매장이있어 직접 받으러 갔는데 빠르게 안내를 해주시고 물품을 바로 주셔서 너무 좋았습니다.,5
267,미리 재고있나 전화해봤는데 되게 친절하게 알려주시고 배송도 빠르고 기계도 넘 이쁘네요 대추천입니다!,5
268,전용박스에 왕뽁뽁이로 구성품과 함께 빠르고 안전하게 왔습니다 감사합니다120hz 화면이 역시 다르네요오래오래 잘쓰겠습니다 ㅎㅎ,5
269,너무 친절하시고 문의한 내용도 상세하게 친절하게 알려주셨어요 배송빠른건 말 할 필요도 없구용 ㅠㅠ 화이트가 품절이라 쪼매 아쉽긴 하지만 품절인데 어카겠나여 암튼 판매자님 넘넘 감사합니다 담에도 여기서 사려고요 !,5
270,좋은제품 잘 받았습니다 감사합니다,5
271,와이프랑 같이 바꿨습니다. 역시 빠릿빠릿하고 좋아요~ 잘쓰겠습니다^^ ,5
272,프린터기도 주고 이것저것 쿠폰써보니 최저가로 구입했어요~ 만족합니다.,5
273,타 사이트 대비 저렴하게 구입했고 배송이 빨라서 좋았습니다!,5
274,할인도 많이되서 좋은가격에 잘샀네요 사은품도 아주좋구요,5
275,카드할인까지 추가로 받아서 싸게 잘샀어요.,5
276,일단 배송이 빨라 좋았고 노트8을 거의 4년간 사용하다 갈아타니 휴대폰 성능은 신세계네요. 색상도 이쁘고 디자인도 마음에 듭니다. 노트8과 크기 차이도 생각보단 많이 안나서 좋네요.,5
277,행사에 전시된 상품이 아니라 미개봉 새제품이구 배송도 빠르고 만족합니다 ^_^,5
278,매우 매우 만족스러워요,5
279,배송빠르고 긋 저럼하게 샀슴,5
280,배송 겁나빨라요! 굳이에요,5
281,너무이뻐요 진짜 최고에요,5
282,구닥다리 폰쓰다가 최신폰쓰니 빠릿빠릿해서 좋네용 근데 커서 좀 불편하고 무겁긴해요 ㅠ,5
283,배송이 정말 빨라요,5
284,배송도 하루만에 왔고 잘 왔어요.근데 사은품들... 그냥 이거 안 주시고 조금 더 싸게 파시면 어떨까 싶어요!,5
285,배송은 빠르고 좋은데... 사은품 1절 없이 폰만왔는데 이게 맞나요??,5
286,배송빠르고 완충재 포장하여 잘 도착했네요 감사합니다~,5
287,빠른 배송에 포장까지 리뷰가 별로 없어서 망설였는데 저렴한 가격에 미개봉 새상품 잘 구매했습니다,5
288,잘 받았습니다! 다른 곳에서 자급제 구입했다가 상태가 안 좋아서 환불했던터라 걱정했는데 좋네요^^,5
289,어제 잘받았다고 합니다. 보내준 사진보니 포장도 꼼꼼히 해서 왔구요. 저도 노트시리즈 쓰고있다보니 노트20울트라로 바꾸고 싶긴하네요~~ㅎ 여튼 잘쓰신다고 합니다. 꼼꼼하게 보내주셔서 감사드립니다.,5
290,좋은 상품으로 다음날 바로 왔어요.5G기기지만 자급제폰이라서 LTE요금제로 확정기변하고 보험까지 가입했어요.,5
291,정성스런 포장에 감동스럽지만박스외관의 흠집/얼룩과박스개봉시 액정위에 먼지가 있는게찝찝하네요...,5
292,완전 만족 합니다ㅏㅏㅏㅏㅏㅏㄹㄹㅎㅎㅍㄱ로ㅗㅌ포ㅛㄴ？？ㄹㅍ,5
293,배송 빠르고 포장도 잘되어서 왔네요 저렴하게 잘 구매했어요,5
294,아이폰에서 오랜만에 넘어가봅니다새폰은 언제나 좋네요,5
295,좋아요 노트는 역시는 역시다,5
296,배송 빠르고 포장 정말 잘해서 보내주셨네요자급제폰 첨 사용해본데 어렵지않게 세팅 다했네요잘사용할께요,5
297,빠른 배송. 자료옮기는 것도 어렵지 않게 바로 되네요,5
298,삼성 갤럭시노트20울트라 256G 자급제 미스틱화이트,5
299,좋아요싸게 잘샀어요배송도빠르고 이상도 없고 굿,5
300,상품 좋은 가격에 너무 좋네요감사합니다.,5
301,여친 생일선물로 사줬었는데 좋아했네요.,5
302,"배송도 빠르고, 제품도 마음에 들어요~",5
303,배송 빠르고 포장 꼼꼼합니다 강추,5
304,노트8에서 넘어왔는데 너무 좋네요,5
305,친절한 안내와 빠른배송 감사합니다~,5
306,보여지는 이미지와 같습니다,5
307,아주 좋아요. 감사합니다,5
308,제품이 아주 좋아요.,5
309,갤럭시 노츠20 울트라 잘 쓰고 있습니다. 삼성케어플러스를 바로 가입해야하는데 개통하면서 3일지났더니 삼상디지털프라자가서 확인받으래서 좀 고생했네요  ,5
310,빅스마일데이에 좋은 가격으로 잘샀어요~ 예쁘고 마음에 들어요!,5
311,잘받았습니다 잘받았습니다 ,5
312,색상이 원하는게 없어서 다른색상 구입조금 아쉬움,5
313,배송도 빠르고 처음써보는 자급제폰인데 만족하고잇습니다. 번창하세요! 기기 생산날짜도 올해 5월이더라구요,5
314,단순개봉이라고 하긴 스크레티가 심하네요.  유통경로를 모르니 혹시모를 고장이 있을까 그게 더 걱정입니다.,5
315,빅스에서 빅세일로 구매해서 저렴? 하게 구매했습니다.저렴하진 않군요^^ 그래도 많이 할인받아서 기분좋네요제품이 좋으니 오래사용해야죠~제품 배송 모두 만족합니다.,5
316,배송도 빠르고 사은품도 받고 완전 만족합니다.,5
317,성능은 괜찮은데 가격과 카툭튀가 아쉽다. 무게 또한 여성에게는 약간 부담스러울 수도 있을 듯,5
318,선물했는데 배송 굉장히 빠르네요 굿,5
319,좋아요 아주 좋아요,5
320,배송이 빨라서 좋았고요  폰도 문제없는 새폰 맞는 것 같아요 아주 만족합니다 판매자님이 쿠폰받는 것도 잘 알려주셔서 신청 잘 하였고 좋은 배송앱도 추천해 주셔서 잘 쓰고 있습니다 감사합니다~ 잘 쓰겠습니다,5
321,아빠 보내드렸더니 엄청 좋아하시네요 자급제 편하고 좋습니다그런데 무선패드는 왔는데 우산은 없네요,5
322,아부지가 좋아하세요! 울트라 답게 크고 짱짱합니다! ㅎㅎ 재드래곤 짱!,5
323,봉인씰 없으면 어떻하나 걱정했는데내가 기대 했던 자급제가 맞네요.,5
324,컴퓨존 믿을수 있어서 좋습니다~~!!  미개봉 완전 자급제~~~!!,5
325,빠르게 배송 받았습니다. 노트20 울트라가 좋긴 좋네요,5
326,일단 잘받았습니다 개봉은 좀있다 해보려구요,5
327,엄마아빠 커플폰으로 선물했는데 너무 좋아하시네요~ 화면도 크고 기능도 좋아요,5
328,배송도 빠르고..무엇보다 새상품 맞네요,5
329,좋은제품  잘 받았습니다 많이 파세요,5
330,미개봉품 빠른배송 좋네요,5
331,좋아요 싸게삿네요ㅇ,5
332,very nice~~~!!!,5
333,좋아요아주아주좋아요,5
334,뽁뽁이로 안전하게 보호되서 왔습니다. 다만 생각보다 배송이 좀 늦네요. 같은 서울인데 왜 대전으로 갔다 오는건지;;; 택배파업이라 안 올까봐 걱정했네요 ㅎㅎ;;,5
335,대애애박 빠른 배송이 컴퓨존의 최강 메리트죠 늦는다고 연락도 주시고 택배 파업중이라 다른택배로 해서 보내주신 센스까지 그래서 정확하고 신속하게 잘받아서 잘사용중이요 오래오래 함께 할수있길 빕니다,5
336,제품 포장상태 및 배송상태가 마음에 들었습니다.,5
337,색상이며 성능이 미첬습니다 만족합니다.,5
338,사은품도 빵빵하고 빠른배송에 모두 만족합니다ㅎ,5
339,빠르게 잘 왔습니다 근데 액정필름에 뭔가 콕하고 자국이 있었지만 뭐...필름은 소모품이니...걍 쓰기로 했어요 잘쓸께요,5
340,새 상품입니다 배송빠르네요많이파세요!,5
341,빠르고 안전한 배송 감사합니다~,5
342,"개봉이력없는새폰맞구요ㅎㅎ걱정했던무게감이나,카툭튀(케이스착용시)별로신경안쓰였고요..색상선택시고민이이었지만화이트이쁘네요~계속노트시리즈를사용했었기에,이번에도..속도빠르고엄청좋아요~잘쓸께요^^",5
343,자넘ㄴㆍ손흡싀닿ㄷㄱㄷ느,5
344,통신요금 저렴한거 쓰려고 기계는 조은걸로 싸게 샀네요 g마켓 빅세일로,5
345,어머니 선물용으로 구매했습니다. 화면도 크고 s펜 활용도 해야하다보니 이펀이 최고입니다.,5
346,생일 선물로 받았는데 화면 시원하고 속도 빠르고 좋네요.,5
347,"배송이 빠르고, 새로 설치하기도 편하고 좋네요.",5
348,"화면도 크고 반응속도빠르고., .정말 좋아요~~♡",5
349,삼성 갤럭시노트20 울트라 5G 자급제 256GB SM-N986N,5
350,배송도 빠르고 저렴하게 잘 구매했습니다. ^^,5
351,크기도 그렇게 안 크고 빠르게 잘 받았어요,5
352,배송도 빠르고 포장도 꼼꼼히 잘받았네요,5
353,좋아요.갤럭시이니까.크고카메라는대박,5
354,마침 세일해서 좋은 가격으로 샀습니다.,5
355,브론즈로 선택하길 잘했어요. 좋아요.,5
356,저렴한 가격으로 그매 대 만족입니다.,5
357,하루만에 배송오는 지역이 아닌데두 빠른배송해쥬셔서 감사합니다! 잘쓸게욥,5
358,특별 할인 이용해 싸게 잘샀네요,5
359,착한 가격에 잘샀어요굿이예요,5
360,배송도 빠르고 제품도 좋아요~~,5
361,아주 잘쓰고 있어요 좋아요,5
362,핸드폰 화질짱 크기짱!!!!!,5
363,잘 받았습니다. 잘 사용,5
364,그냥 다 좋습니다.배송도 엄청 빠르고포장도 엄청 꼼꼼하게 해주시고,5
365,배송빠르고 안전하게 도착했어요전폰보다커서 적응이 필요하지만빠르고 색도예뻐서 맘에들어요!!,5
366,구매할때 가격이 좀 나가는거라 인터넷구매를 망설였는데 구매하길 잘했네요 배송도 안전하걱 잘오고 상품도 새상품이라 좋고 만족합니다 휴대폰은 찍을수 없어 빈각만 찍어서 올립니다 감사합니다,5
367,조아요,5
368,두말하면 ...현재 노트마지막이라 더 펜의사용이 최고좋아요기다리다 노트 다운 노트는 이게 현재로마지막 노트입니다튼튼하고 좋은제품입니다,5
369,생각보다 이쁘고 만족스럽습니다 !!! 편합니다.,5
370,화이트 브론즈 색상 고민하다가 화이트 구매했는데 너무고급스럽고 깔끔하네요폰에 하자는 없었고 데이터전송 및 여러 기능도 어려움없이 잘 되었습니다만족합니다,5
371,배송도 빠르고 무엇보다 친절하신 판매자님때문에 너무 감동받았어요~그리고 최근제조된걸로 보내주는 센스👍👍👍👍자급제폰은 앞으로 여기에서만 구매하고싶을정도에요ㅎㅎ,5
372,노트20 고민끝에 구입해서 현재 사용중인데배송도 빠르고 안전하게 잘 배송 해주셨어요.,5
373,"노트만 쭉 써오던 사람으로써
당연히 괜찮습니다.
구매시기를 좀 잘못잡은것 같아서 아쉽네요ㅎ",5
374,폰은 좋은데 기본으로 들어있는 이어폰이 불량이네요.오른쪽에서 계속 삐소리가 들립니다.,5
375,할인쿠폰이 있어서 구입했는데 저렴한지는 모르겠네요 상품은 문제없이 좋습니다.,5
376,사은품도 좋고 역시 신제품이 좋네요..노트9 쓰다가 바꿨는데 훨씬 빨라요.,5
377,부모님께 커플폰으로 선물했습니다! 화면이 커서 보기 좋다고 하시네요,5
378,"컬러도 맘에 들고, 간편하게 유심만 꽂으면 되니 아주 좋습니다.",5
379,박스포장 말끔하고 군더더기 없이 새제품입니다~!잘쓸께요~!,5
380,너무 좋아요!  하이마트에서 산걸 잘했다고 생각합니다!♡,5
381,아주아주 잘 사용하고 있어요.,5
382,미개봉 제품 안전하게 챙겨주셔서 감사해여~,5
383,베가 시크릿 쓰다 바꾸니 아주 좋아요 ㅋㅋ,5
384,브론즈로 하길 잘했어요지문이 덜 묻으니..,5
385,좋아요.갤럭시 버즈 라이브도 사은품까지,5
386,부모님 기기 저렴하게 잘바꿔드렸어요!,5
387,적정한 가격에 잘쓰고 있습니다.,5
388,한달 사용 후 리뷰써요~좋아요!,5
389,빠른배송좋구요 브론즈 예뻐요,5
390,환불 할까하다 그냥 씁니다.ㅂ,5
391,저렴한 가격에 잘  구입했네요,5
392,싸게잘샀네요 배송도빠르고,5
393,디자인 성능  다 만족합니다,5
394,좋네요. 빠르고 잘 찍히고.,5
395,상품 이상없이 잘 받았습니다.빠른 배송과 제품에 모두 만족합니다.앞으로도 좋은상품과 빠른배송 부탁드립니다.,5
396,저렴하게 구매했습니다,5
397,베리나이스에요우ㅎㅎ,5
398,잘 받았내요,5
399,배송도 빠르고 미개봉 새제품이네요. 믿을만한 판매자네요!,5
400,엄마 선물로 사드렸는데 너무 좋아 하세요 ㅎㅎ 사은품도 챙겨주시고 좋습니다 ~~! :),5
401,빠른 배송과 안전한 포장풍성한 사은품에 카드할인까지 저렴한가격으로구매했네요~,5
402,하루만에 배송와서 놀랐습니다. 그리고 뾱뾱이 엄청 두껍고 꼼꼼한 포장을 보고 엄지척 했습니다. 미개봉에 개통이력도 없고 만족해서 다음에도 이용할 것 같아요^^,5
403,배송빠르고 제품 가격 모두 좋아요색상변경도 감사하구요5월 생산분 이고 박스 미개봉 맞습니다필름은 기본장착 기본 투명케이스 제공하네요,5
404,카툭뒤가 너무 심해서 걱정했는데카메라 화질이 정말 좋네요~배송도 예정일 보다 빨리 배송해주셔서사은품 신청도 잘 했습니다.브론즈로 구매했는데 색감이 고급져 보여서만족합니다.,5
405,저렴하게 잘 구매했고 빠른 배송이 만족스러웠어요 감사합니다.,5
406,생각보다  화면도 크고 좋아요 근대 엣지라서 조금 블편해요 무게도 좀 무겁고요!! 그래도 전에 쓰던 6s보다 인터넷도 잘터지고 좋네요,5
407,상태 깨끗합니다.와이프꺼랑 2개주문했는데 만족합니다.,5
408,결제하자마자부터 목빠지게 기다렸는데 저녁 7시 반 넘어 당일배송으로 받아봤네요 ㅎㅎ 선물했는데 쓰던 유심 바로 끼우니 사용 가능해서 넘 좋아해요. 빠른 배송 감사합니다.,5
409,미개봉 새상품에 5월 생산분이니 완전 최신제조품이네요. 잘 사용하겠습니다~ 부자되세요~!,5
410,인터넷으로 구입하면 이상한 제품이 올까 걱정되었는데 무사히 잘 받았고 이상없어서 다행인거 같습니다.,5
411,오늘 하이마트 쇼핑몰 에서서 구매한 갤럭시 노트 20 울트라를 잘 받았습니다,5
412,전에 쓰던  6s보다 무겁지만 화면 크기도 크고 인터넷도 잘 되서 너무 좋네오,5
413,뽑기를 잘못했는지 위쪽에 잔기스가 있네요 배송은 정말 빠릅니다,5
414,미개봉에 21년 7월 제품인데 포장까지 엄청 꼼꼼하네요감사합니다.,5
415,상품은 만족합니다. 배송은 파업으로인해 늦어져서 어쩔수없는부분이지만 다만 그 후처리가 늦어지는건 문제가 있는듯합니다.,5
416,잘~쓰겠는대요   ㅆㅓ  비스로  액정 필림 1 장 안주네요,5
417,S9+에서 노트20울트라로 넘어오니 좋네요~ 와이프도 팬을 쓰고 싶다하여 같이 변경했습니다. 배송속도도 빠르고 제품도 빠르고 역시 새폰이라 좋네요 잘쓰겠습니다^^,5
418,겔럭시 노트 20울트라 빠르게 잘받았습니다 잘사용할게요자급제폰 알뜰폰 사용하신분들은 보험가입하셔서 사용하세요,5
419,배송이 좀 늦긴했지만 새상품 잘받았습니다,5
420,사은품도 잘왔고 7월 폰이네요.자급제라 안쪽 어플도 깔큼해요약정할인 받아서 요금깍기 딱입니다.다만 택배가 던저졌는지 찌그러져왔어요문앞이 아닌 엘베에서 대충 쓱 밀고 던져서집 근처로 두고간듯합니다ㅜㅜ배송은 하루만에와서 빨라요안에 젤리케이스가 생각보다 커버가 잘되요,4
421,쓰던폰이 상태가 안좋아지고 있던중 노트를 써보고 싶어서 알아보고 있었는데 때마침 라방이하여 구매하게 되었네요.노트20  울트라 전체 외관은 다들 광고부터 사진까지 다들 보셨을테니 패스~브론즈 색상은 빛에따라색이 변하더라구요.그래서 핑크같이 나온 사진으로 첨부해봤어요.기능들은 찾아보면 상세히 글 잘 쓰신분들 많으니 패스~개인적으로 아쉬운점  하나만 이야기하겠어요.처음 받아서 이리저리 보다보니 카메라가 조금 어긋나 있더군요.알아보니 꽤 많이 이런 제품이 나왔나보더라구요.가격이 저렴한것도 아닌데 맘이 상해서 A/S센터까지 가봤으나 이정도는 정상이라고 해줄게 없다는말만 반복...삼성폰 처음 사봤는데 실망..이렇게 어긋난게 많은건 기기디자인이 처음부터 잘못되어서임을 모르지 않을텐데도 사람이 조립해서 그럴수 있다며 정상범위라고 안내하는거보니 정말 실망되더라구요.노트 기대가 컸는데..아쉬움만 남는 만남이되어버렸어요.,4
422,"LG  V50 쓰다가  분위기  쇄신차원에서 바뀌봤네요.폰이 거기서거기라,  큰장점은 모르겠는데  고장없이  잘써야죠^^기본 실리콘케이스가 들어있네요.  버들이어폰 연결방식이  C타입 충전구에  연결방식이라 기존 이어폰을 못쓰는단점이 있네요.  요즘다 무선사용하나? ?S21울트라와 비교하다가  노트가 더 가볍고,확장sd도  가능하고,색상이 로즈골드가 가능하여  이걸루 선택했네요.    만족합니다^^",4
423,코로나로 인해 배송이 많이 늦어지긴 했지만 화면도 넓고 부드러운 움직임이 상당히 만족스럽습니다. 아직 쓴지 만 하루도 되지 않아 정확히 뭐라히기엔 어렵지만 전반적으로 만족합니다. 터치감은 확실히 좋아진 느낌이 들어요. 슬라이드 움직임이라든가. 연결 usb는 컴퓨터에 연결할 포트가 없어서 (양쪽 다 c타입) 새로 구매해야겠네요. 이어폰도 c타입이어서 컴퓨터엔 쓰지도 못합니다.. 이점들은 좀 아쉽습니다,4
424,아쉽게도 제조일자가 1월이네요ㅠ한참고민하다 그냥 제품씁니다. 막쌍 써보니 생각보다 더 노울 좋네요. 요즘 s21울트라 세일엄청해서 노트가 더비쌌지만.무게나 외장메모리 장점이 너무커서 비싸도 만족합니다.---‐-----------------------사은품으로 온 무선충전기 사용한지 하루도 안돼서 이렇게 됨ㅎㅎㅎㅎㅎ 터질까봐 무서워서 못쓰고 구석에 처박아둠. 어차피 작동도 잘안됨ㅎㅎㅎㅎ 무선충전기 사은품 기대하지 마시길;; k 마크가 무색할정도ㄷ,4
425,"사전예약인데 혜택이 일반 통신사 혜택보다 못한게 많이 아쉽네요. 예약번호, 개통 안내도 제대로 표기되어있지않고 (유심만 장착하면 되는줄 알았는데 안되어서 통신사 대리점에 가니 8/14부터 개통된다고 하더군요) 예약번호도 언제 보내준다 말이없고 고객은 무작정 기다려야하고...) 박스도 너무 부실하게 포장되어있어서 개봉할때 그닥 기분은 좋지 않았어요. 처음한 사전 예약이었는데 괜히했나 싶을 정도입니다 ㅡㅡ",4
426,믿고쓰는 갤럭시 프리미엄 라인이라서 딘딘님 생방시작하자마자 구매했습니다. 배송도 25일에 와서 생각보다 빨리 받아서 좋았어요 근데 단말기 박스에 imei 스티커 하나 떼져서 왔더라구요 왜그런건지... 스티커 하나 떼진거 말고는 다 좋습니다예비신랑 결혼선물로 사준건데 엄청 좋아하고 잘쓰네요,4
427,사은품 신청하느라 고생햇지만 상담원분들 친절하게 설명해주시고 알아봐주셔서 해결했네요. 사전예약과는 다르게 현재 초기구매 사은품을 신청해야하므로 삼성멤버스에 들어가 어딘가에있는 초기구매혜택 사은품신청에서 해야햐합니다. 그림도 똑같은데 사전예약 초기구매 글씨만 다르네요 ㅠㅠ 암튼 멀쩡한폰으로 잘왔고 사은품신청 잘했습니다,4
428,배송은 배송시작 다음날 도착해서 나쁘지 않았습니다. 제품도 크게 문제는 없어보이는데 좀 더 써봐야 알겠죠 오늘 개통됐으니. 근데 사은품관련 정보는 빨리 보내주시는게 좋을거같네요. 상품재고에 따라 신청이 안될수가 있으니 ,4
429,"신랑 생일 선물로 자급제 구매 했어요. 5G 쓰기 싫어서 초기부담이 커도 자급제로 샀고, 대 만족이에요. 노트8쓰다가 노트 20울트라로 넘어온건데 남편도 아주 좋아해요.",4
430,"배송이 빨라서 너무 좋고, 봉인씰도 흔적없이 잘 붙어있슴 근데 필름위에 살짝 기스있는거 아쉽",4
431,하루만에 배송와료되었습니다,4
432,배송빠르구요 제품잘받았습니다 감사합니다,4
433,핸드폰 교체하려던 차에 행사하고 있어 바로 주문했습니다. 배송도 빠르고 우려했던 카툭튀도 크게 거슬리지 않네요. 써봐야 알겠지만 아직까지는 마음에 드네요. 한 달뒤에  다시 재리뷰 하겠습니다. 번창하십시오.,4
434,"요즘 5G요금제 너무비싸고 잘 터지지도 않아서 자급제로 알아보다가 쿠폰과 할인카드, 추가 이벤트까지 더해 노트20울트라 구입했어요.버즈라이브도 사은품 받아서 좋네요.",4
435,믿고 구매할수있어서 만족합니다,4
436,"LG휴대전화를 이용하다가 이번에 삼성으로 넘어왔는데, 이 제품을 구매했습니다.구매시 선택에 고민이 많았지만, 실물을 접하니 만족합니다.",4
437,배송이  경기도라 좀 늦어서  짜증 났는데막상 자급제가오니 기분이 풀렸네요성능이야 진짜 좋구여  사은품도 잘  챙겨 받았네요근데 버즈50%할인권은어디서 쓰는건가요?노트만 계속 써왔는데  노트20  울트라 마음에 듭니다.^^,4
438,배송은 당일배송 깜짝놀랐네요..집사람 생일선물로 구입..설치까지 퍼펙트...정말 좋아하네요..,4
439,배송이랑 빨랐는데ㅜ프린터는 짐이네요ㅜㅜ그리구 포장이랑 박스가 조금 딲아야하네요ㅜ,4
440,아들이 써보더니 좋다고 난리네요~사주길 잘한것같네요,4
441,잘~쓰겠는대요   ㅆㅓ  비스로  액정 필림 1 장 안주네요,4
442,배송은 빠르고 좋은데... 사은품 1절 없이 폰만왔는데 이게 맞나요??,4
443,잘 받았습니다! 다른 곳에서 자급제 구입했다가 상태가 안 좋아서 환불했던터라 걱정했는데 좋네요^^,4
444,빠른 배송. 자료옮기는 것도 어렵지 않게 바로 되네요,4
445,색상이 원하는게 없어서 다른색상 구입조금 아쉬움,4
446,성능은 괜찮은데 가격과 카툭튀가 아쉽다. 무게 또한 여성에게는 약간 부담스러울 수도 있을 듯,4
447,아빠 보내드렸더니 엄청 좋아하시네요 자급제 편하고 좋습니다그런데 무선패드는 왔는데 우산은 없네요,4
448,뽁뽁이로 안전하게 보호되서 왔습니다. 다만 생각보다 배송이 좀 늦네요. 같은 서울인데 왜 대전으로 갔다 오는건지;;; 택배파업이라 안 올까봐 걱정했네요 ㅎㅎ;;,4
449,크기도 그렇게 안 크고 빠르게 잘 받았어요,4
450,좋아요.갤럭시이니까.크고카메라는대박,4
451,두말하면 ...현재 노트마지막이라 더 펜의사용이 최고좋아요기다리다 노트 다운 노트는 이게 현재로마지막 노트입니다튼튼하고 좋은제품입니다,4
452,노트20 고민끝에 구입해서 현재 사용중인데배송도 빠르고 안전하게 잘 배송 해주셨어요.,4
453,폰은 좋은데 기본으로 들어있는 이어폰이 불량이네요.오른쪽에서 계속 삐소리가 들립니다.,4
454,잘 받았내요,4
455,"다 좋았지만, 궁금한게 있어서 전화하니 너무 불친절했어요  두번이나 전화했는데 각각 다른분이랑 통화했는데 두번 다 불친절했어요",4
456,갤럭스노트 답게 화면이 크면서 디자인 또한 엣지로 손안에 쓰윽 들어 오네요. 그립감도 좋고 잘 활용할 수 있을 갓 같아요!!,4
457,아주 튼트해 보이고 그립감이 아주 좋습니다.,4
458,잘받았습니다 감사합니다,4
459,빅스말로 잘샀어요.신랑과 커플폰으로 드디어 맞췄네요!상품은잘도착했어요.,4
460,고가제품을 우체통에 넣고갔네요,4
461,좋아요 잘쓰고 았습나다.,4
462,아이폰 11과 비교했을 때 전체적으로 더 좋아보임. 카메라는 월등하게 좋음. 가격만 좀 더 저렴 하면 최고. 단점은 별로 없어 보임.,4
463,좋습니다 다만 자급제폰은 대리점 방문해야 파손보험 가능하대요ㅠㅠ,4
464,기기 상태 양호하구요흠집이런거없이 배송 왔구 빠르게 와서 좋네요!!,4
465,주문후 하루만에 집에 도착했네요.제품상태는 깔끔하고 좋네요.,4
466,잘 받아서 사용 하고 있네요 쫌 무거운게 단점이네요 ㅎㅎㅎ,4
467,괜찮음. 잔고장 없는것 같고 잘쓰고 있음,4
468,저렴한 가격. 사은품. 빠른 배송 감사 합니다,4
469,빠른배송으로 잘받았습니다~ 케이스를 쓰니까 카툭퀴가 완화되긴하네요~ 기본으로 필름도 붙혀서 있어서 당분간 이렇게 써드좋을것같네요~ ^^,4
470,최고사양 스펙으로 셋팅하면 베터리 소모가 너무빠른 단점과 카메라 고스트현상이 아쉽지만 기타 성능은 만족합니다. 타사이트보다 저렴한가격에 정품구매 잘했네요,4
471,괜찮아요 너무손 맞네요,4
472,배송도 빠르고 할인도 많아서 만족합니다.,4
473,한달이 지났는데 나름  잘사용하고 있습니다.아쉬운부분은  디자인이  노트9이랑 못한것 같습니다.,4
474,잘 받아서 잘 사용하고 있습니다.,4
475,만족합니다,4
476,폰만족합니다. S21울트라보다 요놈이더 좋습니다,4
477,제품도 좋고 배송도 빠르지만 포장에 문제가있었나봐요... 박스가 푹 찍혀있네요....,4
478,액정필름 에 찍힘자국이 2곳 있네요.액정은 이상 없는것 같아그냥 이해하고 교환신청 안합니다.,4
479,지문인식 더딘거 말고는 대체로 잘 쓰고 있습니다.,4
480,깔끔하게 잘 받았어요!,4
481,잘받았어요 잘쓰고있어요,4
482,성능 기능이야 다 완벽합니다. 요즘 카메라 불량 이슈가 나오던데 최대로 확대하서보면 쏠려있긴한데 육안으로는 잘 안보이구요. 습기도 아직은 잘 모르겠어요. 다만 카툭튀가 정말 심하긴하네요^^;,4
483,갤럭시 노트 20 울트라 정말 좋네요잘쓰겠 습니다,4
484,초기예약해서 폰도 일찍받고 불량도없는데 단지 액정이 누런끼가 좀 있어서 아쉽네요 교품대상도 안되고 맘 비우고 사용중..,4
485,개통일전에 도착 다른 사이트보다 혜택이 커서 선택. 예약번호는 나중에 문자로ㅠ옴,4
486,배송이 엄청 오래걸렸어요. 12일 주문했는데 25일에 왔습니다ㅠ 얼마나 기다렸던지ㅠ,4
487,아이폰쓰다가 고장나서 갤럭시로 선물했어요. 좋아해요,4
488,사용  하는데  문제없고 좋아요.,4
489,빠른배송 대만족입니다. 사은품도 신청했는데 빨리 받아보고 싶어요,4
490,"13일 마지막 사전예약일에 신청하는 바람에 수령까지 2주일이나 걸린게 아쉽지만, 제품은 정말 만족스럽습니다!!",4
491,핸드폰을 몇년만에 바꾼다면 좋아진점을 느낄 수 있지만 노트10을 쓰고 있는다면 굳이 넘어올 정도까진 아닌듯하네요,4
492,미스틱브론즈 색상 생각 보다 넘 괜찮네요. 12일 사전예약후 25일 저녁에 받았는데배송기간이 길어 좀 아쉽네요~,4
493,예정일보다 빨리 받았고 제품도 마음에 듭니다. 생각했던 것보다 크고 무거워서 적응이 필요하겠네요.,4
494,에상보다  폰이 일찍왔네요. 잘사용하겠습니다,4
495,배송 대단히 만족하여 가격 좋아요,4
496,사은품은 어찌 신청하는 건가요?,4
497,카메라 화질이 제대로네요.,4
498,좀 더 걸릴 것 같았는데.. 빠른배송감사합니다,4
499,물량이 블랙만 남았을때 블랙밖에 안남아서 그냥 샀는데 블랙도 괜찮네요,4
500,저한테 좀 무겁고 지문인식이 더디긴 하지만 대체로 만족합니다. 기술이 많이 좋아졌네요,4
501,자급제폰 중에 아예 새폰으로 가장 믿을만한판매처같아 구입했어요.,4
502,배송은 보통품질은 삼성이니 머 ㅎ지급제로 셀프개통? 잘 했습니다,4
503,배송이 지체되서 별하나 뺐어요,4
504,카메라.. 사진 찍을때 초점 잘 안맞고 배경이 날라가는건 저만은 아닌거같네요ㅠㅜ,4
505,카메라 너무 튀어나와있는거랑 지하철 교통카드 생각보다 잘 안찍혀요,4
506,카툭튀빼곤 다 좋아요 화면반응이 빨라서 좋습니다,4
507,갤럭시노트답기 화면도 크고 디자인도 엣지로 예쁘고 좋으네요. 업무용 활용하는데 편리하고 좋으네요.. 손안에 쓰윽 들어오는 그립감이 찾던 모델이에요. 잘 활용할 수 있을 것 같네요.,4
508,카메라는 진짜 쥑입뉘다 dslr로 찍은것 같이 나와요 저희집 떼껄룩 사진 찍는데 털 한올한올 표현되네여 아직 셀카는 안찍어 봤는데 무섭네여..,4
509,하이마트 스마트퀵이용 비추전 받는데 4일걸림 직접집으로받는게좋은듯하네요,4
510,좋은 상품 잘받아 사용하고 있습니다. 적립금도 빨리 생겼으면 좋겠네요.,4
511,갤럭시 노트20 울트라 간지나고 좋네요잘쓸께요,4
512,좋은 물건 잘 받았습니다.,4
513,:) 상품 잘 받았습니다~!,4
514,하이마트에서 처음 폰 구매해봤어요. 자체폰도 처음이고요. 배송도 만족 상품도 만족 가격만 좀 비싼거 하하하 그거 빼고 전 갤럭시노트만족합니다. 하이마트 폰구매도 좋습니다!,4
515,만족합니다 ~~~~~,4
516,잘 쓰겠습니다,4
517,아이폰 11과 비교했을 때 전체적으로 더 좋아보임. 카메라는 월등하게 좋음. 가격만 좀 더 저렴 하면 최고. 단점은 별로 없어 보임. ,4
518,그냥 좋은듯여러가지 기능들 배우고 있는중터프아머 커버 장착하니 은근 무겁습니다.,4
519,주문하고 생각보다 너무 느려 걱정되긴했는데 그래도 8월안에 도착해서 다행이예요~,4
520,노트 10+랑 비교하니 사진화소가 정말 좋네요 확대해도 깨지지않고 야간사진도 잘나와서 놀랐습니다 버튼이 모두 오른쪽으로 옮겨졌는데 익숙해지면 크게 불편하지 않을것같네요잘쓰겠습니다,4
521,색상때문에 고민 많이 하다 화이트 색상을 했는데 그레이가 약간 섞인것 같은 화이트색상인데  예뻐요 ,4
522,화면 크고 배터리 용량 크고 반응속도 빠릅니다.,4
523,사은품신청 늦기전에 잘받았습니다.문의사항 답변만 빨랐으면 더좋았을텐데 아쉽네요.잘쓰겠습니다.,4
524,조아요 조아  노트 화면도 크고 빠르고 만족,4
525,배송이 너무느려요ㅠㅠ그래도 상품은 만족합니다이뻐용배송만좀빨랐으면 좋았을꺼같아요,4
526,개통일 전에 받았지만 다른.사이트보다 ㅖ택이커요,4
527,생각보다 배송이 넘오래걸렸네요ㅠ,4
528,만족합니다. 이틀만에 도착했네요,4
529,고민하다가 이벤트 놓쳐서 좀 비싸게 사긴했지만역시 좋긴 좋네요배송은 좀 늦어요 응대도 늦고서비스만 빼면 만족입니다,4
530,구매후 배송 1주일 걸렸읍니다,4
531,늦긴 했지만 잘 받았네요~,4
532,"다 좋은데, 100만원 넘는 고가의 제품이 경비실이 아닌 문앞에 놓여있네요~;;",4
533,폰은 좋은데 기본 구성이 폰하고 충전기 밖에 없네요~~너무 허무하네요. 사은품이라도 주는줄 알았는데~~~,4
534,배송도 빠르고 잘 받았는데카메라 너무 튀어나왔어요,4
535,자급제 폰을 하이마트에서 2번째 구매합니다.이번에는 뭔가 할인 된 기분이 안들어요. ㅠ. ㅠ그리고 삼성에 사은품 신청해야하는데 온라인 주문은 지점이 어딘지 나오지가 않네요. ㅠ..ㅠ,4
536,자급제폰은 처음쓰는데 좋네요 ㅎㅎㅎ 네이버포인트 제때 잘 들어오겠죠???,4
537,잘 받았어요 배송도 빨랐습니다 ,4
538,저렴하게 구입해서 좋아요.,4
539,만족하게 사용중입니다,4
540,그럭저럭 쓸만은 해요,4
541,좋아요~~~~~~~,4
542,사전예약에 비해서 안내도 부실하고 혜택도 별로에요...상품이나 배송은 좋고 빠릅니다. ,4
543,배소미 좀 늦고 자급제폰  이지만  14일부터 사용가능한게 불편해요,4
544,예상보다 일찍 수령했어요 이쩬 사은품 신청해야 겠네요..,4
545,주문예약번호 모르는거 빼곤 다 좋아요,4
546,빠른 발송/배송 감사합니다... ^^,4
547,빠르게 잘 받았습니다,4
548,기다렸는데 오래걸릴줄알았는데 바로 오네요. 기대됩니다.,4
549,배송이 빠르네요. 그런데 외부 포장을 좀더 잘 해서 보내주시면 좋을 듯 해요,4
550,"빅스마일 할인 받아서 구매 했어요.* 17일 주문 -> 18일 오후 배송 하루만에 왔어요.다음날이 휴일이라 유심때문에 바로 유심기변 안하고, 테스트겸 전원 켜서 미리 설정만 해 놨다가 23일 유심 착장 후 지금 사용 해 보고 있어요.기존 폰을 6년 정도 써서 그런가 새폰이 좋긴 좋네요. 화이트랑 브론즈 색상 고민 했는데..화이트 실물은 보지 못했지만, 브론즈색상 이쁘네요. 색상 맘에 들어요. 근데 구매 당시엔 몰랐는데 출시 초기에 불량으로 문제가 있었던.. 카메라 초광각 렌즈 유격과 베젤과 tsp 사이뜸이 제가 받은 제품에 있어요. 카메라는 작동만 잘 되면 뒤면이라 상관이 없는데..베젤 사이뜨는건 눈에 보이네요. 유튜브보니까 교품 받았던데..근데 오늘 처음으로 케이스 껴봤는데 케이스 끼면 가려서 안보이긴 하던데..사이뜸으로 먼지 엄청 낄것 같고, 방수나 시간 지나면 문제 있지 않을까 생각 드는데..뽑기운이 없네요ㅠ 그래서 지금 고민 중인데..시간 내서 센터 방문 해 볼려구요.",3
551,속도도 빠르고 화면 큰 것도 좋은데...요즘은 보급형도 꽤 크게 나와서 차별성이 떨어지는 것 같습니다.사용하면서 정말 불편한 건 지문인식이 진짜 거지 같네요..LG폰은 지문인식은 갑이었는데...특히 이 제품이 문제인지 모르겠지만 내 폰인데도 열리지 않고 여러번 실패할때마다 쌍욕이 나오네요!!!,3
552,배속 빠르게 옴.가격은 뭐... 다 거기서 거기지만 비싸지않게 샀다고 위로해 봄.거짓말 조금 보태서 적당한 컴퓨터 본체 하나 새로 세팅하는 느낌.용량은 역시 졸X 큼. 대용량 짱.배터리 따로 구매 안되는 건 구림.SD 카드 사용 가능한 건 좋음.S펜 조하.속도 조하.가입 조건 없는 거 편안~,3
553,드디어 기변을 했네요~ㅋ갤럭시노트 20  울트라 브론즈 색상.색상은 사실 케이스를 사용해서 그다지 의미는 없구요~집에서 자료 옮기고 유심 뽑아 바로 사용가능하니 역시 이맛에 자급제 폰 구매하는거겠지요~한가지 엄청 기분 나쁜건..배송지에 택배가 도착해놓구선 정작 배송은 3일 후에나 이루어졌다는것..게다가 택배박스도 찌그러져 있고~;;;;엄청 찝찝하고 불쾌해서 기분 나빴음;;이건 택배사 문제니깐 판매자님 필히 항의하세요~~!!다행히(?) 사용하는데는 지장 없어 구매결정합니다.,3
554,미개봉씰을 누가 손톱으로 뜯으려고 들어내다가 도저희 안되서 반품한 제품을 보낸것같습니다. 씰이 손톱으로 벗기다만 흔적이 있더군요 제품에는 문제가 없어 그냥 사용하지만 가격이 나가는만큼 꼼꼼한 검수는 필수일것 같습니다.,3
555,제조월이 1월인거빼곤 좋아요.미개봉상태에서 제조년월땜에 반품하려했는데처리해준다고 해놓고 앚어부렀는지 안해주네요.귀찮아서 그냥씁니다,3
556,좋아요 그런데  어플 각각 전부 제 로그인해야 해서 불편하고 적응하는데 시간이 좀 걸리겠네요ㅡㅡ노트울트라20는 좋긴 좋아요 ,3
557,잘 받았고 작동도 괜찮은 것같은데 카메라에 마무리가 잘못 된 건지 유격이 있어요. 플래그쉽 폰인데 아쉽네요.,3
558,상품은 만족합니다. 배송은 파업으로인해 늦어져서 어쩔수없는부분이지만 다만 그 후처리가 늦어지는건 문제가 있는듯합니다.,3
559,"잘 받았는데 2021년 1월 생산이네요
",3
560,괜찮은것 같아요.. 많이 파세요..,3
561,정성스런 포장에 감동스럽지만박스외관의 흠집/얼룩과박스개봉시 액정위에 먼지가 있는게찝찝하네요...,3
562,좋은제품  잘 받았습니다 많이 파세요,3
563,환불 할까하다 그냥 씁니다.ㅂ,3
564,괜찮은 것 같다 여,3
565,보통입니다 보통입니다..,3
566,"빠른 배송, 꼼꼼한 포장 감사합니다",3
567,송장번호 잘못 작성하신 직원분 사과 한마디 안하시네요ㅡ제품은 밀종씰있는 새제품으로 잘 왔답니다,3
568,살짝 액정필름에 흠집이 있지만 귀찮아서 그냥 씁니다.,3
569,색상도 생각했던 것보다 예뻐요,3
570,2년 열심히 조심히 사용해야겠어요.기기는 아주아주 만족합니다.,3
571,핸드폰은 좋아요~ㅎㅎ배송이 참 오래걸렸고 기다리느라 힘들었어요.그러나 30일 안에 받아서 기분 좋아요!,3
572,색상으로 고민 많이 했는데.. 평범합니다..,3
573,안전하게 잘받았습니다,3
574,주문예약번호 조회가 안되서 사은품신청 못했는데 어떻게 해야되나요 답답하네요,3
575,배송이 조금 늦었지만 상품은 만죽합니다.,3
576,좋아요 선물했는데 만족합니다,3
577,배송은 느리지만 만족핮니다.,3
578,기다리느라 얼마나 함들었는지..동생이 사용할 건데 정말 오래 걸렸어요.그래도 4주차에 배송 된다던데 배송 되긴 했어요ㅎㅎ약속 지켜줘서 고맙습니다~~,3
579,오랜기다림 끝에 오늘 배송 받았습니다.제품은 별이상없고 만족스럽네요.,3
580,아이폰7 쓰다가 이번에 바꿨는데 넘 무겁고 커요,3
581,배송이 후덜덜하네요..,3
582,잘받았습니다. 택배박스가 심하게 훼손되어 있었지만 다행이 내용물은 이상없어보이네요.,3
583,베송 잘 받았습니다,3
584,초기구매자사은품 관련정보 알려주세요하이마트 무슨지점인지 등등 적을때필요한 정보들 알려주세요,3
585,배송빠르고 안전하게잘받았습니다,3
586,값이 나가는 소형 택배인터라 배송예정시간에 대해 연락을 받고 그에 맞춰 기다리고 있는데... 다른 (빠른)시간대에 도착해버려서 물건 확인하기 까지 많이 불안했었네요 ㅜㅜ 박스를 비롯! 내용물 포장상태도 그닥......,3
587,제품이야 너무 좋습니다만배송 너무 느리네요,2
588,뒷면 라벨을 누가 띄었다 다시붙인 흔적 박스 오픈하자마자 액정에 먼지 부터 기본적으로 붙여나오는 필름 얼룩까지..삼성 포장상태가 불량한건지 받고도 찝찝함,2
589,상담이 기다리는것이 너무 당연하다는 것 마냥 .. 양해해달라가 아니고상세페이지 못 봤느냐 라는 식의 말씀이 좀 기분이 상했네요.예약구매라는거 알지만 기다리는 입장에서 배송일 물어볼 수 있는 거 잖아요.,2
590,"카메라에 안쪽에 이물인지 찍힘인지 흰색 자국이 있네요사용상에 문제는 없는거 같아서 그냥 사용하지만, 혹시라도 나중에 문제 생기면 어떻게 해야하죠?",2
591,다른곳은 예약번호를 구입시 주는데 이곳은 아직 알려주지않아 사전예약 순위가밀리네요 .빨리구매해도 사전예약의 의미가 퇴색 되는곳 .,2
592,"6월 마지막 주에 구입 했는데 처음으로 온라인구매
했지만 10일넘어 7월6일날  음~~주문 취소 할려고 하니
배달된다고 열라와서 받아지만 중간에 도대체 
배송희망일짜는 장식이고 배송된다고 하는 날짜 4번인가 변경되고 음~~ 50%쿠폰 이벤트 종료하는
날까지 안보내주고 참~다음에 그냥 다른 곳에서

",1
593,단순개봉이라고 하긴 스크레티가 심하네요.  유통경로를 모르니 혹시모를 고장이 있을까 그게 더 걱정입니다.,1
594,처음 옮기면서 벽돌 현상 나서ㅠㅠ앱충둘 때문에 그렇다니까 머 그냥 ~~~,1
595,간이과세자라 부가세증빙서류가 필요하신 분들은 절대로 사면 안됩니다.부가세 10%하면 출고가로 사는거하고 똑같습니다.,1
