,내용,별점
0,레드미  PRO 샤오미폰을 처음 구입해 사용하는 USER라 그런지 처음엔 조금 어색했지만 사용하기에는 별  무리가 없네요 폰 성능도 이 정도면 굳이 비싼 삼성폰을 고집해야 할 이유를  찾지 못하겠네요 통화품질 카메라 유튜브등 SOUND도 별 무리없어 보입니다  또한 듀얼 유심을 사용할수 있어서 더욱 좋습니다 이정도면 가성비 최고라 생각합니다 잘 사용하겠습니다,5
1,홍미노트  사용자였습니다 기존 핸드폰을 모서리로 떨어트려서 모서리가 조걱난채로 사용하고 있었는데 이번에 홍미노트  Pro가 공식발매 된다고 해서 바로 구입했습니다 홍미노트은 해외직구로 구매했는데 이번엔 공식발매로 구입하기가 한결 수월해서 좋았습니다통화 및 메시지를 제외하고 핸드폰 기능 중 제일 많이 사용하는 기능은 카메라인데 홍미노트 으로 찍으면 애플이나 삼성고가라인의 폰으로 찍은 사진보다 더 잘나왔습니다 이번에 나온 홍미노트  Pro 의 카메라도 역시 가격대비 아주 좋네요 다만 카메라가 약간 튀어나와서 충격에 노출될 우려가 있어 보호필름을 붙여야 할 듯 합니다아래 부분의 베젤도  많이 얇아져 이뻐졌구요  휴대폰 뒷면의 색상도 그라데이이션 으로 색상이 아주 이쁩니다 사은품으로 주신 케이스를 먼저 장착해보았는데 케이스의 색이 남색이라 휴대폰이 죽어보여서 기본제공된 젤리 케이스로 바꾸었습니다 잴라케이스가 훨씬 이뻐요홍미노트은 뒷면에 지문인식기가 있어 지문인식기를 통해 화면 켜짐 기능이 되었는데 홍미노트pro는 전원버튼에 지문인식 기능을 포함되어 화면 켜짐 기능은 눌러서 작동하는 것으로 되었습니다 전원버튼을 너무 많이 누르면 그만큼 고장이 나지 않을까 걱정했는데 화면두번 탭으로 화면커짐 기능이 수행될 수 있는 기능이 따로 있어 걱정은 기우였습니다보통 휴대폰을 사면 사용자매뉴알을 잘보지 않는데 이번에 보고 싶어서 홈페이지에 들어가니 일반 공통매뉴얼은 있는데 홍미노트pro의 매뉴얼은 없어서 아쉬웠습니다 빨리 올라오기를 기대합니다,5
2,와이프 핸드폰이 오래되서 바꾸던 차에 샤오미 제품 알아보고 반신반의 주문했는데진짜 기우였다는 생각이 들더군요 유심 바꿔 장착하고 설정도 알아서 다 잡아주고 어플도 데이터도 다 자동으로 옮겨지니 정말 편하더군요내부 메모리도 넉넉하고 기존에 쓰던 sd 기가도 잘 인식되고 좋아요와이프가 진짜 좋다고 맘에들어하네요굳이 약정요금제 써가면서 대리점 갈 필요 없다는 생각이 드네요저도 조만간 폰 바꾸면 여기서 꼭 구매할거에요도 진짜 빨랐어요아참 구성품도 액정보호필름은 깔끔하게 붙어 있어서 똥손인 제손을 빌리지 않아도 좋았구요 충전기에 케이블 실리콘케이스 까지 같이 동봉되어 있어서 군더더기 없다는 생각이 드네요,5
3,와우 가성비 최고 샤오미폰 처음 써보는데 깜짝 놀랄만큼 좋네요 전에 샤오미 폰이 가성비가 좋다는 얘기를 듣긴 들었지만 뭐 중국폰이 좋으면 얼마나 좋겠어 라고 생각했어요 근데 샤오미폰 가성비가 이 정도일줄 몰랐네요 기존에 쓰던 폰이 점점 제 수명을 다해가길래 뭘로 살지 엄청 알아보다가 홍미노트프로 구매했습니다 카메라 좋고 속도 빠르고 통화도 잘 됩니다 잘 선택한 것 같아요 같이 보내주신 사은품도 잘 쓰겠습니다 특히 강화유리랑 케이스 잘 쓸게요,5
4,쓰던 휴대폰이 갑자기 배터리쪽이 고장나 급하게 주문했는데 하루만에 도착했네요기존 쓰던 제품이 같은 홍미노트 시리즈라 미무버로 옮겼는데 이상하게 메시지만 안옮겨지네요 통화목록들은 다 옮겨졌던데 문자메시지 형식이 바뀌어서 그런건지 기존 거 그대로 기록이 넘어온 앱들도 있고 은행이나 카드앱들은 다 새로 작성해야하고 새폰에 적용하고 써보느라 하루이상 더 걸리네요  그나마 이전 폰과 같은 계열의 폰이라 덜 걸린 건지도 원래 MIUI 가 이것저것 만줘줘야할게 많아서,5
5,솔직히 받기 전에는 불안감이 많았다중국산 과연 괜찮을까 하는 마음때문받고 나서 좀 돌려보고 나서는 상당히 놀랐다 일단 홈페이지에서 써논 외부스펙 자체도 가격대비 우수 했지만 마감이나 디스플레이 품질 자체도 상당했기 때문비슷한 성능의 갤럭시 제품을 마련 할려면 거진 두배는 줘야 한다는걸 고려 했을때 가성비 하나는 최고다다만 초기에 이슈됐던 와이파이 연결 문제는 짜증을 유발 했지만 유심으로 연결하고 업데이트 하고 나서는 괜찮은듯 하다,5
6,외산 자급제 폰이 좋은게 뭐냐면 폰 용량을 온전히 쓸 수 있다는 점이다 쓰잘데기 없고 지울 수도 없는 기본 앱이 거의 없기 때문 년 약정에 필요도 없는 만원대 비싼 요금제에 묶이지 말고 자급제 폰에 알뜰폰 무제한요금 유심 박으면 폰 살 때마다 속는것 같은 더러운 기분을 안느껴도 되고 통신비가 로 떨어지는 신세계를 맛볼 수 있다 이제 샤오미 중저가 폰도 가격대가 찔끔찔끔 올라가서 가격 메리트가 떨어지고 있다고들 하나 그래도 여전히 이 가격대에 구할 수 없는 성능을 보여준다 샤오미 노트 시리즈 대째 구매인데 이번 노트프로는 Hz 주사율로 부드러운 화면 스크롤이 만족스럽다 스크린도 조금씩 커지고 있고 대용량 배터리에 고속충전기 기본 제공이 마음에 쏙 든다 아 그런데 화면이 AMOLED다 기존 레드미노트에 비해 채도가 쎄졌고 개인적으로 좋아하지 않는 패널이다 기존 패널로 갔으면 좋았을텐데 뭐 삼성폰 쓰던 분들은 아무런 거부감 없겠지 결론적으로 샤오미 노트 시리즈는 언제나 만족스럽다,5
7,색깔이 아주 좋네요 이번에 miui가 버전으로 업데이트 된다면 램도 기가까지 확장해서 사용할 수 있겠다 싶어 샀습니다 V사용자 였었는데 갤럭시의 이어폰 단자가 있는 중보급형 스마트폰 a를 생각했었는데 삼성은 내놓질 않지 카메라 화소도 억 백만이라 이게 더 좋고 단자도 있어서 주문했습니다 국내공식이라 as도 괜찮다고 생각이 들고요 첫 샤오미 폰인데 오랬동안 잘 사용하겠습니다,5
8,첨에 와이파이 연결이 안돼서 당황하였으나지역을 미국으로 하니 바로 잡힘PS리모트용으로 구매했는데끊기는 거 없이 스무스하게 너무 잘됨 액정크고 oled화질좋고  지문인식 빠르고 또 게임설정에 화면설정이 추가로 있는데 나름  블랙 이퀄라이저 기능 대체로 쓸만함 레이저 키시 게임패드랑 연결해서 퇴근후 한시간하다가 자는데 딱좋음메인폰 s쓰고 전부터 삼성꺼만 쓰는데샤오미가 진짜 많이 발전했다는 생각이 들었음 lg는 사업철수 잘한듯  삼성도 긴장해야할듯 내구성 등은 더써봐야알겠지만현재까진 대만족 아 충전빠른건 덤,5
9, 국내 정발에 카메라 기능이 마음에 당겨서 사전 예약 구매 하였습니다 화질 좋고 디자인도 좋고 카메라 화질도 준수하지만 카메라 성능은 기대했던 만큼까지는 아닌 것 같고 조금 아쉬운 감은 있습니다  LG유플러스 유심 사용하는데 와이파이 연결이 첫날에는 문제가 있었는데 월 일 기준으로 잘 해결이 된 듯 합니다  빠른 조치 감사드립니다,5
10,한번 써보고싶었는데 프로 나온거보고 서브폰필요해서 바로결재했네여초기설정 오류때문에 고생좀했지만 지금은 잘되고있는중입니다 아무이상없이 잘됬으면 좋겠네여화질도좋고 카메라도 넘넘 좋네여디자인도 너무맘에듭니다 애들용이랑 부모님껏도 교체할까 생각중입니다,5
11,소문대로 가성비가 뛰어난 자급제 폰입니다 다만 샤오미 UI가 일반적인 국산 스마트폰의 UI하고 좀 달라서 사용시 어느 정도의 불편함은 있습니다 그리고 진동 모드는 그냥 어디다 버리고 싶을 정도로 형편 없습니다 전화가 왔을때 진동의 강도가 너무 약해서 스마트 워치를 별도로 구비해야 하나 고민중입니다 그리고 통화시 수신음이 나오는 위치가 핸드폰의 맨 위쪽 옆면에 위치해서 핸드폰의 각도나 위치가 조그만 틀어져도 상대방의 목소리가 잘 안들리는 단점이 있습니다 결론적으로 진동 모드하고 통화 수신음의 위치는 홍미노트 프로의가장 큰 단점이 아닐까 하는 생각이 듭니다 홍미노트  버전에서는 이러한 단점들이 개선되었음 하는 바램입니다 ,5
12,중국폰에대한 막연한 불신감이 있었는데 가격과 스펙이 너무 좋어서 샀습니다 결과는 대만족이고 굳이 비싼값에 플래그쉽을 써야하나라는 의문점을 갖게 해줬습니다 다음번에 바꿀때도 월등한 스펙을 가졌다면 주저없이 선택할 것 같아요,5
13,정식 발매이면서 여기만큼 저렴한 쇼핑몰은 없습니다 그래서 대 구매했습니다사용해 보니까 왜 hz를 사용하는지 알것 같습니다 화면 스크롤시 잔상이 남지 않아서 좋습니다 스냅G도 게임하는데 부드럽습니다 저희 아이들이 좋다고 하네요갤럭시 A시리즈와 고민 했는데 삼성이 더 분발해야 할 것 같습니다개인정보 털리는 문제에서 샤오미는 없는 것으로 압니다,5
14,유심 개를 설치하는게 좀 낯설지만 개 모두 잘 동작 합니다만원 가격에 화면 동작속도 기본 메모리 모두 만족 스럽습니다화면이 밝아서 인지 배터리는 생각보다 빨리 소모 되네요기본 폰 유심은 은 그냥 이동해서 쓰고 데이터 용으로 요금이 저렴한 알뜰폰 유심으로 추가 했습니다 앱 다시 설정 하는게 한참 걸리네요,5
15,대박이네요갤노트울트라갤폴드아이폰 프로 알아보고 고민하던중 우연히 알게된 샤오미 이거 않샀으면 땅을 치고 후회할정도 입니다가성비  그냥 굿 입니다싼 맛에 호기심에 구매했는데 공짜로 메이저급 폰 생긴 느낌입니다의심하지 말고 구매하세요,5
16,AMOLED 가 첨엔 굉장히 부담러웠는데 쓰다 보니 많이 적응 됨 특히 햇볕이 강한 곳에서도 잘 보이는 것이 좋다 카메라 기능이 이것 저것 추가돼서 처음엔 이걸 뭐 언제 쓸까 했는데 있으니까 또 쓰게 됨 사진 색상이 잘 나와서 음식 사진을 많이 찍는데 거의 따로 편집할 필요 없다,5
17,업데이트 안하면 지문 등록해도  전원두번 눌러 카메라로 열립니다 한글도 초중성 합체안되고 다 따로 놉니다 Gborard 자동 업데이트 됩니다 구글 키보드 업데이트이후 제대로 써짐  기본 케이스에 끼워봤는데 슬림해지고 가벼워졌네요 pro 보다 가볍습니다,5
18,도 빠르고 물건 또한 아무런 하자 없이 잘 도착 했습니다 감사합니다사은품 하나도 없다는게 좀 서운하다면 서운한카툭튀가 걱정되어 일반적으로 동봉되는 케이스로는 뭔가 좀 아쉬운 감이 있네요 또한 제가 자급제가 처음이라 그런건지 아니면 중국폰이 처음이라 그런지 이것저것 설정할 부분들이 구석구석 있네요,5
19,지금 뜯어보고 유심 장착하고 테스트결과 전화도 잘되고 터치도 잘되고 설정 이것저것 만지고 새벽이 넘어서야 잘것 같네요 단지 무슨 사은품을 준다는걸로 알고 있었는데 그냥 달랑 휴대폰만 왔네요 그래도 만족은 합니다,5
20,만족합니다 성능 디자인 두 고맙습니다 상담원님두 친절하구요,5
21,쓰다가 파손되서 구매했는데 이가격에 퀄리티 항상 최고네요앞으로도 샤오미가 노트 시리즈 계속했으면 좋겠어요,5
22,좋은상품 저렴하게 잘샀어요감사합니다,5
23,매우 만족합니다 사진 짱이네요,5
24,이 가격대에 이정도 성능이면샤오미니까 가능한것 같네요,5
25,약속한 보다 빨리 와서 좋아고 특히 중국 제품은 품질이 떨어질거란 생각을 확 바꿔주는 계기가 되었어요 단 겔럭시 메모장에 있는 자료를 옴길 수가 없어 걱정이네요,5
26,빠른 꼼꼼한 포장감사합니다 ,5
27,구매 예약 후 유튜브 등을 통해 다양한 정보를 받아왔어요 생각보다 제품이 빨리 와서 받자마자 개봉하면서 사진 올립니다 디자인은 생각보다 깔끔한 것 같고요 제품도 가격 대비 좋을 것으로 기대합니다 잘 쓰겠습니다,5
28,전체적으로 제품 마감도 괜찮고 무엇보다 개의 유심을 사용할수 있어 좋아요 지문 인식률도 생각보다 양호한것같네요 메인폰으로는 자주 쓰이는 페이결제가 안되서 불편하겠지만 세컨폰으로는 만족할만하네요,5
29,잘쓸게요 좋아요 굿,5
30,전에 쓰던 폰보다 확실히 빠르네요 저가형 폰에서는 갑이네요사진도 만족할 수준으로 잘찍힙니다겜 안하는 저에겐 딱 맞는 폰인듯  잘 쓸께요,5
31,생각보다 성능도 디자인도  좋으네요빠르고 사진도  잘 나오고최적화도 잘되있네요중국폰  편견이 깨짐 ,5
32,남편 핸드폰에 붙여줬는데 괜찮네요 ,5
33,빠르고 참 좋네요 조금만 안되도 중국 꺼라서 그런가 싶다가도 이가격이면 정말정말 훌륭하다 싶습니다,5
34,친구 선물로 사줬는데매우 좋아하네요 감사합니다,5
35,포장이 좀  어 뭐지  그랬는데 다행히 잘왔네요 핸드폰은 좋아요 삼성폰이랑 틀린게 많아서 좀 어색하고 아직 불편하지만 적응해야죠 와이파이 잘 잡히고 통화 잘되네요,5
36,생각보다 어플들이 잘 작동됩니다전체적으로 기대이상이네요테마도 여러가지 적용 가능하네요,5
37,품질이 굉장히 좋네요 보안상 불안한 부분만 제외하면 가격 성능 다 좋네요 디자인이 더 좋아지면 좋겠습니다,5
38, 빠르고 제품도 좋아요,5
39,고등학생 자녀 매우 만족스럽게 사용하고 있습니다 빠릿하고 소리도 좋다네요카메라 떨림보정이 없어서 좋은화소수가 묻히는건 안타깝다네요,5
40,국산제품도 이런 스펙에 이런 가격이면 참 잘 팔릴텐데요저렴하게 고성능을 즐길수 있어 좋네요,5
41,가격대비 가성비 갑이네요,5
42,제품의 품질 만족합니다,5
43,밑고쓰는 홍미노트  Pro 카메라 성능도 장난아니고 이 가격에 Hz는 굉장하네요 화면도 매끄럽도 AMOLED라서 깔끔하기도 하고 가성비 최고네요,5
44,유심이 두개 들어가니까 좋네요가성비도 좋고요 아주 만족 합니다,5
45,브론즈 색상 이쁘네요제품은 품질이상 없이 깨끗하네요사은품 혹시나 했는데 역시나 없구요 처음쓰는 해외제품 적웅해 봐야죠  ,5
46,저렴한 가격에 매우 훌륭한 제품이네요 강추합니다,5
47,도 빠르고가성비 최고입니다,5
48,도 빠르고 저는 가성비 성능 만족합니다카툭튀가 좀 과하긴하지만요 케이스 없이 올려놓으면 자꾸만 흘러내리는건 좀 불편하지만 뒤집어 놓으면돼서 괜찮아요 게임할때도 좋고 카메라도 지금폰보다는 훨좋은데,5
49,고등학생 아들 사줬는데 가성비 만족스럽고 소리도 좋다네요 팍팍 돌아가고 좋다네요,5
50,역시 대륙의실수 샤오미 가격도 착하고 스펙 쩌네요,5
51,홍미 노트는 처음 써보는데 이쁘네요,5
52, 빠르고 사용감도 정말 좋네요,5
53,가성비는 최곱니다요잘 쓰는 중,5
54,가성비가 떨어지는 것 같진 않아요품질도 아직은 문제없구요잘 들리고 기능도 별 이상 없네요,5
55,와이파이 버그가 있다는 것 빼고는 모든 게 좋습니다 케이스랑 필름이 빨리 왔으면 좋겠네요,5
56,빠른 좋은상품 감사합니다,5
57,색이 화면보다 더 예쁘고요 새폰이라그런건지는 모르겠지만 괜찮네요 ,5
58,월욜 점심때 주문했는데 목욜 받았네요자급제라 괜찮았는데 급하신분들은 미리 판매처에 문의하시는게 좋을듯하네요,5
59,이 생각보다 정말 빠르고 폰이 예뻐네요 좋아요 다음에 또 시킬게요,5
60,아이 핸드폰으로  사준건데  싸고 as확실하고 성능도 좋은네요,5
61,노트프로 쓰다가 넘어왔는데 빠릿하고 좋네요디자인도 멋있구요특히 디스플레이가 자연스럽고 좋네요,5
62,속도 빠르고 감도도 좋네요 디자인도 꽤 괜춘,5
63,기대이상 만족이예요정발이라 그런지 통화녹음도 되고홍미폰 문제가 거론된것도 문제없이 잘되요받고 나서  쌩폰으로 쓰고싶단 마음 누르고 케이스 사용그런데  듀얼스크린과 무선충전기 사용할수없는게 아쉬워요,5
64,국내정식판 홍미노트프로 빨라요,5
65,샤오미폰을 기존에 써봐서잘쓰고있어요,5
66,외부촬영 사진은 진짜 잘 나옵니다,5
67,만족합니다 도 빨랐어요,5
68,빠르고핸드폰 좋아요,5
69,사용 잘 하고 있어요,5
70,빠른 가성비좋음,5
71,좋아요 잘받았습니다,5
72, 잘 왔어요,5
73,잘 쓰고있습니다이 가격에 이 사양이라니 놀랍습니다,5
74,생각했던 중국산이 아니에요 품질이 엄청좋아요,5
75,벌써 두번째 구매  지인한테 선물 하는거,5
76,정말 마음에 들어요 듀얼유심 신세계네요,5
77,빠르고 매우맘에들어요많이파세요,5
78,완전  잘 받아서 잘 쓰고 있어요,5
79,쓸만하네요 가성비 제품이상입니다,5
80,가성비 짱이네요 도 빠르고,5
81,가성비가 아주 좋은거 같네요,5
82,케이스도 폰도 잘쓰고있어요,5
83,감사합니다 좋은 제품이네요 다만 게임할때 조금 버벅이긴 합니다 ,5
84,생각보다 이쁘고 작동잘됨 굿,5
85,케이스 참 좋아요잘쓸게요,5
86,저렴한 가격에 쓸만해요,5
87,빨리 오고제품 좋아요,5
88,가성비가 좋아요 ,5
89,빠른 감사함니당,5
90,아직까지 잔버그없이 빠릿빠릿하고 맘에듭니다 카메라도 맘에드네요,5
91,오늘 받았습니다 이 가격에 이 품질이면 만족합니다,5
92,배그 모바일 렉안걸리고 잘돌아간답니다사진도 잘찍히고 화면도 부드럽네요,5
93,이가격에 이만한 가성비의 정발폰은 찾기힘들것같내요 잘쓰고있습니다,5
94,역시 가성비 좋은 제품입니다 중저가폰 중에 아마 최고가 아닌가 싶네요,5
95,예상보다 사용하기 좋습니다딱히 안돌아가는 어플 없구요베터리도 짱짱하고 충전도 빠릅니다,5
96,한달 사용동안 별다른 문제없이 잘 쓰고있어요,5
97,빠르고 기기이상없어요 사진도 잘나옴 ,5
98,가성비 좋은 샤오미 홍미,5
99,아주 잘 사용하고 있어요,5
100,도 빠르고 좋아요,5
101,카메라 기능이 제일 맘에 들어요 화질도 좋고사용하는데 전혀 불편함 없고 통화 품질 좋아요리뷰 당첨 되어서 샤오미 미밴드 보내주셨던데 잘 쓸게요,5
102,주말포함 이라  늦게 받았지만 충전기포함 저렴하고 좋네요,5
103,말할 것도 없이 너무 좋습니다블루 색상 너무 이뻐요,5
104,가성비가 정말 좋아요 삼페 안쓰고 게임 많이 안하는 분들께는 최고일거 같습니다,5
105,좋아요 ,5
106,이가격에 이만한 물건 찾을수 없지요 너무 만족합니다,5
107,부모님선물로 사드렸는데 배터리 짱짱 카메라 짱짱 화면크고 선명하다고 좋아하시네요,5
108,아주좋아합니다 감사합니다 잘쓸게요,5
109,가성비 좋았어요 만족합니다,5
110,잘샀어요 아주 좋네여,5
111,잘 사용하고 있습니다,5
112,가격대비 좋습니다 ,5
113,색깔 이쁘고요제품도 사용해보니 만족스럽습니다구매하길 잘 한거 같습니다담에 또 좋은 성능의 제품이 나오면 두매의사있습니다갤럭시노트처럼 펜을 추가해주면 좋겠어요,5
114,홍미노트 년 개월만에 다시 샤오미로 바꿉니다 자급제만 쓰는데 게임도 안 하는 중년이라 가성비에 만족합니다,5
115,뒷판 그냥 하늘색이 아니고파스텔톤 하늘색 빛나는게 이쁘네요기존 폰 카메라가 너무 후지게나와서후면은 안찍었어요,5
116,만족합니다  빠르고 이가격에 이성능이면 최고인것 같아요,5
117,빠르고 샤오미 쓰던 사람이라 좋습니다,5
118,빠른  감사합니다  받자마자 열어보았고 상 품 상태 양호하고 만족스러워요,5
119, 브론즈  생각보다 더 이뻐요,5
120,좋인요 발열이 좀있는편이지만,5
121,물건도 좋고 도 빠릅니다,5
122,가성비좋은  스마트폰입니다,5
123,세컨폰으로 삿어요 좋네요,5
124,이 오래걸렸지만가성비 좋고 와이파이 문제등없고 품질 괜찮아요,5
125,생각보다 색깔이 쨍하기는 하지만 나쁘지 않습니다,5
126,지금 사용중인데 가격대비 너무 좋아요,5
127,어제 주문하고 하루만에 와서 좋아요,5
128,가성비는 역시기대 이상 입니다,5
129,아직 자판이 익숙치않아 든,5
130,도빠르고 핸드폰도 빨라요,5
131,성능좋고 디자인도 이쁩니다,5
132,가성비로 따지면 최고이나 통화할때 통화음이 너무 작은 단점이있네요,5
133,가성비 최고의 스마트폰,5
134,생각보다 너무 좋네요,5
135,빠른 빠른응대 굳,5
136,가성비짱입니다  앞으로 샤오미제품만 쓸것같습니다,5
137,잘 작동합니다 빠른  감사합니다 롯데택배 서비스 많이 좋아졌네요,5
138,시리즈 에 이어 세번째 구매입니다이번시리즈는 NFC기능까지 있네요강추입니다,5
139,이제서야 리뷰를 쓰네요와이파이가 좀 불안정한 것 빼놓고는 뭐마음에 들어여 ,5
140,폴더 쓰다 쓰는데 그냥  통화 가끔 네비나 사진 하시면 더할 나위 없네요,5
141,샤오미에서 새로 구매했습니다 디스플레이가 확실히 커서 좋네요,5
142,잘 쓸께요화면이 커서 좋네요사진도 잘 찍히고 좋아요,5
143,설정 건드려야할 게 많지만 잘 작동되고 좋음,5
144,사용하기에 적당한 폰이네요 만족합니다 ,5
145,완전 좋아요 듀얼유심 신세계네요,5
146,가격대비 좋네요 갤럭시랑 태마 및 설정이 달라서 약간 헤맷지만 듀얼심과국내정발이라서 좋네요 만족합니다,5
147,잘받아았어요 많이파세요,5
148,이가격에 이성능 좋아요,5
149,샤오미 예전 폰 년 쓰고 다시 구매합니다,5
150,초고속 빠른 최고입니다,5
151,싸고빠르고좋아요 ,5
152,일 입고예정 이라해서 기다리고 있었는데일요일 문자 오더니오늘월요일  됐네요퇴근하고 데이터 옴기고 있습니다예상데로 브론지이쁨니다,5
153,이제 막 켰는데 괜찮아요 무게도 적당하고용량도 그렇고와이프 선물로 사주는건데 마음에 들어할꺼 같아요,5
154,가성비 좋습니다  안드로이드라 사용하기도 편해요,5
155,가성비 쵝오 입니다 홍미노트쓰다 푸로로 왓네요,5
156,이게 만원이라는 게 도저히 말이 안 됨,5
157,최고의 강성비 만족스럽습니다 잘쓸께요,5
158,처음 켯을때 와이파이도 안잡히고 유심도 못읽고난감했는데 와이파이 끈질기게 잡고 폰 업뎃하니정상 작동 하내요 중국폰 첨인데 듀얼유심 땜시 쓰는데 첨이라 어색하지만 금방적응 되내요,5
159,깔끔하게 잘받아습니다 홍미노트프로 보단 정도 가벼워서 좋네요이제부터 세팅작업 들어갑니다,5
160,기대 이상으로 홍미노트 프로 만족합니다 와이파이 이슈도 없었어요,5
161,아직 언박싱은 안해봤지만 맘에 두고 있던거라 잘 쓰겠습니다,5
162,역쉬 노트프로 정말 좋네요 국산 저렴 쓰다가 다시 샤오미로 넘어왔는데 역시 좋네요  이제왼만해선 못바꿀듯 ,5
163, 빠르고 제품에도 하자 없어서 만족해요,5
164,디자인 예쁘네요 품질은 써봐야 알듯,5
165,터치가 상당히 좋네요빠릿하기도하고카툭튀땜시 케이스는 따로 구매했는데 끼고나니 더 이뻐요보안은 중국산이라 믿음 안가지만지문인식도 빠릅니다 노트플러스비해,5
166,상품정보 일치합니다 만족하게 잘쓰고 있습니다 억만 화소 사진 좋네요,5
167,제품과  모두 만족합니다,5
168,빨라요화질너무 좋네요,5
169,가성비 최고 입니다,5
170,제품 만족합니다,5
171,아직 샤오미 UI에 익숙하지 않지만 쓰다보니 적응되고 카메라 성능에 가성비 대비 완전 만족합니다번창하세요,5
172,Soso하네요 구성품이 아쉽긴하지만,5
173,싼맛에 샀는데 적당히 괜찮네요 버벅거림이 좀 있지만 전화 문자 인터넷 정도만 쓸거라 만족합니다,5
174,가성비 최고에요 처음에 초기설정 유심 없으면 넘가지지않네요 유심꽂고 초기설정  ,5
175,기존 갤러시에서 자료이동이 조금 어려웠는데 전반적인 품질은 만족합니다,5
176,색이 연한것도 예쁘네요 억만화소라 구매해보았습니다 삼성 센서 장착,5
177,음 일단 빠르고 물건도 쓸만한거 같네요시간날때 제대로 해봐야할듯,5
178,디스플레이 좋고 가격대비 가성비 이만한거 없는듯요,5
179,홍미노트  을 잘 쓰고 결국 프로까지 만족합니다 ,5
180,어제새벽에주문하고 오늘 오후에 받았어요 개꿀,5
181,잘 돼요 카메라가 파랗게 나오는거 빼곤 ,5
182,생각보다 마감이 너무 깨끗해서 놀랐습니다,5
183,생각보다 괜찮은거 같아요 잘산거같아요,5
184,막쓰기에 이보다 더 좋은 가성비는 없다,5
185,갤럭시 부럽지 않네요잘쓰고 있습니다,5
186,좋은 제품 잘 샀습니다 가격도 좋고요,5
187,빠르고 폰도 좋네요 많이 파세요,5
188,nfc 기능으로 카드사 페이가 됩니다,5
189,갓성비 제품이니 믿고 사용합니다,5
190,성능이 좋아요자판이 조금 불편,5
191,꼼꼼한 포장과 빠른  좋아요,5
192,선물이라 개봉전이에오 좋겠죵,5
193,이가격에 이정도 기능  칭찬해,5
194,디자인하나는 끝내줍니다람쥐,5
195,깨끗한액정 보호되니 좋아요,5
196,가성비 킹 추천합니다,5
197,가성비 너무좋네요 굿굿,5
198,기능대비 가격대 만족,5
199,상당히  만족했습니다,5
200,잘 사용하고 있어요,5
201,매우 마음에 듭니다,5
202,질문에 홍미노트 프로가 아닌 홍미노트 오내용이있어 걱정했는데   잘도착했습니다  실물도 맘에 들고 도 빠르네요  많이 파세요,5
203,이가격대에 이제품 솔직히 보안문제 신경 덜쓰는 세계 국가에서 갤럭시 보급형 판매량이 감소해서 점유율이 줄어들고 중국산 제품이 늘어나는 이유를 알만함,5
204,도 빠르고 무엇보다 너무  친절하세요 물론 물건도 굿,5
205,현재 미맥스 쓰고 있지만 샤오미폰 정말 만족하고 쓰고있죠 노트프로 화면주사율 상향시 진짜로 눈이 편해지는것을 느낌니다,5
206,제품도 좋고 도 빠르네요,5
207,만족합니다나노,5
208,음향 품질 좋코 빠릿빠릿합니다,5
209,기대이상의 폰 성능이네요삼성 저가폰보다 좋은듯합니다,5
210,아주 잘됩니다 Wifi도 유심칩 꽂고 하니까 한번에 연결된,5
211,홍미노트프로참좋으네요  상상외로 대단히 감사합니다,5
212,가성비 정말좋아요 삼성폰 살필요가 없을것같애요,5
213,이 가격으로 이정도 성능이랑디자인이라 좋네요,5
214,하루만에 이 왔어요 감사히 잘 쓰겠습니다,5
215,생각보다 더 괜찮아요잘써보겠습니다,5
216,역시 샤오미 저렴한 가격에 잘 샀어요 ,5
217,싸게 잘산거같거 같아요빠르고 좋네요,5
218,아직까지도 잘 쓰고 있습니다,5
219,도 빠르고 물건 잘왔습니다 ,5
220,발열은 심하지만 충전은 겁나빠름,5
221,가격대비 괜찮아여 잘쓰고있어요,5
222,도빠르고 제품도 맘에들어요,5
223,가성비 좋고 빨라서 좋아요,5
224,가성비 좋아요 색도 이쁘네요,5
225,감사합니다사업번창하세요,5
226,아주 마음에 듭니다 깔끔해요,5
227,제품 좋아요 많이 파세요 ,5
228, 빠르고 마음에 들어요,5
229,빠르고 물건좋아요,5
230,좋아요 후회없습니다,5
231,잘 쓰겠습니다,5
232,빠른 너무 좋아요 가성비도 좋아요,5
233,졸라 큼 난 손이 큼 휴대폰졸라 큼,5
234,가성비 최고입니다 정말 마음에 드네요 감사합니다 ,5
235,겔만쓰다가 홍쓰는데 가성비짱입니다좋습니다,5
236,아버지의 폰을 교체해드리려고 구매했는데 고주사율 디스플레이와 메인카메라에 만족해하십니다 미라이트에 만족중이던 저조차도 그 카메라는 참 탐나더군요,5
237,정말 괜찮습니다 가성비 정말 좋아요,5
238,좋아요 아이 사줬는데 좋아해요,5
239,샤오미 스펙말고도 지문인식이랑 반응속도 스피커소리 상단상태표시줄 반반다른기능 역되급 가격임에틀림없음 써보고잔고장없음 샤오미갓샤오미임,5
240,도 빠르고 이가격에 이정도 품질이  말도 안되네요 ,5
241, 빠르고 할인쿠폰 사용해서 저렴하게 구매했어요,5
242,기대가 컸었네요 생각보다 속도가 빠르진 않네요 그래도 비슷한 가격의 갤럭시 보다는 빨라요 만족합니다,5
243,가성비 매우 좋네요 화질과 카메라 아주 좋아요,5
244,쓸만해요 튼튼하고 그냥앨쥐폰 상위호환 느낌,5
245,최저가에 구매해서 만족해요 잘 쓰겠습니다,5
246,잘 쓰고 있습니다이 가격에 이 성능이,5
247,이만한 가성비폰이 또 있을까 싶네요,5
248,좋아요가격이 좀 더 낮으면 좋겠어요 ,5
249,구매해서 잘 사용하고 있습니다,5
250,좋아요 잘 사용하고 있습니다,5
251,빠르고 제품 만족합니다,5
252,빠르고 좋네요 만족합니다,5
253,저렴하게 잘샀어여 좋네요,5
254,가성비 기본에 빠른,5
255,예쁘고 좋어요 색깔 예쁨,5
256,가격에 비해 만족합니다,5
257,훌륭합니다 정상작동,5
258,아주 만족합니다,5
259,샤오미 스펙말고도 지문인식이랑 반응속도 스피커소리 상단상태표시줄 반반다른기능 역되급 가격임에틀림없음 써보고잔고장없음 샤오미갓샤오미임,5
260,도 빠르고 이가격에 이정도 품질이  말도 안되네요 ,5
261, 빠르고 할인쿠폰 사용해서 저렴하게 구매했어요,5
262,기대가 컸었네요 생각보다 속도가 빠르진 않네요 그래도 비슷한 가격의 갤럭시 보다는 빨라요 만족합니다,5
263,가성비 매우 좋네요 화질과 카메라 아주 좋아요,5
264,쓸만해요 튼튼하고 그냥앨쥐폰 상위호환 느낌,5
265,최저가에 구매해서 만족해요 잘 쓰겠습니다,5
266,잘 쓰고 있습니다이 가격에 이 성능이,5
267,이만한 가성비폰이 또 있을까 싶네요,5
268,좋아요가격이 좀 더 낮으면 좋겠어요 ,5
269,구매해서 잘 사용하고 있습니다,5
270,좋아요 잘 사용하고 있습니다,5
271,빠르고 제품 만족합니다,5
272,빠르고 좋네요 만족합니다,5
273,저렴하게 잘샀어여 좋네요,5
274,가성비 기본에 빠른,5
275,예쁘고 좋어요 색깔 예쁨,5
276,가격에 비해 만족합니다,5
277,훌륭합니다 정상작동,5
278,아주 만족합니다,5
279,도되게빠르게오고성능도좋네요,5
280,생각보다 너무 좋아요 역시 대륙의 실수 이 생각보다는 늦어서 마음편히 먹고 있었네요그래도 일만에 온거면 좋다고 생각해요,5
281,색상이 예뻐요 잘사용하고 있어요,5
282,아주 맘애듭니다  가성비 최고,5
283,Hz 이게 젤 큰 장점 같아요,5
284,너무 좋아요 도 빠릅니다,5
285,진짜 가성비 갑 핸드폰 최고,5
286,빠르고 내용 문제없음,5
287,빠른  품질 좋네요,5
288,완전 좋아요 가성비 갑 ,5
289, 괜찮고 잘됨 브론즈가 되게 예쁨 어머니 사드렸는데 내가 뺏고싶었음 ,5
290,듀얼유심으로 너무 좋네요 업무상 투폰이 필요하여 쓰는데 g쓰면 기가주는 데이터전용 유심끼우고 알뜰폰 무제한통화유심끼우고 해서 유심설정만 해주면 원에 쓸수있는게 좋았고 가성비 갑이지요,5
291,아직까진 만족 중입니다더 써봐야 될듯합니다,5
292,싸게 구입했네요생각보다 빨리 되서 좋았습니다가성비 좋고 예쁘네요 할인받아서 더 좋네요 ,5
293,너무좋습니다 빠르네요,5
294,예약구매해서 오래 기다렸다 받았는데 기다린 시간이 아깝지 않을만큼 상품이 좋아요,5
295,와 속도가 날아다니네요 통화녹음이 안되는건 아쉬운데 이것도 유투브보고 언락따라하면 될것같네요 정말 감사합니다 갤럭시나 아이폰은 절대 할수없는 더블유심은 너무 짱짱 편하고 좋아요,5
296,죠아요 빠르고 좀 무겁긴 합니다만 괜춘,5
297,가성비가 좋습니다 사진도 잘 나오고요,5
298,싸게 잘샀어요 이 지연되었지만,5
299,속도빠르고 기능도 여러므로 좋아요,5
300,너무좋아 내가 왜 늦게알았을까,5
301,가상비는 좋으나 uI가 좋지않음,5
302,제품 및  모두 만족합니다,5
303,물품과  모두 만족합니다,5
304,휴대폰 너무 예뻐요 ,5
305,선물용으로 구입했어요,5
306,최곱니다 빠른 감사,5
307,좋네 빠르고 ,5
308,빠르고좋습니다 굿굿,5
309,     ,5
310,가성비 짱입니다용,5
311,좋은제품 잘 쓸게요,5
312,빠른 감사합니다 빠르고 좋습니다,5
313,순차 발송이라하여 더 늦어지는줄 알았는디 금방 왔네요 젤리케이스 추가주문인데 재고 없어 안온건 따로 샀다 생각하고 폰도 좋고 좋습니다,5
314,스마트폰 너무좋아요 가성비 갑인것 같아요,5
315,아직 적응 중입니다아직 까진 만족입니다,5
316,아주아주좋아요잘쓸게요,5
317,메모리랑 용량이 높아서 그런지 빠릿빠릿하고 mp 카메라 는 기대에 못 미치는 느낌이 드네요,5
318,좋아요 화면도 크고 아직 익숙하지는 않아 적응중,5
319,오래 기다린 만큼  제품은 만족합니다,5
320, 빠르고 역시 놀라운 갓성비,5
321,초기 소프트웨어 버전이라 와이파이 버그가 있습니다 이는 초기설정시 지역설정을 미국으로 하시면 해결됩니다,5
322,설명보다 빨리 잘 받앗습니다,5
323,좋습니다 예쁘고 저렴하고 ,5
324,만원대 수준이 아닙니다,5
325,일 보다 만족 합니다,5
326,굿 핸드폰굿 가격굿,5
327,잘 받았습니다 좋아요,5
328,생각보다 크네요 유심카드인식조금걸렸지만 좋네요 많이파세요,5
329,많이파세여 만족래요,5
330, 빠르고 좋아요,5
331,빠르고 친정한 ,5
332,가성비최고,5
333,마음에 들어요  샤오미  이후  또는 를 살 생각이 있는데 그때는 직구를 곰빈하지 않게 램이 더 높은 제품으로 정발되길 바래봅니다,5
334,믿고쓰는 샤오미 홍미 홍미노트에 이어 홍미노트 무수히 떨구고 모서리가 다 찌그러지도록 써도 고장이 안나서 as가 필요없는  홍미노트안녕,5
335,노트 pro 만족합니다중국폰이라는 고정관념은 떨쳐버리면 이 만큼 가성비대비 성능 좋은 제품도 없죠강추,5
336,이 예상보다 빠르네요,5
337,빠른 감사합니다,5
338,좋아요좋아요좋아요좋아요,5
339,이가격에 국산폰산다면 최저품질의 폰인데중국산이지만 국산 프리미엄에는 못및치지만 가성비는 최고의 상품입니다,5
340,세팅하는데 문제가 없네요 잘 사용하겠습니다,5
341,매우 빨리 왔네요 일만에 도착함,5
342,좋아요 싸요 잘 구매합니다,5
343,잘 사용하고 있습니다,5
344,잘쓰고있어요  ,5
345,가성비가  좋을것같아  구매초등 아들에게  선물했는데  좋아하네요다른건  모르겄는데  sd카드  인식이  안되서  고생하고  있습니다,5
346,조금 더 사용해봐야 알겠지만 많은 기대는 하지 않아요,5
347,디자인도 이쁘고 가성비 최고폰이네요,5
348,좋습니다 쓸만합니다 ,5
349,좋은거같네요 추천,5
350,좋아요가격대비좋아요,5
351,아주 좋습니다 가격도 저렴하고 폰 성능도 엄청 만족스럽네요 믿고쓰는 샤오미,5
352, 빠르게해줘서 감사합니다,5
353,상품을 받아보고 설정하느라 시간이걸리는데  잘돼네요 많이파세요,5
354,중국제품이라 걱정이 많았는데 속도도 빠르고 좋아요,5
355,홍미노트 pro 사용후기개좋음 굳추천,5
356,마감이 너무 좋고 전부 맘에 듭니다,5
357,잘 받아서 데이터 옮기고 있어요,5
358,성능좋코 디자인도 좋아요,5
359,양품받았네요감사합니다,5
360,가성비 좋은 폰입니다이가격에 이만한 성능폰만족합니다,5
361,오늘 막 와서 미무버로 옮기고 잘 쓰고 있네요 자급제폰으로 저렴하게 딱 좋은 거 같아요,5
362,빠르고 좋습니다아 잘쓸게요,5
363,가성비폰 잘쓸께요,5
364,화면도 아주 크고 속도도 빠르고 아주 만족합니다,5
365,잘 받았어요하루만에 발송하고 잘 도착했습니다부족한점은 빨리 패치되길 바라고잘 사용해봐야겠네요,5
366,빠릿빠릿합니다 이 가격에 이만한 제품 없는 듯 합니다 만족합니다,5
367,빠른 감사합니다,5
368,수고하셨습니다 빨리해주셔서 감사합니다,5
369,Glod good good,5
370,무게는 같이 동봉된 케이스 포함해서다와이파이 안잡혀 홈꾸녕났음 간단하게 해결되신는 찾아보시면 됩니다 첫 끄고 켤땔 와이파이 꺼놓고 켜세요 손떨방이 없는게 좀 아쉽다 이 좋은 기종에 이 정도는 넣어줄만한데 말이죠 야간 촬영시 정말 신중 하게 찍어야해요,4
371,우선 가성비 최고인 듯 합니다 iplay 테블릿도 가성비 최고라 하는데 홍미노트프로는 그 이상인듯 하네요 게임용도는 아니고 데이터 쉐어링으로 내비 영상시청 용도로 구매했는데 성능면에서 차고 넘치네요 왜 LG가 스마트폰 사업을 접는지 알 것 같습니다,4
372,G를 필요로 하지 않고 LTE면 충분하신 분들은 정말로 아주 적합한 폰이라고 생각합니다 통화품질 음악 카메라 인터넷 등 아주 만족합니다 가성비 정말 최곱니다 특히 카메라 기능 아주 좋아요 개인적으로 마크로 촬영 정말 만족합니다r아주 작은 글씨를 자주 보는데 돋보기 대용으로 사용할 정도로 좋아요 오랜기간동안 고장없이 잘 쓸 수 있으면 좋겠네요,4
373,만원의 저렴한 가격 그리고 부족하지 않은 사양으로 구입했습니다 크기나 성능 모두 가격과 비교하면 부족하지 않습니다 하지만 너무 큰 기대는 안하는게 좋을 것 같아요 샤오미에서도 이 제품은 플래그쉽 모델이 아니기에 노트에서 넘어와서 그런지 기대에는 못미치는게 조금 아쉽습니다 그래도 만원 생각하면 국내모델로는 비비기 어려워보이네요,4
374,가장 저렴한가격 만족,4
375,속도가 좀림 홈버튼의 기능이 구글어시밖에 안되고 지정은 할 수 있지만 그닥 쓸모가 없음 대신 디자인은 참 잘 빠짐 여자손엔 프로는 조금 큼,4
376,처음와이파이가 사라졋어요몇번 재부팅또초기화 하면서 잡힌게 유지되네요아무 이상없기를,4
377,가성비 좋은 제품이예요중학생 아이 휴대폰 바꿔줬는데 괜찮은거 같아요,4
378,가성비는 정말 좋네요,4
379,삼성페이가 안 되는 건 아쉽지만 감안한 점이구요 다만 와이파이 인터넷 연결이 좀 자주 끊기는데 저만 그런건지 화질과 폰 용량은 매우 만족럽습니다 디자인도 예쁘구요,4
380,무선충전이 안된다는 점이 많이 아쉽지만 그래도 가성비 좋아요 카메라화질은 기대해선안될거같구요 갤럭시보다 너비는 같은데 길이가 긴 편이네요 디자인이나 색 만족합니다,4
381,정품케이스 원에 사면서카드지갑 자석으로 된거 딸려오는데안주느니만 못함,4
382,생각한것 보다는 조금 무겁지만 괜찮네요,4
383,만원대 갤럭시 보급형만 써오다가 처음으로 샤오미 한번 시도해봤는데 첫날 사용한 느낌은 대만족입니다 년 써온 a보단 정말 월등하네요 앞으로 잔고장만 없으면 좋겠네요,4
384,딱 샤오미 그대로예요그래도 미으로 쓸 때 보다는 훨씬 나아졌네요,4
385,기기의 품질은 매우 만족하나 샤오미의 고질적인 통화품질 문제가 여전합니다,4
386,자급제폰이 급해 구매했는데 삼성폰만 사용하다보니 조금 불편하네요하지만 스펙이 좋아 가성비는 좋은거 같아요,4
387,가성비 좋은것같음  영상이나 인터넷위주로쓸거라 다만 통화음이 전면에서 잘안들림 이거 꽤나불편함,4
388,예쁘네요 튼튼하게 잘 지켜주길,4
389,좋아보입니다 그런데 데가 똥손이라 개봉하자나자 보호필름을 찢어먹었는데 필름이 안떼지네요 이거 어떻게 떼나요,4
390,제품 만족  불만 고객센터 대응 불만,4
391,ui가 영 익숙치 않아서 첨엔 좀 힘들어요충전단자가 헐거운데 뽑기일까요,4
392,딸 선물인데 택배대란으로 좀 늦었어요 But 가성비 아주 좋은 제품이에요 잘 샀어요,4
393,가성비 좋아요,4
394,제품은 만족하지만 사은품 품절로 발송 못 해서  못  받았네요,4
395,이 생각보다 빨리와서 놀랐어요저렴하게 잘 산거 같아요,4
396,가격대비 무난하게 사용하기좋습니다,4
397,생각한것 보다 맘에들어요,4
398,아직  초기인데  데이터  이동시키는데  애를  좀먹었어요  모바일스위치앱이  잘  안먹어서요  지금은  잘쓰고있어요,4
399,장점싸다단점 버벅거림 오류 있음가격 값한다고 보면됨,4
400,잘받았습니다가성비로 그냥 현장에서 사용할거라서근데 중에 박스가 뭉게졌는데 내용물은 양호,4
401,디자인 좋고 속도도 만족 단 통화음이 조금 작은게 흠입니다,4
402,가성비 굿세컨폰으로 무난한기능도 그런대로 굿,4
403,아직은 설치가 다 된건지도 잘 모르겠지만 가성비가 정말 좋은것 같아요근데요브론즈를 시켰는데 그레이가 왔네요 왜죠,4
404,매우 만족 좋아요 만족해요 저렴하고 좋네요,4
405,아몰레드가 눈이 피곤 해요 그외 성능은 좋아요,4
406,뻑이 종종 나네요 처음이지만 걱정이,4
407,좋네요 조금 있다 사용하려고 ,4
408,잘 받았습니다 많이 파세요,4
409,삼성 엘지 아이폰 비해 가격이 저렴하면서도 가성비가 뛰어나요,4
410,은 빨랐지만 완충재포장이 너무 약해서 내부 박스가 찌그러져서 됐네요 완충재 보완이 필요해 보입니다 기기 자체는 최적화중이라 발열이 조금 있지만 빠르고 이 가격에 hz같은 기능을 쓸수있는건 만족합니다,4
411,매우 만족합니다 중국산이라서 불신감이 있었는데 좋네요,4
412,카메라가 좀 아쉬워도 이가격에 이성능 만족합니다,4
413,자판 한글 입력 빼고 쓸만함,4
414,잘 사용하고 있어요좋아요,4
415,홍미노트Pro 좋아요,4
416,가성비로는 최고 약간 무거운거 빼고는 좋음 이쁨,4
417,좋아요 가성비가 좋아서 가볍게쓰기,4
418,하루만에 받았어요가격도 괜찮고 기기도 이상없네요색상도 굿굿,4
419,가격 대비 성능이 매우 우수합니다,4
420, 빠르고 제품 상태 좋네요,4
421,가성비 좋아요 번창하세요,4
422,기능은 다좋은것같네요 단점은 발열은 있네요,4
423,물량이 없어서 주문하고 일주일정도 기다린것빼곤 만족스럽습니다 아직은 써봐야 알겠지만 가격대비 좋은듯 합니다,4
424,통신사 영상통화가 안되지만 제품은 만족합니다,4
425,아들이 사용하는데  무척  마음에 들어하네요,4
426,쓸만합니다 다른분들에게 추천,4
427,확실히 이가격대에 디스플레이는 상당합니다 그것만으로 이미 가성비긴 하다만 통화품질면이 상당히 아쉽습니다 개인적으로는 평타이하수준이라고 생각하네요,4
428,매우 만족해요 기존에도 샤오미 홍민트플버스를 사용하였는데 만족도가 높아서 다시 플러스 구매했어요 좋아요,4
429,빠른  감사 사용하던 기종이 아니라 좀 헤매지만 좋네요저렴하고 성능 괜찮아요 잘 사용할게요,4
430,그라디언트 브론즈 색상 이쁘구요 잘 사용하고 있습니다 가성비 좋은 폰입니다,4
431,유심 꼽았을때 와이파이 인식 불가 유심뽑고 펌웨어 업데이트 하니까 인식무선충전 지원 안합니다 차량 무선 충전기 쓸모 없어졌네요,4
432,가격 대비 좋아요  완전 빨라요,4
433,가성비 좋아요 만족합니다,4
434,샤오미폰 유저입니다괜히 가성비 폰이 아닌것 같습니다그래서 메인폰으로 사용 하고 있습니다,4
435,품질  서비스 모두 적당히 좋아요,4
436,좋아여 샤오미 화잋팅 히세여,4
437,샤오미 입문폰으로 추천요,4
438,이 아주 빠르고 제품상태도 양호합니다,4
439,매우 좋아요 가성비 좋은것 같아요 좋아요,4
440,편리하게 사용하려면 공부좀 해야겠네요,4
441,좋아요,4
442,만족합니다 사은품도 좋구요,4
443,생각보다 괜찮네요,4
444,잘받았습니다 제품도 사용하기 좋은것같습니다,4
445,나이가 들어그런지 휴대폰 변경하기가 복잡하네요 등록이 넘어가질 안네요 통신사 매장가서 해달라고 해야하나,4
446,감사합니다 감사합니다,4
447,카메라가 튀어나와 걱정했었는데 이틀만에 바닥에 떨어뜨려 깨졌네요  높지도 않았는데 너무 약한거 같기도 해요또 근접센서가 불량인지 뭔지 통화하다가 귀에 버튼이 계속 눌리고 어떨땐 귀에서 때도 화면이 켜지지 않아 꼭 전원버튼을 꾹 눌렀다가 버튼 다시 누르게 되네요 처음 써보는 샤오미  다시 안 쓸거 같아요,3
448,차 예판 한달 가까이 기다렸는데 늦어질 수 있으니 케이스 보내준다고 했다가 다시 안보내준다하고에효 케이스 얼마나 한다고 약올리는지폰은 가격 좀 저렴하고 국내 as 되는거 빼곤 큰 메리트는 없는 것 같아요요즘엔 갤럭시도 가성비 좋게 나오고,3
449,대박 와이파이 불량 당첨와이파이 끄고  폰 껐다 키기  와이파이 켜기  오류나서 또 안잡힘  와이파이 다시 끄고  좀 있다가 와이파이 다시 켜기  해결기계는 가성비 좋을지 몰라도 소프트웨어는 여전히 구리네요 전에도 샤오미폰 썼어요 근데 그만큼 싸니까 감수하면서 씁니다,3
450,세컨폰으론 적당할지 몰라도 메인폰으론 좀 불편할듯요 가성비는 좋습니다 효도폰 학생폰으로 적당할듯요 첨에 와이파이 에러로 당황했네요 인터넷 검색후 에러조치 했네요카메라 인물사진  그저 그렇네요,3
451,고화소 아닌 일반 화소가 좀 작다 손떨방은 역시있는게 낫다싶다,3
452,아직 전원도 켜지 않은 새 폰 통화녹음 메세지 멘트는 꼭 개선되길,3
453,조아요 조아요 조아요,3
454,게임 며칠 돌려봤는데 성능 삼성 노트 수준정도인것 같습니다 뽑기가 실패인지 액정 떨림현상이 미세하게 있네요,3
455,핸드폰 케이스와 지갑 자석이 너무 약해 쉽게 떨어져 쓸모 없습니다,3
456,진동이 너무 약해 전화를 잘 놓침전화자주 써야하는 영업사원 등 업무용으로 쓸거라면 비추,3
457,케이스 지갑 자석이 너무 약해서 쓸수가 없습니다,3
458,카메라 화질이 생각보다 좋아요,3
459,한달쓰고 액정에 이상한 반점이 ,3
460,중요한 와이파이가 너무 심하게 끊겨서 일을 할수가없어요서비스센터에 전화를해도 해결이안되고집에 공유기까지 새로 구매해서 교체해도 안되고와이파이 문제만 아니면 가성비가 괜찮은제품에요,3
461,어머니 드릴려고 샀는데 이때동안 총 번의 샤오미 제품을 샀는데 이번 홍미노트pro는 글꼴 크기를 최대로 해서 포커폰 대보다 작은거 같네요 어머니께서 글씨가 안 보인다고 해서 조금 아쉽습니다액정은 선명해서 좋은데,3
462,잘 받았습니다,3
463,가성비 높은 제품입니다,3
464,제품을 뽑기를 하면 좋을거 같아요가성비는 좋아요그런데 오늘 아침에 업데이트 있다고 해서사무실에서업데이트를 하고 난 다음에 핸드폰에 인터넷이 안됩니다사무실이 아니라면 상태 녹화라도 좀 해놨을건데요즘 핸드폰에 인터넷이 안되면 뭘 할수가 있죠롯데 on상담원 들과 통화를 했고  교환이나 환불은 불량판정서가 있어야한다고 들어서 창원지역 as센터 찾아보니홈페이지 상에는 있는데 월 일부로 없어졌다고 하네요부산이나 김해까지 가야한다는안되는거는더블 유심인데  유심이 꼬여서내가 바꾸지 않아요 문자가 이번호 저번호 혼자서 바뀌며 오고 갑니다nd 번호는 알려지길 원치 않는데말이죠 모바일 네트워크가 되지않아서듀얼 g가 비활성화됨 MMS가 오지 않습니다지역이 혼자서 자꾸만 바뀝니다인터넷이 되지 않아요,2
465,이 느려서 약간 아쉬붜요,2
466,이 너무 실망입니다,2
467,아무것도 안하고 걍 대기모드 상태인대 배터리가 막 줄어요이전모델 홍미노트 프로는 현재 같이 사용하는대 안그러는대여하튼 제가 받은건 약간 불량인가 어쩐가 상태가 별루예요 배터리만,2
468,여러가지 앱이 호환이 안되네요,2
469,구글스토어 접속이 안되요 이런  구글스토어 접속이 안되요 이런  구글스토어 접속이 안되요 이런 황당  구글스토어 접속이 안되요 이런 경험 첨이라 자급에 노유심 핸드폰용이 아니라 카메라 사진 촬영용인데구글이 안되서 어플 활용을 못해요 미쳐미쳐온리 노전화  순수 산에서 촬영용임구글 어플 안되면 반품할 수밖에,2
470,택배 파업이라고 해서 주만에 홍미노트 프로 받았어요 그런데 전원을 켜고 나서 배경화면에 제가 깔지도 않았던 어플 게임들 페이스북 넷플릭스trip 여행어플까지 깔려있어서 어이가 없었습니다  원래 기본세팅이 이런건가요 새상품이라고 믿을수없어서 반품하고 다시 새상품 보내준다고해서 받았는데 이번엔 와이파이 연결이 말을 안듣네요 동영상 올린거 보세요 몇번을 껐다가 켜도 집에 있는 와이파이 연결시도가 갑자기 안되네요 비번 제대로 입력했구요  처음에는 연결되었다고 뜨다가 계속 안되요 다른폰들은 다 되는데 말이죠 이거 상품 못쓰겠어요 환불해주세요직원분이랑 통화하고 샤오미 as센터 한번 가보라고해서 갔습니다 직원분이 점검해보고 초기화까지 해보시더니 불량판정서 써주시더라고요 번이나 저한테 불량폰을 해주셨네요 너무하신거 아닌가요 한사람한테 두번이나 불량폰이 될 확률이 얼마나 될까요 너무 화가나네요 반품신청했고 빠른시일이내로 환불해주세요,1
471,상품만족판매자  매우 불만족,1
472,일 이상 사용했는데요 동영상을 볼 때 부분적으로 자꾸 모자이크 현상이 일어나요 동일 영상을 다른 폰으로 보면 괜찮아요 불량품인지 아니면 원래 그런건지 모르겠네요,1
473,차예구하신분들 피봤네요 기한은 두달걸려 심지어 얼마전에 가격도 내렸었던데 차예구하신분들 비싸게 두달걸려 삼,1
