,0,1,2,3
0,Apple 에어팟 2세대 유선 충전 모델  MV7N2KH/A,144040,등록일 2019.05.,88637
1,Apple 에어팟 프로  MWP22KH/A  화이트,232070,등록일 2020.01.,69497
2,Apple 에어팟 프로 (MWP22KH/A),228900,등록일 2019.10.,46895
3,Apple 에어팟 2세대 유선충전 모델 (MV7N2KH/A),142990,등록일 2019.04.,37404
4,Apple 에어팟 1세대 (MMEF2KH/A),162430,등록일 2016.12.,14121
5,Apple 에어팟 프로 (MWP22KH/A),269000,등록일 2020.06.,10919
6,Apple 에어팟 2세대 무선 충전 모델  MRXJ2KH/A,195920,등록일 2019.05.,10244
7,에어팟 2세대 왼쪽 오른쪽 한쪽 본체 1세대 충전케이스 에어팟프로 3세대,54000,등록일 2020.03.,10233
8,[카드추가할인혜택] Apple 에어팟 2세대 유선충전 모델 [MV7N2KH/A],199000,등록일 2021.06.,7833
9,[카드추가할인혜택] Apple 에어팟 프로 (MWP22KH/A),254900,등록일 2021.05.,6293
10,Apple 에어팟 2세대 유선충전 모델 (MV7N2KH/A),169000,등록일 2020.06.,6192
11,국내정품 에어팟2세대 Airpods2 오늘출발 내일도착 당일배송 우체국택배,129900,등록일 2020.08.,6160
12,Apple 에어팟 2세대 무선충전 모델 (MRXJ2KH/A),186990,등록일 2019.04.,5654
13,"[하이마트]Apple 에어팟 프로 MWP22KH/A, 무선충전",271000,등록일 2019.11.,5140
14,우체국택배 오늘출발 내일도착 에어팟 프로 3세대 MWP22KH/A 철가루방지스티커/실리콘케이스 지급,279900,등록일 2019.10.,4465
15,에어팟 한쪽 왼쪽 오른쪽 단품 에어팟본체 에어팟 2세대 충전기 MV7N2KH/A,55000,등록일 2019.12.,3545
16,[하이마트]Apple [애플정품] AirPods / 에어팟 2세대 무선 / 에어팟 프로,174000,등록일 2020.02.,3516
17,"[하이마트]Apple 에어팟 2세대 MV7N2KH/A , 유선충전 모델",174000,등록일 2019.04.,3516
18,에어팟 프로 - MWP22KH/A,256680,등록일 2020.05.,3495
19,애플 브랜드위크(에어팟맥스부터 태블릿PC까지!),256680,등록일 2021.05.,3495
20,에어팟 프로 - MWP22KH/A,254114,등록일 2020.05.,3495
21,Apple 에어팟 MMEF2KH,180000,등록일 2019.04.,3016
22,에어팟프로 한쪽구매 왼쪽 오른쪽 단품 에어팟프로본체 충전기 에어팟3 MWP22KH/A,84500,등록일 2019.12.,2801
23,Apple 에어팟 프로 모노,84500,등록일 2020.01.,2739
24,애플 에어팟 프로 MWP22KH/A,256500,등록일 2020.10.,2385
25,[신세계백화점][국내정품] 애플 에어팟 프로 무선 충전 MWP22KH/A,231640,등록일 2021.05.,1941
26,우체국택배 오늘출발 내일도착 에어팟 프로 3세대 실리콘케이스 철가루방지스티커 지급,209900,등록일 2020.05.,1896
27,에어팟 프로 단품 유닛 낱개 분실 왼쪽 오른쪽 한쪽 구매 본체 충전케이스 이어 버드,84500,등록일 2020.02.,1834
28,애플 에어팟 한쪽구매 왼쪽 오른쪽 단품 유닛 1세대 2세대,56500,등록일 2019.07.,1591
29,Apple 에어팟 프로 AirPods Pro MWP22KH/A [온라인 특가],239000,등록일 2020.04.,1499
30,안티-잃어버린 실리콘 이어폰 로프 홀더 케이블 애플 아이폰 X 8 7 AirPods 무선 블루투스 헤드폰 넥 스트랩 코드 문자열,439,등록일 2020.10.,1288
31,2PCS 미니 Anti-fall 블루투스 무선 헤드셋 Earhooks 이어폰 보호기 홀더 스포츠 Anti-lost Ear Hook for Air-pods 1 2,332,등록일 2021.06.,1262
32,"에어블랙 에디션[에어팟,애플,이어폰,무선이어폰,블루투스이어폰,에어팟저렴이,에어팟저려미,에이플엑스,에어블랙,에어블랙에디션,사운드팟,i9s]",39800,등록일 2018.09.,1175
33,[애플] 에어팟 2세대 유선충전 (AirPods) [MV7N2KH/A],151900,등록일 2019.05.,1168
34,2021년 생산품 당일발송 에어팟 프로 3세대 블루투스이어폰 케이스 키링 철가루스티커 지급,209900,등록일 2020.03.,1126
35,[카드추가할인혜택] Apple 에어팟 2세대 무선충전 모델 [MRXJ2KH/A],196900,등록일 2021.04.,1106
36,국내정품 Apple 에어팟 2세대 유선충전모델 오늘출발 내일도착 우체국택배 MV7N2KH/A 에어팟케이스+철가루방지스티커 지급,172900,등록일 2019.07.,1028
37,에어팟 2세대 한쪽 구매 오른쪽 왼쪽 본체 유닛 프로,50000,등록일 2019.08.,1005
38,[21년4월제조상품]★신년특집★ 애플정품 에어팟 프로 Air Pods Pro 재고보유 16,262000,등록일 2019.12.,901
39,[21년4월제조상품]★신년특집★ 애플정품 에어팟 프로 Air Pods Pro 재고보유 16,262000,등록일 2019.12.,901
40,애플정품 에어팟2 블루투스 이어폰 유선충전(실리콘케이스 증정),165000,등록일 2021.01.,854
41,Apple AirPods 유선 충전 케이스 에어팟 2세대 MV7N2KH/A [온라인 특가],149000,등록일 2019.05.,827
42,2021년 제조품 우체국택배 에어팟2세대 MV7N2KH/A 철가루방지스티커/실리콘케이스 지급,174900,등록일 2020.09.,791
43,에어팟프로 Air Pods PRO MWP22KH A - [애플] 국내배송 에어팟프로 AirPods PRO MWP22KH A,247340,등록일 2020.10.,789
44,[당일발송] 애플 에어팟 2세대 유선 충전,178000,등록일 2020.02.,788
45,유니콘 ZQ-T9 무선 블루투스이어폰 무선이어폰 에어팟 차이팟 프로,19800,등록일 2020.03.,783
46,에어팟 2세대 유선충전모델 MV7N2KH A - [애플] 국내배송 에어팟 2세대 유선충전모델  Air Pods  MV72KH A,149440,등록일 2020.10.,779
47,[애플] 국내배송 에어팟 2세대 유선충전모델  Air Pods  MV72KH A - 평일 3시 이전 주문당일출고,149440,등록일 2020.10.,779
48,[신세계백화점][국내당일발송/정품]애플 에어팟 2세대 유선 충전 MV7N2KH/A,188100,등록일 2019.04.,777
49,에어팟2 유닛 단품 낱개 분실 왼쪽 오른쪽 한쪽 구매 본체 유선 충전케이스 이어 버드 1세대 2세대 에어팟3 세대,49000,등록일 2020.02.,766
50,정품 에어팟 우체국택배 무료배송 당일발송 추가금X 애플 코리아,268000,등록일 2020.03.,641
51,★각종사은품 선택가능★택배파업에도 불구 전량 당일발송★에어팟 2세대 유선충전 모델 (MV7N2KH/A) 정품★애플AS가능,169900,등록일 2020.07.,625
52,[애플 ] [애플]정품 에어팟 프로 MWP22KH/A,254430,등록일 2020.02.,609
53,Apple 에어팟 2세대 무선충전,135000,등록일 2019.04.,595
54,애플 에어팟/airpods/mmef2/1세대,180000,등록일 2018.09.,585
55,애플 TD 정품 에어팟2 에어팟프로 왼쪽 오른쪽 단품 본체 유닛 한쪽판매 블루투스이어폰,57000,등록일 2021.03.,541
56,Apple 에어팟 2세대 유선충전 케이스,162900,등록일 2019.03.,536
57,Apple 에어팟 2세대 유선충전 모델 (MV7N2KHA),144130,등록일 2020.10.,509
58,애플 정품 에어팟 2세대 유선충전 Apple Airpod (MV7N2KH/A),157000,등록일 2020.12.,504
59,애플 TD 정품 에어팟2 에어팟프로 왼쪽 오른쪽 단품 본체 유닛 한쪽판매 블루투스이어폰,55300,등록일 2021.04.,503
60,만화 Corgi 개 에어팟 1 2 케이스 실리콘 이어폰 블루투스 무선 보호 코브 에어팟 Pro 3 셸 컴포트,1140,등록일 2021.07.,499
61,[애플] 에어팟 프로 (AirPods Pro) [MWP22KH/A],256900,등록일 2020.01.,444
62,"위마루 팟팟 블루투스 무선 이어폰 삼성 갤럭시 차이팟 샤오미 아이폰, 에어팟 케이스 호환",37900,등록일 2019.12.,433
63,"무료배송.에어팟1.2세대아이커버케이스.커플생일선물, 오프라(OPRAH)",18000,등록일 2020.04.,429
64,[CJ오쇼핑]당일발송  애플 에어팟 2세대 유선 충전,168210,등록일 2021.01.,418
65,당일발송  애플 에어팟 2세대 유선 충전,172660,등록일 2021.01.,415
66,[애플] [Apple] 애플정품 에어팟 2세대 유선 블루투스 이어폰 (MV7N2KH/A) H750XX00073,159030,등록일 2021.01.,402
67,에어팟 프로 본체 오른쪽 왼쪽 구매 유닛 정품 분실 한쪽만 후기 충전케이스 구매 이어팁,82000,등록일 2021.01.,401
68,[Apple] 에어팟프로 AirPods PRO 블루투스 이어폰(MWP22KH/A),250200,등록일 2021.01.,396
69,[신세계백화점][정품]  에어팟 2세대 유선/무선 선택,190000,등록일 2019.09.,392
70,[신세계백화점][정품]  에어팟 2세대 유선/무선 선택,188100,등록일 2019.09.,392
71,RK 에어팟 2세대 분실 왼쪽 오른쪽 단품 한쪽판매 본체 유닛,56000,등록일 2019.08.,383
72,"(EVENT) 에어버즈 프로[차이팟,차이팟프로,에어팟,애플,이어폰,무선이어폰,블루투스이어폰,에어팟저렴이,에어팟저려미,에이플엑스,에어블랙,에어블랙에디션,사운드팟]",39900,등록일 2020.09.,375
73,에어팟 2세대 AirPods 유선충전 MV7N2KH/A 국내정품 H,173880,등록일 2021.02.,370
74,APPLE 애플 에어팟프로 왼쪽 오른쪽 단품 한쪽구매 블루투스이어폰,69990,등록일 2019.11.,364
75,Apple 에어팟 2세대 무선충전 모델 (MRXJ2KH/A),211650,등록일 2020.06.,350
76,애플 에어팟 프로 (MWP22KH/A) 2020년 10월 제조상품 당일출고,249500,등록일 2020.02.,341
77,[애플] 에어팟 프로 AirPods PRO 블루투스 이어폰(MWP22KH/A) MWP22KH/A,286100,등록일 2020.05.,338
78,블루투스 무선 이어폰 에어팟 4세대 IX2 TOUCH 프로 삼성 갤럭시 아이폰 호환가능,37520,등록일 2019.12.,332
79,애플 정품 에어팟프로 MWP22KHA/노이즈캔슬링 + 케이스,264210,등록일 2021.07.,327
80,애플 에어팟 프로 - MWP22KH/A,259620,등록일 2020.05.,324
81,[엠프렌즈] AirPods_1_Smile Daisy AirPods_01,14600,등록일 2020.07.,321
82,우체국택배 에어팟 프로 MWP22KH/A 철가루방지스티커/실리콘케이스 지급,279900,등록일 2020.09.,314
83,[롯데닷컴](당일출고) (국내정품) 에어팟 프로 무선 충전 MWP22KH/A/ 애플,266870,등록일 2021.03.,308
84,(당일출고) (국내정품) 에어팟 프로 무선 충전 MWP22KH/A/ 애플,273920,등록일 2020.02.,306
85,애플 에어팟2 유선 블루투스 이어폰 MV7N2J/A /  에어팟 / 일본정품 / 당일발송 / 무료배송 / 관부가세 포함가 / 앱쿠폰  / 100대 한정 / 특별가,254870,등록일 2019.08.,301
86,[당일출고][국내정품] 애플 에어팟 프로 무선 충전 MWP22KH/A,273000,등록일 2020.01.,288
87,애플정품 에어팟 2세대 / 유선 충전케이스 모델 MV7N2KH/A / 재고보유 당일출고,169000,등록일 2019.12.,285
88,[국내당일발송/정품]애플 에어팟 2세대 유선 충전 MV7N2KH/A,165000,등록일 2021.05.,278
89,1/2 쌍 이어패드 에어팟 무선 블루투스 아이폰 7 7 플러스 이어폰 실리콘 이어 캡 이어폰 케이스 이어패드 이어팁,273,등록일 2021.03.,272
90,애플 에어팟 2세대 유선충전 (MV7N2KH/A) 20년 제조상품 당일출고,155400,등록일 2020.04.,272
91,"애플 에어팟 2세대 (2019년 신형) Apple AirPods2 무선충전, 3일 배송",220000,등록일 2019.03.,271
92,애플  에어팟 프로 노이즈 캔슬링 MWP22KH/A,277420,등록일 2020.11.,256
93,에어팟 프로 왼쪽 오른쪽 본체충전기 한쪽 개별 낱개 3세대 정품 당일발송,83000,등록일 2019.12.,253
94,[NS홈쇼핑]애플워치 애플 MV7N2KH/A 에어팟 2세대 유선충전_정품,163660,등록일 2019.12.,247
95,아크로 i9 차이팟 에어팟 BT5.0 화이트 acro i11,34300,등록일 2020.11.,236
96,애플 에어팟 단품 한쪽 양쪽 1세대 2세대 6종세트 증정,46700,등록일 2020.04.,226
97,애플 에어팟 2세대   유선 충전 케이스 버전   최신출시   국내AS - [애플] 에어팟 2세대 유선 무선 + 젤리케이스,170900,등록일 2019.04.,223
98,AirPods Pro (MWP22KH/A),279000,등록일 2020.09.,221
99,애플 MV7N2KH/A 에어팟 2세대 유선충전_정품,168870,등록일 2019.10.,219
100,애플 애플/무선충전 케이스/에어팟/에어팟2/갤럭시 버즈,138620,등록일 2021.05.,218
101,[애플] 정품 에어팟 2세대 유선충전 (MV7N2KH/A) +실리콘케이스증정,167900,등록일 2020.03.,217
102,[애플] 정품 에어팟 2세대 유선충전 (MV7N2KH/A) +실리콘케이스증정,166221,등록일 2020.03.,217
103,애플 에어팟2 유선충전 정품 MV7N2KH/A 실리콘케이스 포함,159000,등록일 2019.08.,216
104,[롯데닷컴]정품 에어팟프로 AirPods PRO MWP22KH/A -BUC/ 애플,253260,등록일 2020.12.,212
105,에어 포드 액세서리 실리콘 귀마개 소프트 블루투스 헤드셋 Apple Airpods 2 anti-lost 용 귀여운 초박형 미끄럼 방지 귀마개,427,등록일 2021.04.,211
106,애플 에어팟 2세대 유선충전 (MV7N2KH/A) 34424 (마켓) MV7N2KH/A(유선충전모델),156605,등록일 2019.07.,210
107,Apple 정품 에어팟 2세대 MV7N2KH/A (유선충전),149780,등록일 2019.07.,205
108,[애플] [Apple] 에어팟프로 AirPods PRO 블루투스 이어폰(MWP22KHA) H750XX00090,253890,등록일 2021.01.,204
109,정품 에어팟프로 AirPods PRO MWP22KH/A -BUC/ 애플,243560,등록일 2020.12.,200
110,[롯데백화점] 애플 [국내당일발송/정품] 애플 에어팟 2세대 유선 MV7N2KH/A LE1201535309,171960,등록일 2020.04.,190
111,애플 [국내당일발송/정품] 애플 에어팟 2세대 유선 MV7N2KH/A,171960,등록일 2020.04.,190
112,에어팟 프로 왼쪽 오른쪽 단품 한쪽 본체 유선충전 분실 airpods pro,70000,등록일 2020.04.,188
113,애플 Apple 블루투스 이어폰 에어팟 프로 왼쪽만 오른쪽만 본체만 분리판매,71520,등록일 2021.06.,187
114,안티 가을 실리콘 애플 에어팟 1/2 블루투스 보호 무선 이어폰 커버 에어팟 1 2 커버 액세서리 # D,854,등록일 2021.06.,185
115,Apple 에어팟 프로 (MWP22KH/A),248900,등록일 2021.03.,184
116,안티 잃어버린 실리콘 블루투스 이어폰 스탠드 홀더 에어팟 애플 i7 이어폰 홀더 클립 애플 시계,996,등록일 2021.05.,184
117,RESONO W5 에어팟 차이팟 프로 레소노 무선 블루투스 이어폰 안드로이드 아이폰,34500,등록일 2020.08.,182
118,엑스트라 GNI-509 PLUS 블루투스이어폰 3WAY 크래들블루투스 이어폰 에어팟 갤럭시버즈 크래들 무선,49500,등록일 2021.06.,180
119,애플코리아 정품 새상품 에어팟 프로 3세대 / 2세대 airpods 오늘출발 내일도착 당일배송 우체국택배,263900,등록일 2021.06.,176
120,Baseus W09 TWS 무선 블루투스 이어폰 무선이어폰 에어팟 헤드셋 블루투스 이어폰 For 샤오미 휴대 전화 스테레오 고음질 스마트 터치와 빠른 연결,23009,등록일 2020.03.,176
121,AirPods 충전 케이스 모델 (MV7N2KH/A),169000,등록일 2020.04.,173
122,원피스정품 에어팟프로 갤럭시버즈 무선이어폰 파,6840,등록일 2021.03.,171
123,에어팟프로 AirPods PRO 블루투스 이어폰(MWP22KH/A),260700,등록일 2020.09.,171
124,에어팟프로 AirPods PRO 블루투스 이어폰(MWP22KH/A),260700,등록일 2020.09.,171
125,국내정품 Apple 에어팟 MMEF2KH/A 오늘출발 내일도착 우체국택배 리뷰이벤트 에어팟케이스+철가루방지스티커 지급,172900,등록일 2019.11.,170
126,[롯데백화점] 애플 Apple 에어팟프로 MWP22KH [무선충전/애플정품] LE1206062437,257450,등록일 2021.02.,170
127,애플 Apple 에어팟프로 MWP22KH [무선충전/애플정품],257450,등록일 2021.02.,170
128,애플 Apple 정품 에어팟 2세대 MV7N2KH/A (유선충전),153790,등록일 2019.07.,169
129,[카드사 12% 할인]애플 애플 에어팟pro/에어팟 프로 홍콩발송/관부가세 포함,262280,등록일 2021.03.,167
130,[애플 ] [애플] 정품 에어팟 2세대 유선 충전 MV7N2KH/A,168910,등록일 2021.02.,166
131,쿠폰가 $157!! 애플 에어팟2세대 Apple Airpods 2 / 에어팟2 무선 케이스 / 무료배송 / 관부가세 포함 / 한국A/S가능,246010,등록일 2019.10.,164
132,[엠프렌즈] AirPods_41_strawberry field AirPods_41,9900,등록일 2020.10.,163
133,애플 AirPods Pro 에어팟 프로노이즈 캔슬링  케이스 증정  무료배송 - [애플] AirPod Pro 에어팟 프로노이즈 캔슬링 케이스 증정  무료배송,235710,등록일 2021.02.,162
134,[애플] AirPod Pro 에어팟 프로노이즈 캔슬링 케이스 증정  무료배송 - 해외직구   무료배송   관부가세포함,235710,등록일 2021.02.,162
135,애플 정품 에어팟 2세대 왼쪽 오른쪽 한쪽 본체충전기(이어폰없음) 개별낱개 단품 당일발송,48500,등록일 2021.03.,153
136,가성비 무선 샤오미 삼성 갤럭시 아이폰 에어팟 호환 노이즈캔슬링 이어버드,32500,등록일 2020.06.,152
137,Apple 에어팟 2세대 모노,55300,등록일 2019.07.,148
138,[애플정품]에어팟2 유선충전+실리콘케이스+키링+철가루방지스티커/ 당일출고,164920,등록일 2019.08.,147
139,[애플] AirPods 에어팟2세대 유선충전(MV7N2KH/A) MV7N2KH/A,179900,등록일 2021.01.,146
140,애플 정품 에어팟프로 3세대 무선충전(MWP22KH/A) 블루투스/새상품/당일발송/국내발송,271260,등록일 2020.03.,146
141,"AirPods i7s TWS 무선 헤드폰 블루투스 이어폰 에어 이어 버드 스포츠 핸즈프리 헤드셋, Apple iPhone Xiaomi Android 용 충전 박스 포함",3526,등록일 2021.08.,146
142,애플 정품 에어팟프로 3세대 무선충전(MWP22KH/A) 블루투스/새상품/당일발송/국내발송,274000,등록일 2020.03.,146
143,MEIZU 메이주 EP51 스포츠 블루투스 이어폰 가성비 추천 /에어팟/무선이어폰,19900,등록일 2018.07.,145
144,MEIZU 메이주 EP51 스포츠 블루투스 이어폰 가성비 추천 /에어팟/무선이어폰,19900,등록일 2018.07.,145
145,애플에어팟2세대/무선/유선/케이스포함 /관부가세포함,168900,등록일 2019.12.,144
146,트루에어 무선 블루투스 이어폰 어반사운드 초소형 무선 이어폰 통화용 에어팟,24500,등록일 2021.05.,144
147,[롯데백화점]  [당일출고][국내정품] 애플 에어팟 프로 무선 충전 MWP22KH/A LE1203005692,290000,등록일 2021.06.,138
148,[Apple] 에어팟프로 MWP22KH A 국내정품  오후3시주문까지 당일출고 - 애플코리아 정품,247420,등록일 2020.10.,138
149,[당일출고][국내정품] 애플 에어팟 프로 무선 충전 MWP22KH/A,290000,등록일 2021.06.,138
150,에어팟 프로 3세대 마그네틱 이어폰 스트랩 EC089,11020,등록일 2021.05.,138
151,애플 [Apple] 정품 에어팟프로 MWP22KH A - [Apple] 에어팟프로 MWP22KH A 국내정품  오후3시주문까지 당일출고,247420,등록일 2020.10.,138
152,애플 애플 에어팟pro/에어팟 프로 관세포함 무료배송,266310,등록일 2021.03.,138
153,S_[애플정품] 에어팟2 국내배송/국내정품/미개봉,248500,등록일 2018.08.,137
154,에어팟 한쪽 2세대 애플코리아 정품 왼쪽 오른쪽 본체 낱개 구매 잃어버림,44000,등록일 2021.01.,137
155,에어블팟 리볼트 2 세대 차이팟 아이팟 프로 에이투 윙 블루투스 무선 이어폰 에어팟짭,39800,등록일 2019.09.,137
156,애플 정품 에어팟프로 MWP22KH/A 3시주문당일출고,269790,등록일 2020.03.,135
157,에어팟 1세대 한쪽구매 정품 새제품 단품 왼쪽 오른쪽,51000,등록일 2020.08.,134
158,[신세계백화점][당일출고][국내정품] 애플 에어팟 프로 무선 충전 MWP22KH/A,258390,등록일 2020.04.,133
159,[신세계백화점][당일출고][국내정품] 애플 에어팟 프로 무선 충전 MWP22KH/A,261000,등록일 2020.04.,133
160,에어팟2세대 MRXJ2KH/A,229900,등록일 2020.08.,132
161,하이디 토칙 G7 스테레오 블루투스 에어팟 이어폰,20100,등록일 2018.11.,132
162,음악 불독 애플 에어팟 1 2 Pro 쿨 록 강아지 무선 블루투스 이어폰 Coque 에어팟 2 Funda,3368,등록일 2021.05.,129
163,(재고) 에어팟 프로 PRO 노이즈 캔슬링 / 국내AS / 케이스포함 / 홍콩발송,241780,등록일 2021.05.,125
164,애플 에어팟 2세대 AirPods 유선충전 MV7N2KH/A 국내정품 H,173880,등록일 2019.05.,125
165,제조년월 2021년 5월 이후 에어팟 프로 3세대 우체국택배 국내정품 MWP22KH/A,229900,등록일 2020.05.,124
166,애플 에어팟프로 왼쪽 오른쪽 단품 한쪽 양쪽 [사은품증정],65000,등록일 2021.01.,122
167,블루투스 무선 이어폰 에어팟 마카롱 버블 4세대 노이즈캔슬링 삼성 LG 샤오미 호환,29600,등록일 2020.01.,121
168,귀 팁 메모리 폼 귀 팁 버드 블루투스 무선 귀마개 Airpods 프로,2185,등록일 2021.07.,121
169,정품_애플 에어팟 프로(Airpods Pro),251380,등록일 2021.02.,117
170,에어팟프로 AirPods PRO 블루투스 이어폰 MWP22KH/A,285200,등록일 2021.01.,117
171,[Apple] 애플 정품 AirPods 에어팟2 유선 이어폰(MV7N2KH/A),160500,등록일 2021.07.,116
172,[Apple] 애플 정품 AirPods 에어팟2 유선 이어폰(MV7N2KH/A),160500,등록일 2019.12.,116
173,애플 에어팟 2세대 AirPods 유선충전 MV7N2KH/A 국내정품 H,173880,등록일 2021.02.,116
174,[애플]정품 에어팟프로 AirPods PRO MWP22KH/A -,275900,등록일 2021.07.,114
175,[국내정품][국내배송] 에어팟 프로 3세대 AirPods Pro 애플정품 MWP22KH/A 재고확보/당일배송/한정수량,259800,등록일 2019.11.,111
176,[애플코리아 정품]애플 에어팟 프로(AirPods Pro)_MWP22KH/A,268000,등록일 2021.04.,110
177,애플1세대 2세대 3세대(PRO) 에어팟 왼쪽 오른쪽 충전케이스 단품 한쪽 국내정품 당일발송,52000,등록일 2019.04.,109
178,애플 정품 에어팟프로 3세대 무선충전(MWP22KH/A) 블루투스/새상품/당일발송/국내발송,277200,등록일 2021.07.,108
179,애플 정품 에어팟프로 3세대 무선충전(MWP22KH/A) 블루투스/새상품/당일발송/국내발송,280000,등록일 2021.07.,108
180,만화 3D 다이아몬드 사랑스러운 심장 블루투스 헤드셋 실리콘 케이스에 대 한 애플 airpods 1 2 무선 충전 커버에 대 한 airpods 프로 3,3748,등록일 2020.07.,108
181,[롯데닷컴]정품 에어팟2 유선충전모델 MV7N2KH/A -BUC/ 애플,153470,등록일 2021.01.,106
182,애플 애플 에어팟pro/에어팟 프로 관세포함 무료배송,262270,등록일 2021.03.,106
183,[신세계백화점]애플  국내정품  애플 에어팟 프로 무선 충전 MWP22KH/A,314000,등록일 2021.08.,103
184,에어팟 블루투스 이어폰 차이팟 i10,32000,등록일 2019.07.,101
185,Y_애플 에어팟 프로 (MWP22KH/A) 국내정품(재고보유/당일출고),255000,등록일 2020.09.,101
186,Airpods Pro 2 용 브러시 청소 도구 커버 Xiaomi Airdots Huawei Freebuds 3 Pro 4i 삼성 갤럭시 버드 + 버드 라이브 케이스,901,등록일 2021.03.,99
187,Apple 에어팟 프로 (MWP22KH/A),267000,등록일 2021.03.,99
188,RESONO W5 화이트 에어팟 차이팟 무선 블루투스이어폰,34500,등록일 2021.06.,98
189,정품 에어팟2 유선충전모델 MV7N2KH/A -BUC/ 애플,162400,등록일 2021.01.,97
190,애플 Apple 에어팟 프로 (MWP22KH/A) 애플코리아정품 재고보유,269000,등록일 2020.01.,97
191,[당일출고/정품] 애플 에어팟 프로,270940,등록일 2020.02.,96
192,안티-잃어버린 실리콘 이어폰 로프 홀더 케이블 애플 아이폰 X 8 7 AirPods 무선 블루투스 헤드폰 넥 스트랩 코드 문자열,404,등록일 2021.05.,93
193,벨킨 아이폰 애플워치 에어팟 고속 무선 충전 독 WIZ001kr,149000,등록일 2021.02.,91
194,애플 정품 에어팟프로 3세대 무선충전(MWP22KH/A) 새상품/국내발송/재고보유/3시이전,277200,등록일 2021.07.,90
195,애플 정품 에어팟프로 3세대 무선충전(MWP22KH/A) 새상품/국내발송/재고보유/3시이전,280000,등록일 2021.07.,90
196,귀여운 이어폰 보호 에어팟 실리콘 블루투스 이어폰 애플 에어팟 충전기 커버 방지 선물,3158,등록일 2021.04.,87
197,애플 에어팟 2세대 유선충전 모델  MV7N2KH A - [에어팟] Apple 에어팟 2세대 유선충전 모델 MV7N2KH A 정품 미개봉,281060,등록일 2020.10.,87
198,애플 [에어팟] Apple 에어팟 2세대 유선충전 모델 MV7N2KH A 정품 미개봉 - 우체국택배 당일발송,281060,등록일 2020.10.,87
199,애플 에어팟2 / 유선충전 모델 / 정품 / 홍콩발송,163670,등록일 2021.01.,85
200,애플 [Apple] 에어팟프로 AirPods PRO 블루투스 이어폰(MWP22KH/A),280630,등록일 2021.01.,83
201,[NS홈쇼핑]정품_애플 에어팟 프로(Airpods Pro)_,254090,등록일 2020.09.,83
202,[롯데백화점] 애플 [Apple] 에어팟프로 AirPods PRO 블루투스 이어폰(MWP22KH/A) LE1203081117,280630,등록일 2021.01.,83
203,에어팟 정품 에어팟프로 AirPods PRO MWP22KH/A -BUC/ 애플,242700,등록일 2020.12.,82
204,마그네틱 안티-잃어버린 실리콘 이어폰 로프 홀더 케이블 에어팟 무선 블루투스 헤드폰 넥 스트랩 코드 문자열,427,등록일 2021.04.,82
205,에어팟 애플 정품 에어팟프로 MWP22KH/A 3시주문당일출고,244670,등록일 2020.03.,82
206,APPLE 에어팟2 유선충전모델 애플코리아 정품 (애플 에어팟2 MV7N2KH/A ),199000,등록일 2020.04.,82
207,[국내당일발송/정품] 에어팟 2세대 유선 충전 MV7N2KH/A/ 애플,171690,등록일 2021.01.,81
208,"Airpods Pro 2 1 용 브러시 청소 도구, Huawei Freebuds 2 Pro 용 Xiaomi Airdots 블루투스 호환 이어폰 케이스 도구",2339,등록일 2021.02.,78
209,엠피지오 ATHENA Beat 무선이어폰/에어팟/에어팟디자인 (화이트),16900,등록일 2020.06.,78
210,애플 MV7N2KH/A 에어팟 2세대 유선충전_정품,161920,등록일 2019.10.,78
211,애플 airpods 2 프로에 대 한 자기 실리콘 귀고리 anti-lost 밧줄 보호 부드러운 여러 가지 빛깔의 끈 무선 이어폰 무료 가방,2363,등록일 2021.01.,77
212,애플정품 Apple AirPods Pro 에어팟 프로 MWP22KH/A 무선충전 노이즈캔슬링 생활방수,289000,등록일 2019.11.,76
213,정품_애플 에어팟 프로(Airpods Pro)_,255700,등록일 2020.09.,75
214,애플 에어팟 프로 PRO 관세포함! 빠른 수령 가능!,290000,등록일 2020.07.,75
215,정품_애플 에어팟 프로(Airpods Pro)_H9,262200,등록일 2020.09.,74
216,★대량재고보유★에어팟 프로 (MWP22KH/A) 정품 미개봉★네이버페이★케이스+키링+철가루방지스티커 행사 참여가능★,269900,등록일 2021.03.,72
217,애플 에어팟 2세대 유선충전 정품 당일발송/SDY (MV7N2KH/A),600000,등록일 2019.09.,72
218,에어팟 AIRPODS 1세대 단품 낱개 우측 좌측 유닛 벌크 분실 한쪽구매 가능,39800,등록일 2020.07.,70
219,애플 국내정품 국내배송 에어팟 2세대 유선충전 MV7N2KH/A,155300,등록일 2020.08.,69
220,애플 애플 MV7N2KH/A 에어팟 2세대 유선충전_정품,157460,등록일 2019.10.,68
221,[인기] USAMS ZJ051 유삼스 워치 에어팟 2in1 듀얼 충전 도크,15080,등록일 2021.07.,67
222,[신세계백화점][국내정품] 애플 에어팟 프로 무선 충전 MWP22KH/A,310860,등록일 2020.02.,66
223,[신세계백화점][국내정품] 애플 에어팟 프로 무선 충전 MWP22KH/A,314000,등록일 2020.02.,66
224,[애플정품]애플 에어팟 프로 3세대 or 2세대 유선 & 무선충전 택1 블루투스 이어폰,219990,등록일 2019.07.,65
225,정품_애플 에어팟 프로(Airpods Pro)_,262200,등록일 2020.09.,65
226,애플 정품 에어팟2 유선충전모델 MV7N2KH/A -BUC/ 애플,162400,등록일 2021.01.,65
227,[에어팟/프로] 유령서퍼 고디,12000,등록일 2020.09.,65
228,(재고) 애플 에어팟 2세대 / AirPods 2 / 국내AS / 케이스 포함 / 유선충전,178200,등록일 2021.05.,64
229,전기 다이아몬드 반짝이 케이스 애플 Airpods Airpod Pro 무선 블루투스 이어폰 케이스 Airpods 2 1,3783,등록일 2021.03.,63
230,【해외직구】[정품]애플에어팟 2세대 유선충전모델 /당일발송/ 홍콩에어 배송 / 케이스 증정,162900,등록일 2021.07.,63
231,【해외직구】[정품]애플에어팟 2세대 유선충전모델 /당일발송/ 홍콩에어 배송 / 케이스 증정,162900,등록일 2021.07.,63
232,[NS홈쇼핑]정품_애플 에어팟 프로(Airpods Pro)_H9,254090,등록일 2020.09.,62
233,1 쌍 방지 귀고리 귀고리 홀더 에어팟 프로 블루투스 이어폰,320,등록일 2021.05.,61
234,[APPLE(애플)][정품]  에어팟 2세대 유선/무선 선택,190000,등록일 2021.06.,60
235,애플 에어팟 프로 AirPods Pro,267600,등록일 2021.05.,60
236,애플 에어팟 프로 Apple AirPods Pro 노이즈 캔슬링,244760,등록일 2021.07.,60
237,정품_애플 에어팟 프로(Airpods Pro)_H9,262190,등록일 2020.09.,58
238,[온라인단독 할인] 애플 에어팟 프로 AirPods Pro MWP22KH/A,296000,등록일 2020.01.,58
239,에어팟2 유선 2세대 왼쪽 유닛 단품 낱개 한쪽 별개,61500,등록일 2020.06.,58
240,에어팟2 유선 2세대 오른쪽 유닛 단품 낱개 한쪽 별개,60500,등록일 2020.06.,57
241,애플 에어팟/정품보장/국내as/수량한정,220000,등록일 2019.01.,57
242,NS홈쇼핑 [에어팟][애플] 정품 에어팟프로 MWP22KH A - 쇼핑도 건강하게  NS홈쇼핑,254170,등록일 2021.04.,56
243,애플코리아 에어팟프로 정품 airpods 3세대 오늘출발 내일도착 당일발송,227010,등록일 2021.05.,56
244,정품 노이즈캔슬링 에어팟 프로 MWP22KH/A,243260,등록일 2020.11.,55
245,애플 [Apple] 에어팟프로 AirPods PRO 블루투스 이어폰(MWP22KHA),248160,등록일 2021.01.,54
246,[애플] 에어팟 2세대 유선충전 + 젤리케이스   최신출시   국내AS,170900,등록일 2019.04.,53
247,애플 에어팟 2세대 유선충전케이스버전  국내AS - [애플] 에어팟 2세대 유선충전 + 젤리케이스   최신출시   국내AS,170900,등록일 2019.04.,53
248,[엠프렌즈] AirPods PRO_34_barcode AirPods_Pro_34,14600,등록일 2020.07.,52
249,2019년 최신형 블루투스 5.0 이어폰 에어팟 심천잡스 차이팟,18800,등록일 2020.06.,52
250,애플 에어팟 3 에어팟 Pro 무선 블루투스 호환 이어폰 투명 Airpod 3 방진 커버,5865,등록일 2021.07.,52
251,정품 노이즈캔슬링 에어팟 프로 MWP22KH/A,243260,등록일 2021.02.,52
252,[애플정품-국내발송] 에어팟2 유선충전 MV7N2KH/A[5시 이전 결제건 당일발송 100% 가능],185000,등록일 2019.06.,51
253,우체국택배 에어팟 프로 3세대 MWP22KH/A 실리콘 케이스/철가루방지스티커 지급,289900,등록일 2020.07.,51
254,애플 정품 에어팟 프로 AirPods Pro MWP22KH/A 우체국택배 당일발송,287100,등록일 2021.02.,50
255,SanCore 정품 가죽 AirpPods Pro 에어팟 1 2 3 커버 Apple Bluetooth 이어폰 액세서리 Lychee Pattern Cowhide,15263,등록일 2020.11.,49
256,[제조년월 2021년 1월] 에어팟 2세대 유선 충전 애플코리아 Airpods MV7N2KH/A 제조연월 제조일자,169800,등록일 2021.01.,49
257,애플 애플공식정품ㅣ국내정품 에어팟 프로  당일출고_찰스,270470,등록일 2021.05.,49
258,애플 에어팟2 / 유선충전 모델 / 정품 / 홍콩발송,163660,등록일 2021.01.,49
259,중고 Apple Airpods Pro 무선 Bluetooth 이어폰 Air Pods Pro 충전 케이스가있는 활성 소음 제거 빠른 충전,280000,등록일 2021.04.,48
260,기존 Apple Airpods Pro 무선 Bluetooth 이어폰 Air Pods Pro 충전 케이스가있는 활성 소음 제거 빠른 충전,798000,등록일 2021.04.,48
261,정품 노이즈캔슬링 에어팟 프로 MWP22KH/A,242400,등록일 2020.11.,47
262,RESONO W5 화이트 에어팟 차이팟 무선 블루투스이어폰,34500,등록일 2021.06.,47
263,100% 정품 에어팟 프로 오른쪽 왼쪽 한쪽 본체 충전 케이스 우체국 당일배송,79000,등록일 2021.02.,47
264,[애플] [애플정품/당일발송] 애플 에어팟 2세대 유선충전+실리콘케이스(키링+철가루방지스티커포함)증정,170720,등록일 2019.12.,47
265,잇버스 에어팟 본체 에어팟프로 본체 에어팟데리미니,29900,등록일 2021.01.,47
266,QI 무선 충전 3 In 1 무선 충전기 iPhone 12 11 X XS Apple Watch iWatch 1 2 3 4 5 6 Airpods 2 Pro Galaxy Buds S2,35100,등록일 2021.08.,46
267,"3 in 1 무선 충전 무선 충전기 삼성 갤럭시 버드 워치 액티브 1 2 3 S20 아이폰 12 미니 8 플러스 11 에어팟 프로, Samsung Galaxy Buds Watch",35000,등록일 2021.08.,46
268,KSTUCNE QI 15W 3 in 1 빠른 무선 충전기 iPhone 용 Samsung Buds For Apple Watch 6 5 4 3 2 Airpods Pro 무선 충전기 스,32800,등록일 2021.08.,46
269,3 in 1 무선 충전기 iPhone 12 11 Pro X XS XR 8 8Plus Apple Watch 5 4 3 2 Airpods 2 Pro Buds Plus 전화 고속 충전,35800,등록일 2021.08.,46
270,4 in 1 무선 충전기 스탠드 Qi 15W 빠른 무선 충전 스테이션 (Apple iPhone 용 램프 포함) Samsung Watch AirPods Buds Charge,60000,등록일 2021.08.,45
271,블링블링 큐빅 에어팟PRO/에어팟1세대-2세대호환 SF636,15830,등록일 2021.07.,45
272,에어팟스타일ACRO-I8 아크로 I-8,17500,등록일 2018.11.,45
273,Apple AirPods 충전 케이스가있는 두 번째 Bluetooth 이어폰 무선베이스 이어 버드 톤 iPhone iPad Mac Apple Watch 용 Siri 연결,598000,등록일 2021.04.,45
274,에어팟 애플 에어팟 프로  MWP22KH/A  화이트,244860,등록일 2021.03.,45
275,애플 에어팟2 2세대 유선충전 (옵션추가금 없음) MV7N2KH/A,173400,등록일 2020.02.,44
276,Airpods Pro 2 용 브러시 청소 도구 커버 Xiaomi Airdots Huawei Freebuds 3 Pro 4i 삼성 갤럭시 버드 + 버드 라이브 케이스,795,등록일 2021.07.,44
277,애플 국내 애플 정품 apple 에어팟 2세대 유선/MV7N2KH/A,172860,등록일 2021.07.,44
278,애플 정품 에어팟2 (2세대) MRXJ2KH/A 무선충전케이스,226590,등록일 2019.06.,43
279,국내 apple 정품 애플 에어팟 프로   MWP22KH A - 국내 출시 정품 새상품,260290,등록일 2021.01.,43
280,[에어팟/프로] 유령가족,12000,등록일 2020.11.,43
281,에어팟 프로 - 국내 apple 정품 애플 에어팟 프로   MWP22KH A,260290,등록일 2021.01.,43
282,"Airpods Pro TWS 이어폰 슈퍼 소프트 실리콘 이어 버드 블루투스 헤드폰 실리콘 슬리브 1: 1 사이즈 소음 제거, Airpods Pro TWS 이어폰",5948,등록일 2021.07.,42
283,Apple 에어팟 2세대 MV7N2KH/A 유선충전 모델 OK,152550,등록일 2021.01.,42
284,[애플] 에어팟 프로 노이즈 캔슬링 MWP22KH/A,277420,등록일 2020.11.,42
285,충전 케이스가있는 Apple AirPods 2nd 사용 Bluetooth 이어폰 무선 이어 버드 톤 iPhone iPad Mac Apple Watch 용 Siri 연결,211700,등록일 2021.04.,42
286,골드 도금 진주 동전 팔찌 키 체인 무선 헤드셋 블루투스 애플 에어팟 1 2 커버 에어팟 프로,4827,등록일 2021.04.,41
287,[에어팟/프로] 호박유령 고디,12000,등록일 2020.11.,41
288,에어팟 프로 MWP22KH/A 노이즈 켄슬링 블루투스 이어폰 OK,264490,등록일 2020.07.,41
289,[엠프렌즈] AirPods_23_Screen adjustment AirPods_23,14600,등록일 2020.07.,41
290,사운즈박스정품 에어팟프로 실리콘케이스 키링 두께감있는 고급형케이스 1+1,3900,등록일 2020.03.,40
291,애플 [국내당일발송/정품] 에어팟 2세대 유선 충전 MV7N2KH/A,167400,등록일 2020.11.,40
292,홈앤아트 J&U 콜라보 정품 블루투스 이어폰 (버즈 에어팟 보스 QCY X),118000,등록일 2021.04.,39
293,애플 정품 에어팟프로 (MWP22KH/A)노이즈캔슬링+케이스,260820,등록일 2021.07.,39
294,애플 정품 에어팟 2세대 MV7N2KH A 유선충전 - [애플] 정품 에어팟 2세대 MV7N2KH A 유선충전,150410,등록일 2020.10.,39
295,Apple 에어팟 프로,177760,등록일 2021.06.,39
296,"애플코리아 Apple 에어팟 2세대 유선충전 모델 (MV7N2KH/A) 키링케이스,철가루 스티커 제공",179000,등록일 2020.10.,38
297,애플 [애플정품]에어팟2 유선충전+실리콘케이스+키링+철가루방지스티커/ 당일출고,152900,등록일 2019.08.,38
298,애플 국내 애플 정품 apple 에어팟 2세대 유선/MV7N2KH/A,172870,등록일 2019.05.,38
299,[엠프렌즈] AirPods_19_Sun Light AirPods_19,14600,등록일 2021.02.,38
300,APPLE AIRPODS 2 에어팟2세대 유선충전 개별유닛판매 블루투스이어폰,7900,등록일 2019.10.,37
301,[한국어버전 정품] 샤오미 에어닷 청춘판 블루투스 이어폰 한글판 에어팟 5.0 최신형,32300,등록일 2019.08.,37
302,[무료배송] 2020 루시팟 무선블루투스이어폰 5.0 가성비모음 에어팟 차이팟 PRO - 빠른배송 사은품증정,17770,등록일 2019.07.,37
303,애플 정품 에어팟 2세대 유선충전 MV7N2KH A - 고급 철가루방지 스티커 사은품,170140,등록일 2019.10.,37
304,애플 정품 2세대 에어팟 프로 왼쪽 오른쪽 본체 한쪽 단품 별도 판매,54000,등록일 2020.01.,37
305,Apple 에어팟 1세대 (MMEF2KH/A),162430,등록일 2020.11.,36
306,에어팟 2세대 유선충전 (MV7N2KH/A) 정품 당일발송_JK,169280,등록일 2019.06.,36
307,[애플]정품 에어팟2 유선충전모델 MV7N2KH/A -BUC,166000,등록일 2021.01.,36
308,애플 [애플]정품 에어팟프로 AirPods PRO MWP22KH/A - BUC,255510,등록일 2020.10.,36
309,애플 에어팟 2세대 (Latest Model) 2019년 신형 MV7N2AM/A MRXJ2AM/A,209000,등록일 2019.04.,36
310,Apple 에어팟 1세대 (MMEF2KH/A),173880,등록일 2020.12.,36
311,Apple AirPods Pro MWP22KH/A,299000,등록일 2020.04.,35
312,애플 국내 apple 정품 애플 에어팟 2세대 유선/MV7N2KH/A,172860,등록일 2021.07.,35
313,(현대Hmall)[Apple] 애플 정품 AirPods 에어팟2 유선 이어폰,163930,등록일 2021.07.,35
314,에어팟 애플코리아 AirPods Pro 에어팟 프로 블루투스 이어폰,256680,등록일 2020.08.,35
315,[롯데백화점]애플 (Apple) 애플 Airpods(에어팟) 2세대 무선 이어폰(유선충전),173630,등록일 2021.02.,34
316,[애플]정품 에어팟2 유선충전모델 MV7N2KH/A -BUC,152840,등록일 2021.04.,34
317,럭셔리 꿈꾸는 가지 하드 이어폰 애플 에어팟 2/1 블루투스 헤드셋 보호 커버 다채로운 팔찌 키 체인,2944,등록일 2021.04.,34
318,애플 애플코리아 에어팟 2세대 유선충전 정품 당일발송/SDY,495000,등록일 2021.05.,34
319,에어팟 한쪽 왼쪽 오른쪽 충전케이스 본체 2세대 에어팟 프로 3세대 왼쪽 오른쪽 유닛 단품 당일발송 내일수령,45000,등록일 2021.05.,34
320,[롯데백화점]애플 (Apple) 애플 Airpods(에어팟) 2세대 무선 이어폰(유선충전),173630,등록일 2021.02.,34
321,[AIRPODS PRO] 510 꿈속인가곰,7900,등록일 2020.05.,33
322,에어팟2세대 유선/무선 MRXJ2KH/A 국내정품 당일출고-에어팟2_무선,204700,등록일 2021.01.,33
323,Ahastyle 에어팟 프로 이어훅 PT60 PRO,12500,등록일 2020.05.,33
324,에어팟2세대 유선/무선 MRXJ2KH/A 국내정품 당일출고,170700,등록일 2019.05.,33
325,당일출고-애플 정품 에어팟 2세대 일반 모델,228000,등록일 2019.03.,33
326,에어팟2세대 유선/무선 MRXJ2KH/A 국내정품 당일출고-에어팟2_유선,164700,등록일 2019.05.,33
327,Apple 에어팟 2세대 무선충전 모델 (MRXJ2KH/A) ★NPAY+ 최대 13000원 지급★네이버페이 공식 프리미엄등급 판매자,239900,등록일 2021.02.,32
328,[애플] [애플정품]애플 에어팟 프로 무선충전 (MWP22KH/A),267520,등록일 2020.02.,32
329,[애플] [애플]정품 에어팟프로 AirPods PRO MWP22KH/A -BUC,272180,등록일 2021.01.,32
330,에어팟 프로 블루투스 이어폰,180000,등록일 2021.06.,32
331,당일발송  애플 에어팟 2세대 유선 충전,172660,등록일 2021.01.,31
332,[애플] 국내정품 에어팟 프로 MWP22KH/A,267410,등록일 2021.02.,31
333,애플 아랑 / 에어팟 프로 애플코리아 Airpods Pro /번개배송,276000,등록일 2020.02.,31
334,[애플]정품 에어팟프로 AirPods PRO MWP22KH/A - BUC,255510,등록일 2020.10.,30
335,애플 S_B 애플코리아 정품 에어팟 프로 3세대 MWP22KH/A,259350,등록일 2020.01.,30
336,애플 에어팟 2세대 유선충전 (MV7N2KH/A) 정품 당일발송_JK,169280,등록일 2019.06.,30
337,애플 아랑 / 에어팟 프로 애플코리아 Airpods Pro /번개배송,276000,등록일 2020.10.,30
338,[총알배송] 아이폰7 에어팟 대체 블루투스 이어폰 미니 S8,14800,등록일 2016.09.,30
339,[애플] 국내 apple 정품 애플 에어팟 2세대 유선 MV7N2KH A - 국내 출시 정품 새상품,164030,등록일 2020.07.,30
340,무료배송 블루투스 에어팟 프로 무선 삼성 갤럭시 애플 아이폰 LG 샤오미 완벽호환 이어폰,28900,등록일 2021.03.,29
341,완전무선 음질좋은 블루투스 이어폰 i10 갤럭시 아이폰 호환 에어팟 차이팟,32000,등록일 2019.11.,29
342,무선 블루투스 이어폰 이어셋 i9S-TWS 차이팟 에어팟 X 에어블팟 에어로팟 에어팟2 x,17800,등록일 2019.05.,29
343,에어팟 2세대 유선충전 단품  MV7N2KH A - [애플] 국내 apple 정품 애플 에어팟 2세대 유선 MV7N2KH A,164030,등록일 2021.05.,29
344,유니콘 아이폰 갤럭시 버즈 에어팟 아이팟 무선 블루투스 이어폰 5.0 자동충전,29800,등록일 2020.02.,29
345,국내발송  애플 정품 에어팟 2세대 유선충전 MV7N2KH/A,187000,등록일 2019.07.,29
346,생활가이드 에어블팟 리볼트 2세대 차이팟 에어팟 3세대 에어 블팟 에이 프로팟,39800,등록일 2019.05.,29
347,WD-40 다목적 케어 에이전트 금속 제품 무선 블루투스 이어폰 케이스 에어팟 2 Pro 3D 소프트 실리콘 헤드셋 커버,4618,등록일 2021.04.,29
348,티커브 블루투스 이어폰 무선 노이즈캔슬링 가성비 에어팟프로 5.1,79000,등록일 2021.04.,29
349,애플 [애플] 정품 에어팟 프로 노이즈 캔슬링 MWP22KH/A,299700,등록일 2021.01.,29
350,애플 에어팟 2세대 무선충전 정품 당일발송/SDY (MRXJ2KH/A),600000,등록일 2019.11.,28
351,[애플][애플] 정품 에어팟 프로 노이즈 캔슬링 MWP22KH/A,284820,등록일 2020.06.,28
352,Apple 에어팟2 Airpods2 MV7N2KH/A // 국내 정품 // 당일 출고,180000,등록일 2020.06.,28
353,애플 에어팟2 유선 2세대 오른쪽 유닛 단품 낱개 한쪽 별개,60500,등록일 2020.06.,28
354,애플 에어팟 프로 Airpods Pro MWP22KH/A 우체국택배 당일발송,293000,등록일 2020.03.,28
355,애플 에어팟2 블루투스 이어폰 / MV7N2J/A / 유선 / 무선 / 관부가세포함 / 무료배송 / 한국A/S 가능,188140,등록일 2019.08.,28
356,애플 정품 노이즈캔슬링 에어팟 프로 MWP22KH/A,254380,등록일 2021.05.,28
357,[애플] 에어팟 2세대 유선충전 MV7N2KH/A (주)ipark,170050,등록일 2021.05.,28
358,[애플] [Apple] 에어팟프로 AirPods PRO 블루투스 이어폰,275200,등록일 2020.12.,27
359,AirPods_1_Smile Daisy,11900,등록일 2019.09.,27
360,[엠프렌즈] AirPods_4_Flower Barcode AirPods_04,14600,등록일 2020.07.,27
361,애플정품 에어팟프로 블루투스이어폰 국내배송 실리콘케이스증정,273000,등록일 2021.01.,27
362, [온라인몰 EVENT] 폼팁 무료증정 [Apple] 에어팟 프로 (MWP22KH/A),247000,등록일 2020.12.,27
363,[애플정품]에어팟2 유선충전+실리콘케이스+키링+철가루방지스티커/ 당일출고,161270,등록일 2019.08.,27
364,2020년형 국내정품 미개봉 새제품 에어팟2세대 MV7N2KH/A 투명하드케이스/철가루방지 스티커 제공 18시까지 주문시 당일발송,172000,등록일 2020.12.,27
365,애플 [애플] 애플코리아정품 에어팟프로 3세대 무선충전 (MWP22KH/A) 당일출고,261900,등록일 2021.07.,27
366,애플  애플  정품 에어팟 프로 MWP22KH/A,272570,등록일 2020.02.,26
367,이지바이 마카롱 에어팟 프로/블루투스5.0/무선충전,15500,등록일 2020.05.,26
368,애플 에어팟 프로 MWP22KH/A 애플 정품,266470,등록일 2021.07.,26
369,에어팟 프로 단품 한쪽 왼쪽 오른쪽 케이스 AIRPOTS PRO,79000,등록일 2021.06.,26
370,에어팟 2세대 유선충전 모델 (MV7N2KH/A),153900,등록일 2021.03.,26
371,애플 정품 에어팟 2세대 무선충전 모델,251070,등록일 2019.03.,26
372,[CLEAR AIRPODS PRO] 510 꿈속인가곰,8900,등록일 2020.08.,26
373,에어팟프로 무선 오른쪽 유닛 단품 낱개 한쪽 구매,109200,등록일 2021.06.,25
374,패션 EUPHORIA JUNGKOOK 실행 Ep 33 Memes 무선 블루투스 이어폰 케이스 Airpods 1 2 소프트 지우기 이어폰 충전 커버,1876,등록일 2021.01.,25
375,애플 에어팟 프로 PRO 케이스증정 / 관부가세 포함,261900,등록일 2020.05.,25
376,위마루 팟팟 블루투스 무선 이어폰 삼성 갤럭시 차이팟 샤오미 아이폰  에어팟 케이스 호환,37900,등록일 2020.09.,25
377,[서울쏠쏠마켓] [애플] 정품 에어팟 프로 왼쪽 오른쪽 단품 한쪽판매 분실 재구매 - 에어팟 분실 후 재구매는 트래딧,103000,등록일 2020.04.,25
378,[NaverPay] #애플공식정품 #오늘출발 에어팟 2세대 유선충전모델 [2020년 최신형 선택가능],159950,등록일 2020.05.,24
379,애플 정품 에어팟2세대 유선충전 / 무선충전 도우리,165510,등록일 2018.11.,24
380,에어팟 2세대 유선 무선충전  즉시출고 MV7N2KH/A,169280,등록일 2019.11.,24
381,애플 에어팟 / 무선 블루투스 이어폰,273980,등록일 2019.03.,24
382,애플 정품 에어팟 2세대 MV7N2KH/A 유선충전 애플코리아 정품 당일출고,184000,등록일 2019.06.,24
383,"블루투스 이어폰 TWS CBE-TW8[차이팟,차이팟프로,에어팟,애플,이어폰,무선이어폰,블루투스이어폰,에어팟저렴이,에어팟저려미,에이플엑스,에어블랙,에어블랙에디션,사운드팟]",39000,등록일 2020.08.,24
384,간단한 식물 꽃 사랑 심장 키 체인 무선 헤드셋 블루투스 애플 에어팟 1 2 커버 에어팟 프로,4547,등록일 2021.04.,23
385,안티-잃어버린 실리콘 이어폰 로프 홀더 케이블 애플 아이폰 X 8 7 AirPods 무선 블루투스 헤드폰 넥 스트랩 코드 문자열,1921,등록일 2021.04.,23
386,Apple 애플 에어팟 프로 (MWP22KH/A),249990,등록일 2021.04.,23
387,[정품] AirPods 에어팟 2세대 유선 충전 - MV7N2KH/A,179500,등록일 2020.01.,23
388,아메리카노 에어팟,23000,등록일 2020.03.,23
389,[국내당일발송/애플정품] 애플 에어팟 2세대 유선/무선 충전 선택,188100,등록일 2019.05.,23
390,[신세계백화점][국내정품] 애플 에어팟 프로 무선 충전 MWP22KH/A,261000,등록일 2021.05.,23
391,[신세계백화점][국내정품] 애플 에어팟 프로 무선 충전 MWP22KH/A,258390,등록일 2021.05.,23
392,S_B 애플코리아 정품 에어팟 프로 3세대 MWP22KH/A,259350,등록일 2020.01.,22
393,실리콘 커버 이어폰 3 쌍 안티 슬립 이어 버드 팁 Airpods 방음 귀마개 애플 이어폰 Earpads 스토리지 박스,3356,등록일 2021.04.,22
394,애플 [정품] AirPods Pro 에어팟 프로/ 케이스 무료증정,241110,등록일 2020.07.,22
395,[롯데백화점1관](당일출고)(국내정품) 애플 에어팟 프로 무선 충전 MWP22KH/A,274050,등록일 2021.06.,22
396,[애플 ] 정품 에어팟 2세대 유선 충전 MV7N2KH/A,186000,등록일 2019.10.,22
397,[AIRPODS PRO] 499 까꿍베어,7900,등록일 2020.05.,22
398,1위 블루투스무선이어폰V2000소니에어팟보다우수 흰색,57520,등록일 2020.07.,22
399,차이팟 i9S 블루투스 무선 이어폰 에어사운드팟 에어팟,13500,등록일 2019.02.,22
400,애플 애플 에어팟 2세대 유선충전 MV7N2KH/A 당일출고,157120,등록일 2019.11.,22
401,[롯데백화점](당일출고)(국내정품) 애플 에어팟 프로 무선 충전 MWP22KH/A,278690,등록일 2021.06.,22
402,[네이버페이 가맹점] 에어팟 2세대 유선충전 (MV7N2KH/A) [국내정품] [애플공식AS가능] [키링+고급케이스 선택가능] #정품,163000,등록일 2020.06.,21
403,"[관부가세포함] 애플 에어팟 무선 이어폰 / APPLE, AirPods",204740,등록일 2018.05.,21
404,[롯데백화점]에어팟 (당일출고)(국내정품) 애플 에어팟 프로 무선 충전 MWP22KH/A,281300,등록일 2021.06.,21
405,[애플] [국내정품 + 당일발송] 에어팟 2세대 유선충전 (MV7N2KH/A) 3시 이전 당일 발송,172500,등록일 2019.10.,21
406,엠피지오 ATHENA Beat 무선이어폰/에어팟/에어팟디자인 (블랙),16900,등록일 2020.06.,21
407,애플 에어팟 2세대 에어팟 프로 왼쪽 오른쪽 한쪽만 본체만 충전케이스 애플코리아 정품,53990,등록일 2021.07.,21
408,애플 애플 정품 에어팟 2세대 유선충전 MV7N2KH/A 미개봉,164680,등록일 2019.05.,21
409,[AIRPODS PRO] 467 곰틀즈(옐로베이지),7900,등록일 2020.05.,21
410,에어팟프로 무선 본체 충전케이스 단품 낱개,94000,등록일 2021.07.,21
411,안티-분실 로프 스트랩 실리콘 무선 헤드폰 홀더 커버 이어폰 문자열 로프 블루투스 헤드셋 Airpods 화웨이 Freebuds,582,등록일 2021.04.,21
412,Apple 에어팟 프로 (MWP22KH/A) 20년11월 이후 제조 이어폰,329000,등록일 2021.04.,20
413,"애플코리아 에어팟 프로 (MWP22KH/A) 21년1월이후생산제품 철가루 ,키링케이스 증정",269000,등록일 2021.01.,20
414,정품 에어팟2세대 MV7N2KH/A 유선_찰스,155550,등록일 2021.07.,20
415,애플 에어팟 2세대 AirPods 유선 무선 모델,199390,등록일 2019.04.,20
416,픽스온 에어팟 실리콘 인이어 이어후크,7900,등록일 2018.07.,20
417,[Apple] 정품 에어팟프로 MWP22KH/A,251160,등록일 2020.11.,20
418,음악 불독 애플 에어팟 1 2 Pro 쿨 록 강아지 무선 블루투스 이어폰 Coque 에어팟 2 Funda,3641,등록일 2021.04.,20
419,[엠프렌즈] AirPods_43_scribble paint AirPods_43,10900,등록일 2020.11.,20
420,애플 [재고보유] [Apple] 애플정품 에어팟 2세대 유선충전 (MV7N2KH/A),152448,등록일 2021.01.,20
421,[신세계백화점]애플 [국내정품] 애플 에어팟 프로 무선 충전 MWP22KH/A,253290,등록일 2021.07.,20
422,뱀 피부 + Airpods 프로 1 2에 대 한 PU 가죽 스플 라이스 케이스 Airpods 프로 1 2 커버에 대 한 Coque 비즈니스 블루투스 무선 이어폰 가방,3775,등록일 2020.12.,19
423,애플 정품 에어팟 2 유선  화이트 MV7N2KH/A 당일발송,153420,등록일 2020.07.,19
424,애플 에어팟 2세대 유선충전 블루투스 무선 이어폰,169000,등록일 2021.03.,19
425,에어팟프로 철가루방지 스티커 (첼시),4140,등록일 2019.12.,19
426,[AIRPODS PRO] 528 초코냠(초코),7900,등록일 2020.05.,19
427,왕삐죽이 에어팟프로,14000,등록일 2020.10.,19
428,애플코리아 에어팟 오른쪽 왼쪽 1세대 2세대 한쪽판매 블루투스이어폰,125000,등록일 2020.06.,19
429,[애플] 공식정품 에어팟프로 MWP22KH/A  우체국 택배 당일발송kh,249340,등록일 2021.03.,19
430,애플 [애플] 정품 에어팟프로 MWP22KH/A (오후3시주문까지 당일출고),250200,등록일 2020.11.,19
431,애플 애플코리아 한국정품 AirPods 에어팟 오늘출발,211730,등록일 2017.06.,19
432,[가르송티미드] 뀰 for airpods 1/2 JEJU01,17640,등록일 2020.01.,18
433,애플 정품 에어팟2 MV7N2KH/A(유선)당일출고(3시마감),149780,등록일 2020.02.,18
434,21년 3월 제조 에어팟 프로 MWP22KH/A 노이즈캔슬링 무선 블루투스 이어폰 에어팟 2세대 우체국택배 당일출고,229000,등록일 2021.03.,18
435,애플정품 에어팟 프로(MWP22KH/A) 21년 제조-,271900,등록일 2020.09.,18
436,Apple AirPods 유선 충전 케이스 에어팟 2세대 MV7N2KH/A,169000,등록일 2020.07.,18
437,[네이버페이 공식가맹점] Apple 에어팟 2세대 무선충전 모델 MRXJ2KH/A [대량물량보유] [정부/대기업/공기업/중소법인 대량납품가능] [1차 원도매 물류센터],239900,등록일 2020.06.,18
438,진짜 케이스 에어팟 프로 럭셔리 정품 가죽 열매 패턴 보호 에어팟 3 블루투스 이어폰 액세서리,16011,등록일 2021.03.,18
439,사운즈박스정품 에어팟 프로 철가루방지 스티커 18K 도금 0.02mm 1+1,2900,등록일 2020.03.,18
440,에어팟  애플  정품 에어팟프로 MWP22KH/A,248540,등록일 2021.04.,17
441,Apple  AirPods PRO 블루투스 이어폰 (애플),268000,등록일 2021.06.,17
442,에어팟프로 한쪽 유닛 3세대 애플코리아 정품 AirPods Pro 본체 왼쪽 오른쪽 구매,84400,등록일 2021.05.,17
443,애플 apple 정품 에어팟 2세대 유선모델/MV7N2KH/A,179900,등록일 2020.06.,17
444,애플 에어팟 프로 Airpods Pro MWP22KH/A 우체국택배 당일발송,293000,등록일 2020.03.,17
445,옵션장난없음 재고보유 당일배송 애플 에어팟 프로 3세대(MWP22KH/A) 에어팟3,298000,등록일 2019.12.,17
446,[애플] 정품 에어팟 2세대 유선 충전 MV7N2KH/A,175000,등록일 2021.02.,17
447,애플 에어팟 AirPods 국내정품,169200,등록일 2021.02.,17
448,[CLEAR AIRPODS PRO] 500 하뚜곰,8900,등록일 2020.08.,17
449,[애플] 정품 에어팟 2세대 유선 충전 MV7N2KH/A,173250,등록일 2021.02.,17
450,i85 에어팟 블루투스 이어폰,33000,등록일 2020.01.,17
451,[어프어프] Milk joie-white(에어팟프로 레더) 1903874,18520,등록일 2021.04.,17
452,[애플]정품 에어팟 프로 MWP22KH/A,264140,등록일 2021.01.,17
453,[NS홈쇼핑]에어팟  애플  정품 에어팟프로 MWP22KH/A,256910,등록일 2021.04.,17
454,LK-TE8 블루투스 5.0 중국에어팟 대륙 차이팟 이어폰,24800,등록일 2020.11.,17
455,애플 에어팟2 유선 2세대 왼쪽 유닛 단품 낱개 한쪽 별개,61500,등록일 2020.06.,16
456,에어팟 프로 스타일 블루투스 이어폰 화이트 추가 액정필름 무료로 드려요,39000,등록일 2020.06.,16
457,아즈라 세드나 셀라스텍 에어팟프로용-M(2쌍),26900,등록일 2020.11.,16
458,에어팟 에어팟  애플  정품 에어팟프로 MWP22KH/A,247680,등록일 2021.04.,16
459,애플 정품 에어팟 프로 MWP22KH/A 우체국 배송 재고확보 OK,244610,등록일 2020.10.,16
460,애플 에어팟 프로 Apple AirPods Pro,251200,등록일 2021.07.,16
461,애플 럭키클럽)애플코리아 에어팟 AirPods MMEF2KH/A,211730,등록일 2018.11.,16
462,애플 에어팟 왼쪽 오른쪽 단품 한쪽만구매 1세대 2세대 에어팟2 2세대 본체 충전케이스,91000,등록일 2019.10.,16
463,당일발송 재고보유 국내정품 애플 에어팟 프로 (MWP22KH/A),270000,등록일 2020.03.,16
464,에어팟프로 무선 왼쪽 유닛 단품 낱개 한쪽 구매,109200,등록일 2021.06.,16
465,[멜로우어스] 고구마(에어팟) 12,14700,등록일 2019.11.,16
466,치히로 떨어져 일본 애니메이션 Kaonashi 블루투스 무선 EarphoneNo 얼굴 남자 얼굴없는 이어폰 케이스 애플 Airpods 1 2 케이스,4056,등록일 2021.03.,16
467,애플 정품 에어팟 2세대 유선충전,160000,등록일 2021.07.,16
468,[애플]정품 에어팟 2세대 MV7N2KH/A(유선),152100,등록일 2021.01.,16
469,애플 애플 에어팟 2세대 유선충전 MV7N2KH/A  당일출고,157110,등록일 2021.02.,16
470,비아렐 무선 이어폰 블루투스 터치 POD 아이폰 삼성 핑크 화이트 에어팟 샤오미 QCY,27900,등록일 2020.12.,15
471,사운즈박스정품 에어팟1 2 철가루방지 스티커 18K 도금 0.02mm 1+1,2900,등록일 2020.03.,15
472,불루투스 무선이어폰i9S TWS 에어팟 차이팟 이어셋 - 유니스타,7430,등록일 2020.12.,15
473,[애플] 정품 에어팟 2세대 유선 충전 MV7N2KH/A,166560,등록일 2020.04.,15
474,AirPods_23_Screen adjustment,11900,등록일 2019.09.,15
475,애플코리아 에어팟 프로 (MWP22KH/A)/당일발송,276000,등록일 2020.05.,15
476,[신세계몰]애플 에어팟 2세대 한쪽 왼쪽 오른쪽 충전기 에어팟 한쪽,72040,등록일 2021.01.,15
477,우주 비행사 베어 버니 투명한 펜던트 무선 블루투스 헤드셋 소프트 커버 Airpods 2 Airpod Pro 3 이어폰 보호용,4222,등록일 2020.12.,15
478,심천잡스 블루투스 이어폰 애플 안드로이드 호환 에어팟,39400,등록일 2020.06.,15
479,[AIRPODS PRO] 490 다이노체리,7900,등록일 2020.05.,15
480,우주 비행사 베어 버니 투명한 펜던트 무선 블루투스 헤드셋 소프트 커버 Airpods 2 Airpod Pro 3 이어폰 보호용,4222,등록일 2020.12.,15
481,애플 에어팟 2세대 유선충전 MV7N2KH/A 국내정품 IF,174800,등록일 2019.07.,15
482,애플코리아 에어팟 프로 (MWP22KH/A)/당일발송,276000,등록일 2020.05.,15
483,[애플] 정품 에어팟 프로 노이즈 캔슬링 MWP22KH/A,276620,등록일 2020.07.,15
484,애플 애플공식정품ㅣ국내정품 에어팟 프로 당일출고_찰스,270480,등록일 2021.06.,15
485,S_B 애플코리아 정품 에어팟 2세대 유선충전,156520,등록일 2020.01.,15
486,APPLE AirPods 애플 에어팟 무선/블루투스 이어폰,249000,등록일 2020.11.,15
487,국내정품 에어팟 2세대 유선충전 MV7N2KH/A,169280,등록일 2020.04.,15
488,[애플]정품 에어팟프로 AirPods PRO MWP22KH/A - BUC,258000,등록일 2021.02.,15
489,정품_애플 에어팟 프로(Airpods Pro),262190,등록일 2021.02.,14
490,[신세계백화점][국내당일발송/정품]애플 에어팟 2세대 유선 충전 MV7N2KH/A,163647,등록일 2021.03.,14
491,애플 애플 정품 에어팟2세대 유선충전 / 무선충전 도우리,165500,등록일 2019.10.,14
492,"쿼카 에어팟프로케이스 =͟͟͞͞•̫͡•ʔ, 문느",24000,등록일 2020.02.,14
493,[엠프렌즈] AirPods_42_Smile Daisy Ⅱ AirPods_42,14600,등록일 2020.11.,14
494,Betty Qi 3 in 1 Wireles 전화 홀더 용 충전 스테이션 Apple Samsung Watch Airpods Pro iWatch 유도 무선 충전기,25973,등록일 2021.04.,14
495,애플 TD 정품 에어팟 프로 이어폰 왼쪽만,103000,등록일 2021.07.,14
496,[에어팟][애플] 정품 에어팟프로 MWP22KH/A,254170,등록일 2021.04.,14
497,[신세계백화점][국내당일발송/정품]애플 에어팟 2세대 유선 충전 MV7N2KH/A,165300,등록일 2021.03.,14
498,에어팟 왼쪽 오른쪽 한쪽구매 단품 에어팟본체 에어팟1세대 충전기 MMEF2KH/A,135000,등록일 2019.12.,14
499,[NS홈쇼핑]정품_애플 에어팟 프로(Airpods Pro),254090,등록일 2021.02.,14
500,S_B 애플코리아 정품 에어팟 2세대 유선충전,158240,등록일 2020.01.,14
501,(재고) 에어팟 프로 PRO 노이즈 캔슬링 / 국내AS / 케이스 포함,223510,등록일 2021.05.,14
502,애플 에어팟2 유선충전 / 성년의날선물 가정의달선물 자녀선물 무선헤드셋  MV7N2KH/A,177900,등록일 2020.05.,13
503,[애플] [애플정품/당일발송] 애플 에어팟 2세대 유선충전 MV7N2KH/A 커플세트(2개),344000,등록일 2019.11.,13
504,애플 에어팟 2세대 유선충전  해외직구  1개 - Apple 에어팟 2세대 유선충전  해외직구  1개,157000,등록일 2021.06.,13
505,애플 애플 정품 에어팟2 유선충전모델 MV7N2KH/A - BUC,146690,등록일 2021.05.,13
506,[AIRPODS PRO] 529 초코까까,7900,등록일 2020.05.,13
507,에어팟프로 에어팟 3세대 18K도금 철가루방지 스티커 2세대 유무선 1세대 철가루방지스티커 - 에어팟프로 에어팟 철가루방지스티커,1500,등록일 2019.11.,13
508,[애플]정품 에어팟2 유선충전모델 MV7N2KH/A - BUC,179000,등록일 2021.03.,13
509,정품 에어팟프로 왼쪽/오른쪽/충전본체 오직 에어팟나라에서만,83000,등록일 2021.06.,13
510,[해외직구]*정품 애플* 애플 에어팟 프로/Apple airpods pro/관세 포함/홍콩,282900,등록일 2020.04.,13
511,옵션장난없음 재고보유 당일배송 애플 에어팟 2세대 유선충전(MV7N2KH/A) 에어팟2,179000,등록일 2019.07.,13
512,[해외직구]*정품 애플* 애플 에어팟 프로/Apple airpods pro/관세 포함/홍콩,282900,등록일 2020.04.,13
513,MUTORY 뮤토리 에어핏 AF10S 에어팟 프로 메모리폼팁 (1+1 총 4개 구성),6500,등록일 2020.10.,13
514,애플 에어팟프로 정품 이어팁 이어폰팁 이어캡 폼팁 eartips,2900,등록일 2020.07.,13
515,애플정품 에어팟2세대 왼쪽 오른쪽 한쪽 단품 충전본체 충전케이스 분리판매,69750,등록일 2020.03.,13
516,[AIRPODS PRO] 517 이퓨러브(레드),7900,등록일 2020.05.,13
517,MH IX2 블루투스5.0 무선이어폰 에어팟 엘지 삼성 아이폰 샤오미 (호환),37600,등록일 2019.12.,13
518,APPLE애플 에어팟2 유선충전 MV7N2KH/A 가정의달선물,177900,등록일 2019.09.,13
519,무료배송 블루투스 에어팟 무선 삼성 갤럭시 애플 아이폰 LG 샤오미 완벽호환 이어폰,24900,등록일 2021.01.,12
520,"【해외직구】[애플정품] 에어팟 2세대  유,무선 충전모델 /  국내AS / 홍콩에어배송/",162900,등록일 2019.10.,12
521,3 in 1 무선 충전기 인덕션 Iphone 12 Pro 12 11 XR XS X Watch SE 6 5 4 Airpods Pro 무선 충전기 고속 충전,25835,등록일 2021.05.,12
522,애플 에어팟프로 MWP22KH/A AirPods Pro/애플코리아 정품/TR,299000,등록일 2021.01.,12
523,애플 애플 MWP22KH/A 3세대 에어팟 프로  당일출고 IF,266290,등록일 2021.03.,12
524,코시 완전무선 에어팟 블루투스이어폰 가성비/무선이어폰/초소형,5400,등록일 2017.10.,12
525,패션 형광 팔찌 애플 에어팟 1 2 에어팟 프로 블루투스 이어폰 액세서리 멋진 실리콘,2849,등록일 2021.05.,12
526,마지막찬스! 애플 정품 에어팟 블루투스 이어폰 / 뛰어난 사운드 / 배터리 24시간 지속 / 관부가세 포함가 / 한국리퍼 가능 / 무료배송 / 할인쿠폰가 162$,232710,등록일 2021.03.,12
527,에어팟 프로 AirPods Pro 무선충전/MWP22KH/A 주)CH,303600,등록일 2020.11.,12
528,국내 apple 정품 애플 에어팟 2세대 유선/MV7N2KH/A,172870,등록일 2021.05.,12
529,"애플코리아 에어팟 1세대,2세대(유선,무선,충전케이스) +실리콘케이스증정 당일발송",158930,등록일 2019.02.,12
530,[당일발송] 애플 에어팟 2세대 유선 충전,174440,등록일 2021.02.,12
531,[국내정식발매]에어팟2 왼쪽 오른쪽 충전케이스 개별 판매 애플 AirPods 2 당일발송,52000,등록일 2019.04.,12
532,"【해외직구】[애플정품] 에어팟 2세대  유,무선 충전모델 /  국내AS / 홍콩에어배송/",162900,등록일 2019.10.,12
533,2 개/짝 패드 Airpods 아이폰 7 7plus 무선 블루투스 이어폰 실리콘 귀마개 이어폰 케이스 Earpads,819,등록일 2021.08.,12
534,에어팟 1 2 프로 쿨 록 음악 개를위한 트렌드 불독 에어팟 2 funda를위한 부드러운 실리콘 무선 블루투스 이어폰 코크,3645,등록일 2021.07.,12
535,TERA 에어팟 프로 철가루방지 메탈 스티커 2세트 (에어팟 3세대) (원스컴퍼니),3900,등록일 2019.11.,12
536,애플 에어팟2세대 (MV7N2KH/A)유선충전 당일출고 우체국택배,266800,등록일 2019.11.,12
537,베락스 EC089 에어팟 프로 3세대 마그네틱 이어폰 스트랩,5330,등록일 2019.12.,12
538,애플정품 에어팟 프로 MWP22KH/A 블루투스이어폰 오늘출발,284000,등록일 2020.07.,12
539,[apple] 애플 정품 에어팟 프로 AirPods Pro - MWP22KH/A,268000,등록일 2020.07.,11
540,애플 Airpods 에어팟 1세대 2세대 전용 유선 충전 본체,30000,등록일 2021.01.,11
541,[AIRPODS PRO] 502 초코댕댕,7900,등록일 2020.05.,11
542,왕 삐죽이 에어팟 1/2,14000,등록일 2021.03.,11
543,[CLEAR AIRPODS PRO] 467 곰틀즈(옐로베이지),8900,등록일 2020.08.,11
544,패션 안티-잃어버린 귀 클립 블루투스 이어폰 홀더 액세서리 Unisex 귀걸이 Airpods 1 2 3 Airpods 프로 귀걸이,3597,등록일 2021.05.,11
545,(현대Hmall)[Apple] 에어팟프로 AirPods PRO 블루투스 이어폰,262540,등록일 2020.12.,11
546,차이팟 프로 무선 블루투스 갤럭시 버즈 에어팟 애플 플러스 2세대,29800,등록일 2020.05.,11
547,애플 정품 에어팟,199000,등록일 2018.02.,11
548, [온라인몰 EVENT] 선착순 SALE [Apple] 에어팟 2세대 + 유선 충전케이스 (MV7N2KH/A),179100,등록일 2020.04.,11
549,에어팟 애플 에어팟 프로 (MWP22KH/A),241940,등록일 2021.03.,11
550,애플 에어팟 실리콘케이스 (화이트),6350,등록일 2018.08.,11
551,[애플] 정품 에어팟 2세대 유선 충전 MV7N2KH/A,172460,등록일 2021.02.,11
552,애플 TD 에어팟프로 왼쪽 오른쪽 단품 본체 유닛 한쪽판매 블루투스이어폰,70000,등록일 2021.05.,11
553,[Apple] 에어팟프로 MWP22KH A 국내정품  오후3시주문까지 당일출고 - 애플코리아 정품   무료배송,250090,등록일 2020.10.,11
554,애플 애플 정품 에어팟 2세대 유선충전(MV7N2KH/A),178480,등록일 2021.02.,11
555,3D 레오파드 쉘 키 체인 쉘 팔찌 소프트 무선 헤드셋 블루투스 애플 에어팟 1 2 커버 에어팟 pro 상자,3918,등록일 2021.05.,11
556,[애플] [Apple] 애플 정품 AirPods 에어팟2 유선 이어폰,169000,등록일 2021.07.,11
557,[서울쏠쏠마켓] 에어팟 프로 오른쪽 - [애플] 정품 에어팟 프로 왼쪽 오른쪽 단품 한쪽판매 분실 재구매,103000,등록일 2021.04.,11
558,에어팟프로 AirPods Pro 국내정품 MWP22KH/A 당일발송,298100,등록일 2020.02.,11
559,애플 (현대Hmall) 애플 정품 에어팟프로 AirPods PRO MWP22KH/A -BUC,264020,등록일 2021.01.,11
560,Piblue 가성비 에어팟 AirPods 호환용 무선충전 가능 블루투스 5.0 무선 이어폰 케이스증정,45000,등록일 2018.12.,11
561,3D 유럽 돌 아트 동상 무선 블루투스 이어폰 헤드셋 실리콘 케이스 애플 Airpods 1 2 프로 3 충전 커버 선물,3348,등록일 2020.08.,11
562,[Apple] 에어팟프로 MWP22KH A 국내정품  오후3시주문까지 당일출고 - 애플코리아 정품   무료배송,250090,등록일 2020.10.,11
563,에어팟 AIRPODS 벌크 1세대 단품 낱개 좌측 우측 유닛 분실 개별구매,39800,등록일 2021.03.,11
564,애플 (현대Hmall) 애플 정품 에어팟프로 AirPods PRO MWP22KH/A -BUC,264020,등록일 2021.01.,11
565,애플 에어팟 호환 실리콘케이스 (네이비),6350,등록일 2018.08.,11
566,[AIRPODS PRO] 514 패턴러브곰(핑크),7900,등록일 2020.05.,11
567,에어팟 애플 에어팟 프로 (MWP22KH/A) _고래,276920,등록일 2021.05.,10
568,일본 애니메이션 3D 악마 슬레이어 블루투스 무선 이어폰 애플 에어팟 1 2 pro 에어팟 액세서리,4381,등록일 2021.07.,10
569,[애플정품] 에어팟 AirPods 2세대 유선향 (유선충전모델/도매꾹) 34375 MV7N2KH/A(유선충전모델),195005,등록일 2020.06.,10
570,[애플] 에어팟 프로 (AirPods Pro) [MWP22KH/A],256900,등록일 2021.03.,10
571,애플 애플 에어팟 2세대 무선충전 MRXJ2KH/A 미개봉,230000,등록일 2019.06.,10
572,AirPods 에어팟 2세대 유선충전 (MV7N2KH/A),170200,등록일 2020.10.,10
573,[스토어찜 쿠폰증정]어니코프 스타게이저 TWS PLUS 블루투스이어폰 무선이어폰 STG-T10 에어팟 아님,79900,등록일 2020.05.,10
574,애플 에어팟 2세대 유선충전 MV7N2KH/A BUC,166000,등록일 2020.10.,10
575,애플 에어팟프로(MWP22KH/A) -,257600,등록일 2020.09.,10
576,애플 애플 정품 에어팟 2세대 유선충전(MV7N2KH/A),178480,등록일 2021.02.,10
577,에어팟 애플 에어팟 프로 3세대 MWP22KH/A 노이즈캔슬링 _RE,250130,등록일 2020.04.,10
578,진짜 탄소 섬유 애플 에어팟 2 보호기 무선 블루투스 헤드폰 커버 에어팟 프로 3 Shockproof 액세서리,24885,등록일 2021.05.,10
579,APPLE 에어팟2 유선충전모델 애플코리아 정품 MV7N2KH/A,199000,등록일 2020.04.,10
580,애플 정품 에어팟 2 유선 화이트 MV7N2KH/A 당일발송,151240,등록일 2021.03.,10
581,애플 코리아 정품 에어팟 2세대 유선충전 (MV7N2KH/A) 스마트기기악세사리,199000,등록일 2021.04.,10
582,뜨거운 좋은 관점 기계 구조 패턴 블루투스 헤드셋 소프트 케이스 애플 Airpods 1 2 프로 무선 충전 커버,2517,등록일 2020.10.,10
583,[엠프렌즈] AirPods PRO_29_emoticon AirPods_Pro_29,14600,등록일 2020.07.,10
584,[서울쏠쏠마켓] 에어팟 프로 왼쪽 - [애플] 정품 에어팟 프로 왼쪽 오른쪽 단품 한쪽판매 분실 재구매,103000,등록일 2020.12.,10
585,블루투스5.0 무선 터치 이어폰 차이팟 에어팟 삼성 아이폰 LG 커널형 노이즈 캔슬링,37520,등록일 2019.12.,10
586,[Apple] 에어팟프로 AirPods PRO 블루투스 이어폰,256620,등록일 2020.06.,10
587,[CLEAR AIRPODS PRO] 490 다이노체리,8900,등록일 2020.08.,10
588,[애플] 정품 에어팟 2세대 유선 충전 MV7N2KH/A,169750,등록일 2021.03.,10
589,기존 Apple AirPods J18 Tws 무선 블루투스 이어폰 스포츠 이어폰 HiFi 헤드셋 아이폰 Xiaomi 스마트 폰,16568,등록일 2021.06.,10
590,[애플] 에어팟 2세대 유선충전 모델 (MV7N2KH/A) 우체국발송,152198,등록일 2021.03.,10
591,"애플 에어팟 1세대, Apple AirPods",199000,등록일 2017.01.,10
592,[AIRPODS PRO] 536 라봉베어,7900,등록일 2020.06.,10
593,[애플]정품 에어팟2 유선충전모델 MV7N2KH/A -BUC,157450,등록일 2021.01.,10
594,[애플] 에어팟 2세대 무선 충전모델  유선 충전모델 - 국내AS 정품 무료배송 관세포함,161590,등록일 2020.01.,10
595,애플 [애플] 정품 에어팟 2세대 MV7N2KH/A 유선충전(오후3시주문까지 당일출고),153900,등록일 2020.11.,9
596,국내정품 애플에어팟프로 MWP22KH/A 블루투스이어폰 GU,348570,등록일 2020.01.,9
597,애플 에어팟 2세대 유선충전,189000,등록일 2019.07.,9
598,애플 AirPods 에어팟 2세대 유선충전 (MV7N2KH/A),170200,등록일 2020.10.,9
599,애플 에어팟 보관 파우치,7360,등록일 2018.07.,9
600,테라 에어팟프로 철가루방지 메탈 스티커,5430,등록일 2019.12.,9
601,[에어팟/프로] 꽃받침 퍼디,12000,등록일 2020.11.,9
602,뜨거운 아트 페인팅 Vincent Willem van Gogh 이어폰 케이스 에어팟 1 2 3 Pro 무선 블루투스 헤드셋 커버,3882,등록일 2021.05.,9
603,아토 에어팟 1세대2세대 겸용 이어폰 이어후크,1500,등록일 2019.09.,9
604,3 쌍 교체 이어 버드 팁 플러그 소프트 이어 버드 커버 에어팟 PRO 무선 블루투스 호환 이어폰 헤드셋,2149,등록일 2021.03.,9
605,에어팟  1세대 배터리 교체 비용  AirPods 1st battery,30000,등록일 2021.01.,9
606,애플 애플 에어팟 2세대 유선 국내정품/당일출고,162050,등록일 2020.08.,9
607,정품 에어팟프로 왼쪽 오른쪽 한쪽 본체 단품 분실,105000,등록일 2020.04.,9
608,정품_애플 에어팟 프로(MWP22KH/A),245720,등록일 2021.01.,9
609,애플 [Apple] 애플 Airpods(에어팟) 2세대 무선 이어폰(유선충전),179000,등록일 2020.04.,9
610,[엠프렌즈] AirPods PRO_28_Screen AirPods_Pro_28,14600,등록일 2020.07.,9
611,애플 [애플]정품 에어팟프로 AirPods PRO MWP22KH/A - BUC,250580,등록일 2021.04.,9
612,벨킨 아이폰 애플워치 에어팟 고속 무선 충전 독 WIZ001kr,149000,등록일 2021.02.,9
613,AirPods_19_Sun Light,11900,등록일 2019.09.,9
614,정품 에어팟 2세대 유선충전 모델/ (MV7N2KH/A),147590,등록일 2021.06.,9
615,[에어팟/프로] 달리기와 음악,12000,등록일 2020.11.,9
616,"[국내정품] 에어팟 유선제품 왼쪽,오른쪽,유선충전기 한쪽씩 판매 당일 특급발송 재고확보 국내AS 가능",52000,등록일 2019.05.,9
617,Airpods 2 당일발송 에어팟2세대MV7N2KH/A 유선모델 kh,166090,등록일 2021.07.,9
618,[애플] 에어팟 2세대 유선충전 커플세트(2개)_준광,342620,등록일 2019.08.,9
619,[애플정품]애플 에어팟 프로 무선충전 (MWP22KH/A),271500,등록일 2020.01.,9
620,레알 차이팟 i11 i12 i30  tws 에어팟 가성비 블루투스 무선이어폰 삼성 lg 안드로이드 아이폰 이어팟,29500,등록일 2021.01.,9
621,애플 정품 에어팟 2세대 유선충전 모델/ (MV7N2KH/A),145400,등록일 2021.06.,9
622,안티 애플 에어팟 1/2 블루투스 보호 무선 이어폰 커버 에어팟 1 2 커버 액세서리 새로운,974,등록일 2021.07.,9
623,애플 TD 정품 에어팟 프로 이어폰 오른쪽만,103000,등록일 2021.07.,9
624,애플 에어팟 프로 3세대 MWP22KH/A 노이즈캔슬링 _RE,250990,등록일 2020.04.,9
625,애플 에어팟 맥스 Pink - MGYM3KH/A,597550,등록일 2021.05.,9
626,애플 에어팟 프로 Airpods Pro 애플코리아정품 G,258690,등록일 2020.12.,9
627,[롯데백화점] 애플 [Apple] 애플 Airpods(에어팟) 2세대 무선 이어폰(유선충전) LE1202272371,179000,등록일 2020.04.,9
628,애플 에어팟 맥스 Pink - MGYM3KH/A,591575,등록일 2021.05.,9
629,[신세계몰]애플 에어팟 프로 - MWP22KH/A,251920,등록일 2020.06.,9
630,애플정품 에어팟2 유선충전모델 국내발송 MV7N2KH/A 이어폰,189000,등록일 2019.11.,9
631,애플  정품 에어팟 2세대 유선 충전 MV7N2KH/A,169750,등록일 2021.03.,9
632,[애플]정품 에어팟2 유선충전모델 MV7N2KH/A -BUC,162130,등록일 2021.02.,9
633,[어프어프] Milk joie-white(에어팟 레더) 1903877,18520,등록일 2021.04.,8
634,만화 초기 D 레이싱 자동차 이어폰 케이스 Airpods 1 2 3 프로 후지와라 블루투스 headest 커버 화웨이 FreeBuds 3 끈,2933,등록일 2021.01.,8
635,애플 정품 에어팟2 2세대 2019년 신형(무선충전케이스포함),270000,등록일 2019.03.,8
636,[애플]정품 에어팟2 유선충전모델 MV7N2KH/A - BUC,156150,등록일 2021.07.,8
637,애플 에어팟 프로 Airpods Pro 애플코리아정품 G,258680,등록일 2020.12.,8
638,[애플] [애플]정품 에어팟2 유선충전모델 MV7N2KH/A -BUC,167500,등록일 2021.01.,8
639,달빛마켓 에어팟 프로 18K철가루 방지 스티커 3세대 블루투스이어셋,780,등록일 2019.12.,8
