,type,review,star
0,아이패드,"잘 받았습니다. 일이있어 접속이 늦어 이제야 구매결정을 합니다. 애플코리아 제품이니 초기불량만 확인하면 되는터라 바로 해드렸어야 하는데 (_ _)개인적으로 병원도 다닐일이 갑자기 생기고, 개봉도 늦어지고 해서 이제야 ㅎㅎ일단 아시겠지만, 펜도 되는 6세대 보급형 패드로, 요즘 꽤 핫한 패드죠. 아무래도 패드류론 아이패드가 가장 잘 나가는 편인데, 이번 6세대가 보급형 가격대로 애플유저들의 가장 쓰고 싶어했던 프로의 애플펜까지 쓸 수 있어 평도 좋은 패드라 말이 필요없는 것 같습니다일단 눈에 띄는 초기불량은 보이지 않네요. 그후 문제는 애플스토어에 문의해야 하는 부분이라~잘쓰겠습니다 (_ _)",5
1,아이패드,6세대 이제 단종 되어서 급히 알아보던 중애플코리아 정품 취급하는 이곳을 알게되서 물량 풀렸을 때 얼른 구매했습니다.스페이스 그레이 색도 맘에 들고 제품도 정상 작동 합니다.제조년월도 2019년 9월이라 최근 제품이네요.만족스러운 구매였습니다!,5
2,아이패드,빠른배송 감사드립니다 재고 문제로 다시 추가로연락주셨는데 너무 친절한 목소리로 품절상품 말고 다른색상은 추가 2만원된다고 했는데 무료로해주신다고 ....회사 재고체크 과실이라고^^ 기분좋게 통화도 마쳤습니다^^ 자주구매하는데 또구매할께요^^,5
3,아이패드,"한 줄 상품평도 써야 이걸 쓸 수 있는 건가요??? 15시에 결제 하자마자 그 날 19시쯤에 출고가 됐고, 그래서 개천절은 지나야 오겠구나 했는데 배송조회 계속 해 보니 22시에도 다음 날 새벽 5시에도 빠르게 이곳저곳 옮겨가드라구여 ㅜ 제가 220v 국내 정발품 맞냐, 출고는 언제 되냐 이것저것 좀 귀찮게 여쭤봤는데 답변도 거의 5분만에 빠르게 주시고 친절해서 좋았습니다. 모두 여기서 구매하세요!!!!!!!!! 이런 거 처음 써보네요. 번창하세요ㅎㅎ",5
4,아이패드,"기존에 iPad Air 2를 사용하고 있었습니다. iPad를 평소에 적극적으로 사용하지 않았던 저는 충분히 만족하고 계속 사용할 예정이었으나, Apple Pencil을 사용해보고싶어 구입하였습니다. ‘저렴한 가격으로 이정도 품질의 태블릿 컴퓨터를 구입할 수 있나’ 싶을 정도로 마감 및 완성도가 좋았습니다. 전반적으로 만족하나, 디스플레이 라미네이팅 처리가 되어있지 않은점만 제외하고... 가장 만족하는 부분은 Apple Pencil도 아닌, A10 Fusion칩을 탑재했다는 점 입니다. 성능이 정말 좋습니다. 일반인들이 사용하면서 성능에 불만을 느낄 이유가 없습니다. 성능에 불만을 느낀다면 iPad(6세대)를 구입한게 잘못이지요. A10X 및 A12X를 탑재한 iPad Pro를...",5
5,아이패드,너무좋아요!! 찾다가 리뷰좋아서 여기로 선택해서 주문했는데 최고입니당!  사양높은 게임도 잘 돌아가요b 굿굿배송도 빠르고 직접받아보니까 더이뻐여ㅠㅠ뽁뽁이가 풀다가 지칠정도로 미친듯이 감아주셔서ㅋㅋㅋ'정말 안전하게 왔구나' 싶더라구요~골드색상 고르길 잘한거같아요 애플펜슬도 고민하다가 주문안했는데 같이할껄 하는생각도드네요! 잘쓰겠습니다^^,5
6,아이패드,"필름 붙이려고 액정 닦고 보는데 티끌이 두군데 있어서 보니까 겉표면의 문제가 아니드라구요. 여기저기 전화해보다 센터가보라해서 오늘 갔더니 바로 교환해주신다네요. 1-2일 기다려야해요. 맨날 뽑기운이 안좋네요. ㅜㅜ 그래도 바로 교환해준다니 다행이에요. 디스플레이 불량 바로 확인하세요. 몰랐는데 골드여서 빨리왔군요. 이번 골드는 색상 나쁘지 않드라구요. 11번가에서 살까 하다가 적립금 혜택 등 해서 30만중반대로 싸게 샀어요. 20일 이후 배송이라 기대안했는데 연휴 끝나고 바로 정말 빨리왔어요. 기존에 에어2쓰고 있어서 거의 같은 제품을 쓰고 있는 느낌이에요. ㅎㅎ 펜된다해서 그림그리기 좋아하는 딸을 위해 샀습니다. ㅋ 기존엔 실버여서 이번엔 로즈골드샀는데 어차피 케이스로 가려지겠지만 그래도 이쁘네요. 용량 고민하다 기존꺼 LTE겸용 64기가짜리 10기가도 안쓰길래 이번엔 와이파이전용 32기가 샀어요. 패드는 주로 집에서 쓰니 괜찮을 것 같아요. 외부에서 아쉬울땐 핸드폰 쓰면되니까요. 애플 별로 적응안되는데.. 패드는 사용법이 안드로이드에 비해 개인적으로 조금 불편한건 있지만, 에어2 거의 3년 가까이 쓰는데도 고장난적이 없어요. 글구 디스플레이 화질은 정말 최고인듯해요. 펜 아쉬웠던 분들은 사셔도 될듯해요~~ 기한지나서 필름은 기대도 안했는데 보내주셨드라구요~~^^ ",5
7,아이패드,다른 가성비 태블릿을 먼저 고려했었는데갑자기 아이패드병에 걸려서...ㅠㅠ구입하지 않을 수 없었네요모은 돈 탈탈 털었는데 정말 후회없고 너무 만족스러워요.  아이패드는 스그가 진리라고 해서 스그로 구입하려다가 역시 저는 전면부가 하얀색인게 더 좋아서 실버로 구입했어요^^이제 아이패드병 완치된 것 같네요!참 배송도 엄청 빠르고 뽁뽁이로 엄청 감아서 안전하게 보내주셔서 진짜 감동!!  쭉 만져본 결과 양품인 것 같아요~ 더 살펴봐야겠지만요,5
8,아이패드,구매하고 바로 다음날 도착해서 기분이 좋았어요.근데 폭폭이로 완전 싸주시는 건줄알았는데 그냥 박스에 뽁뽁이 한겹 대충 들어가있어서 혹시나 택배기사 아저씨들이 험하게 다뤄서 내부적으로 손상이있을까봐 걱정이 좀 되더라고요! 쨋던 결론운 기능에 이상은 없이 좋습니다?,5
9,아이패드,"우선 빠른 배송 너무너무 만족스럽습니다. 주문한지 하루만에 받아 보았구요, 제품 실물이 너무 예쁘고 기능도 뛰어납니다. 구매하기 전에 아이패드 프로랑 고민 많이 했는데 고민한 시간이 아깝네요. 가성비 짱입니다. 두 제품 고민하고 계시다면 고민하지 않으셔도 될거라 생각해요. 6세대도 충분히 빠릿하고 매력적입니다. 강추!!",5
10,아이패드,"태블릿,스마트폰 모두 갤럭시 시리즈쓰다가ios가 궁금해서 영상용으로 아이패드6세대 구매했습니다. 안드로이드랑 많이 다를줄알았는데, 별로 다를건 없네요ㅎ 비교적 쉽게 적응했네요.성능은 역시나 괜찮은데, 저가형이라 그런지 화면 터치시 플라스틱누르는 기분이네요. 이부분은 감점..",5
11,아이패드,첨부터 포토상품평 쓰게 되어있음 되지 굳이 나눠서?여하간 좋아요 안에 흰색 부분 사이즈는 일반 책보다 큰 거 같고요크레마카르타도 같이 쓰고 있는데 아무래도 책 리뷰나 읽다 검색 같은 거 하기엔 아이패드가 좋네요 어차피 2시간 3시간 연속해서 책 읽는 것도 아니고그런데 아무래도 화면이 커서 왓챠나 그런 스트리밍 영상들 화질이 좀 떨어진다는 느낌? PC에서 fhd볼 때보다 더 구린 느낌 ㅠㅠ 그점은 아쉽습니다 ,5
12,아이패드,"지금까지 이런 만족감은 없었다.완벽한 상품 동봉. 번개보다 빠른 배송.애플코리아 정품이라 충전기 바로 사용및 혹시모를 초품 불량에 대한 교환걱정도 없었지만, 확인해보니  받은 상품 역시 유격하나 없이 깰꼼.넷플릭스 HD모드 켜서 보는중인데 화질 리얼 크레이지.비슷한 가격의 갤탭A가 넷플릭스 고화질이 안된다고 해서 아이패드 6세대 선택했는데, 가격 그 이상의 만족입니다.",5
13,아이패드,리뷰 이곳저곳 뒤지고 뭐 펜 반응속도가 어쩌고 저쩌고해서걱정 많이했는데 제가 아이패드 프로를 사용중이라 둘이 비교해봤는데차이 거의 없습니다..(체감불가입니다)이정도 가격에 이정도 퍼포먼스라면 정말 좋은것 같습니다.선물받은 친구도 엄청 좋아했습니다.프로와 6세대 사이에서 고민하신다면 구지 프로 갈 필요없이 6세대 사용하시는거 추천합니다.,5
14,아이패드,"아이패드 구매하길 결정하고 어디서 살지 알아보는데, 저는 안전하게 보내주는 곳에서 구매하고 싶었습니다. 다른 곳들 후기들 보면 완충재도 제대로 안넣어주고 제품 상자 찌그러져 왔다는 경우도 있길래.. 그런데 여기는 유명한 판매 업체이기도 하고, 후기들 보면 배송 상태도 좋은 것 같아 조금 더 싸게 구매할 수 있었지만 여기서 구매하게 되었습니다. 진짜ㅏ 안전하게 포장해주셔?Cㅋㅋㅋㅋㅋ 너무 좋았습니다ㅎㅎㅎ?s?s이로 엄청나게 칭칭 감아주셨더라고요. 여기서 사길 잘한 듯 싶습니다... 아직 제품 상태를 자세히 살피진 않아 모르겠지만 일단은 양품이 온 것 같아 기분이 좋네요. ㅎㅎ  제품 자체는 말 할 것도 없이 좋습니다. 단, 확실히 lcd패널과 강화유리 사이 갭이 느껴집니다ㅋㅋㅋㅋ 전 스그 골드 고민하다가 골드 구매했는데, 이거 신경쓰이시는 분은 스그 구매하시면 별로 티 안날 듯 합니다. 사실 저도 신경 많이 쓰는 편인데 이정도면 나쁘지 않어요 ㅎㅎ",5
15,아이패드,여러군데 찾아본 중에 제일 저렴해서 구매했습니다기기 정품 새제품 맞고 완전 포장되어 와서받자마자 너무 좋았어요지금 3개월째 사용중인데 제품 하자 없고정말 잘 쓰고있어요 감사합니다어버이날에 아빠 선물로 드렸고 기대이상이라 저도 하나 구매할까 고민중입니다,5
16,아이패드,현생이 너무 힘들어서 그냥 질러벌임...딱히 용도는 없고 그냥 갖고싶어서 사는거라 32기가 샀어요! 여기가 그나마 저렴하길래 샀는데 딱 사고나니까 금액이 올랐네요ㅎㅎ다행!!!!저렴하게 구매해서 좋구 물건도 안전하게 빨리 배송와서 더 좋았어요!! 펜슬은 안샀는데 아이패드 더 알차게 쓰려면 펜슬이 있어야 한다길래 조만간 펜슬도 여기서 사려구요! 너무 만족한 구매였습니당,5
17,아이패드,배송도 하루만에 왔구요~~~! 불량없이 깨끗하게 왔습니다ㅎㅎ 몇달전부터 사고싶어서 중고며 새상품이며 계속 찾았는데 싸게 잘 산것같아요 2019년 6월제품으로 왔고 친구는 같은제품으로 중고 30만원에 샀는데 9만원안되는돈 더주고 새거 사서 기분이 더 좋네여 ?,5
18,아이패드,"그냥 택배랑 스마트픽업 선택해서 주문할수 있게 바꿔요.스마트 픽업은 하고 싶은 사람만 하게 하던가 진짜!서울 시내에서 왕복 2시간 넘게 차밀려 가면서 물건 가지러 가는게 말이 됩니까?아침부터 어제 주문한거 스마트 픽업할 마포에 재고 없다고 주문취소 한다길래 인근 매장 재고도 없냐 물으니 없다고 취소하더만 바로 앱접속하니 강남 매장부터 노원,강북,동대문등 주문 가능 매장 여러곳.다시 재주문 넣고 픽업할 매장 재고있냐 직접전화 걸어 확인하니 있다고 해서 픽업하러 갔는데 주말 퇴근시간 겹쳐서 차밀리는 도로에서 진짜 아침부터 하루종일 개고생하고..아~~~",5
19,아이패드,생각보다 보급형이라길래 저렴한가격으로 삿고. 품질도 좋고 배송도빨랏습니다. 당일날 주문접수 택배접수이루어지고 바로 다담날도착햇어요. 포장상태도 좋고. 성능도 문제 없이 잘 왔습니다. 사은품으로 젤리케이스라도 하나 주시길 바래봤는데 그건아니엿고요 ㅋㅋ 암튼 다른사이트보다 저렴한가격에 사서 좋앗습니더. 중고카페에서 43만에 삿엇는데 기다렷다가 여기서 살걸그랫어요ㅠㅠ 번창하세요,5
20,아이패드,"진짜루 애플 코리아 정품이 왔습니다 220v가 들어있구요 밀봉새제품입니다 애플펜슬도 너무 잘되구 불량인 부분이 확인이 안되는거 보니 양품을 받은거 같아 행복합니다ㅎㅎ A10퓨전 칩셋이라 속도도 무지하게 빠르고 좋습니다 단일 미디어 실행시 프로랑 큰 차이도 못 느끼고 프로의 120Hz화면과 비교하면 물론 프로를 써보고 다시 보게되면 확 체감이 오지만 여타 안드로이드보다 좋은 최적화로 부드럽게 움직이기에 단연 최고라고 말할수있을 정도의 구동율입니다. 그리고 화질역시 fhd이상의 그래픽을 보여줌으로서 가성비가성비하는 테블릿보다 확실히 좋고 들고있으면 듬직합니다. 단점이라던 램 2기가인게 LPDDR이라 여타안드로이드테블릿 3기가 쯤 되는 속도랑 처리량을 보여줍니다 제가 찍은 단점이라고 할만한 것은 제가 가지고 있는 프로10.5랑 다르게 화면 라미네이션이 되어있지 않아 고릴라글래스3(아이패드5세대랑 동일재질)이라고 하는데 손톱으로 쳐보면 통통 소리가 플라스틱을 연상 시킨다던지 프로의 쿼드 스피커의 짱짱한 음질과 달리 한쪽에서만 나오는 그점이 너무 아쉬웠습니다 듀얼 스피커를 차라리 영쪽에 하나씩 달았어도 좋았을텐데 성능은 teclast t10s,zte trek2, 아이패드 프로 10.5(흐미 150넘게 썼네) 다 써본 결과 아이패드 프로>>>!!!>>>아이패드6세대>>>>>>테클라스트 t10s>zte trek2(솔직히 최적화 및 게임 구동율은 zte가 더 좋다) 말이 길어졌습니다 아마 아이패드를 구입하고자 하는 사람들은 유튜브나 블로그 네이버 다나와 등에서 가성비와 품질 이 사이를 왔다 갔다하며 제품을 신중히 고르고자 하는 분이 많을 겁니다 최저가 태블릿 중저가태블릿 중고가 태블릿 초고가 태블릿 종류별로 하나씩 체험하게 된 결과 단연코 하나 살거 제대로 사고자 한다면 전 아이패드 프로를 추천할 것이고 너무 지갑이 얇팍하다 하시면 차라리 어중간한 10만원 20만원 태블릿사서 as나 생각보다 떨어지는 발적화등등 문제로 후회하실바에 zte trek2같이 이거는 고장나면 버릴수 있을정도다 하는 제품을 구입하시고 품질도 보장되고 성능도 좋았음 한다 하시면 차라리 조금 더 아끼셨다가 아이패드 6세대같이 가성비 확실하고 as확실한 제품군을 구입하시는걸 추천합니다 갤럭시 탭s3도 사보고 싶었지만 발적화 문제도 있는 제품을 굳이 이 과도기적 시기에 구입하는게 맞을까 싶어 구매를 포기하고 아이패드 6세대를 샀지만 최고의 선택이라 생각합니다 그리고 어째서 아이패드 6세대에 라미네이션이라던지 스피커라던지 이런 문제가 제기되서 고민하게 만들지라고 생각하시는 분들은 잘 아셔야할것이 있습니다 그건 바로 프로10.5라는 초호화 초고가 초 고품질의 대물이 있기에 자연스레 비교를 당하는 것입니다 물론 아이패드 6세대는 완성품이 아닙니다 스피커도 시대에 맞게 다음세대는 쿼드는 프로때문에 안될테니 듀얼을 양옆으로 내줄수도 있는것이고 렘을 3기가로 늘려줄수도 있는것이고 반사방지코팅은 못해도 라미네이션처리는 해줄수도 있는것입니다. 자신의 용도 지갑사정 사고나서의 후회포인트 이런것을 최대한 고민해서 사시는걸 추천드릴게요 말이 길었지만 역시 아이패드 최고 존엄 태블릿 클라스!!! 근데 판매자님 아이패드 제품박스는 손상 안가게 나름 충격방지 비닐 잘 넣어놓으셨는데 택배박스에 테이프가 뜯어진 자국이라던지 칼로 운송장 부분 도려낸 자국이라던지 박스 재활용 인건 별로 좋은거 같지 않습니다 시정해주세요",5
21,아이패드,일단 한국 정식 유통 제품으로 가장 저렴하게 구입했고 수요일에 주문해서 금요일에 받았어요. 배송도 정말 빠르고 좋아요. 진짜 어느정도냐면 위메프 어플도 없는 제가 굳이 사이트 들어와서 로그인하고 후기를 남길 만큼 감사해요. 무조건 그냥 여기서 사세요.,5
22,아이패드,"급하게 필요한 상황이었는데 덕분에 구매한 바로 다음날 받을 수 있었습니다. 전화는 신호음이 세 번도 울리기 전에 바로바로 받아주시며, 친절하셔서 너무 마음이 놓이고 좋은 구매였다고 생각합니다 :)현재까지 이상 없습니다!",5
23,아이패드,"오픈마켓은 정품 아니면 어쩌지 하고 고민하며 인터넷 찾아보다가 컴퓨존이 친구가 다니는 회사라서 ㅋㅋㅋㅋ 믿고 구매할 수 있는 큰 회사이기에 ... 스그 색상 주문했어요 ㅎㅎㅎ상품 상자도 흠집 하나 없게 뽁뽁이로 3-4번 감겨서 배송오구, 하자 있거나 불량이면 어쩌나 엄청 고민했는데 ! 애플 뽑기 잘 걸렸는지 하자 하나 없어요 ~~ 액정에 먼지 끼임도 말 많던데 눈 크게 뜨고 찾아봐도 없어서 너무 만족 ♥? 흠집날까봐 무서워서 액정필름이랑 케이스 오기 전까지 고이 모셔두는 중인데, 언눙 들고 나가고 싶어요오 >",5
24,아이패드,"상품이 너무너무 좋아 후기남겨요!!배송도 주문한지 하루만에 도착했고, 상품도 하자없이 깨끗하게 왔습니다. 해외에서 사용하려고 급하게 주문하였는데 100%만족하는제품이와서 기분이 너무 좋았어요. 해외에 있어서 사용후기가 늦었지만 잘 사용하고있습니다.또 뽁뽁이로 잘 감싸서 오니 불안해하지않고 주문하셔도됩니다.좋은상품 빠른배송으로 안전하게 받아보실수있어요!!판매자님 상품 잘받았습니다!!",5
25,아이패드,"인터넷으로 전자기기 구매는 워낙 안 좋은 말을 많이 들어서 안하고 있었는데요!주말에 아이패드 보고 나서 아이패드 병이 걸려버려서.........찾고 찾다가 저렴한 가격에 판매되고 있길래 냉큼 구매했어요!구매하고나서도 엄청 걱정이 많았거든요..택배는 던지기도 하니까 혹시라도 파손될까봐..ㅠㅠ에어캡으로 꼼꼼하게 포장해주시고, 흔들리지 않도록 고정까지 해주셔서완전 무사히 도착했어요! 감사합니다!!상품은 스페이스그레이로 구매했어요!항상 전자기기는 화이트!를 고집하지만..아이패드6세대는 보는 순간 아..스그다..했어요 ㅋㅋㅋㅋㅋㅋ실버랑 골드도 예쁜데, 그냥 아이패드는 스그에요!!!!그리고 배송도 무지 빨랐어요!!당일 발송이지만 제가 결제를 좀 늦게한 편이라서다음날 발송되겠지~했는데 진짜 칼배송..(다른곳은 보통 12시 전까지만 당일발송 아닌가용?)인터넷 구매에 대한 불안을 버릴 수 있게 해주셔서 고맙습니다!!앞으로는 믿고 구매할 수 있을거같아요!!사업 번창하세용!! 컴퓨존 최고!!",5
26,아이패드,스마트픽으로 신청해서 당일날 빠르게 잘받았어요.저렴하게 잘 구입해서 상품에는 대만족이지만 직원들 서비스는 조금 문제있네요. 좀 불친절하고 그러네요. 직접가서 구입한게 아니라서 고객응대를 이렇게 하나 싶을정도로 퉁명스럽고 귀찮다는 듯이 아이패드를 건네주시더라구요. 아마 바쁘셔서 그런것일수도 있고 제가 예민하게 받아들여서 그럴수도 있겠지만 일단 기본적으로 서비스직종이면 고객을 왕처럼 대해주라는게 아니라 기분좋은 방문이 될수있게 조금만 더 웃으면서 고객응대를 해야하지않을까요? 개선이 조금은 더 필요하다고 봅니다. ,5
27,아이패드,사실 첨엔 조금 짜증아닌 짜증도 나긴 했습니다..분명 5시전 결제 하면 다음날 도착 예정이라길래4일 4시쯤 결제를 해서 다음날 받아 볼 수 있겠다 싶었는데5일 아침에도 배송 준비중이길래 문의를 했고 다음날 받아 볼 수 있다고 하더라구요...  제가 뭔가를 시킬땐 좀 성격이 급해져서..ㅎㅎ그리고 택배사가 늦었는지 결국 3일만에 왔네요 ㅠㅠ 미개봉으로 도착했고 터치팬도 같이 주셨더라고요다른분들 리뷰대로 돼지코 어댑터지만 젠더도 같이 보내주셨구요 새상품 그대로 아주 이쁘게 도착했습니다개봉 하자마자 짜증은 다 없어졌내요 ㅎㅎ 아 생각보다는 얇고 이쁘지만 생각만큼 가볍진 않은거 같아용 ㅎㅎ그래도 잘 쓰겠숩니다,5
28,아이패드,오래된 아이패드2가 너무 느려서 교체했습니다.정말 가볍고 크기도 적당해 들고 쓰기 좋습니다.구입전 아이패드 프로와 고민했는데 화면크기 빼고 성능과 화질은 충분히 만족스럽네요.배송은 정말 주문하고 바로 다음날 하루만에 왔습니다. 엄청나네요.,5
29,아이패드,이상 없는 좋은 상태의 제품 잘 받았습니다.액정보호 강화유리도 잘 와서 바로 붙이고 사용가능했어요.  사은품으로 주는 포인트는 후에 펜 사는데 이용하려고 기다리고 있어요. 골드가 다른 제품들보단 인기가 덜한것 같은데 정말 예쁜 살짝 핑크빛보는 색이라 개인적으로 맘에 듭니다.,5
30,아이패드,구매후기도 없구 제품 설명이 조금 자세하지 않아서 고민도 됐고 배송도 하루동안 그대로여서 취소할지 말지 고민했는데 그래도 주말끼고 4일?만에 빨리 도착했어요! 제품 이상없고 작동도 잘됩니다!! 다른 곳에서 주문했다가 여기가 2만원정도 더 저렴해서 샀는데 좋아요**^^,5
31,아이패드,"월요일아침에 결제했는데 화요일 1시에 왔어여!빠른배송 덕분에 생일날에 딱 선물로 받아습니다!기분 짱짱 좋네요~ 저도 그랬고, 궁금해 하시는 분들이 많을 것 같아서사진은 220v충전기로 올립니다~  월드상품(?)이 많아서110v올까봐 걱정했거든요ㅋㅋ 뽁뽁이도 4겹으로 왔어용감사합니다! 잘쓸게요~",5
32,아이패드,너무 마음에 들어요!추천합니다.배틀그라운드용으로 구매했는데 너무좋아요.핸드폰 갤럭시노트9으로 하니까 눈이아파서요고민하다가 인테넷써핑하다가 결정했네요짱좋아요짐에 있을때 가끔 머리식히려고 하는거라 와이파이로 했네요제가 배그 않할땐 아들녀석이 유튜브 시청용으로 좋아요고민하지마시고구매하세요.........좋은날되세요,5
33,아이패드,"불편한게 없어요 주로 필기, 동영상 보는 용도로 사용하는데 군더더기 없이 좋아요!! 전문적으로 그림을 그리거나 하지 않아서 펜슬 필기감도 거슬리는 것 없이 잘 사용하고 있어요 프로도 고민했었지만 6세대 하길 잘한것 같아요~",5
34,아이패드,몇주를 고민하다가 여기가 최저가인거같아서구매했어요!두시쯤 결제했는데 다음날 열두시에 도착ㅠㅠ측면에 생활기스 같은 스크래치가 있긴 했는데ㅋㅋㅋㅋㅋ저말곤 아무도 모르잖아요?32기가랑 128기가 사이에서 방황했는데아이클라우드 사진연동 다 해제하니32기가도 충분해요!어서 사세요...고민은 배송만 늦어지게 할 뿐입니다,5
35,아이패드,상품 정말 잘 받았습니다!! 일요일에 주문해서 다음날 받는건 당연히 안됐기에 수요일까지는 받았으면 좋겠다 생각했는데 화요일에 받을수 있어서 정말 좋았고 애플코리아 정발 맞습니다!! 외관상태도 매우매우 좋구 작동도 무지무지 안됩니다 ㅎㅎ 믿고 구매하셔도 될것같아요!!,5
36,아이패드,"회사 업무때문에 구매 하였습니다. 좀 급하게 제출해서 프로그램을 깔아야 될 상황이었는데, 사장님께서 빨리 대응해 주셔서 감사합니다. 항상 번창하시길 바래요~~^^  p.s : 아이패드6세대는 애플펜슬이 지원 되어. 너무 좋습니다.",5
37,아이패드,"컴퓨존 온라인회원이기도 한데요,컴퓨존하면 배송이죠!제품이야 뭐 기본이고요,제조일자 문의하시느 분들 본거 같은데요, 제가 받은건2019년 1월 제조이네요따끈따끈 신상입니다.아무래도 많이 판매되다 보니 새제품 계속 입고 되는 것 같아요^^케이스가 오지 않아서 아직 개봉 전입니다.ㅋㅋㅋㅋㅋㅋ",5
38,아이패드,"물건 잘 받았습니다^^뽁뽁이 기본 포장이었지만 제품박스에 상처 하나 없이 안전하게 잘 배송되었네요.상대적으로 엄청난 고가의 제품은 아니다보니 적당한 포장이었던 것 같네요. 우체국택배라 그나마 믿을만 했어요.개봉 후 사용해보니 하자 전혀 없고, 저렴한 가격에 구매 잘 한것 같습니다.많이 파세요~",5
39,아이패드,금욜 오전에 주문하고 담날 오후에 바로 배송받았어요배송 정말 빨라서 넘 좋았습니닷그런데 배송 포장이 조금 더 되어있다면 좋을 것 같네요우체국 택배라 다행이었지만요 ㅠ ㅠ제품도 이상 없고 배송도 빠르게 와서 잘 쓰고 있습니다~~,5
40,아이패드,"아이패드 프로 모델보다 액정품질이 좋진 않지만 그래도 훌륭합니다. 이가격에 애플제품을 판다는건 좀 특이하긴 하네요.어쨌든 중고 알아보다가 새제품사길 잘한것 같습니다. 애플펜슬도 호환되고 오래오래 잘 써야 겠습니다. 얼릉 지르세요!! 근데 애플펜슬이 너무 비쌉니다. 그리고, 포인트는 왜이렇게 늦게 주시는거죠? 하이마트!!",5
41,아이패드,"아이폰이 있다면 테블릿은 아이패드로 사는게 훨씬 활용이 좋네요~ 그리고 아이패드용 외장하드가 있다길래~ 지금은 노트북 보조용으로 32G로 샀어요~ 강의듣고 인터넷 검색, 문서작성을로는 적당해요~ 애플만의 디자인은 깔끔하고 항상 마음에 들어요^^ ",5
42,아이패드,다른곳과 비교해 보았을때 가격이 저렴 할뿐만 아니라 배송도 엄청 빨랐어요. 인강들을 목적으로 구입해서 사용하고 있는데 너무너무 좋아요. 가성비 짱짱 입니다. 고민하고 계신다면 사셔도 절때 후회없으실 것 같아요.단 한가지 단점이 있다면 조금 무거워요. 개인적인 느낌이지만 LG 그램 노트북과 무게가 비슷한 것 같아요.,5
43,아이패드,배송은 주말시작할때 주문해서 화요일에 받았습니다!사기전에 후기가 없어서 고민 했는데 고민할 필요가 없었습니다ㅎㅎ배송도 빠르고 제품도 만족해요!케이스도 같은 날 도착해서 껴보니 찰떡이네여 맘에들어요!제품도 2019/2월 생산된 제품 받았어요 많이 파세요^_^,5
44,아이패드,기존 아이패드 4세대 레티나 사용자 인데 밝기가 너무 차이납니다. 4세대 화면밝기의 반정도 밖에 안됩니다4세대에 비해 베터리 용량이 줄었는데 아무래도 무개를 200그램 가까지 줄이다보니 베터리 용량도 줄어든것 같은데 사용시간을 늘리려고 그런건지 화면 밝기가 너무 어두워 눈이 침침하네요. 다른분들도 그런가요?>,5
45,아이패드,가격도 여기가 제일 저렴했고 전날 네시 넘어서 입금했었는데 하루만에 받았어요!!진짜 총알배송이구 포장도 꼼꼼히 잘 돼서 왔습니다 ㅠㅠ 선물용이라 아직 본체 박스 뜯어보진 않았는데 만족스러워요!! 다들 여기서 구매하세요~~감사합니다ㅎㅎㅎㅎ,5
46,아이패드,배그하려고 한달전 국내정발된 미디어패드m5 샀다가 와이파이 블루투스 동시사용 불가한 문제점과 터치와 프레임 문제로 중고보내버리고 아이패드 프로는 부담스러워서 6세대구매.. 메모리 2기가가 맘에 걸렸지만 닥치고 아이패드가 갑이란걸 알게됨!! 모바일 게임하실분들 아패프로>아패6세대>나머지가성비 아패6세대짱입니다모배 원활 극한 기본설정가능,5
47,아이패드,밤 10:30에 택배를 보내주겠다해서 추석지난 기간이라 바쁘셨구나 생각해서 기쁜마음으로 기다렸습니다.밤 12시가 지나도 택배는 오지않고 전화를 다시하니 퇴근을하셨다네요.저희집은 101동인데 102동에 배송을 하셨습니다.오배송도 실수니 이해하는데 여자인 저보고 그 밤에 102동에 사는 사람집에 가보라니요? 죄송합니다도 없이 어쩌죠 지금 한번가실래요?? 실수하신분 태도이신가요??밤에 찾아가는건 예의가 아니라 내일 찾아달라하니 내일 저보고 일찍 가보라하시네요...??무슨 이런 배송이있나요신랑이 전화를 받으니 그제서야 죄송하다고 바로 오겠다고 하시네요 여자라고 그렇게 행동하신건지 매우 불쾌했습니다.,5
48,아이패드,스페이스 그레이 1개 수량 남아서 구입했는데 골드로 넘어갔나보네요. 아이폰도 골드인데 그렇게 별로라서 아이패드도 골드 역시나.... 기기는 좋아요. 아이패드 첨 써봐서 그런지 빠르네요. 제 아이폰은 오래되서 느린데... 이거 몇 년 쓰다가 프로로 넘어가야겠습니다. 색상만 골드가 아니면 좋았을텐데 나머지는 다 좋아요. ,5
49,아이패드,"다시는 하고 싶지 않습니다.주말 퇴근시간 차 밀리는 도로에서 왕복 2시간 넘게 운전해서 물건 받으러 다녀왔더니 너무 힘들고 화가 나네요.물건 받으러 간 매장에서도 ""택배로 받으시지 왜 직접왔냐""고 묻길래 앱에서 주문시 스마트픽외에는 택배 주문은 안된다고 하니 벙쪄하던데 시정좀 합시다.",5
50,아이패드,"아이패드 첫 사용이라 걱정이 많았는데, 성능/무게/기능 모두 만족스럽습니다^디스플레이도 갤럭시 대비 깨끗하고 사운드, 터치 모두 만족스럽습니다.배송이... 어린이날, 대체휴무가 있어서 늦어진 것 빼고 싸게 잘 샀다고 생각됩니다~",5
51,아이패드,"골드를 주문했는데, 색상은 로즈골드에 가깝더라고요.저는 색은 크게 상관없긴 한데 예전의 골드를 생각하시고 사는 분들은 예상과 많이 다르실 것 같습니다.전반적으로 만족합니다. 다만 화면을 두드리면 퉁퉁 약간 빈 소리가 나긴 합니다.",5
52,아이패드,아이패드 왔어요ㅎㅎ 고민고민하다가 결국 컴퓨터존에서 아이패드 6세대를 구입했습니다. 추석전에 주문하고 추석지나자마자 바로 받았네요. 상품도 만족입니다. 네이버페이로 구매할 수 있어서 편하기도 했고 무료배송에 애플코리아 정품이라 완전 만족해요. 공홈보다 저렴하게 잘 샀어요. 감사합니다. 잘 쓸게요!!,5
53,아이패드,일단 애플코리아 정품은 100퍼센또구요 제조월 셉템버~!입니다 9.29에 배송왓으니 한달도 안 된 따끈한 제품 ㅎㅎ 애플펜슬 되니까 너무 좋습니다 ㅜㅠㅜㅜㅜ 저같이 라이트한 작업하는 사람들이 쓰기에는 진짜 너무너무너무너어무 좋습니다.,5
54,아이패드,몇년간 살까말까하다 이번에 보급형나와서 질럿어용..뒤늦게 뽐뿌받아서.. 여기저기서 애플코리아제품 동이나버린상황이엿는데사기만하면 품절통보나 병행상품보내준다햇는데..컴퓨터존은 애플코리아정품!!목욜 저녁에 구매하자마자 토욜에 받아버린..ㄷㄷ감동..ㅠㅠ,5
55,아이패드,"너무조아요,, ㅠㅠㅠ 아직 계정 생성중이라 제대로 ㅠㅋㅋㅋ써보진 못했구요 근데 포장 진짜 꼼꼼하게 잘 왔어요 꽤 먼거리에서 오는거라 혹시 박살날까 노심초사했는데 걱정한게 무색할정도로 ㅠㅠㅠㅠ악 너무 설레요 많이ㅏ파세요ㅠㅠㅠㅠ",5
56,아이패드,4월 28일에 주문했고 어린이날 연휴가 끼었다고는 하나.. 오늘 5월8일에 받았으니 10여일만에 받았고 그나마도.. 택배사의 문제로 오늘 못받을뻔한걸.. 하이마트 고객센터를 통해.. 늦게라도 받게 되었습니다.  와이프 선물로 구매했는데.. 너무 좋아하는 모습을 보니 기분이 좋네요.. ,5
57,아이패드,택배도 빨리왔고 안전하게 보내주셨네요. 아이패드는 처음써보는데 골드색상은 로즈골드로 보는게 맞을것같구요. 카메라 성능은 기대안하시는게 좋습니다. 다만 디자인이나 가격적인 측면에서는 아이패드가 최선의 선택이지 싶습니다.,5
58,아이패드,26일 오전 11시에 구매 후 28일 오전 11시경에 받았네요.택배 상자 2개로 보내주시더군요. 아이패드 1상자 액보 1상자아이패드 상자는 많이 구겨져 있었으나내용물에 특별한 이상이 없네요.사은품 액보는 방탄유리 같으나... 지문 자국이 많이 남습니다,5
59,아이패드,원래 그레이 색상을 사고 싶었는데 1개수량 남아서 결제했는데 골드로 결제되었네요. 그냥 그렇구나 생각하고 씁니다. 기기는 좋더라고요. 아이패드 처음 써보는 것이라서 그런지 기존에 쓰던 태블릿은 태블릿이 아니더라고요. 그냥 PDP 같은 느낌입니다. ㅋㅋ,5
60,아이패드,가성비는 만족~배송은 불만족~다른 분들은 이미 받으셨는데 롯데 택배는 택배 기사님 부족하다고... 내일이나 낼모래 받을 수 있다 하네요 ㅎㅎ대한 통운이나 우체국으로 택배사 변경 추천드립니다아이패드 자체는 만족하리라 믿고 기다리는 중...5/4 일 배송인ㄷㅔ 창고에 대기중이라니...   ㅠ,5
61,아이패드,첫 애플인데 인생 첫 ios인데 아직 불편하기만 ㅋㅋㅋ 적응이 안돼. 근데 골드샀는데 로즈골드에 가까운듯하고 뭔가 액정도 둥둥 뜨는거같고 생각보다는 ㅂㄹ.. 이게 애플치고 싼거라면 받아들이겠음.. 아이패드 입문작으로는 좋을거같아요,5
62,아이패드,일단 너무 사고싶었는ㄷ 최저가로 득템할수 잇는 기회가 있어서 구매하게됬어요~! 골드로 샀는데 실물ㅇ 너무 예브네요 ^^ 완전 만족스러워용 ㅎㅎ 배송도 바르고 사은품도 꼼꼼히 잘 왓습니다! 감사합니다 ㅎㅎ 제조년원을 2018.08이네요 ! 저번달 출시 제품 보내주셨어요 ㅎㅎ 감사합니다,5
63,아이패드,아직 제대로 사용해보진 않았지만 크기도 적당하고 딱 생각했던 깔끔한 느낌이라서 좋아요^_^사진으로 찍으면 약간 노란 골드느낌이지만 실제로 느낌은 로즈골드였어요!,5
64,아이패드,결재 3시쯤하고 다음날 따단 배송왔어요 꺅 신나요 ㅎ아들 동영상용 .. 있던 아이패드 액정 나가서 저렴이로 구입했어요 !!!! 너무 만족  아 그리고 케이스를 서비스로 주시고 너무 감사합니다 !!ㅋ,5
65,아이패드,배송도 빠르고 포장도 꼼꼼히 해주셨네요 감사합니다!,5
66,아이패드,딸 생일선물로 구매했는데 저렴하게 잘 산듯합니다엄청 좋아하니 기분 좋네요,5
67,아이패드,잘 받았습니다금요일날 출고되고토요일 오후에 왔네요 배송 빨라요,5
68,아이패드,배송 빠르고 저렴한가격으로 잘산것 같네요,5
69,아이패드,배송빠르고 자렴하 가격.,5
70,아이패드,디자인도 무게도 다 만족스러워요 잘 쓰고 있습니다~,5
71,아이패드,정품인거 확인했습니당~ 아주 좋네요많이 파세요,5
72,아이패드,휴대성이 좋아서 잘쓰고있엉ㅅ,5
73,아이패드,여전히 매우 유용하게 사용하는 중입니다. 다만 배터리 충전이 아이폰에 비해 좀 느리네요. 그 외에는 모두 다 마음에 듭니다,5
74,아이패드,여기서 제일 저렴하게 사서 잘 쓰는 중입니다~,5
75,아이패드,좋야요 .. 유튜브 보기용 !!,5
76,아이패드,빠른배송에 애플코리아 정품입니다 판매자 전화문의에도 친절한 답변감사드립니다^^,5
77,아이패드,"좋아요! 콘센트 220볼트고 리퍼,as가능한 정식제품이에요~배송도 빨랐습니다",5
78,아이패드,너무 잘 받았고 잘쓸게요,5
79,아이패드,한국 정식통관한제품맞고 잘사용하고 있습니다^^ 역시 애플이에요!!,5
80,아이패드,실버 사려다 스페이스 그레이로 받았는데 만족해요 어쨋든 뒷면이 은색이라ㅎㅎ아이패드가 있으니 그냥 일단 든든하고 좋네여 필요한 곳에 잘 썼고 상담 잘 해주시고 친절하셔서 더 기분 좋게 구매했습니다~,5
81,아이패드,배송도 빠르고 잘 작동되고 만족합니다.,5
82,아이패드,완전 좋아요ㅠ 잘 쓸게요 스그 예뻐요,5
83,아이패드,생각보다 더 잘 사용하고 있습니다.,5
84,아이패드,잘사용하고있습니다^^ 그때당시 최저가로 엄청 빠르게 받았구여 한국유통되는 정식애플 제품맞습니다^^판매자분의 친절한 설명도 감사드립니다 ㅠㅠ 단종모델이라 이제 비하질꺼라는 ...아쉽네요,5
85,아이패드,진짜 빨리 배송해주셨어요!!! 제조일자도 2019년 8월거로 최근거네요 ㅎㅎ 감사합니당,5
86,아이패드,아이패드 6세대 단종됐다 그래서 얼른 구입했는데 사장님도 친절하시고 제품도 문제없어서 좋았어요. 다음에 애플 제품 구입할일 있으면 또 이용할 것 같아요👍👍,5
87,아이패드,배송도 빠르고 상품도 아주 꼼꼼하게 배달왔어용!!! 아직까지 이상도 없고 너무좋네용!!,5
88,아이패드,이쁘고 갖고 다니기 좋아요,5
89,아이패드,구매 당일 바로 배송해주셔서 하루만에 받았습니다ㅜ_ㅜ 6세대 단종되서 재고 찾기도 힘들었는데 잘 산것같아용 번창하세요!✊🏻✊🏻,5
90,아이패드,배송 사정없이 빠르고 다른곳에 비해 비싸지만 그냥 애플 코리아라서 샀어요,5
91,아이패드,빠른배송에 꼼꼼하게 포장해서 보내주셔서 감사했습니다,5
92,아이패드,아주 잘 쓰고 있습니다 빠른배송 굳  사장님 정말 좋으싲,5
93,아이패드,아주 좋아요 빨리 왔어요 콘센트도 220이라 좋습니다,5
94,아이패드,"너무 예쁘고 가볍고 무슨 말이 더 필요할까요 ,,",5
95,아이패드,7세대 나오기전에 필요해서 빨리샀어요,5
96,아이패드,빠른배송 받고 잘 사용중입니다,5
97,아이패드,게임패드사려다 가격대비 거의같은 아이패드 질럿네요리니지m 위주로씁니다.완전잘됩니다.갑입니다,5
98,아이패드,너무 좋아요! 전화 상담도 친절하게 잘해주시고 외국 수입제품은 코드가 맞지 않아서 있어도 못쓰는경우가 많은뎅 이건 한국제품이라서 코드도 맞고 정말 좋아요!! 다음에도 재구매의사 100%있습니다 ^^,5
99,아이패드,"배송도 빠르고 정품이라 리퍼,as다 돼서 좋아요 ㅎㅎ",5
100,아이패드,리얼 배송 하루만에오고 상품도 굳굳 너무 좋습니다 잘쓸게요,5
101,아이패드,생각했던것보다 배달 빠르고 안전하게 왔어용 ㅋㅋ 만족해요,5
102,아이패드,괜히 살까말까 고민했네요ㅠㅠ너무 좋습니다,5
103,아이패드,배송도 빠르고 넘 좋아요~,5
104,아이패드,잘 받았스니다 아이패드,5
105,아이패드,배송이 너무 느렸지만 대한통운 문제고 추석연휴때문이라고 생각합니다ㅜㅜ 제품은 이상없어요 잘 사용하겠습니당,5
106,아이패드,악보용으로 구매했는데 전혀후회없음 작아도 확대하면좋음 여백없애면 됨!! 아주 컴팩트합니다!!,5
107,아이패드,동영상 볼 용으로 구매했습니다. 가성비 하면 아이패드 6세대!,5
108,아이패드,배송도 빠르고 상품도 너무 좋습니다.,5
109,아이패드,배송빠르고 좋습니다.,5
110,아이패드,배송도 빠르고 애플코리아 정품 너무 좋아요~~~~ㅎㅎ,5
111,아이패드,"배송도 빠르고, 포장도 뽁뽁이로 잘 쌓여져서 왔습니다. 잘 사용할게요~ 번창하세요~",5
112,아이패드,집에서 핸드폰이 작아서 동영상 대용으로 쓰는데 가성비 최고에요,5
113,아이패드,그저 좋습니다. 거치대를 이용하면 장점이 최고가 되지요,5
114,아이패드,아이패드 역시 좋습니다,5
115,아이패드,배송도 빠르고 제품도 넘 맘에 들어요! 저렴하게 잘 샀네요ㅎㅎ,5
116,아이패드,2018  9.7 재구매 입니다.만족합니다,5
117,아이패드,배송빠르고 저렴하게 구매했어요. 학교 강의때문에 구매하게 되었습니다. 매번 복사하느라 힘들었는데 학습에 많은 도움될 것 같아요.,5
118,아이패드,갖고 싶을 때 즉시 구입해서야 할거 같습니다이벤트 잘 잡았으면 만족할 만한 가격이 나옵니다,5
119,아이패드,편하게 아주 잘 사용중입니다!!!,5
120,아이패드,좋아용 가격이남ㄴㄷ오~~~~,5
121,아이패드,스페이스 그레이 색상 양품으로 잘 잗았어요 미니5보다 사이즈 커서 영상 시청할때 좋아용 ㅋㅋㅋㅋ,5
122,아이패드,여윽시.애플 애플 입성합니다,5
123,아이패드,"배송 잘 받았습니다.  2-3일 배송시간에, 터치펜 넣어주셨어요.",5
124,아이패드,빠르고 제품 안전 포장 덕분에 잘 받았습니다.,5
125,아이패드,아주 그냥 확 마맘에 듭니다,5
126,아이패드,잘사용하고 있어요좋습니다,5
127,아이패드,좋은상품 저렴하게 샀어요,5
128,아이패드,마음에들고 만족합니다,5
129,아이패드,제때 이상없이 잘 온거 같습니다. 감사합니다.,5
130,아이패드,잘쓰고있습니다 정품입니다,5
131,아이패드,좋아요 이뻐요 완전 좋아요,5
132,아이패드,가성비 최고입니다. 배송도 엄청 빨랐어요^^,5
133,아이패드,굿굿 출력 따로 안해도되고 아이패드 짱,5
134,아이패드,배송정말 빠르고 제품도 좋네요^^,5
135,아이패드,만족합니다 배송빠르구요,5
136,아이패드,올해의 가장 잘한소비,5
137,아이패드,가성비짱장,5
138,아이패드,배송도 아주 발빠르고. 상품도 아주 잘 사용하고 있습니다,5
139,아이패드,싸게 잘 구매한거같아요~ 너무 맘에들어요~! 학생에게 노트필기할때 짱!!인거같아요 ㅎㅎ,5
140,아이패드,좋아요 크고 화면도좋아요,5
141,아이패드,배송도 빠르고 옥션에서 제일저렴하게 구매해서 좋아요 모두 마음에드네요 좋아요,5
142,아이패드,아이폰 전화 온거랑 연동 됨화질이 좋아서 사진들이 잘 보임유튜브 잘됨에어팟 연동 잘됨음향기기랑 불르투스 잘됨조명에 따라 밝기조절 잘됨,5
143,아이패드,좋습니다!! 잘 왔어요 케이스는 보통이에요,5
144,아이패드,하이마트 행사관련 포인트 많이 받고 싸게 구입했네요.  아이패드 정말 좋네요ㅎ,5
145,아이패드,한달째 사용인중인데 너무 좋아요 !,5
146,아이패드,잘 받앗습니다~~ 배송 진짜빨라요~,5
147,아이패드,뽑기 잘 한거 같아요 잘쓸게요!!!,5
148,아이패드,가격도 할인받아 저렴하게 구매해 만족합니다배송도 빠르고 굳입니다 ,5
149,아이패드,추천합니다.,5
150,아이패드,주문하고 2일뒤에 바로 받아봤어요! 배송도 빠르고 어제 사용해봤는데 너무 좋아요ㅠㅠ 좋은상품 감사합니다~~,5
151,아이패드,너무너무잘쓰고있습니다 감사합니다~~^^♡,5
152,아이패드,좋아요좋아요좋아요좋아요,5
153,아이패드,배송 정말 빨라요 아이패드도 완벽히 구동되요 번창하세요,5
154,아이패드,배송도 빠르고 정품인데도 싸게 잘 구매한 것 같습니다.,5
155,아이패드,배송 정말 빨랐구요. 이상없는 제품이라 만족합니다,5
156,아이패드,"배송도 빠르고, 스페이스 그레이 너무 예쁩니다",5
157,아이패드,아이 사줬는데 너무 좋아하네요..,5
158,아이패드,배송 빨라요 적극추천요 좋아요,5
159,아이패드,배송 완전 빨라요  오늘 주문 했는데 다다음날 왔어요근데 소리가 낮네요? 소리가 원래 이렇게 낮나요?,5
160,아이패드,아이가넘좋아해용많이파세용,5
161,아이패드,깔끔합니다 선물용강추!!,5
162,아이패드,잘받앟어요.감사합니다,5
163,아이패드,배송이 너무 빨라서 좋았어요 개봉하자마자 기스있는거 확인해서 문의남겼고 답변바로주셔서 감사했습니다,5
164,아이패드,소비자가 품질체크는 따로 해야됩니다육안으로도 볼수 화이트스팟 1개에 측면에 흠집이 있더라구요컴퓨존 문제가 아니라 애플 기기 자체의 문제이긴 하지만 체크 잘해보시길.,5
165,아이패드,빠른 배송 감사합니다 잘 받았습니다,5
166,아이패드,악보보기용으로 아주 잘쓰는중 애플이 역시 사용하기 기분좋게만드는데엔 일가견있음,5
167,아이패드,배송 엄청빨리왓네여 ㅎㅎ,5
168,아이패드,말이 필요없는 가성비 패드지요. 포장상태 좋았구요 배송도 빨랐습니다.,5
169,아이패드,주문하고 2주 정도 걸린거 같은데 입고가 늦어지고 있다고 중간중간 전화해주셨어요테블릿은 처음써보는데..아이패드 신세계네요 ㅎㅎ,5
170,아이패드,완전이쁘넉요7년만에 새  모델로 바꾸는데좋아요,5
171,아이패드,중학생 인강용으로 구입했어요.,5
172,아이패드,싸게사서 아주잘쓰고있습니다,5
173,아이패드,아주만족하고 좋아요 굿굿,5
174,아이패드,배송도 빨리 처리되고 좋아요 싼가격에 잘 산것같아요,5
175,아이패드,만족해요 만족해요 그리고,5
176,아이패드,배송도 바로 다음날 오고 110v짜리 해외상품일까봐 걱정했는데 220v 포함된 상품이라서 좋았어요 ㅎㅎ 아주 잘 쓰고 있어요~~,5
177,아이패드,할인쿠폰 써서 저렴하고 구매한 것도 땡큐인데하루만에 배송 왔어요포장 옵션 없이도 안전하게 잘 왔어요매우 만족합니다.저녁에 아들이 좋아하겠어요~~,5
178,아이패드,쿠폰 먹여서 저렴하게 잘 샀어요~ 배송 당일 발송되고 잘 포장되어 왔습니다~ 만족해요,5
179,아이패드,역시 아이패드입니다 짱 좋습니다,5
180,아이패드,배송도 빠르고 이상없이 잘 작동합니다. 할인 기간에 저렴하게 사서 좋아요~,5
181,아이패드,좋은 제품에 좋은 가격 만족합니다,5
182,아이패드,프리스비에서 사서 믿을 만하고제품도 잘 포장돼왔어요 좋습니당,5
183,아이패드,다 뒤져봐도 여기가 제일 싸네요 배송도 빠르고 물건도 좋습니다,5
184,아이패드,색상 선택이 아쉽지만 빠르게 잘 받았어요~잘 쓸게요,5
185,아이패드,좋아요 상태도 좋고 다 좋아요,5
186,아이패드,핫딜도 뜨고 저렴하게 잘 구입한거 같아 만족해요,5
187,아이패드,배송도빠르고 저렴하게 구매했네요~강추입니다!!,5
188,아이패드,아주조아요아주조아요,5
189,아이패드,아이패드 6세대 너무 좋은거같아요 ㅜㅜ,5
190,아이패드,싸고 배송도 빨리왔어요! 만족합니다,5
191,아이패드,배송고 빠르고 상품도 정말 조아요,5
192,아이패드,싸게잘샀어요 좋아요 양품입니다,5
193,아이패드,스마일데이로 싸게사서 좋습니다,5
194,아이패드,주문하고 다음날 왔습니다.아이패드 너무 유명하니 설명은 생략합니다.,5
195,아이패드,잘쓸께요 잘받았습니다,5
196,아이패드,잘 쓸게요 감사합니다,5
197,아이패드,화면이 생각보다 크다,5
198,아이패드,배송이 진짜 칼배송 ㅠ에어캡도 엄청 꼼꼼하게 여러겹 싸주심감사합니당제조일자도 5월이고 너무좋아용다들 컴퓨존에서 구매하세요,5
199,아이패드,만족합니다포장도 잘해주시고잘쓰고 있습니다,5
200,아이패드,배송정말 빠르구요. 여기서 제일싸게 잘 산것같아요! 완전 만족합니다 ㅎㅎ,5
201,아이패드,제품 너무 좋고 배송도 빠르네요,5
202,아이패드,리뷰를 한꺼번에 쓰고 있었는데 강화유리쪽에 썼나..?암튼 마음이 듭니다!,5
203,아이패드,어제 늦게 주문한거 같은데 오늘 받았어요.배송도 안전하게 잘 받았고 아이패드도 좋네요.골드 이쁩니다.가볍고.아이패드2  9년째라 바꿨는데 잘 산거 같습니다.,5
204,아이패드,인강용으로 태블릿 고민하다 구매했습니다사용해보니 저가 안드로이드 태블릿보다 빠르고 화면도 9.7인치라 영상보기 편하고 좋습니다,5
205,아이패드,아이패드는 별다른 설명이 필요치않을거같네요,5
206,아이패드,좋습니다 잘 쓰겠습니다.,5
207,아이패드,아이가 강의 ?幷쨈鳴? 사주라고 해서...,5
208,아이패드,받긴 받았는데 아직 열어보진 않았습니다.나중에 열어서 테스트 해볼려구요.우체국 택배로 배송은 29일에 주문하고 31일에 받았습니다.제품 테스트 해보고 후기 수정할께요.감사합니다.,5
209,아이패드,너무좋아요 삶의질이 +30 향상된느낌,5
210,아이패드,주문하고 다음날받았어요 빠르네요,5
211,아이패드,싸게잘샀습니다. 빨리 와서 좋네요,5
212,아이패드,아이패드 처음인데 만족해요.,5
213,아이패드,아이패드 힐링 완료했습니다,5
214,아이패드,아이패드병 완치 잘쓸게요,5
215,아이패드,배송도 빠르고 좋네요감사,5
216,아이패드,제품좋아요 배송빠르구요,5
217,아이패드,마음에 굿굿 들어요 감사,5
218,아이패드,짱이예요 ㅎㅎㅠ.ㅠ 굿,5
219,아이패드,배송도빠르고좋습니다,5
220,아이패드,좋아요 배송도 빨라요,5
221,아이패드,포장도 꼼꼼히 배송 잘됐...좋아요 깨끗하니 넘 좋네요~~포장도 꼼꼼히 배송 잘됐어요~,5
222,아이패드,배송이 정말 빠르네요주문넣고 다음날 바로.. ㅋㅋㅋ 굿,5
223,아이패드,잘받았습니다감사합니다,5
224,아이패드,ㅎㅎㅎ아주조차요 도아요,5
225,아이패드,배송이빨라서 놀랐어요.안전하게 배송되었고 정품등록도했어요.대만족입니다^^,5
226,아이패드,배송도 빠르고 너무 만족하며 잘 쓰고 있습니다!!,5
227,아이패드,잘받앗네요~~마니파시고 번창하세요~감사합니다,5
228,아이패드,배송도 완전 빠르고 좋아요,5
229,아이패드,배송빨라요 물건 좋아요!,5
230,아이패드,수 목 금 3일만에 받음요2일만에 받을수 있었는데 택배사에 하루 머문듯잘써야겠네요!!,5
231,아이패드,빠른배송 너무 좋습니다. ^^ 감사합니다.,5
232,아이패드,좋습니다 배송도 이틀 걸렸습니다,5
233,아이패드,뽁뽁이로 잘 감싸져서 왔어요ㅎㅎ 3월 생산제품이구요 너무 이쁘네용ㅋㅋㅋ 잘 쓰겠습니다~!,5
234,아이패드,딸아이 인강용으로 샀는데 아주 좋아합니다. 감사합니다.,5
235,아이패드,빠른 시간에 저렴하게 잘 받았습니다. 완전 잘 사용하고 있어요~*^^*,5
236,아이패드,뽁뽁이도 엄청 감아오고 안전하게 도착했습니다! 상품도 좋아요~,5
237,아이패드,배송 빠르게 왔구요 선물로 드렸는데 많이 좋아하시네요.,5
238,아이패드,실버 애플코리아 정품맞네요!! 빨리 보내주시고 뽁뽁이 많이 감아서 안전하게 보내주셨어요 만족합니다!!,5
239,아이패드,좋아요 잘되고 학생들 인강듣기엔 부담없네요,5
240,아이패드,애플코리아 정품으로 배송도 빠르고잘 샀네요,5
241,아이패드,너무 마음에 들어요!! 가성비최고,5
242,아이패드,좋아요 카드할인받아서샀어용,5
243,아이패드,짱 좋고 예뻐요 잘 쓸거같아요,5
244,아이패드,배송도 빠르고 상품도 좋아요,5
245,아이패드,저렴하게 구매했네요 좋아요~,5
246,아이패드,2019년3월 제품입니다! 좋아요!,5
247,아이패드,배송빠르고 좋아요 잘쓸게요,5
248,아이패드,빠른배송 감사해요잘쓸께요,5
249,아이패드,아주 좋아요 추천해?Gㅎㅎ,5
250,아이패드,패드육세대차이너무난다,5
251,아이패드,배송정말빠르네용!!,5
252,아이패드,미니5사려다가 그냥  아이패드샀네요 가격도괜찮고 성능도괜찮네요 배송도빠르고 만족합니다,5
253,아이패드,꼼꼼하게 포장되어 왔어요 싸게 잘샀어요,5
254,아이패드,배송빨라요 좋아요 ㅎㅎ 여기가제일저렴하네요,5
255,아이패드,넘 예뻐요 ㅠㅠ 아이폰이랑 연동도 수월하고 애플펜슬 사용할수있다는 점이 최고마음에드네요,5
256,아이패드,아이패드•••최고좋다,5
257,아이패드,배송이 엄청 빠르고 기대햇던만큼 좋네요 ><애플펜슬과 궁합이 넘 좋아요,5
258,아이패드,배송도 빠르고 뽁뽁이에 완전무장해서 와써 기스 하나도 없고 최고예요,5
259,아이패드,칼배송에 베일뻔 했네요 어댑터도 220v 입니다 구매하시는분들 참고요,5
260,아이패드,아이패드 살까말까 망설였는데 잘 구매한거같아요,5
261,아이패드,혹시나하고 걱정했었는데 좋으네요..감사합니다..,5
262,아이패드,일단 스마트픽으로 빠르게받을수있는게 너무좋았어요 가격도 너무좋구 항상 싸게 물건팔아줘서 고마워요 하이마트 ㅋㅋ,5
263,아이패드,매장보다 싸게 잘 샀어요!배송도 안전하게~~,5
264,아이패드,생각보다 고급스럽고 좋아요. 새 아이패드가 나오긴 했지만 가성비도 좋고 만족하고 쓰고있어요ㅋㅋ[G마켓 안드로이드 앱에서 작성],5
265,아이패드,배송도빠르고 패드성능도 좋답니당~~^^,5
266,아이패드,친절하시고 업무 처리도 빠르세요!!,5
267,아이패드,야자시간에 인강 듣는다해서 구입했어요인강듣고 수능 잘?f으면 좋겟네요,5
268,아이패드,작동잘되네요 빠르게 받았습니다,5
269,아이패드,빠른배송 저렴한 가격 좋습니다.,5
270,아이패드,빠른배송 저렴한 가격 좋습니다.,5
271,아이패드,좋아여 만족스러워요 감사해여,5
272,아이패드,제품도 빨리 배송되고 좋네여,5
273,아이패드,부드럽고 들고 다니기 편해요,5
274,아이패드,저렴하게잘샀어용 잘쓸게여,5
275,아이패드,쿠폰도  주고 배송도 빨라요,5
276,아이패드,배송도 빨랏구 잘 왓습니당,5
277,아이패드,잘쓰고있어요 감사합니다,5
278,아이패드,배송도 진짜 빠르고하자 없는 제품으로 보내주셔서 감사해요~잘쓰고있어여 ㅎㅎㅎㅎ,5
279,아이패드,배송 딱 2일 걸렸습니다. 빠르고 만족합니다. 제품 상태도 좋습니다. 감사합니다.,5
280,아이패드,딸아이 교재공부용으로 구매 할인쿠폰받아 저렴하게 구매,5
281,아이패드,어제 아침에 주문했는데 오늘 오후에 받았어요!뽁뽁이로 돌돌 감싸져있어서 상자에서 흔들리지도 않고 안전하게 왔어요!! 인터넷으로 주문한거라 고민했었는데 쓸데없는고민이었구 너무너무 좋아요!! >,5
282,아이패드,항상 잘 사용 하고 있습니다. ~잘 받았습니다. 배송 서비스 만족합니다. 재 구매 의사 있습니다. ,5
283,아이패드,19년도 2월생산 최신 이네요!! ios12업데이트 까지 마치고 렬심히 사용중입니다. 배틀그라운드 렉없이 풀옵션 다 돌아가요~,5
284,아이패드,아이 동영상보여주려고 샀는데너무 유용하게 잘쓰고있어요~배송도 빨랐어요 ㅋㅋ,5
285,아이패드,배송 짱빠르고 아직 개봉 안했는데 박스 상태 좋습니다.감사합니다.,5
286,아이패드,빛샘약간 있긴한데 양호한것 같아요 감사합니다,5
287,아이패드,저렴하게 잘 샀어요!! 제품도 이상없구 짱이에요,5
288,아이패드,"뽁뽁이로 포장도 잘 되어있고, 제품도 19년 2월 생산 제품으로 최신판이였습니다.",5
289,아이패드,배송 빠른점 매우 좋습니다!,5
290,아이패드,빠른배송 정말 좋습니다.,5
291,아이패드,배송도 빠르고 좋아요 ㅎ,5
292,아이패드,본상품 적극추천합니다..,5
293,아이패드,본상품 적극추천합니다..,5
294,아이패드,뉴아이패드 6세대 9.7,5
295,아이패드,단점보다 장점이많은 태블릿입니다 아이패드  입문용으로  적극추천입니다.  아주 빠릿합니다,5
296,아이패드,220V 충전기가 들어가있는 애플코리아 제품입니다. 빠른 발송을 해주셔서 일찍 잘 받았네요. 사업 번창하시길 바랍니다.,5
297,아이패드,2일만에 도착해서 주말에 써볼수 있었네요나름 저렴한 가격이라 구매했는데 잘 쓸게요,5
298,아이패드,"디지털데이 할인쿠폰 덕분에 저렴하게 구매했네요배송은 느렸지만, 상품이 좋아서 만족합니다아이패드 좋네요",5
299,아이패드,뽁뽁이를했어야했나 고민했지만나는 산간지방이나 외딴섬에 사는사람아니니까...대도시에사는사람이니까...예민한사람들은 뽁뽁이해야겠지만난 안했고 물건 아주빠르고 정확하게도착,5
300,아이패드,딸이 전자책 읽을 목적으로 구입했어요다른곳보다 저렴하고 포장도 잘되서 도착,5
301,아이패드,주문한 다음날 배송완료됬어요!! 뾱뾱이도 꼼꼼히 싸주셔서 안심했습니다. :-),5
302,아이패드,잘 사용하고 있어요. 가격이 다른사이트 보다 좀 더 비싸네용,5
303,아이패드,배송도 하루만에 받아봤고아이패드도 이상없이 양품으로 잘 받았습니다너무 마음에듭니다,5
304,아이패드,가볍고  화면좋고 디지털데이 할인받아서 저렴하게 샀어요,5
305,아이패드,적극추천 강추 추천합니다.,5
306,아이패드,"아이패드 처음 써보는데 , 안드보다 좋아요 깔끔 쾌적",5
307,아이패드,배송 너무 빨라서 좋았어요! 잘쓰고있습니다 :),5
308,아이패드,2019년 제품이네요. 인강용으로 샀는데 좋아요.,5
309,아이패드,애플펜슬도 쓸 수 있고 저렴해서 만족합니다,5
310,아이패드,"배송이빠라고 애플코리아정품 좋아요 """,5
311,아이패드,걱정도 좀하고 받았는데 제품확실 하네요,5
312,아이패드,진짜바른배송 감사합니다. 너무 만족하고 배송이 이렇게 빠르다면 신경많이 쓴듯 암튼 감사합니다.,5
313,아이패드,배송은 좀 느렸지만 상품은 만족합니다,5
314,아이패드,진짜 좋은 것 같아요 인강듣기 좋네요,5
315,아이패드,사주면 열심히 인강 듣는다고 했는데 아시다시피 아이패드는 앱도 많고 가격도 쎈 편이라 고민하다가 사줬는데 요즘 공부하는 시간이 길어지니 보기는 좋네요 배터리도 오래가고 만족합니다,5
316,아이패드,"빛 그 자체, 이틀만에 온 아이패드",5
317,아이패드,물건 너무 잘 왔습니다. 역시 컴퓨존이네요. 다른곳에서 삿다가 배송이 늦어서 취소하고 컴퓨존에서 샀는데 하루만에 왔습니다.감사합니다. 잘 사용하겠습니다.,5
318,아이패드,선물용으로 구입했는데 좋네요,5
319,아이패드,배송도 빠르고 문의한 내용도 너무 친절하게 알려주셔서 너무 좋았네요ㅎㅎ,5
320,아이패드,배송 빠르고 저렴합니다,5
321,아이패드,다른데보다 넘싸고 포장 짱입니다 애플코리아 제품 맞습니다^^,5
322,아이패드,제품이야 두말할것없이 고급스럽고 받자마자 부팅해서 작동해보는데 역시^^  포장도 뽁뽁이로 야무지게 너무 잘해주셨구요 배송도 빠릅니다.  좋은제품 빠른배송 감사합니다 번창하세요,5
323,아이패드,"배송 빠르고, 결제 편리해 좋아요.포장도 매우 꼼꼼해 블로그 리뷰까지남겼어요. 뭐 없을까요? 제 리뷰보고 컴퓨존에서 구매하시는분도 많을듯^^~",5
324,아이패드,배송보통. 게임용으로 별루인듯 ios최적화게임이별루없어요,5
325,아이패드,깰껌하게 빠른 배송.7월에 시켰는데 6월달에 제작된 상품이 옴. 따끈따끈.애플코리아 정식 제품.네이버페이 가능.구매합시다 여기서,5
326,아이패드,배송도 빠르고 포장도 안전하게 해주시고감사합니다,5
327,아이패드,쿠폰적용 엘포인트 적립따져보니 완전이득입니다.스마트픽으로 배송도 걱정없이 토요일에 가서 받게되었고만족합니다.,5
328,아이패드,좋은제품에 빠른배송~~~~ 감사합니다 번창하세요,5
329,아이패드,배송도 빠르고 아주 마음에 들어요 감사합니다.,5
330,아이패드,진짜 이쁘네요!!! 가격도 싸고 포장도 안전하게 잘 돼 있고 너무 좋아요,5
331,아이패드,다른곳보다 싸게 잔한거같아요 애플매장과 7만웑정도 치이나네요,5
332,아이패드,배송도 빠르고 카드 할인도 되서 저렴하게 구입했어요 굳입니다,5
333,아이패드,잘 받았습니다! 빨리 도착 했어요.택배기사님이 툭 던지는거 보고 놀라서 후다닥 나가서 가져왔어요ㅠㅠ 물건 이상없이 깨끗합니다 감사합니다~,5
334,아이패드,화욜 저녁에 시켜서 목욜에 받네요잘 받았습니다,5
335,아이패드,응대도 빠르고 직수령해서 더 마음에 듭니다,5
336,아이패드,너무너무 좋아하네요 저도 기분이 좋숩니다다음에 제것도 여기서 살라구요😁,5
337,아이패드,"가성비 좋은 걸로 큰 기대없이 샀는데, 인강용으로는 넘치게 좋네요! 사진,동영상 등 파일 옮기는게 좀 번거롭지만 네이버클라우드로 쉽게 해결하고 잘 쓰는 중입니다. 좋아요~",5
338,아이패드,뽁뽁이 잘 채워서 안전하게 도착했습니다.기기도 이상없고 아주 만족합니다.,5
339,아이패드,아주 만족하고 잘 쓰고 있습니다,5
340,아이패드,저렴하게 잘 샀습니다. 좋아요ㅕ,5
341,아이패드,포장도 너무 깔끔하게해주시고 무엇보다 배송이 빨라서 너무 좋았습니다!!,5
342,아이패드,5세대 쓰다가 바로 갈아탔네요.,5
343,아이패드,좋습니다. 문제 없어서 다행,5
344,아이패드,멀끔하게 잘 받았습니다.,5
345,아이패드,빠른배송아주좋습니다,5
346,아이패드,👍👍👍👍👍,5
347,아이패드,아이패드 첨 사서 사용해봤는데 빠르고 부드러운 느낌. 배송은 스마트픽. 사은품 따로와서 당황스러웠습니다.,5
348,아이패드,최저가로 사느라 패드만 구입했어요 ~ 애플코리아 정품 맞고 ! (어댑터 보시면 알 수 있음 ㅎ) 정말 바로 배송해주셨어요. 우체국택배라 빠르게 받아볼 수 있었어요 ! 뽁뽁이 많이 감아주셨어요 ㅎㅎ 추천합니당! ,5
349,아이패드,갑자기 컴퓨터고장나서 급하게 주문했는데 담날바로받았어요 저렴히 잘 산거같아요,5
350,아이패드,아직 케이스는 못샀지만 진짜 좋습니당.. 영상보는 용도로 샀는데 영롱...,5
351,아이패드,"가끔 불량 제품도 있다고 하는데, 저는 양품으로 받은 듯 하네요~ 가격도 온라인에서 그래도 가장 저렴하게 구입해고,배송도 정말 다음날 바로 총알배송!!만족합니다!! 번창하세요 ^^",5
352,아이패드,애플 제품은 처음 써보는데 보급형임에도 불구하고 너무 빠르고 좋네요,5
353,아이패드,조카한테 선물을 해 줬는데 디자인도 이쁘고 좋아해서 마음에 들어요..,5
354,아이패드,"이번 아이패드 에어,미니 출시를 보고 가성비좋는 아이패드를 구입하였습니다. 제품 배송도 꼼꼼이 해주시고 빠른 배송감사합니다. 양품 받은거 같아 기분이 좋네요 ^^",5
355,아이패드,진짜 편하고 좋아요. 저렴하게 잘 구매한 거 같습니다.,5
356,아이패드,배송도 빠르고 상품에도 문제가 없네요! 번창하세요^^~,5
357,아이패드,빠른 배송과 저렴하게 구매 하였습니다.많이 파세요.,5
358,아이패드,정품이겠뎌 좋아요 이번달 저를위한 선물로 샀네요,5
359,아이패드,배송도 뽁뽁이 많이 감아서 안전하게 잘왔어요!!,5
360,아이패드,딸아이 인강을 위해 구매를 했는데 만족합니다.,5
361,아이패드,생각보다 저렴하게 구매했고잘 쓰고 있습니다.,5
362,아이패드,아이패드  두번째구입했는데   역시  좋네요..,5
363,아이패드,인강때문에 구입했는데 아이가 좋아하네요 ,5
364,아이패드,감사합니다 감사합니다,5
365,아이패드,좋아요~~~ 패드로 인강들으려구요 굿,5
366,아이패드,역시 핵이쁨애플팬슬도 사고싶음 ㅋ,5
367,아이패드,좋아요 모양새가 맘에 들고 튼튼해서 오래오래 잘쓸수 있을것같습니다 가성비가 아주 뛰어나 대만족입니다 또 구매하고 싶습니다.,5
368,아이패드,배송상태 뺴고는 모두 만족합니다.,5
369,아이패드,배공도 빠르고 만족합니다,5
370,아이패드,감사함니다 만족스럽네요,5
371,아이패드,빠르고 안전하게 왔어요~,5
372,아이패드,아이패드 6세대 32기기 스그 와이파이 구매했는데 배송도 빠르네요 이벤트로 강화유리 받았는데 따로 배송되어 오네요 참고 바랍니다.,5
373,아이패드,양품입니다~~저렴해요,5
374,아이패드,이쁘다이뻐 좋습니다~,5
375,아이패드,배송오지게 빠르구여,5
376,아이패드,잘쓰도록 하겠습니다,5
377,아이패드,"배송 기간도 빨랐고, 잘 쓰고 있습니다추천합니다~",5
378,아이패드,골드로 구매했는데 너무너무 만족스러워요!!,5
379,아이패드,상품 입고가 늦었던거 제외하면배송도 깔끔하게 잘왔어요,5
380,아이패드,빠른배송 감사합니다. 잘쓸께요,5
381,아이패드,배송두 빠르구 포장두 꼼꼼히 해주셔서 잘받았습니다.저렴하게 잘샀어요,5
382,아이패드,일요일에 주문해서 화요일에 받았습니다. 빠른 배송인 만족합니다!,5
383,아이패드,완전 빠르고 19년도 제조상품이라 더 마음에 드네요 번창하세요,5
384,아이패드,개봉하고 좀 살펴봤는데 양품인거 같네요 하루만에 왔습니다,5
385,아이패드,배송도 진짜 빨라요 가격도 다른곳보다 저렴해서 좋아요,5
386,아이패드,가격이야 똑같으니뭐.  상품도 같고 배송 빨라 좋네요,5
387,아이패드,고3  아들 인강용으로 샀는데 ‥나도 갖고 싶네요 ㅋ,5
388,아이패드,배송도 빠르고 애플코리아 정품으로 잘 받았습니다.,5
389,아이패드,쓰기 좋아요 아들이 골라서사줫는데 좋다네요,5
390,아이패드,고민하다가 샀는데 착한가격에 엄청 만족해요! ㅎ,5
391,아이패드,아들내미 선물로 구매했는데 너무 좋아하네요..,5
392,아이패드,좋네요 배송도 느린편은 아니구여잘쓰겠습니다,5
393,아이패드,배송은 하루만에 도착  학습용으로 구매했어요,5
394,아이패드,넘나 잘쓰고 있어요  항상 들고 다녀요,5
395,아이패드,정품맞네요 다른곳에 비해 엄청 싸요,5
396,아이패드,저렴하게 잘샀어요.배송도 굿입니다,5
397,아이패드,매우 빠른 배송으로 우체국택배 안전하게 왔습니다.잘 사용하겠습니다.,5
398,아이패드,배송빠르고 좋은물건 왔네요!,5
399,아이패드,가성비 좋아요 잘쓰고있어요,5
400,아이패드,좋아요 배송도 빨라요,5
401,아이패드,포장도 꼼꼼히 배송 잘됐...좋아요 깨끗하니 넘 좋네요~~포장도 꼼꼼히 배송 잘됐어요~,5
402,아이패드,배송이 정말 빠르네요주문넣고 다음날 바로.. ㅋㅋㅋ 굿,5
403,아이패드,잘받았습니다감사합니다,5
404,아이패드,ㅎㅎㅎ아주조차요 도아요,5
405,아이패드,배송이빨라서 놀랐어요.안전하게 배송되었고 정품등록도했어요.대만족입니다^^,5
406,아이패드,배송도 빠르고 너무 만족하며 잘 쓰고 있습니다!!,5
407,아이패드,잘받앗네요~~마니파시고 번창하세요~감사합니다,5
408,아이패드,배송도 완전 빠르고 좋아요,5
409,아이패드,배송빨라요 물건 좋아요!,5
410,아이패드,수 목 금 3일만에 받음요2일만에 받을수 있었는데 택배사에 하루 머문듯잘써야겠네요!!,5
411,아이패드,빠른배송 너무 좋습니다. ^^ 감사합니다.,5
412,아이패드,좋습니다 배송도 이틀 걸렸습니다,5
413,아이패드,뽁뽁이로 잘 감싸져서 왔어요ㅎㅎ 3월 생산제품이구요 너무 이쁘네용ㅋㅋㅋ 잘 쓰겠습니다~!,5
414,아이패드,딸아이 인강용으로 샀는데 아주 좋아합니다. 감사합니다.,5
415,아이패드,빠른 시간에 저렴하게 잘 받았습니다. 완전 잘 사용하고 있어요~*^^*,5
416,아이패드,뽁뽁이도 엄청 감아오고 안전하게 도착했습니다! 상품도 좋아요~,5
417,아이패드,배송 빠르게 왔구요 선물로 드렸는데 많이 좋아하시네요.,5
418,아이패드,실버 애플코리아 정품맞네요!! 빨리 보내주시고 뽁뽁이 많이 감아서 안전하게 보내주셨어요 만족합니다!!,5
419,아이패드,좋아요 잘되고 학생들 인강듣기엔 부담없네요,5
420,아이패드,"배송 발송 대박입니다. 저녁에 보냈는지 다음날 바로 도착하더군요. 제품은 110V 기준으로 봐선 일본발 제품이구요. 여기에서 1점 마이너스한 것은 지분방지 필름인데 절대 쓰지마세요. 눈 피로도 높습니다. 지문까지 붙이고 아이패드 켰는데, 왜이리 화질 구린가 했더니 필름 문제더군요. 그냥 지문방지 쓰지마시구요. 아이패드 매장가서 따로 붙이시던지하세요.. 몇일동안 혐오스러웠습니다. 진짜 지문방지 필름 만 제외하면 나쁘지 않아요.",4
421,아이패드,며칠을 고민하고 고민하다 구입하게되었습니다!스마트톡?으로 회사에서 주문당일에 받을까 고민도해보고 막상 일을못할거같아 집으로 배송했는데 하루만에왔어요! 빠른배송 정말 감사합니다!!펜슬과 함께 주문해서 쓰고있는데 너무 좋아요!!필기감도좋고! 어차피살거 고민하지말고 살걸..하는 고민하는 시간이 길었지만... 후회없이 잘 구입하고 사용하고있는것같습니다~^^,4
422,아이패드,저는 외국 제품인지 모르고 주문해서 돼지코 보는 순간 아차했어요.... 그래도 물건 정상이고 문제 없고 배송도 빨라요~ 근데 왜 아침이랑 저녁 가격 다르게 바꾸시는지...네이버 가격비교로 가격 확인하고 들어와도 가격 올라있고... 그냥 더 이상 신경쓰기 싫어서 구매해버렸어요~,4
423,아이패드,목요일 저녁에 구매하고 금요일 배송 출발하여 토요일 아침 일찍 도착했어요! �s�s이로 감싸서 오긴 했는데 박스 모서리가 찌그러졌어요.... 아이패드엔 아직까진 문제 없는 거 같긴한데.. 이건 뭐 택배사 문제겠죠....? 앗 그리고 구매하고 다음 날 가격 낮아졌네요ㅋㅋㅋ,4
424,아이패드,"ipad 자체는 맘에 들어요 .. 다만 안 전 포장이라고 해서 뽁뽁이를  3,900원에 추가를 하라고 하니 이건 도가 지나친 상술 같네요.당연히 택배시 파손이 되면 소비자만 피해가 가니 살수 밖에 없는건데. 판매 순위가 한때 11위 까지 가더니만 ..",4
425,아이패드,아이폰 유저로서 연동도 잘되고 좋네요! 패드 처음 써보는데 화면도 커서 영상볼때 좋네요. 크레용 로지텍 펜슬사서 쓰는데 필기하는게 상당히 좋네요. 과거에 핸드폰에 뭉툭한 다이소 터치펜으로 하는 건 비교도 안되네요! 아쉬운건 배터리가 빨리 닳는것 같아서 아쉬워요,4
426,아이패드,첨에주문하고기다리는중가격이내린바람에취소시키고다시주문했는데이틀만에받았네요. 아이폰은사용중인데아이패드는처음인데머사용법은비슷해서괜찮네요.색상은아이폰이골드라골드샀는데로즈골드인듯싶네요.색상차이가많이나는듯싶네요,4
427,아이패드,배송은 생각보다 엄청 빨라서 좋았습니다. 그리고 물건도 이상 없어서 좋았습니다.하지만 물건이 상자에 고정시켜서 보내주세요 지 가격이 싼 물건도 아닌데 너무 무책임하게 보내시는 건 고치셔야 할 것 같네요. ㅡㅡ 배송 과정에서 물건이 흔들리면서 고장 날 가능성이 있다고 생각되니 배송 시신경 써서 보내주세요.,4
428,아이패드,며칠을 고민하고 고민하다 구입하게되었습니다!스마트톡?으로 회사에서 주문당일에 받을까 고민도해보고 막상 일을못할거같아 집으로 배송했는데 하루만에왔어요! 빠른배송 정말 감사합니다!!펜슬과 함께 주문해서 쓰고있는데 너무 좋아요!!필기감도좋고! 어차피살거 고민하지말고 살걸..하는 고민하는 시간이 길었지만... 후회없이 잘 구입하고 사용하고있는것같습니다~^^,4
429,아이패드,자 여러분 상품 하단에 보면 필름있죠 그거 안사시면 개에억에 고생하십니다. 저처럼 않. 사서 빡치지마시고 ㄲ꼭 사시길 바랍니다 . 애플 펜슬 아이패드 다 정상작동 되구요 현재 모바일 배그 풀옵션 가능하고요 모든 게임 풀옵션입니다 대신 발열이 좀 ... 그건 이해하시고 램이 2GB라. 그래도 카톡 게임들은 다 풀옵 이상으로 간다고 보시면 됩니다 . 아이패드 처음이신 분들 펜슬 아이패드 충전 쪽에 꼿으시면 뭐가 뜹니다 그거 보고 설정하면 되요. 어두운거 양해좀..,4
430,아이패드,"배송도 적절하게 왔어요.다만 다 뜯고 사용하다가 몇시간만에 화이트스팟, 하얀색 찍힘이 있는걸 발견해서 교환/환불 걱정이 많았는데 공식 서비스센터에 가보니 바로 새걸로 교체가 된다고 하네요.공홈에서 산게 아니라 걱정이 많았는데 이부분은 여러분도 참고하시면 좋을 것 같아요.",4
431,아이패드,"아이패드 6세대가 가격이 괜찮아서 검색하던중 하이마트 포인트 환급까지 하는게 가장 쌀것 같아 구매하였습니다. 스마트 픽 이라고 해서 원하는 지점에서 물건을 수령하는 방법인데, 사실 가능한 점포가 너무너무 적어서 조금 고생하였습니다. 그래도 포인트로 환급되는 것을 감안한다면 꽤 괜찮은 소비였습니다.",4
432,아이패드,"일단 첫 아이패드 &iOS기기라 비교는 어렵긴 하지만,1. 예상보다 훨씬 빠른 배송은 만족.2. 화면의 텅텅거림(?)이 있긴 하지만 그 외는 만족스러운 제품 (아, 스피커가 좀 불만족스러운....)받은 날부터 다른 점포에서 더 싸게 팔아서 좀 맘이 아프긴 하네요.포인트 캐시백 시점 맞춰서 펜슬 재고 좀 부탁합니다~",4
433,아이패드,보호필름까지 있었으면 꽤 만족스러웠을텐데 살짝 아쉽네요 액정먼지 이슈가 좀 있던데 제품은 양품으로 왔습니다수량확보 때문에 배송이 느렸던 걸 빼고는제품 자체로는 만족합니다 가성비 있네요엘포인트가 얼른 들어왔으면 합니다,4
434,아이패드,아이패드 6세대  32GB 이벤트로 구입했습니다가격은 정식발매치고는 괜찮네요물론 좀더 기다리면 더 좋은 가격이 나오겠지만 급한맘에바로 구입합니다제품은 말할것도 없이 좋구요색상도 생각보다 골드 색상이 이뻐서 괜찮네요,4
435,아이패드,물건은 하이마트라서 잘 받았습니다. 하지만 스마트픽업 교환권만 기다렸는데 1주일동안 안와서 확인했더니 이미 수령했다고 떠서 부랴부랴 매장 갔더니 물건은 온 지 한참돠었는데 전산상으로 잘못 처리되었더군요. 고객센터 통화하고 매장에 설명하고... 혹시 스마트픽업 하시는 분은 3-4일만에 교환권 안오시면 꼭 배송 상태 확인하세요.,4
436,아이패드,인터넷으로 태블릿pc 구매한 건 두번째고(첫번째는 망하진 않았지만 종종 잡음이 튀어나와서ㅠㅠ) 아버님 선물로 드리는 거라 걱정했는데 아직 별 문제 없고 무엇보다 너무 기뻐하셔서 엄청 만족합니다. ？s？s이도 짱짱하게 감아주셔서 찌그러짐이라던지 없이 안전히 도착했어요. 잘 받았습니다 감사합니다.,4
437,아이패드,일요일에 주문해서 월요일 발송 / 화요일 공휴일 / 수요일에 수령했습니다. 퇴근길에 들러서 스마트픽 수령했는데 택배는 분실우려도 있지만 스마트픽은 안심하고 수령했습니다. 재고가 있었다면 더 빨리 받았겠지만 배송으로 온점은 조금 아쉽네요. 물건도 이상없고 잘 쓰겠습니다,4
438,아이패드,일단 제품은 잘받았습니다. 갸봉후 이리저리 확인하던중 뒷면 애플로고가 스크래치가 조금 있더군요 . 애플은 로고가 진짜배기인데 사용상의 하자는 아니기에 그냥 쓰려구요 배송은 빠르고 기사분까지 친절하셔서 대만족입니다.,4
439,아이패드,제품은 애플코리아정품이고 포장상태도 양호하였으나 배송은 1주일 가까이 걸림. 문의 결과  함께 구매한 애플펜슬의 재고가 없어서 배송이 지연되었다고 하시는데 사전에 연락도 없고  며칠이 지난 후에 직접 문의하여 알게됨.,4
440,아이패드,방문 수령했습니다. 할인된 가격에 잘 샀습니다. 단지 방문 수령을 위해 가던 중 골목이 많아서  고객센타에 전화 걸었는데  N 포탈 길찾기로 알아서 찾아 가라고 하네요 헐 ~~~~~ 완정 성의 없는 답변에 별 하나 뺍니다. 방문 수령은 만족 했습니다.    ,4
441,아이패드,스마트픽업을 하이마트 매장에서 하면매장 재고를 바로 받을 수 있을까 했는데요하이마트랑 아무 상관이 없네요목요일에 주문했는데토요일에 사은품 배송 받고도 주말을 넘겨서 월요일에 픽업했어요그냥 택배배송이 빠릅니다할인 포인트 등이 많아서 좋긴 합니다!,4
442,아이패드,같이 시킨 케이스랑 액정필름이 안 맞아서 들뜨더라구요ㅠㅡㅜ 그거 빼면 하자도 없고 다 좋았어요!,4
443,아이패드,저렴하게 구매해서 잘 사용하고 있습니다. 이젠 이가격에 살 수 없게 되었네요.,4
444,아이패드,진짜 빨리와요 어제 시켰는데 오늘 왔어요!,4
445,아이패드,배송도 엄청 빠르고 애플 코리아 정품으로 잘 받았습니다 답변도 친절하셨구요,4
446,아이패드,구입해서 잘 사용하고 있습니다~~,4
447,아이패드,상품 잘 받았습니다. 빠른 배송 감사드립니다.,4
448,아이패드,배송 정말 빠르게 왔어요상품 뽁뽁이제 잘 싸서 왔어요 좋아요,4
449,아이패드,빠른배송감사합니다 ~~~,4
450,아이패드,배송이 느리고 충전기 문제 있어도 좋아요,4
451,아이패드,물건 잘 받았습니다. 재고가 없어서 배송으로 왔고 중간에 공휴일이 있어서 하루더 딜레이 되긴 했지만 분실 염려도 없는 스마트픽으로 잘 받았어요. 18년 12월 생산분이라서 더욱 좋네요,4
452,아이패드,실버가 왔네요..ㅋㅋ 그래도 만족합니다 배송 빨라요,4
453,아이패드,젛아요,4
454,아이패드,어머니 선물로 사드렸는데 좋아하세요. 근데 포장재 상 세대 수랑 시리얼 넘버로 구분하는 세대가 다른가요?,4
455,아이패드,말이 필요할까요?가성비 짱 입니다완전 좋네요 ,4
456,아이패드,가성비가 너무 좋습니다.많이 판매하세요~,4
457,아이패드,배송빠르고좋네요 잘쓰겠습니다,4
458,아이패드,배송 빠릅니다 마음에 듭니다,4
459,아이패드,이정도면 뭐 문제만 없으면 되죵^^설마 가짜를 파는것도 아닐텐데조금의 기스는 좀 봐줄까함니다.뽑기운이 이정도면 그동안 잘샀다가 아주쬐끔 액땜했다생각하면 다음엔 아무문제없는걸 어디선가 뽑겠죠 ㅋㅋ,4
460,아이패드,왜 골드만 픽업인건지 알 수 없지만 뭐 어쨌든 보니까 물건이 많이 없는 듯 서두르세요,4
461,아이패드,배송도 빠르고 신뢰가 갑니다.,4
462,아이패드,"걱정반 기대 반이었는데 제품도,5월자생산인 최신형으로 보내주시고 이틀째 쓰고있는데 너무 좋네요 !",4
463,아이패드,써봐야알거같아 갤럭시탭 살려다 이걸로 초이스 했어요,4
464,아이패드,상품 잘 쓰고 있습니다~~ 성능도 좋아오,4
465,아이패드,배송무척빨랐고 만족합니다,4
466,아이패드,유용히쓰고잇어요!!!!!,4
467,아이패드,사야지 끝나는병 아이패드병에서 탈출했네요 ㅋㅋ골드랑 고민했는데 아이폰이 로즈골드인데 오래쓰니까 질려서 무난한 실버로했어요 물론 이쁨!여기서 제일 저렴하게 산거같네요,4
468,아이패드,배송도 빠르고 포장도 아주 깔끔하게 해서 보내주셨어요~ 잘 쓸게요,4
469,아이패드,받은 지 이틀 됐는데 아직까지 무리없이 잘 써요,4
470,아이패드,애플사 제품은 패드가 처음인데 좋네요.빠릿빠릿합니다 생각보다 더,4
471,아이패드,상품 잘 받았습니다. 감사합니다.,4
472,아이패드,배송빠르고 좋아요ㅋㅋ,4
473,아이패드,배송 빨라요오오~~ㅓㅓ,4
474,아이패드,"배송이 조금 느렸지만, 상품은 아주 만족합니다. 원하던 물건 저렴하게 구입했어요",4
475,아이패드,화면이 크고 가벼워서 좋습니다.   가격도 저렴하구요. 만족합니다,4
476,아이패드,목요일 밤에 주문을 했는데 다음날인 오늘 금요일에 받았습니다다행히 양품으로 와서 더욱더 좋았고요카드 할인 포인트 적립으로 저렴하게 구매를 했습니다,4
477,아이패드,포장도 제품상하지 않게 잘되어있구 좋았습니다,4
478,아이패드,인강을 듣기위해 아이패드를 구입했다 처음 맘 먹은것처럼 열심히 노력해서 후회없는 한해를 보내야지ㅎ배송은 좀 늦었지만 품질 가격 디자인 모두 만족함니다 잘쓸께요,4
479,아이패드,생각보다 무겁긴한데 잘쓸게요,4
480,아이패드,로즈골드 색이 이쁘고 좋네요,4
481,아이패드,일단 배송은 그냥 쏘쏘 스마트픽이여서 매장바로 받을줄알았는데 몇일걸리더군요-포장상태 양호 -애플코리아 정품-정상 실행 ,4
482,아이패드,배송이 하루만에 와서 좋습니다 ?s?s이로 포장도 잘되어 와 잇었고 추천드립니다,4
483,아이패드,아이폰x 사용하며 처음으로 패드 사용하는데 호환 끝장이네요 ^^,4
484,아이패드,하이마트로 스마트픽으로 하니 1박2일정도 걸렸어요. 지금 개봉해서 하자랑 기스는 없어서 너무 좋아요!,4
485,아이패드,정말 정말 만족스럽습니다.,4
486,아이패드,딸래미  엄청좋아함,4
487,아이패드,"배송예상일 그대로 빠른 배송이라 놀랐습니다, 편리하게 보려고 인강용으로 샀는데 만족합니다!  ",4
488,아이패드,인터넷으로 가격비교해 보다가 구매하게 되었습니다. 배송도 빠르고 가성비도 좋아 만족하고 있습니다. 많이 파세요,4
489,아이패드,기대했던 아이패드 그래로에요 가성비 좋아요,4
490,아이패드,상자가 찌그러져서 와서 걱정했는데 기기에 문제는 없었어요. 포장을 좀만 더 꼼꼼히 해주시면 좋을 것 같아요. 배송은 빨랐어요.,4
491,아이패드,평소 갖고싶었는데 할인받아 저렴하게 구매해서 만족합니다.,4
492,아이패드,배송도 빠르고 상품도 좋았어요,4
493,아이패드,배송만 좀 빠르면 참 좋겠어요~,4
494,아이패드,제품이 201812월 제품이지만 세제품이니까 전 만족합니다 ㅎㅎㅎㅎ 잘쓸게요 ~ 안전하게 배송 잘됐어요 !! 감사합니다 ~,4
495,아이패드,맘에 들어요.  스페이스그레이 선택했는데 인기색상이라 배송지연 각오했지만 3일만에 받았습니다. 제품은 마음에 들어요. 가격도 다른사이트 비해 천원정도 저렴했구요,4
496,아이패드,빠른 배송과 정품 배송이 맘에 듭니다. 배송도 빠르구요. 이곳에서 쿠폰 이용하여 최저가에 그매한거 같습니다. 감사,4
497,아이패드,아이패드는 문제없이 아주 좋아요 배송이 생각보다 빨랐다는 점이 괜찮았습니다~,4
498,아이패드,잘도착했습니다!일주일걸렸네요^^감사해요~아이가 좋아라합니다.잘쓸게요^^,4
499,아이패드,매우 만족쓰합니다 추천드릴게요,4
500,아이패드,빠른 배송이 놀랄 만큼인데요…!받아보니 생상이 예뻐서 더 놀람^^,4
501,아이패드,배송도 빠르구 제품도 하자 없이 예쁘네용,4
502,아이패드,배송 정말 빨리와서 놀랐어요!! 하루만에~,4
503,아이패드,"보내주신 패드 포장 상태가 불량합니다 리뷰 보면 포장 상태 좋다고들 하던데, , ,",4
504,아이패드,옆에 살짝 기스가 있지만 그냥 사용하려고요 ㅜ제품 안전하게 잘 왔습니다애플코리아 제품좋아요!,4
505,아이패드,"빠르고 좋습니다, 배터리도 오래가고요 하이마트에서 제일 저렴하게 잘산것 같습니다. 이번 아이패드는 집에서 스마트폰 보조용으로 쓰기 가성비 훌륭합니다.",4
506,아이패드,역시 아이패드는 최고거등요 고민은 배송을 늦출뿐....!!,4
507,아이패드,주문하고 하루만에 배송됬네요ㅎㅎ 색깔도 너므너무 예쁘고 가벼워서 휴대하기 좋아요플라스틱 액정이라서 약간놀랐어요 보급형으로 진짜 좋게 나온것같아요 ,4
508,아이패드,처음 써본 아이패드배송도 빠르고 아주좋네요,4
509,아이패드,애플코리아제품좋습니다!,4
510,아이패드,애플꺼 처음써보는데 성능도좋고 깔끔해요10인치급은 처음써봐서 좀 무거운거같긴한데편리하게 가지고다닐수있어서 좋습니다,4
511,아이패드,"아이패드 첨 써보는데, 충전이 느린 거 빼고 좋아요. 핸드폰으로 보기 귀찮았는데 아이패드 좋으다. 재림이가 재림이에게. 아주싸게 잘 샀습니다. 퇴근 후에 드라마 영화 보은거 꿀잼~~",4
512,아이패드,아이패드 있으니까 이제 집에서는 폰을 잘 안만지게 되네요,4
513,아이패드,배송 겁나 빠르고 상품도 좋습니다 프로랑 고민했는데 솔직히 6세대 기능도 차고 넘칩니다,4
514,아이패드,저렴한 가격에 배송도 바로 해주시고 만족스럽네요,4
515,아이패드,인강용이필요해펜슬 없이  사용중.이마트에가니 펜슬 값이 인터넷보다싸더라구요.사용해보고 펜이 필요하면 살까 해요.,4
516,아이패드,"음질이 생각보다 안좋네요이어폰이나 블투스피커 사용하면 지지직 거리는 소리가 덜 들립니다.불량은 아닌것 같고, 그냥 이 제품 스펙인거 같네요.배송은... 아이패드보다 더 늦게 시킨 악세서리가 훨씬 먼저 왔어요ㄱ?",4
517,아이패드,잘왔습니다~ 잘이용할게요,4
518,아이패드,너무편하고좋네요^~^~,4
519,아이패드,포장 꼼꼼하게 잘 돼서 잘 왔습니당제조일자도 올해 3월이라서 만족해요!배송 온다는 연락 받은 그 다음날 제품이 온거랑 배송 연락 안온건 좀 별로였네용,4
520,아이패드,오래기다리면마음에복이옵니다여러분 기다리면 도착은 하더라구요,4
521,아이패드,아직은 조아요조아요죄,4
522,아이패드,배송 정말 빠르고요 그냥 골드일줄 알았는데로즈골드였던게 아쉽습니다,4
523,아이패드,배송 정말 빠르고요 그냥 골드일줄 알았는데로즈골드였던게 아쉽습니다,4
524,아이패드,잘사용할께요^^,4
525,아이패드,Okay thanks for your,4
526,아이패드,아이패드 6세대 아이패드 6세대,4
527,아이패드,공부하는데 필요해대서 급하게 샀어요좋아라 하네요,4
528,아이패드,추천합니다 배송도 빠르고 가격도 착하고 좋네요 그리고 많이 많이 파세요,4
529,아이패드,잘 받았으나 비닐포장도 안뜯은 새제품이었는데 개봉후에 상태를 보니 앞면 액정과 옆 알루미늄 사이에 먼지가 끼어있었네요.. 닦고나니 괜찮았습니다.,4
530,아이패드,선물용으로 구입했는데 좋아하네요 빠른 배송 감사합니다,4
531,아이패드,배송이 빠르고 받아보고 만족합니다!! ㅎㅎ,4
532,아이패드,다른곳보다훨씬저렴한가격으로샀네요ㆍ사용잘하고있습니다,4
533,아이패드,잘받았습니다 제품도 이상없네요,4
534,아이패드,딱 좋게 왔습니다 ㅎㅎ,4
535,아이패드,잘 받았습니다    좋아요  좋습니다,4
536,아이패드,포인트행사로 저렴하게 구매해서 너무 좋아요스마트픽 편리하더라구요,4
537,아이패드,산지 좀 됐는지 줄곧 만족하며 쓰고 있습니다 실버 없어서 골드 샀는데 골드도 멋있는거 같아요. 추천,4
538,아이패드,배송도 빠르고 상품패캐지도 잘 되어 있습니다.,4
539,아이패드,저렴하게 잘샀습니당 빠른 배송 감사해여,4
540,아이패드,배송이 빨라서 좋습니당!,4
541,아이패드,신학기라서인지 배송기간이 6일이나 걸렸지만 기다린 보람이 있다디자인 선명도 아이폰과 호환 사이즈 등등 모두 만족함니다,4
542,아이패드,배송빠르고포장도 잘되어.왔어요감사합니다,4
543,아이패드,노트필기용으로 구매했습니다. 가성비로는 이만한게 없는거 같습니다. 색상도 골드이긴하나 실제로보니 로즈골드느낌도 나는데 아주 맘에들어요~~~,4
544,아이패드,하자없는 제품으로  빨리 받았습니다,4
545,아이패드,3월 첫째주라서 5일쯤 올줄 알았는데 2일에 받았으니생각보다 빨리 받았어요!저렴하게 잘 샀어요,4
546,아이패드,잘 받았습니다...,4
547,아이패드,박스 외관이 찍혀서 오긴 했는데 제품에는 전혀 문제없고 초기불량도 전혀 없어서 아주 잘 사용하고 있습니다~^^ 배송은 어제 좀 늦게 주문했는데 엄청 빨리 왔네요 ㅎㅎ ,4
548,아이패드,"과연 아이패드 명성대로 좋습니다.공부용으로 구입했는데이제 집에 쓸데없이 돌아다니는 종이가 없어져 갑니다.속도도 만족하고,스피커가 빵빵해서 더욱 좋습니다.",4
549,아이패드,잘받았어요 평소에 써보고 싶었던 상품입니다 잘쓸게요 많이 파세요,4
550,아이패드,아이패드 싸게 잘 산듯 하여 좋습니다.다만 스마트픽이라 빠른 줄 알았더니 배송으로 받는 것보다 안좋네요. 배송조회도 안되고..ㅎ다시는 스마트픽 이용 안할듯합니다.ㅎㅎ 그래도 아이패드는 예쁘네요,4
551,아이패드,포장이 조금 미흡하긴 하지만만족스러워요,4
552,아이패드,배송이 아주 빨랐습니다.,4
553,아이패드,일본에서 온 제품인듯한데 110V라서 판매자분이 변환기 하나 넣어서 보내줌. 충전기가 220V가 아니니 고려하고 구매하세요,4
554,아이패드,액정 안쪽에 먼지가 끼여있는데 토요일에 꼭 써야할일이 있어서 그냥 사용합니다.,4
555,아이패드,제품도 맘에 들고 배송도 너무 늦지도 빠르지도 않게 와서 좋습니다.,4
556,아이패드,넷플릭스 볼려고 샀는데 생각보다 너무 좋아요 😆😆포장도 꼼꼼하게 잘 해주셨네요,4
557,아이패드,나름 좋은 태블릿 좋아요,4
558,아이패드,배송 빠르고 좋았어요,4
559,아이패드,잘 산거 같아요,4
560,아이패드,전화 친절하게 받아주셨고 정확한 날짜에 보내주셔서 잘 받았습니다~ 하지만 박스 안에 완충재 양이 적어서 아쉽습니다,4
561,아이패드,배송이 빠르네요. 아이패드는 처음이라 적응이 필요하겠어요~,4
562,아이패드,여기가 제일 저렴해서 잘산거같아요아이패드도 좋음 음향이 좋아서 놀랬네요,4
563,아이패드,아주좋게 만족스럽게 쓰고있습니다 ㅋㅎ,4
564,아이패드,배송 빠르고 좋아요,4
565,아이패드,강화필름받지못한건 아쉽지만 그래도 5일만에 제품받아서 좋아요골드색상이쁘네요,4
566,아이패드,갤유저라 간만에 적응하느라 시간 걸리겠네요,4
567,아이패드,원하던 색상 구입하게되서 만족해요,4
568,아이패드,미니 셀룰러 사용중인데 책이나 pdf보는게 힘들어서 구입하게되었습니다 펜슬도 구매하여 필기도 같이 하니 활용도가 높은것 같네요사은품은 강화유리입니다,4
569,아이패드,스마트픽주문 본품은 빨리 수령했는데 사은품과 같이 보내주던가 해야지요 ...물건은 좋아요.,4
570,아이패드,좋음!!! 뭐라 설명할게 없네 여튼 좋음,4
571,아이패드,스마트픽주문으로 구매한 다음날 바로 받아볼수 있어서 좋았어요 제품에 하자도 없구요저렴한 가격으로 좋은 제품 구매한 것같습니다,4
572,아이패드,아이패드 실물영접하고 놀랐습니다 진짜 최고ㅠㅠㅠ넘 이뻐서 기절해요 실버 짱,4
573,아이패드,구매후 거진 2주만에 받았어요제품은 좋으나 배송이 많이 아쉬웠어요,4
574,아이패드,배송이 너무 느리게 왔어요ㅠ 그리고 박스가 약간 구겨져서 도착한.....;;  그래도 물건에는 이상이 없어서 다행이었어요.,4
575,아이패드,조카 대학 입학 선물로 구매했는데 좋다고 합니다. 애풀꺼 처음이라고 하네요 ㅎㅎ,4
576,아이패드,아아.... 이러어어런... 아이패드 제품자체는 만족합니다 ㅠㅠㅠ그래서 필름 하나 더 샀는 데이건 또... 후... 그냥 필름떼고 써야하나봅니다 ㅠㅠ,4
577,아이패드,스마트픽이라 바로 받아볼줄 알았는데 바로 못받고 이틀걸림미리재고 있는 상태에서 했으면 좋겠음,4
578,아이패드,아이패드 처음으로 구입하는데 좋았으면 좋겠네요,4
579,아이패드,아이패드 만족합니다빠른 배송에 좋았네요,4
580,아이패드,배송이 엄청 빨라요 추천,4
581,아이패드,프로발매된 이후라 가격 좀 내려가서 다행. 왜 교육용이라고 타이틀이 붙은지 알거 같은 스펙이지만 딱 그정도만 쓸 유저라면 충분합니다,4
582,아이패드,스마트폰만 쓰다보니까 화면이커서 적응이 잘 안 됬는데 이제는 어느정도 잘 적응하고 잘쓰고있습니다 . ^ 감사합니다 ㅎ,4
583,아이패드,잘받았습니다! 다 맘에들지만 뽁뽁이가 한겹반이네요.. 그리고 겉 박스 상자비닐에는 흠집이 약간있네요 상품자체는 좋습니다!,4
584,아이패드,테블릿중에  아이패드는  쓰셔본 분들만 알겁니다,4
585,아이패드,"상품 잘 받앗구요 , 제품도 좋은거 같습니다.",4
586,아이패드,주문하고 다음날 바로 왔네요아주 좋아요,4
587,아이패드,여윽시 우체국은 빨라요!,4
588,아이패드,배송이 무지 빠르네요... 상품도 좋구요,4
589,아이패드,빠른 배송 좋아요 ㅎㅎㅎ,4
590,아이패드,카드사 할인받고 구매했어요 ,4
591,아이패드,선물로구입했는데 만족해요!,4
592,아이패드,샀노라 받았노라 행복하노라~ 같이 구입한 필름은 마데인 차나구나~ 이런 씁!#%@,4
593,아이패드,가성비 좋은 아이패드. 아이패드 프로의 디스플레이가 필요 없다면 최적의 태블릿.,4
594,아이패드,배송이 안되서 스마트픽으로 구매했어요~그래도 포인트행사로 정말 저렴하게 구매했어요!!,4
595,아이패드,청량리 하이마트로 찾으러갔는데재고 확인이 늦어 11시에 요청한것이 조금 늦어 진것빼고는 상품은 만족합니다,4
596,아이패드,"배송 무난하구요,상품은 좋네요 잘 받았습니다",4
597,아이패드,정해진 시간에 오지 않아서좀 난감했네요,4
598,아이패드,주문 다음날 배송됐어요,4
599,아이패드,배송이 빨라서 좋아요~~,4
600,아이패드,싸게 득템했습니다,4
601,아이패드,잘 받았습니다.,4
602,아이패드,좋ㅇ습니다..,4
603,아이패드,택배는 3일만에 왔구요 제가 택배주소를 잘못 입력해서 다른 아파트로간것 빼구 가격 품질 전부 만족합니더😊,4
604,아이패드,출고 기준으로는 이틀만에 왔지만 결제할땐 출고 늦게 된다는 공지가 없어서 많이 기다리긴했어요상자 모서리에 약간 찍힘이 있지만 안에는 이상없어서 괜찮아요!! ,4
605,아이패드,"배송빠르고,안전뽁뽁이포장 튼실하게보내주시고,상품만족스럽습니다!",4
606,아이패드,4일걸린다길래 맘 내려놓고 느긋하게 기다린다생각햇는데 하루만에 와버리냐!!!너무조아용,4
607,아이패드,적당한 금액에. 잘샀습니다,4
608,아이패드,남친생일선물 평소에 남친이 갖고 싶어해서 생일선물로 구입했는데 바로 다음날 배송 되어서 깜짝 놀랐어요맘에 들어해서 저도 기분 좋네요ㅎ,4
609,아이패드,가장 싼거 사고 문제 있으면 어쩌나했는데 괜찮아요.그런데 배송시 박스는 찌그러져 있더라구요... 그래서 싸나 생각했어요,4
610,아이패드,배송도 다음날 바로 되고 배송상태도 완전 안전하게 해주시고제조일자도 10월!! 현대카드할인받아서 싸게 샀습니다 ,4
611,아이패드,골드는 픽업 밖에 안되서 부랴부랴 결제 후 픽업 맘에 쏙 듭니다,4
612,아이패드,스마트픽업이 늦어졌지만 저렴하게 구매했습니다.,4
613,아이패드,잘 쓰고 있어요.,4
614,아이패드,잘받았습니다.,4
615,아이패드,강의보눈 용도와 문서 확인이랑 필기하려고 구매햇는데 딱인것같아요~! 엘포인트 적립까지해서 저렴하게 구매했습니다~!,4
616,아이패드,"제품을 받았는데, 배송도 빠르고 성능도 좋네요.",4
617,아이패드,오오 아이패드가 도착했어요좋긴 하네요,4
618,아이패드,잘 받았어요 예뿌고좋아요!,4
619,아이패드,잘받았습니다 잘쓸게요,4
620,아이패드,인강용으로 구매해?Z는데 아이가 아주 만족하네요.요긴하게 잘 쓰이길 바라는 부모맘으로 구매햇네요^^,4
621,아이패드,좋아요~~,4
622,아이패드,저렴한 가격대의 제품이라 구입하면서도 망설였는데 가격대비 만족합니다.  ,4
623,아이패드,배송 빠르고 좋네요 업무용으로 구매했습니다 속도 빠르고 좋네요 역시 믿고쓰는 아이패드네요 3대째인데 실망을 시키지않네요 서비스로 보호필름 하나만 주시면 딱 좋겠는데 그게 좀 아쉽네요 ㅠㅠ,4
624,아이패드,배송이 3일정도걸렸지만 너무좋네요 포상상태도좋고,4
625,아이패드,좋습니다! 구매하셔도됩니다 ㅎ ,4
626,아이패드,배송도 빠르고. 정식 수입품 싸게 구매한것 같네요.,4
627,아이패드,잘쓰고있어요전너무좋아요티비없는데열심히영화나영상보는데사용하네요,4
628,아이패드,스마트픽 좋네요. 퇴근하며 바로 찾았어요.,4
629,아이패드,11일정도 기다린거 같아요..6월5일 순차배송이어서 거의 포기하고 있었는데 생각보다 빨리 온거 같아요..ㅋㅋ아이패드는 처음 사용해보는데 화질도 좋고 빠르고 .... 좋아용,4
630,아이패드,역시 아이패드네요ㅎㅎ,4
631,아이패드,배송 빨라요,4
632,아이패드,만족합니다 ㅎㅎㅎ,4
633,아이패드,생애 처음 구입한 아이패드 9.7 6세대처음엔 다소 생소 했지만 현재잘 적응하여 쓰고 있네요저에겐 문명의 혁명일 정도로 신세계네요,4
634,아이패드,에어2를 쓰다 잠깐 써봣는데 다른건 없는데 스피커가 살짝아쉽긴하네요 그거말고는 만족합니다.,4
635,아이패드,배송빠르고 좋은가격으로 구매해서 기분좋네요,4
636,아이패드,혜택이 많아서 가격대비 좋아요. 같이주는 액정필름도 강화필름이라 좋습니다. ,4
637,아이패드,비싼 제품이지만 아들이 좋아해요,4
638,아이패드,저렴하게 잘샀어요,4
639,아이패드,"매장가서 살려고 가는길에 검색해보니가 하이마트몰에서 사면 포인트적립을 해줘서 저렴해서 샀어요 , 생각했던것보다 더욱 만족합니다 최고 장",4
640,아이패드,6세대 구입하려고 지켜보고 있었는데 좋은 가격에 나와서 구매했습니다. 생각보다 화면이 좀 크긴한데 대체적으로 만족합니다. ,4
641,아이패드,연휴가 껴서 배송이 정말 느렸지만 상품은 잘 포장되어서 왔습니다.속도도 빠르고 마음에 들어요.,4
642,아이패드,아직 개봉은 안했지만 우선 배송이 빠르고 가격도 할인을 해줘서 다른 곳 보다 더 싸게 샀습니다.,4
643,아이패드,연휴가 껴서 출발 후 바로 받지는 못했지만 잘 도착했어요!저렴한 가격에 잘 산 것 같아요!,4
644,아이패드,기존 아이패드미니2보다 시인성도 좋고 속도도 빠르네요.뽀로로 보기 좋겠어요~,4
645,아이패드,느려도 너무 느리네요바로 배송가능하다는 골드인데도 5일 걸렸어요,4
646,아이패드,뒤에 예약 받은것 보다 배송을 늦게 해주는 정책은 이해가 안되네요,4
647,아이패드,드디어 왔네요 폭우를 헤치구잘쓰겠습니다,4
648,아이패드,생각보다 가볍고 좋아요.잘받았습니다.,4
649,아이패드,다시 앱스토어 쓰려니 어색하긴 하네^^,4
650,아이패드,3일만에 배송왔어요 만족해요 ,4
651,아이패드,처음 써보는건데 잘쓸께요^^,4
652,아이패드,아이가 받고 좋아하네요~,4
653,아이패드,적당해요,4
654,아이패드,배송이 빨라요 ㅎㅎ제품은 굳이 언급할 필요는 없을거같고.만족해요,4
655,아이패드,상품은 뭐 만족한대 사은품으로 준 보호필름이 깨져왓네요...덕분에 비닐을 벗기지 못하겟어요....ㅠ,4
656,아이패드,공휴일 껴서 좀 기다렸지만 잘 받았습니다. 이제 포인트 들어오면 애플 펜슬도 구입해야겠네요. ,4
657,아이패드,"연휴 감안해도 5/4배송 5/8 수령이라 다소 아쉬웠습니다.제품만족하구요, 액정보호필름도 받았네요",4
658,아이패드,연휴 끼어서 오래기다렸지만  재품은 만족해요단 문앞에 나둠  연락도 안오고요 ㅋㅋ,4
659,아이패드,저가형이라 성능 문제에 신경쓰였지만 전문가 아닌이상 큰 문제가 없네요. 펜슬까지 사용가능해 맘에 듭니다,4
660,아이패드,배송이 빠릅니다.주문한 다음날 물건을 받았네요.따끈한 신상품이라 그런지 현재까진 아직 적응 단계인데 빠르고 좋네요.화면도 핸폰보다 커서 시원하고[G마켓 안드로이드 앱에서 작성],4
661,아이패드,아이패드 첨사봤는데 넘 맘에드네요액정필름도 강화유리로 주시고 감사합니다,4
662,아이패드,딱 연휴에 맞물려서 조금 더 기다렸지만 역시 기다림만큼 너무 반갑네요역시 패드는 아이패드👍같이 보내주신 강화유리필름도 짱 😍,4
663,아이패드,사은품 액정 보호 필름과 엘포인트 적립까지 저렴하게 구입했네요.,4
664,아이패드,일이 있어서 이제 오픈해 봤네요. 예쁩니다. 잘 쓸게요!,4
665,아이패드,배송 중간에 추적이 안되고 배송완료 처리가 안되네요.물건은 포장 잘 되어 왓습니다,4
666,아이패드,사전예약했었던 아이패드 6세대 금일 받았습니다,4
667,아이패드,기디리고기다리던 6세대 ㅅㅎ. 언박싱하니얼마니 떨리던지  애플펜슬은없지만  잘이용하겠습니다 사은품으로주신 보호필름은. 비추 금방금이가고갈라집니다,4
668,아이패드,좀 느리긴 하지만 잘 받았습니다,4
669,아이패드,가격 저렴하고  배송도    빨라요,4
670,아이패드,깨끗하게 잘 왔네요 잘 쓸게요,4
671,아이패드,하자없이 작동 잘 되네요 ,4
672,아이패드,와 너무 멋진 배송과 양품의 패드를받고 열심히 공부중이옵니당넘 좋아요 ㅎㅎ,4
673,아이패드,첨사보는데오지구요쩔구요저렴한듯하면서비싸구요~셋팅 어렵구요~잘쓸께요~,4
674,아이패드,스마트픽으로 구매했습니다.배송도 빠르고 물건도 안전하게 보관할 수 있어서 좋았어요.,4
675,아이패드,애플펜슬을 지원하는 이번세제품 아주 만족스럽습니다. 애플펜슬을 지원하는 이번세대 아이패드는 가성비가 놀라울 정도의 제품입니다.망설일 필요 없이 구매했습니다.,4
676,아이패드,빠른배송감사합니다!,4
677,아이패드,집에서 티비대신 사용하는데 편하구 좋아요오,4
678,아이패드,하이마트가 젤 저렴한것같아 샀어요,4
679,아이패드,저렴하게 잘 구매하였습니다,4
680,아이패드,화면도 크고 빠르고 신세계임 ㅋㅋㅋ,4
681,아이패드,배송ㅈ완젼빠르고 물건도 저렴하게 잘산거같아요.,4
682,아이패드,마음에 듭니다 잘 사용하겠습니다,4
683,아이패드,좋은패드 득템했네요,4
684,아이패드,？？아요~~~~~~~~~,4
685,아이패드,스마트픽 배송은 배송현황을 알 수 없어서 불편하네요.제품 자체는 저렴하게 잘 샀습니다.,4
686,아이패드,아이패드랑 강화필름은 진짜 좋은데 엘포인트 언제들어오죠..,4
687,아이패드,할인혜택이 좋아 잘 구매했습니다스마트픽도 편하네요,4
688,아이패드,가전은 하이마트네요가격이나 배송이 맘에 들어요,4
689,아이패드,보호필름과 아이패드가 각각 포장 되어서 왔네요,4
690,아이패드,보호필름이 택배박스에 없네요.확인 부탁드려요,4
691,아이패드,에어캡과 완충제로 포장을 해주셨는데 에어캡이 그리 두껍진 않은데다 택배기사님이 던지셨는지 제품박스 한쪽 귀퉁이가 찌그러져있네요ㅎㅎ 그래도 제품에는 전혀 문제가 없습니다! ,4
692,아이패드,에 제품 구입했습니다.,4
693,아이패드,기존 탭이랑 비교하니 정말 터치감이 다르네요사은품으로 받은 강화유리 좋습니다 ^^,4
694,아이패드,애정먼지로 교체를 받아서 기분이 별로 였지만 as센터에서 교체 받은 이후에는 잘 사용하고 있습니다.,4
695,아이패드,노트필기용으로는 이만한게 없는거 같더군요. ㅎ,4
696,아이패드,비싸지만 아이패드 좋자나요 후...,4
697,아이패드,"애플코리아 정품이며 배송도 빠릅니다 추천합니다 ., ",4
698,아이패드,가격이 내렸어요 ㅠㅠ제품은 잘받았어요아쉽,4
699,아이패드,배송이 빨라서 좋네요강화유리는 어쩐일인지 깨져있지만....,4
700,아이패드,부담없이 사용하기 좋은제품 입니다,4
701,아이패드,배송도 빠르고 잘 쓰고 있네요.,4
702,아이패드,좋은데 포인트가 안들어오네요,4
703,아이패드,편합니다. 좋네요.,4
704,아이패드,상품 상태 좋습니다. 사은품 강화유리가 깨져서 도착했는데 재발송 받았습니다. ,4
705,아이패드,좋네요 다만 화질은 만족도가 떨어지네요,4
706,아이패드,주문하고 바로 다음날 선거날에 받았네요...넘나빠름 잘쓸게요~,4
707,아이패드,아이패드 6세대 제품 정말 좋고 배송도 좋습니다. ,4
708,아이패드,일단 사용해보고 판단하겠슴돠,4
709,아이패드,좋은 가격에 구매했습니다. 추천합니다!양품이 와서 매우 좋아요,4
710,아이패드,좋다,4
711,아이패드,"전에 가전살때 스마트픽이 빠르길래 이번에도 빨리 받고 싶어서스마트픽했는데.. 그냥 집으로 받을걸 그랬어요사은품이 먼저왔네요, 아이패드는 좋아요~~",4
712,아이패드,배송빠르고 엘포인트적립도 추가되어서 좋네요,4
713,아이패드,카드할인으로 싸게 샀어요.,4
714,아이패드,액정필름 없어서 아쉽네요,4
715,아이패드,너무 좋아요~~,4
716,아이패드,가성비도 좋고 집에서 요긴하게 잘 쓰고 있습니다 보호필름이 상다적으로 늦게 온점이 살짝 아쉽네요 그래도 현재는 필름 부착하여 만족스럽게 사용중입니다,4
717,아이패드,가지고싶었던 아이패드 적당한가격이 나와 겟했습니다! 그러나 전화번호 인증은 어떻게 하는것인지... 그래도 성능 만족합니다!!! 구웃~~~~ ㅎ,4
718,아이패드,6/5일 이후 발송이라고 생각하고 느긋하게 기다리고 있었는데.. 25일날 받았습니다.. 신상을 빠르게 사용하게 되어 기쁘고 좋네요.. 마음에 들어용 ^^,4
719,아이패드,배송 3일 걸렸어요 저렴하게 잘 샀어요 ,4
720,아이패드,사은품으로 오는 필름도 잘받았구요  ios는 첨이라 공부좀 해야겠네요,4
721,아이패드,싸게 잘 사서좋아요 배송은 느려서 별 하나 감점,4
722,아이패드,6월  5일부터 순차 배송인데  빨리도착했습니다.,4
723,아이패드,배그짱임  이걸루하면 모바일로 ㅋㅋ,4
724,아이패드,그냥 그럭저럭 잘쓰고 있어요..,4
725,아이패드,저렴하게잘샀습니다,4
726,아이패드,아들이 좋아해요,4
727,아이패드,가성비갑 ,4
728,아이패드,조아요,4
729,아이패드,굿굿 디스플레이는 비교적 양호한편이나 외관에 찍힘한군데와 도색이 미세하게 불량이네요ㅠ 쓰다가 거슬리면 리퍼받던가해야겟어요,4
730,아이패드,하루 차이인데...안보내주셨네요 ㅠ배송은 빠르지만 액정 안쪽에 먼지 하나 들어가있는거 같네요..이거때문에 교환이나 AS하자니 귀찮네요...그냥 쓰렵니다..,4
731,아이패드,배송은 연휴걸려서 느렷지만 상품은 꼼꼼히 포장해서 잘왓어요역시 신상은 하이마트가 좋네요,4
732,아이패드,와이프의 드라마머신.....ㅋㅋ보호유리 없는건 마음아프지만 나쁘지않은 가격에 잘 샀습니다,4
733,아이패드,성능도 충분하고 아이패드2 이후 쭉 안쓰다가 다시 접했는데 좋은 제품이네요 역시. ,4
734,아이패드,"배송은 느렸지만 미리 공지했고,일단 애플펜슬 호환이라 만족합니다",4
735,아이패드,아이패드 좋네요오래기다렸지만 좋은제품 보내주셔서 감사합니다,4
736,아이패드,성능이야 전국 어디든 동일할테고 좋은가격에 잘 샀습니다,4
737,아이패드,최저가는 아니였지만 포인트등 혜택으로 만족합니다.,4
738,아이패드,성능최고고이제 애플펜슬만 사면 되겠네요굿입니다,4
739,아이패드,뉴 아이패드 생각보다 너무 가벼워요.,4
740,아이패드,사은품은 언제 주시나요......,4
741,아이패드,가격대비 좋습니다,4
742,아이패드,감사합니다,4
743,아이패드,주문한지이틀만에받았어요. 색상은골드주문했는데로즈골드가더맞는듯.,4
744,아이패드,물건 좋고 배송좋고 다 맘에 듭니다. 수고하세요.,4
745,아이패드,가격도괜찬고프로모션도괜찬고 근데포인트는언제들오는겨?,4
746,아이패드,다만 박스가 찌그러져 왔네요물건은 괜찮은데  찝찝한기분은 ㅠ그래도 물건이 잘되서 좋아요,4
747,아이패드,연휴가 껴서 배송은 5일정도가 걸린것 빼고는 만족했습니다,4
748,아이패드,얼른 포인트들어오면 애플펜슬  사야겠어요기대되네요,4
749,아이패드,너무 좋네요롯데카드 청구할인도 다음에 해주세요 ㅠ,4
750,아이패드,만족합니다. 사은품(?) L 포인트는  언제 적립되나요?? ,4
751,아이패드,전보다 가격은 내려가고 성능은 상승하고,4
752,아이패드,불량체크를 해봤는데 양품이 온것 같네요,4
753,아이패드,잘샀습니다. 강화유리도 주고 잘 써야죠,4
754,아이패드,역시 아이패드네요최고입니당,4
755,아이패드,잘 받았습니다. 맘에 드네요. ,4
756,아이패드,감사합니다 추천 ㅎ,4
757,아이패드,제품 좋습니다 ,4
758,아이패드,만족스럽네요,4
759,아이패드,잘쓸게요,4
760,아이패드,30일에 주문하고 오늘 받았네요배송 감사합니다,4
761,아이패드,굿,4
762,아이패드,잘 도착했어요,4
763,아이패드,박스 개봉하고 제품 비닐 뜯기 전에 크랙 있어서 사진 찍어 놓고 받자마자 교환 요청 했는데 교환도 환불도 못 받았어요택배 보험은 왜 들으라고 하는거예요? 깨진 상품에 대한 보상을 제가 택배 회사에 왜 직접 요청해야하나요? 상품 받자마자 택배 박스부터 제품 박스 개봉을 영상이나 사진으로 남기는 고객이 어디 있나요? 깨진 상품 40만원 주고 산 제 잘못이죠. 본인들은 잘못 없으니 유상 수리 받으라는 말이 제일 어이 없네요 40만원짜리 태블릿 pc 38만원 주고 수리를 제가 도대체 왜 해야하죠? 옥션과 판매자의 책임 회피에 질려 힘 없는 소비자는 저 깨진 태블릿 뭘 어떻게 해야될지 모르겠네요,3
764,아이패드,배송 너무 빠르고 물건도 좋고 다 좋은데 포장상태가 영 아닙니다. 제품에비해 너무 큰 겉박스로 보내주셔서 속에있던 아이패드 박스는 구겨져서 왔네요. 물건은 좋으니 만족 합니다만 포장방법만 좀 수정하시면 더 좋을 것 같아요.,3
765,아이패드,"배송은 엄청 빨랐어요. 근데 포장에 조금 더 신경써주면 좋을거 같습니다. 뽁뽁이가 한바퀴 둘러져 있긴 하지만 고정을 안해서 열었을때는 이미 뽁뽁이는 풀어져 있더라구요. 상자도 찢어져서 와서 걱정했으나, 본품상자는 살짝만 찌그러져서 다행이네요. 여튼 바송은 정말 빠릅니다.",3
766,아이패드, 택배기사는 연락도 없이 40만원하는걸 문앞에 던져놓고 가고같이 실린 생선박스가 터졌는지 온 집안에 비린내 진동해서 얼른 박스 버렸네요 다행히 아이패드는 멀쩡한데 뽁뿍이좀 더 써서 꼼꼼하게 포장해 주세요 꼴랑 한겹이 뭐에요,3
767,아이패드,이것저것 제하고 나니 좋은 가격으로 구매했습니다 다만 매장 스마트픽업이였는데.제품은 매장에 있었지만 픽업 문자를 매장 도착한 후에야 보내준다고 해서 20분 정도 기다린 것 빼고는 괜찮았습니다. 뭐 매장 제품 구경하며 기다려서 지루하진 않았지만. ,3
768,아이패드,10일날 구매해서 16일 오늘 받았습니다..가격은 지금보다 조금더 비쌌고.. 보호필름은 받지도 못하고..그렇다면 배송이라도 빨리해주지 그것도 아니고..나중에 구매한 사람중 필름도 받고 배송도 먼저 받은 사람도 있고 ㅎㅎ 다음엔 좀더 제대로 판매해주세요~ ,3
769,아이패드,애플정책이라니...어쩔수는 없는데...새상품 받고도 찜찜해요ㅠㅠㅠ판매자께선 기스난 상품 교환도 한해서는 교환이 안된다 공지까지 해서 그냥 쓰긴하는데..새상품인데찜찜...,3
770,아이패드,무게가 꽤 나가는 전자기기임에도 불구하고 뽁뽁이 달랑 한겹. 제조일자는 따끈따끈해서 만족,3
771,아이패드,패드는 그럭저럭 잘 받았는데 받았을때 박스 상태보니까 엄청 던져졌을 것같네요  배송업체 신경쓰시면 좋을 것같아여,3
772,아이패드,쿠폰적용까지 되었다면 좋았을텐데 아쉽네요,3
773,아이패드,잘 쓰고 있습니다. 좋아요.,3
774,아이패드,가성비 좋아요,3
775,아이패드,잘받았어요 감사합니다,3
776,아이패드,배송은 3일만에 왔어요포장 품질 가격 전부 만족합니더,3
777,아이패드,쿠폰이 있어도 적용이 안되서 적립금 쓰느라 정가 다주고 사네요,3
778,아이패드,포장상태도 맘에 들고 배송도 빨라요,3
779,아이패드,배송이 빠르게 왔네요,3
780,아이패드,ㅎㅎ잘받았습니다 빨리와서좋고 여기서 3개샀어요,3
781,아이패드,잘 사용하고 있습니다.,3
782,아이패드,이벤트 내용을 잘 보고 구입하세여.  더 사게 갈수도 더 비싸게 살수도 있급미다,3
783,아이패드,깔끔하게 잘 도착해서 직접 픽업했습니다.만족합니다. 사용에 문제도 없고요.잘쓰겠습니다.,3
784,아이패드,스마트 픽으로 수령 했네요점점 가격이 내려 가는것 같습니다잘 샀네요 ^^,3
785,아이패드,좀 늦게 주문햇는데도 저녁에 바로 배송하주시규정말 감사합니다 빠른배송덕에 감동,3
786,아이패드,배송이 좀느리긴 하지만 상품은 좋아요-,3
787,아이패드,일찍받으려고 하이마트석남점으로 선택했는데 집으로 받는것보다도 늦게 받은것 같아서 불만입니다. 본의아니게 아내에게 수령부탁하고  이래저래 좋지않은 기분입니다.하지만 제품은 만족하고 가격도 만족~^^,3
788,아이패드,재고가 있는지 여부를 판매할때 알려주세요,3
789,아이패드,배송은 느리고 상품은 서봐야 알겠습니다,3
790,아이패드,이거 선택하는 사람 없겠죠?,3
791,아이패드,스마트픽으로 찾음텨,3
792,아이패드,"가격대비 좋아요 선명도,속도 만족스럽고 디자인니 마음에 쏙 듭니다.",3
793,아이패드,굳,3
794,아이패드,ㅋ,3
795,아이패드,너무느려요.주문하고 일주일을 기다린거같아요.배송이 빠르다고 주문했었는데그래도 만족합니다.,3
796,아이패드,케이스 보호필름 당장 있어야해요 ,3
797,아이패드,돟용 항상 구입하능곳 더 사게 살수 있언ㅅ는데행사 이번에는 잘 보시고 구입하세요,3
798,아이패드,출고일 늦어질때마다 매일 매일 저나했는데 선물용이라 걱정했는데 다행히 오늘처럼 비오는날 하나도 젖지 않고 무사히 오고 잘 켜지네요 행복합니다,3
799,아이패드,좋네요. 스마트픽으로 당일 찾음,3
800,아이패드,만족,3
801,아이패드,배송이 조금 느렸지만 포장은 제대로 되었네요,3
802,아이패드,빠른 배송 좋아요,3
803,아이패드,..,3
804,아이패드,조앙 아이패드 조앙조앙,3
805,아이패드,상품괜찮아요,3
806,아이패드,주문 하루만에 배송되었습니다.빠른 배송 만족합니다,3
807,아이패드,제품하자도 없고 빠른배송 감사합니다.,3
808,아이패드,좋아요 배송이 약간 늦었습니다그래도 물건은 아무 문제없이 잘 받았습니다잘쓸께요감사합니다감사합니다,3
809,아이패드,가격대는 괜찮앗는데... 4일배송에 5일부터 연휴라서 8일에 받앗습니다ㅜㅜ 물건은 참좋네요ㅋㅋ,3
810,아이패드, 잘 사용하고 있스무니다ごちはすごいね(^^*),3
811,아이패드,적당합니다,3
812,아이패드,좋네요..! 근데 액정보호필름 못받은게 아쉽네요,3
813,아이패드,좋네요.. Bdbhddurhrgegeyeyeyeyegwgwiririrgegeggeueieueyeegegeyeueueieuryeheu,3
814,아이패드,"이번 아이패드 특성상 톡에 살짝 비어있는듯한 느낌이 들긴드는데, 저렴한가격에 애플펜슬을 같이 사용할 수 있다는거에 이점을 둡니다. + 속에 먼지 하나 있더군요;;; (액정 반대편에... 닦지도 못하고.. ㅠ)  ",3
815,아이패드,어린이날때문에 배송이 조금 늦었지만 만족,3
816,아이패드,사전 예약인데 거의 바로 받은 기분...택배가 말도 없이 집앞에 놓고 가서 걱정했지만 잘 있었으니 다행인거로...(주택 마당에 놔두고 가심 연락 없이)일단 애플이니... ㅋㅋㅋ,3
817,아이패드,잘못걸렸네요. 액정이 누래요 공홈에서 샀으면 당장 교환했을텐데.. 담에 또 애플 제품 살 일은 없겠지만 무조건 공홈에서 사야겠네요 ,3
818,아이패드,골드 주문 하니까 늦게 주문했는데도 엄청빨리 오네요사은품 필름은 붙이다가 삐뚤게 되서 마음에 드는건 아니지만   ㅠㅠ잘사용 하겠습니다~,3
819,아이패드,잘받았어요,3
820,아이패드,아이패드 구매후 화면보니깐 흰색점이 있더라구요 먼지인지알고 닦아보니 화면 뷴량같더라구요 환불받을까했는데  귀찮아서 그냥사용합니다배송은빨라서좋았습니다,3
821,아이패드,엘포인트로 싸게 구입한 것까지는 좋았는데 스마트픽 배송이 너무 느리네요 5일걸린거 같아요ㅠ,3
822,아이패드,적립되는거나 누락 안되고 잘 됐으면 좋겠네요,3
823,아이패드,스마트픽 너무 불편하네요. 물품은 하이마트에 도착한지 이틀이 지났는데 연락도 없었고요. 제가 고객센터 전화해서야 도착한지 알았네요.,3
824,아이패드,깔끔 하네요,3
825,아이패드,배송 빨리왔러용,3
826,아이패드,배송빠른점은 좋았는데 모서리에 찍힌 자국이 있네요 아이패드 씌운 비닐도 뭐가 묻어있고 뜯었으니 쓰긴 쓰는데 찝찝합니다,3
827,아이패드,시스템 오류로  배송 확인 문자 못받아...  불편 했습니다!,3
828,아이패드,Abc,3
829,아이패드,싸게 구입은 아닌거 같네요...ㅠㅠㅠㅠㅠㅠㅠㅠㅠㅠㅠㅠㅠㅠㅠㅠㅠㅠ,3
830,아이패드,w조아조아요,3
831,아이패드,가격도 좋고 물건도 좋네요^^,3
832,아이패드,상품 디자인 만족합니다. 추천합니다,3
833,아이패드,"잘 받긴 했지만  배송받는데  함들게 받았네요 ,생일선물로 아들이 고른거라  만족합니다.",3
834,아이패드,연휴때문에 배송은 늦었지만 물건은 마음에 들어요,3
835,아이패드,이쁩니다. 기스도 없고 화면도 좋지만 뒷면에 점이 몇개 찍혀있네요. 무시하고 씁니다. ,3
836,아이패드,잘 사용하고 있스무니다本当にありがとう！,3
837,아이패드,그리고 박스가 찌게져서왔네요 신경쓰세요,3
838,아이패드,배송 느려요 물건은 잘 왓어요,3
839,아이패드,제품은 좋음,3
840,아이패드,배송 왔으면 왔다고 말이라도 해줘야지 말도없이 경비실에 놔두고 가면 분실시 어떡하려고 그러는지 모르겠네요,3
841,아이패드,전자기기고 가격도 일이만원하는게 아닌데연락도 없이 맡기고 가버리면 어떡하나요어디 맡겼다고 문자라도 남겨야지 너무하네요,3
842,아이패드,문자라도 한통 주시지. 그냥 현관앞에 두고 가셨더라구요. 분실이라도 했으면 어쩌시려고...,3
843,아이패드,ㅎㅇ마트 다신안살듯..역대급이라고 거짓말이나하고,3
844,아이패드,제품 자체는 만 족합니다,3
845,아이패드,액정깨진것 왔어요 ㅜㅜ,3
846,아이패드,잘받았습니다,3
847,아이패드,그냥 호괘서 삼 ㅠㅠㅠ,3
848,아이패드,모서리에 찍힌듯한 기스가 난 상태로 왔어요.상자에서 꺼내 그대로 그 상자에 올려서 한번 확인후 아직 필름이랑 케이스가 오지않아 조심조심 비닐포장 벗기지 않고 씌워진 부분만 만지면서 초기 세팅하고 있었어요.그러다가 자리를 옮기느라 들어서 옮기다 모서리에 길게 찍힌듯한 기스를 발견했어요.색이 벗겨지고 그런게 아니라서 보는 각도에 따라 기스가 티가 잘 안나는거 같더라구요.속이 많이 상하는데 교환을 진행할 시간적 여유가 안돼서 그냥 사용하려구요. 다른분들은 좀더 자세히 살펴보셔야 할것 같아요 .,2
849,아이패드,모서리에 찍힌듯한 기스가 난 상태로 왔어요.상자에서 꺼내 그대로 그 상자에 올려서 한번 확인후 아직 필름이랑 케이스가 오지않아 조심조심 비닐포장 벗기지 않고 씌워진 부분만 만지면서 초기 세팅하고 있었어요.그러다가 자리를 옮기느라 들어서 옮기다 모서리에 길게 찍힌듯한 기스를 발견했어요.색이 벗겨지고 그런게 아니라서 보는 각도에 따라 기스가 티가 잘 안나는거 같더라구요.속이 많이 상하는데 교환을 진행할 시간적 여유가 안돼서 그냥 사용하려구요. 다른분들은 좀더 자세히 살펴보셔야 할것 같아요 .,2
850,아이패드,스마트 픽은 처음인데 하기 전에는 신선하다 생각했지만 픽업 가능이라고 해서 갔더니 바코드가 나와야 인수 가능하다고 하네요. 바코드가 한참뒤에 나와서 대기를 조금 하게 되었는데 이부분 개선이 필요할듯 싶습니다.  퇴근하고 가서 그렇지 픽업가능은 오전부터 가능하다고 되어 있었습니다. 그러면 저녁까지 바코드를 기다리는 상황이 오는거라 봅니다. ,2
851,아이패드,"""당일출고""라고 상품정보에  분명히 적혀있는데,  12일 지나서 오늘 오후에야 배송이 완료되었네요. 너무 너무 느린 것 뿐아니라, 고객에게 거짓으로 홍보하고 있네요. 당일배송 아니니, 급하신 분은 다른 곳에서 구매하세요.",2
852,아이패드,보호필름을 붙이려고 하는데 ㅋㅋㅋㅋ껍대기만 ㅋㅋㅋㅋㅋㅋ왜 그랬어요??,2
853,아이패드,사은품 강화필름과 아이패드 잘받았습니다.  근데 사은품은 택배로 왔네요. 같이 스마트픽 아니면 같이 택배로 보내주심 좋을것 같네요. ㅎ,2
854,아이패드,스마트픽이7시인데 스마트픽문자가7시40분와서 한참 기달렸습니다 ,2
855,아이패드,골드로 주문했는데..로즈골드가왔어여..,2
856,아이패드,아주 싼건 아니지만 적당히 잘 샀어요,2
857,아이패드,제품은 어디서 팔던 다 똑같으니 말씀드리지 않겠습니다. 추석전 배송이 가능한 시간에 결제를 하였으나 추석 전까지 배송조회가 안되어 전화드리니 재고가 없다고 추석 전에 배송이 안된다 하셨네요. 재고가 없는데 있는 것으로 표시한 것도 문제지만 사과 한마디 없이 추석 전에 굳이 받고 싶으면 착불로 퀵서비스를 발송하겠다 아니면 직접 찾으러 오라는 말을 하시니 참 어이가 없었습니다. 재고가 없으면 없다고 표시하시던가 나중에 재고가 없는 걸 아셨으면 전화라도 주셔야한다 생각합니다.,1
858,아이패드,"뜯자마자 혹시나 이상한곳이 없나 살펴봤더니, 볼륨버튼 쪽에 기스가 2개가 나있네요. 당연히 바꿔줄줄 알고 고객센터에 전화했더니, 바로 바꿔줄순없고 반품을 받은다음에 다시 애플본사에 보내서 바꿀수있는지 확인을 받아봐야알수있다는말뿐.. 설연휴가 껴서 반품보내도 2주는 있어야 다시 새제품을 받을수 있을거같아서 그냥 똥밟았다 생각하고 써야되나 계속 고민했음. 왜 구매자가 이런 불편함을 안고가야되는지도 이해가 안갔고..;; 또 어이없었던건.. 그렇게 고민하다가 전원버튼도 키지않은채 이틀뒤에 ANTZ라는 각 지역마다 있는 애플공인서비스센터를 갔는데, 거기서 정말 친절하신 직원께서 전원을 아직 키지 않아서 다행스럽게도 바로 새제품으로 바꿔주셨음 ㅡ ㅡ;;이렇게 간단하게 할수 있었던걸 왜 컴퓨존에서는 본인들한테 굳이 보내서 본사까지 가서 확인해야 하는 불편함을 알려준거죠?? 제대로 알고서 고객응대를 하는건지 궁금하네요. 앞으로는 이런경우 있으면 직접 지역 애플서비스센터 가보세요.",1
859,아이패드,"6월 21일 : 상품 결재6월 25일 : 상품 수령아이패드 일본 제품. '110v' 충전기와 220v 다이소 어댑터가 동봉 됨6월 25일 : 상품평 작성추천여부 : 추천배송만족 : 빠름코멘트: '일본 제품이라서 110v 입니다. 구매 시 참고하세요'6월 27일 : 판매자로부터의 전화[통화 내용]'고객님 혹시 사용하시는데 불편한 점 있으세요?''네? 아뇨 없는데요''혹시, 110v라서 쓰시는데 불편하신가요?'네.. 뭐 아무래도 220v 보다는 불편하겠죠 어댑터를 써야하니까''그러면 저희가 어댑터를 보내드릴게요''네?''저희가 어댑터 안쓰실 수 있게 220v짜리 보내드릴게요''네.. 그럼 저야 좋죠''고객님 죄송한데.. 혹시 상품평 지워주실 수 있으신가요?''네?''저 상품명 지워주시면 바로 보내드리겠습니다''네.. 그럴게요''혹시 뭐 때문에 삭제하냐고 물으면 그냥 고객님이 지우고 싶으시다고 말씀해주세요''네...'[이후 스크린 샷 참조]판매자님 어댑터 보낸다는건 빈말이신거 같은데 이제 안보내셔도 됩니다. 기존에 쓰던 패드꺼 끼워쓰면 되니까.따로 전화도 주지마세요.",1
860,아이패드,당연히 애플 코리아 제품인줄 알고 샀는데 애플 재팬꺼가 왔습니다.기분좋게 박스 풀고 110볼트 어댑터보고 소름 돋았습니다. 정말 짜증나네요. 장사 이렇게 하지 마시고 최소한 일본 발매 제품이라는 표시는 있어야 하지 않나요?? 제가 애플 물건을 폰 말고는 첨 구입해보는 거라 박스 풀기 전에 제대로 확인하지 못한 잘못도 있지만 억울한 기분이 드는 건 사실입니다.아무튼 다른 분들은 제대로 알아보고 구매하시기 바랍니다.,1
861,아이패드,"아니 같이 산 액정필름이 3만 5천원이에요 근데 꺼내다가 깨지는게 말이 되나요 진짜 .. 강화필름이 무슨 종잇장보다 얇아요 ,,ㅎ",1
862,아이패드,배송너무느림 재고는 없는데 주문은 계속 받음,1
863,아이패드,다시는 오픈마켓에서 안살거에요 ㅎㅎ ㅜ 공홈에서 사야 교환하기도 편하고 좋을거같네요,1
864,아이패드,선물용으로 산거라 교환할 시간도 없어서 그냥 줬는데  모서리 찍혀있더라구요. 리퍼제품이 아닌가 하는 생각이 듭니다,1
865,아이패드,배송개ㅈ같이느리네주문한지가언젠데ㅋㅋ욕먹고싶어해서욕박는다재고없음연락해서먼저 조치를취하던가ㅋㅋㅋㅋㅋ,1
866,아이패드,미안하지도 않나봐요?,1
867,아이패드,배송박스가 찌그러져서 왔어요 뽁뽁이도ㅠ벗겨져서왓구요,1
