2021-03-17 00:00:00+00:00," _이거 써보신 분 계세요 😯⁉️이번에 구매했는데 넘 좋아서요 👉🏻👈🏻 🤍 샤오미에서 나온 #미밴드5 인데시계, 만보기,카톡 전화알림, 날씨 날짜 등등 숨은 기능들이 꽤 많더라구요 3만원의 행복을 느끼고있습니당 🙈🙈 방수라서 작업할 때도 씻을때도 계속 차고있기 🔨 강추해요 ❣️광고 아니구, 내돈내산 후기 🤣❣️ 🤍 가격 완전 착하네요👍👍 엄청 착하네요.😆하나 구입해볼까아 3만원이요?! 오,, 있어보이는데 3만원 갠츈한데?! ㅋㅋㅋ🤭"
2020-07-08 00:00:00+00:00, ㆍㆍㆍㆍㆍ집에 도착해서보니 나의 #미밴드 #걸음수 👍🏻👍🏻👍🏻👍🏻👍🏻👍🏻#줌바 에서 얼마나 깨작깨작 스텝 밟았으면 하기전 6000보 하고나서 13000보. 대박이다.#줌바계의여신 에게 한 수 지대로 배움.샤워하는 내내 스텝 회상중 🤣🤣🤣🤣🤣🤣감사요. @hiitgym_choi #초이쌤 💕ㆍㆍㆍㆍㆍㆍㆍㆍㆍㆍ#하루운동시간 #4시간40분 #즐겁게하니시간이아쉬웠음 #오늘꿀잠자겠다 #열독해야지 #독서는나의힘 #운동도나의힘 #내머리는살찌우고_내몸은근육으로찌우고 #kg증량 #근육량늘리기 #감사한하루 #독서후푹자자 #재밌는책들이많아요 #운동하는플로리스트 #운동하며꽃파는여자 #소녀의비밀정원 #위대한일실천 #매일이위대하다 #매일이즐거워 #내일은뭐입지 #룰루랄라 😆#하을이네 홀 ! 저도 이거 삿뉸데 ㅋㅋㅋㅋ 전화 알람도 울려서 넘 좋아용 💗 ㅋㅋㅋㅋ 줌바 중독성있지 ㅋㅋㅋ 나두 좀전에 집에옴 😆😆 나 금방 내 미밴드보고 깜놀 ㅎㅎㅎ 👏👏👏❤️❤️
2020-06-17 00:00:00+00:00, ㆍㆍㆍㆍㆍ두 번 운동한 날은 스트레칭 쉬고 싶은데 운동 쉬고 싶은데 #박하을 #다이어트땜같이한다 #미밴드 결과 1039kcal 👍🏻👍🏻👍🏻👍🏻👍🏻👍🏻먹은 양은 2000넘고 기초대사량 1309니 결국 300kcal 뺀건가 먹기는 참 쉬운데 운동은 여전히 힘들다요. 운동 끝나니 세탁기에 운동복 다 돌아갔네. 여전히 끝나지 않는 일. 이제 씻자.뚱띠야. ㆍㆍㆍㆍㆍㆍㆍㆍ#하을이네 #모녀운동 #하을아키만크거라 #다이어트 #달밤에체조 ㅎㅎㅎㅎ하을아~~~~ 빤쓰바람의 하을이💕 기초대사량ㅠ 부러워요 전 기초대사량이ㅠ 천을못넘어요ㅠㅠ 휴ㅠ 울둘째다이어트를위해  저도 울둘째도 운동해야하는데ㅠ 오늘도 피드보며 반성합니다 땡실땡실 귀여브래이😍ㅎㅎ 지도 운동한다꼬😅😅 딸아이 하을이 넘 귀여움😘 하을이 표정보ㅏ ㅋㅋㅋㅋ🙈 하을이 너무 귀여워요😍 하을아 ㅋㅋㅋㅋ멋지다 ㅋㅋㅋㅋㅋ😍😍😍
2020-12-18 00:00:00+00:00, .오늘은 진짜 하루종일 두통에 시달려서 #미밴드 스트레스 지수도 계속 높음이었다😡카페인 때문인가 싶어서 커피도 마셔보고 이것저것 나름의 노력에도 쉽사리 없어지질 않다가 집에와서 쉬엄쉬엄 운동해주니 좀 나아졌다.. ㅎㅎ #힘든하루였다 .후 하마터면 #멬터컵챌린지 못할뻔!!그치만 오늘은 좀 쉬엄쉬엄 여러가지 운동을 해줬다.🤸🏽‍♂️ 타바타운동 30분🤸🏽‍♂️ 줌바댄스 20분🤸🏽‍♂️ 쉬엄쉬엄 폼롤러마사지.➰아침. #멬샐 #참치통밀크래커샐러드 ➰점심겸저녁. 남은 샐러드....하루종일 머리가 아파서 먹은게 없다..그래서 운동도 나름 했으니 #치맥 때리려고..... 하는뎅... ㅎㅎㅎ (나아졌다고 바로 치맥때리기).@makesalad_official @cheerup_butter.cup 나오늘도 해냈다요 #멬샐챌린지 벌써 챌린지 5일차!! 내일도 한드아🔥🔥.아 맞다 원래였음 오늘 집들이 모임이 있던건데ㅜㅜ 코로나 때문에 뭐... 다 취소...신년모임 합시다 다들😬 오늘 말이 좀 많았넼ㅋㅋ #머쓱타드 매일 꾸준한 모습 넘 보기 좋네요 저는 그것이 잘 안되요 🤣 역시 운동은 만병통치약...👀😁😁 푹쉬시구 꿀주말 보내용!!👍👍 미밴드가 두통도 잡아줘요? 진짜 신기하네;; 그래도 50분이나 운동하셨음 쉬엄쉬엄 하신게 아닌데요~! 제 기준 엄청 열심히 하셨음!! ㅋㅋ 너 뭐하는거야?ㅋ빤스모델이라도 도전하는거야? 컨디션 업!! 컨디션 안좋은데도 열운하셨네여👍🏻 미벤드가 스트레스도 측정해주나요? 대박똑똑😮😮
2021-06-30 00:00:00+00:00, 데이오프에 베트남으로 여행다녀옴 🇻🇳 #머리부터발끝까지 #생일선물 ㅋㅋ#효뜨 #데이오프 #다음엔 #방콕이다 꺄 시원해 여름이야 💙 너무맘에들구..🔥 아름다워요 😍 길다길어🤪 #여행어디까지가봤니 #국내여행 #베트남맛집 #베트남여행 #여름휴가 #데님스커트 #미밴드 #협찬 #DM #직장인스타그램 #서울살이 #이태원맛집 #출근싫어 찐연예인일세 😍😍😍😍👍👍👍👍 분위기가 좋으시네요🤗 잠시 소통 가능하세요?
2018-09-09 00:00:00+00:00, #출근일기 #김칫국드링킹 #당첨운 이런 생각 다들 한 번쯤 해보지 않으셨나요😂😂..내일은 다시 월요일..가만히 있는 하루가 되길😲🤤 당첨운 좋으신분들 왕부럽🤗🤗🤗 저는 매번 복권 살 때마다 그런 생각 하는 걸요..ㅎㅎㅎ 다음주 수요일 연금복권 되기를..! 기 좀 나눠 주세요.ㅎㅎ 저는 당첨운이 진짜 1도 없어서😂 저도 기 받아가야겠어요! ㅋㅋㅋㅋ 🤣🙌🏻 으와 전 당첨운 완전 바닥이에여...운이 4프로.... 앜ㅋㅋㅋㅋ 저두 그런 생각해봤어여 ㅋㅋㅋㅋㅋ 그래서 부담스러운 거는 응모도 안 하규.. 헐..빅스팬이세요..?(ㅎ..하이파이브 와...당첨의신이 도와주시나봐요...😯 와..당첨운 부럽습니다!!! 그 운을.. 로또에!!!!👉👉 작가님 당첨운이 대단하시군요!!!!! 저는 10년에 한번...😭ㅎㅎㅎ 저도 상상해보았습니다!ㅋㅋㅋㅋ😂 그나저나 10k 넘나 축하드려요 하루살이님♡ 큰 힘에는 큰 책임이😂 ㅋㅋㅋㅋㅋㅋㅋ @min_ryul 이력서 제출만하면 내 할일은 끝나는데 회사합격해버리면 학교는 어떻게하지? 이런 김칫국이랄까 ㅎ
2020-10-27 00:00:00+00:00," 운동 부스터 부릉부릉, 드디어 왔다 #미밴드5 팔에 끼고있더니 다른거 삿나보네 이쁘다야 ㅎㅎ 💛 걍 패션 아이템으로도 손색 없는데요?!😍 스누피 ㅎㅎ😍 오 미밴5.  화면도 바꾸신?  사람들이 제작한 예쁜거 많으니 자주 교체하면서 ㄱㄱ  물론 전 아직 집에선 미밴2 씁니다. 당췌 고장이 안나.... 😭 오 스누피 시계 탐나네요! 🙈"
2020-06-06 00:00:00+00:00, 이모부가 선물해준 #미밴드 맘에들어효🕰❤️--#사촌지간 #형제 아님😅#아난티 #노지오 지오도 아직 젤리캣 애착인형 가지고 다니네요 저희도 6년간 꼭 들고다니는 인형이예요 :) 넘이쁜형제둘❤️👏 어맛  아들래미 샌들 구입처알수있으까요? 저거핑쿠찾고있었는뎅^^
2019-08-29 00:00:00+00:00, 미밴드😊⏰...#미밴드 #샤오미미밴드4 #미밴드4 #xioami #mibend #쿠팡 #로켓배송 #오랜만에올리는거같다 #좋아요반사#l4l#like4likes#좋반#likeforfollow #instagood#선팔#맞팔 #좋아요반사 #❤️ #f4f #선팔하면맞팔 좋반이요❗️❣️
2021-08-08 00:00:00+00:00, #셀카 #셀피 #셀스타그램 #부산여행#기장맛집 #기장롯데아울렛 #기장조개구이#데일리 #일상 #여름휴가 #부산#아이폰 #애플워치 #미밴드 #좋아요 최근게시물 좋반와주세욧^^
2021-08-08 00:00:00+00:00, #만보달성#만보#계속하기#2021.8.8#일상#여행#daily #travel#한강#한강야경 #fff#걷기#동네한바퀴#즐거움#일상소통#여행스타그램 #미밴드 Nice! And we invite you to earn Grands
2021-08-07 00:00:00+00:00," Good morning!■ 미라클모닝 218일■ 기상시간 am 04:33■ 수면점수 91점■ 미온수 한 잔 원샷“꾸준함이 모든 것을 이긴다!”“꾸준함은 절대 배신하지 않는다!!”“꾸준함이 나를 만든다. 새벽이 나를 만든다.”“꾸준함이 답이다”“졸꾸하자(졸도할정도로 꾸준하게)”“꾸준함은 나의 무기”“천천히, 하지만 꾸준하게!”“나는야 꾸준러!”“하기 싫어도 시스템에 몸을 맡기자!”“기다려지는 새벽, 설레이는 새벽”“열정은 불같이, 의지는 물같이! 불길처럼 활활 타오르는 열정을 갖되 물길처럼 끊임없이 흐르는 끈기를 지니자!”“멈추지 않는 한 반드시 변화는 일어난다”#미라클모닝 #새벽기상 #아침 #공복 #물한잔 #아침루틴 #모닝루틴 #미온수 #미밴드 #수면 #일어나 #새벽 #물한잔 #꾸준함 #일요일 안녕하세요! 즐거운 일요일 아침 입니다🤗🤗🤗 행복한 주말 되세요👍 😁😁 굿모닝입니당❤️"
2021-08-07 00:00:00+00:00, 옜날 가전제품이 새로 들어올때면 어린나이에 제일먼저 알아보고 만져보는 아들의 모습을 지켜보기만 하셨던 아부지… 시간이흘러 누나 선물인 애플워치를 보신 이후부터 아주 오래전 스마트할뻔한 워치를 차고다니셨던 아부지  이제는 내가 기계자체에 별 감흥이 없어진 그때 그 아부지 나이가 되면서  스마트워치에 너무나 호감을 가지시는 부모님을 보면서  선물하는 그기쁨이 예전 그 아부지 마음일거라고 감히 짐작해 본다. #미밴드6 #80노인도 #70주부도 #미밴드#스마트워치 #만보를위해 #10000보 ??? 좋고....어.... 좋은.... 맞나요?
2021-08-07 00:00:00+00:00, 운동도 안하고 과체중인데...#미밴드 생겼음개학하면 학교좀 다녔으면.... 이게 모야? 나도 줘!!! ㅋㅋㅋ
2021-08-07 00:00:00+00:00, 컨디션은 그냥 그래#헬스타그램 #공복운동 #미밴드 몸 지려 👏👏 좋다 🔥🔥🔥 머싯다 굿굿🔥
2021-08-07 00:00:00+00:00," 회복) 걷기 운동 & 기록 & TMI 입원기간 1주일이였던걸 젊은 체력으로 5일만에 퇴원!!(수술전1+수술날1+수술후3)본가로 들어와서 회복과 함께 체력 증강을 위해걷기 운동 Start!!저녁먹고 약먹고 30분 정도뒤에 걷고잇는데 걸어야 회복이 빠르다그래서 무한 걷기중ㅋㅋ 간호사+의사 말은 참 잘듣는거같다아직 3km 이상은 못 걷겠지만ㅠ 계속 걷다보면 괜찮겠지ㅋㅋ집앞 만석공원에 가서 걷기~루트보먼 나름? 하트모양이다(GPS가 엉망ㅋ)상단 초록색 빈 공간이 skate파크와 테니스장이다. 20.12.4에 내 게시물로 올린 미밴드5라는 웨어러블! 쉽게말하면 스마트워치로 측정가능해서 운동하는 사람에게 참 좋은것같다. 그동안은 카톡알림+시계 용도로 밖에 안썻는데 이제 기록도 담당하고있는 (3만원짜리) 기특한 녀석이다어제는 배구보느라고 운동 못했는데 오늘은 주말이니까 꼭 해야겟다TMI를 적는건 사람을 못 만나서 심심해서 그런거같다 ㅋㅋㅋㅋ아픈데 병문안도 금지고, 많이 외로워서 병원에서 간호사랑 다른 환자들과 친해졌다... ㅋㅋ 웬 멀쩡해보이는 젊은애가 주렁주렁 달고다니냐는 말도 들었다ㅋㅋ 병원에서 겁나 멀쩡하게 걸어다녀서 그랬나? 무통주사로 통증 없어서 잘 걷다가 퇴원하니까 무통주사 없어서 아파서 잘 못 걸어다닌다;;간호사가 수술후에도 혈관이 잘보여서 혈관이 튼튼하다 그랬다ㅋㅋ 평소에 운동좀한다구ㅋㅋㅋ했는데 양심에 찔리긴했다ㅋㅋ 보드를 운동으로 봐야하는가ㅋㅋ 입원 5일동안 주사바늘3번을 옮겼다ㅋㅋ 자꾸 부어올라서 아직도 부운곳들이 아픔;; 왜 부엇는지 알려줄 지식인 댓글로 남겨주세욤ㅋㅋ퇴원후엔 잘 걷지도 체력도 많지않아서 수원와서도 친구들 만나지 못하고 어느덧 조직검사결과+수술후경과들으러 또 병원을 가야할때가 됐다...서울 언제가냐~~~ 회사도 가야되는데... TTTTMI 끝Last. 사람이 건강하지 못하니까 우울해지는거 같다. 다들 건강하고 인스턴트먹지말길바람! 원인불명 종양으로 고생중ㅠ #수술후 #회복 #걷기운동 #미밴드5 #미밴드 #miband #웨어러블 #만석공원 #희소식도있다 #애플워치받아서 #미밴드마지막활용 #웨어러블입문 #스마트워치 #술금지 #종양제거 #병원비 #몇백만원 얼른 회복혀....😢 이야 너무 멋지다…. ㅠㅠㅠㅠ  얼른 회복하자🙏🏻🙏🏻"
2021-08-06 00:00:00+00:00," 새벽운동(81일차) ■ 턱걸이 : 15 + 8 + 7 = 40회 ■ 푸쉬업 : 40회 x 3set = 120회 ■ 레그레이즈 : 40회 x 3set = 120회 ■ 플랭크 : 1분30초 x 3set = 4분 30초 ■ 달리기 : 5km 인터벌달리기, 100m전력질주/100m걷기 ■ 아침식사 : 계란김밥 + 야채샐러드 + 복숭아 + 바나나 + 사과 + 아이스아메리카노■ 조언부탁드려요.#새벽운동 #푸쉬업 #플랭크 #자기계발 #몸짱 #달리기 #운동장 #마라클모닝 #할수있다 #팔굽혀펴기 #미밴드 #아침 #모닝루틴 #근육 #아침식사 81일차.. 정말 대단하십니다. 이미 습관화가 되셨겠네요.. 저극 많이 받고 갑니다. 미리클모닝 화이팅입니다! 레츠기릿 🤘 저도 턱걸이 성공해보고 싶어요 ㅠㅠㅠㅠ 땀으로 샤워😢 고생 하셨어요 ! 오늘 하루 더 건강해지셨네요 🔥 푸쉬업 하실때는 어디서 하시는건가용~~? 고생하셧어요🙌"
2021-08-06 00:00:00+00:00, #첫줄👋👋👋온몸이 밤새 누가 때린듯 아픈 아침이다어제 점심때 먹은 속세음식(야끼우동)에속죄하는 마음으로 야간산행 갈려고 했는데때마침 소나기가🙄🙄🙄다시 마음 다잡고 걷뛰하러수성못 출발정확한 거리를 지도에서 측정했다우리집에서 수성못 한바퀴 돌고원점회귀하면 정확히 4.4k이다수성못 둘레가 정확히 2k가 맞았다🤭🤭🤭수성못 3바퀴 뛰고 횡단보도까지 뛰었다정확히 6.2k 뛰었다😏😏😏평균 키로당평균시속 5.88(이것도 중요하다고 이야기 들었음)처음에 목표로한 5k는 어제 뛰었다첫바퀴는 토나올거 같고심장도 뛰쳐나올거 같았는데(앞으로 저녁 적당히 먹어야지🤭🤭)이상하게 뒤로 갈수록 호흡도 더 편하고 아무생각없이 뛰었다뛰는 내내 왼쪽 대퇴가 통증이느껴지는게 다시 하체 웨이트 필요하단걸절실히 생각했네모든 운동에 쓰이는 근육은 제각각이란걸무튼 이제는 수성못 한바퀴는 고민없이 뛸 수있다는 사실에 기쁘다😌😌.주말 아침이라 느긋하게 글쓴다또 일기 쓸까봐 적었는거 또 확인하면서🤭🤭🤭.창밖을 보니 구름 한점 안 보인다우리집 기준이다어! 우리집은 보이는데🤔🤔🤔 그러면 곤란하다🙄🙄🙄째든 오늘도 우리 인친님들 더운 날씨에 지치지 마시고 건강하고 행복하게 하루 보내시라🤗🤗...#일상소통#선한영향력#긍정적인생각#운동기록#만보걷기#실내자전거#런린이#유지어터#다이어터#수성못#저녁운동#미밴드#거리정확도#중국스럽네#🙄🙄🙄#할리데이비슨#갖고싶다#몰래사까#쫒겨나겠지#🤭🤭🤭#오늘은#커피로스팅#하는날#미소#함박#😁😁😁 오늘도 고생하셨어요! 이렇게 더울때 그렇게 많이 운동하시다 쓰러지시는거아닌가용😢 ㅠㅠ😭 무릎도 걱정되용 벌써 지쳐유~~😢우짬좋대유?!🤪 새우!!!😍😍 와~ 오늘 6k넘게 뛰셨네요~~👏👏 페이스도 너무 좋아요~ 😍 우왕 오늘 아침도 너무 맛있어보여요!! 주말잘보내세요🙌🙌🙌 샐러드 너무 좋네요!ㅎㅎ 일기쓰면 어때요 남의 일기 읽는 재미가 쏠쏠합니당🤣 ㅎㅎ 토토로 안녕!!! 저는 자꾸 ㅋㅋㅋㅋ 피규어랑 인사를 하고싶....🤣🤣🤣울인님 주말도 화이팅!! 할리데이비슨은 몰래 살 수 없는 크기 아닙니까?🤣🤣🤣 러닝화 좋은걸로 하나 장만하시지요! 인친 하구싶어요 저희 인친해요 먼저 선팔 하구갈게용~^^ 진짜 체력 대단하세요🔥 토요팅입니다🔥🙌 6.2키로 👏👏👏👏 와 벌써 5K 넘게 뛰시다니😮!!!! 목표 달성 축하드려요!! 달리기는 할 수록 호흡이 편해지면서 나중에는 무아지경 같은 느낌도 나더라구요ㅋㅋ 부상은 조심하시구요!! 남은 주말 푹 쉬셔요!😊
2021-08-06 00:00:00+00:00," Good morning!■ 미라클모닝 217일■ 기상시간 am 04:10■ 수면점수 83점■ 미온수 한 잔 원샷“꾸준함이 모든 것을 이긴다!”“꾸준함은 절대 배신하지 않는다!!”“꾸준함이 나를 만든다. 새벽이 나를 만든다.”“꾸준함이 답이다”“졸꾸하자(졸도할정도로 꾸준하게)”“꾸준함은 나의 무기”“천천히, 하지만 꾸준하게!”“나는야 꾸준러!”“하기 싫어도 시스템에 몸을 맡기자!”“기다려지는 새벽, 설레이는 새벽”“열정은 불같이, 의지는 물같이! 불길처럼 활활 타오르는 열정을 갖되 물길처럼 끊임없이 흐르는 끈기를 지니자!”“멈추지 않는 한 반드시 변화는 일어난다”#미라클모닝 #새벽기상 #아침 #공복 #물한잔 #아침루틴 #모닝루틴 #미온수 #미밴드 #수면 #일어나 #새벽 #물한잔 #꾸준함 #토요일 꾸준함! 멋지세요 화이팅!! 오늘도 굿모닝이에용😍"
2021-08-06 00:00:00+00:00, .미밴드 스트랩!⠀기본 스트랩도 가볍다고 생각했었는데바꾸니까 훨씬 훨씬 가볍고 덜 답답하다.⠀색도 시커먼거에서 화사해지니까 더더욱 예쁜 것!⠀⠀#미밴드 #미밴드스트랩
2021-08-06 00:00:00+00:00," #양양 #8월6일 #걷기 #남대천 #뚝방길 #가민 #미밴드.8월이라 8k. 간간히 뛰었음. 시계 양손에 차고, 휴대폰 허리에 차고.. 이렇게 다 들고 운동하려던게 아닌데 ㅎ 이럴거면 사실 휴대폰 하나로도 충분 ㅋ 난 왜 이길이 동네길처럼 익숙할까요.. ^^ 백신 맞은건 이상증세 없나봐요..?"
2021-08-05 00:00:00+00:00," 새벽운동(80일차) ■ 턱걸이 : 13 + 7 + 6 = 26회 ■ 푸쉬업 : 40회 x 3set = 120회 ■ 레그레이즈 : 40회 x 3set = 120회 ■ 플랭크 : 1분30초 x 3set = 4분 30초 ■ 달리기 : 5km, 28분19초(평균페이스 5분40초) “오늘은 속도가 붙질 않네…ㅠㅠ 그애도 포기하지 않을테다!!” ■ 아침식사 : 토스트 + 야채샐러드 + 복숭아 + 바나나 + 사과 + 아이스아메리카노 + 명작수 + 요플레 + 오트밀■ 바디인증 : 70일차 때 바디인증을 못 하는바람에 더 좋은 몸 보여드리고 싶었는데… 아직 멀었네요.ㅠㅠ 그래도 약간의 변화는 느껴지고 있답니다.ㅋㅋㅋ^^;;;보이시나요?■ 조언부탁드려요.#새벽운동 #푸쉬업 #플랭크 #자기계발 #몸짱 #달리기 #운동장 #마라클모닝 #할수있다 #팔굽혀펴기 #미밴드 #아침 #모닝루틴 #근육 #아침식사 #방울토마토 #구운계란 #명작수 혼자서 계획잡고 운동하기 쉽지 않은데 정말 대단하세요👏👏👏 오~ 영롱한 복근이군요😍 저거 땀으로 젖은거쥬 ....?? 조언 할게 없어요 혼자서 이정도면 ..🙌 100일의 변화가 기대됩니다.👏👏 안녕하세요!:)일상 보내시는데 노력 많이 하시네요👏👏저도 노력 많이 하고있는데 소통 자주 같이 했으면 좋겠어여ღ'ᴗ'ღ🙏🏻💛. 와 아침부터 장난아니십니다🔥🔥🔥 푸쉬업 120개 😮 정말 대단하세요 👍 과찬이세요~~^^;;하다보니… 근데 정석은 아닌것 같아요. 꼼수부리면서…ㅋㅋㅋ"
2021-08-05 00:00:00+00:00," Good morning!■ 미라클모닝 216일■ 기상시간 am 04:24■ 수면점수 90점■ 미온수 한 잔 원샷“꾸준함이 모든 것을 이긴다!”“꾸준함은 절대 배신하지 않는다!!”“꾸준함이 나를 만든다. 새벽이 나를 만든다.”“꾸준함이 답이다”“졸꾸하자(졸도할정도로 꾸준하게)”“꾸준함은 나의 무기”“천천히, 하지만 꾸준하게!”“나는야 꾸준러!”“하기 싫어도 시스템에 몸을 맡기자!”“기다려지는 새벽, 설레이는 새벽”“열정은 불같이, 의지는 물같이! 불길처럼 활활 타오르는 열정을 갖되 물길처럼 끊임없이 흐르는 끈기를 지니자!”“멈추지 않는 한 반드시 변화는 일어난다”#미라클모닝 #새벽기상 #아침 #공복 #물한잔 #아침루틴 #모닝루틴 #미온수 #미밴드 #수면 #일어나 #새벽 #물한잔 #꾸준함 #금요일 굿모닝입니다~~❤️"
2021-08-05 00:00:00+00:00, #첫줄💪💪💪오랜만에 하루 2피드다달리기 하고 들어와서 기록한다미밴드에 사진 찍고 또 저장 안 눌렀네.. 🙄🙄🙄걷뛰에서 뜀밤질 3k 나머지 걷기다좀더 정확한 거리는 컴터로 확인하고앞으로 올리겠다진짜 마스크만 아니면 좀더 뛰어도크게 무리 안가는거 같다조금 쉬었다가 자전거 타고오늘 운동은 마무리~^^😌😌...#저녁운동#수성못#달리기#3k#미밴드#저장누르자#제발#🙄🙄🙄#이제#런린이#벗어나야지#땀범벅#다들#이상하게#쳐다본다#땀흘리는사람첨보슈#🤣🤣🤣#웃자#달밤에뜀박질 울님 집 좋네욧 불링불링~😍💫 우와~~ 하늘 끝내주네요~~ 😍😍 저하늘에 구름사이로 햇빛이 쨍😍😍 너무 이뻐요👏👏👏어쩜요런걸 순간포착하셨어용😮❤️❤️ 와! 천상으로가는길인가요😂😂 와우 하늘👏👏👏 근데더웠죠ㅜ고생하셨어요🙌🙌 오늘도 3K런!! 고생 많으셨어요! 자전거도 빠이팅입니다😆👏🏻👏🏻 마쟈요 ㅠ 마스크 완젼 극공감… 왠지...사과나 호두 같은거 한손으로 기냥 파박! 하고 깨버리실 것 같은 손과 근육이군요. 정적인 아침 식단 피드를 올리시지만 가끔씩 보여주시는 이 반전 매력...👍👍 우옹 남성분이셨군요!!!👏👏팔뚝이팔뚝이 으리으리 우왓! 하늘이 끝내주네여! ^^ 수고하셨숩니다~^^ 이두에 혈관이 선명하십니다👏👏👏 안녕하세용~ DM드려도 될까여~??☺️
2021-08-04 00:00:00+00:00," 새벽운동(79일차) ■ 턱걸이 : 13 + 7 + 5 = 25회 ■ 푸쉬업 : 40회 x 3set = 120회 ■ 레그레이즈 : 40회 x 3set = 120회 ■ 플랭크 : 1분30초 x 3set = 4분 30초 ■ 달리기 : 5km, 26분 43초(평균페이스 5분20초 “8월목표 4분대 진입!! ■ 아침식사 : 야채샐러드 + 복숭아 + 바나나 + 사과 + 아이스아메리카노 + 명작수 + 요플레 + 오트밀■ 조언부탁드려요.#새벽운동 #푸쉬업 #플랭크 #자기계발 #몸짱 #달리기 #운동장 #마라클모닝 #할수있다 #팔굽혀펴기 #미밴드 #아침 #모닝루틴 #근육 #아침식사 #방울토마토 #구운계란 #명작수 👏👏👏👏👏👏👏 너무 멋지신거 아녜요. 저도 새벽기상으로 독서중이엇는데 여름은 이상하게 쉽지 않아요. 그래서 새벽 운동을 하려고하는데, 인친님처럼은 못할듯요^^너무 멋지세욥. 홧팅😍 푸쉬업을 하시는 몸이 엄청 가벼워 보이는 착시 효과인가요ㅎㅎㅎ꾸준함의 결과이겠죠👍🏼 고생하셧어요 ㅎㅎ 진정한 꾸준함 🙌 인친님 피드보면서 궁금한게 있는데 오버그립으로 안잡고 하시는데 혹시 그게 더 효율이 높은가요??🙌"
2021-08-04 00:00:00+00:00," Good morning!■ 미라클모닝 215일■ 기상시간 am 04:25■ 수면점수 93점■ 미온수 한 잔 원샷“꾸준함이 모든 것을 이긴다!”“꾸준함은 절대 배신하지 않는다!!”“꾸준함이 나를 만든다. 새벽이 나를 만든다.”“꾸준함이 답이다”“졸꾸하자(졸도할정도로 꾸준하게)”“꾸준함은 나의 무기”“천천히, 하지만 꾸준하게!”“나는야 꾸준러!”“하기 싫어도 시스템에 몸을 맡기자!”“기다려지는 새벽, 설레이는 새벽”“열정은 불같이, 의지는 물같이! 불길처럼 활활 타오르는 열정을 갖되 물길처럼 끊임없이 흐르는 끈기를 지니자!”“멈추지 않는 한 반드시 변화는 일어난다”#미라클모닝 #새벽기상 #아침 #공복 #물한잔 #아침루틴 #모닝루틴 #미온수 #미밴드 #수면 #일어나 #새벽 #물한잔 #꾸준함 #목요일 우리인친할까요 태그 타고 왔습니다~ 반가워요! 팔로꾹!!!"
2021-08-04 00:00:00+00:00, 안농 ? #미밴드 꿀템 미밴드 꿀템 인정인정 ✨✨✨✨✨ 애플워치개꿀템❤️
2021-08-04 00:00:00+00:00, 왘 미밴드 진짜좋다.. ..... 중국산이라 쳐다도 안 봤었는데.. 진작살걸...... 근데 좀 크네? 그래도 가민이나 갤럭시워치보단 훨씬 착용감이 낫다.#진작살걸 ㅋㅋㅋㅋㅋㅋㅋㅋㅋ #대만족 #스마트워치 #샤오미미밴드6 #미밴드 오 드뎌 왔네
2021-08-04 00:00:00+00:00, 지금 바로 다운로드 받고 이벤트 참여 하긔😉❤[#EVENT 축구파이 정식 버전 발매 이벤트]우주 최초 축구도 즐기고 포인트도 쌓는 축구파이 정식버전 OPEN ! 🎊지금 바로 새로워진 축구파이⚽를 다운 받고 축구를 즐기면 엄청난 선물이 쏟아집니다!🎉📣참여방법! STEP1. 축구파이 앱 다운받고 회원가입하기 STEP2. Renewal 기념 특별 이벤트 참여하기🎁이벤트 경품 ✔애플워치6 (1명)✔닌텐도 스위치 (1명)✔샤오미 미밴드 (3명) ✔에어팟 프로 (1명) 📅이벤트 기간 ~2021.08.20(금)📅당첨자 발표 2021.08월 중 별도 공지*경품은 판매처 상황에 따라 동일 금액의 다른 상품으로 변경될 수 있습니다. *경품에 대한 제세 공과금(22%)는 본인 부담입니다. #축구파이 #축구 #축스타그램 #포인트 #앱테크 #훈련 #챌린지 #이벤트 #경품 #애플워치 #닌텐도 #닌텐도스위치 #샤오미 #미밴드 #애플 #에어팟
2021-08-03 00:00:00+00:00," 새벽운동(78일차) ■ 턱걸이 : 13 + 6 + 5 = 24회 ■ 푸쉬업 : 40회 x 3set = 120회 ■ 레그레이즈 : 40회 x 3set = 120회 ■ 플랭크 : 1분30초 x 3set = 4분 30초 ■ 달리기 : 5km, 26분 54초(평균 페이스 5분23초) “8월목표 4분대 진입!! ■ 아침식사 : 야채샐러드 + 복숭아 + 바나나 + 사과 + 아이스아메리카노 + 명작수 ■ 조언부탁드려요.#새벽운동 #푸쉬업 #플랭크 #자기계발 #몸짱 #달리기 #운동장 #마라클모닝 #할수있다 #팔굽혀펴기 #미밴드 #아침 #모닝루틴 #근육 #아침식사 #방울토마토 #구운계란 #명작수 오늘 하루도 파이팅 파이팅입니다🔥 4838.8님피드타고 왔어요! 선팔하고갑니다~ 👏👏 우리인친할까요 태그 타고 왔습니다~안녕하세요🙌❤️ 미싱하는 달우맘입니다😍반가워요! 팔로꾹!!"
2021-08-03 00:00:00+00:00," Good morning!■ 미라클모닝 214일■ 기상시간 am 04:32■ 수면점수 85점■ 미온수 한 잔 원샷“꾸준함이 모든 것을 이긴다!”“꾸준함은 절대 배신하지 않는다!!”“꾸준함이 나를 만든다. 새벽이 나를 만든다.”“꾸준함이 답이다”“졸꾸하자(졸도할정도로 꾸준하게)”“꾸준함은 나의 무기”“천천히, 하지만 꾸준하게!”“나는야 꾸준러!”“하기 싫어도 시스템에 몸을 맡기자!”“기다려지는 새벽, 설레이는 새벽”“열정은 불같이, 의지는 물같이! 불길처럼 활활 타오르는 열정을 갖되 물길처럼 끊임없이 흐르는 끈기를 지니자!”“멈추지 않는 한 반드시 변화는 일어난다”#미라클모닝 #새벽기상 #아침 #공복 #물한잔 #아침루틴 #모닝루틴 #미온수 #미밴드 #수면 #일어나 #새벽 #물한잔 #꾸준함 #수요일 안녕하세요 기분좋은 상쾌한 아침입니다 😄😄😄 수요팅👍 좋은하루 되세요💜💜💜 굿모닝입니당❤️"
2021-08-03 00:00:00+00:00," #미밴드 착용 후 최근 7일간의 운동 이력에서 측정한 심박수로 산출하는 'PAI 지표'가 오늘 처음으로 50을 넘었다.수영, 테니스보다 #복싱 의 운동량이 훨씬 많다. 1시간 운동 후에도 체력이 고갈되지 않고 계속해서 펀치를 날릴 수 있는 날까지 복싱 체육관 고고!"
2021-08-03 00:00:00+00:00, 이미 아시는 분들 다~ 안다는 시너지의 황제팩음료 삼총사 !!!!☘️✨아마존의 비아그라 미스티카아싸이✨염증잡는 노니✨마시는링거 시너맥스막강파워 음료들을함께 드시면속도는 미친듯이 빨라지고효과는 말해뭐해 입아파요당연히 너무 좋쥬 🤍🤍🤍🤍40대 50대분들에게가장 인기많은 제품들 ♥(ˆ⌣ˆԅ)2~30대가 먹으면너무 좋아서 아마 깜짝 놀랄지도 몰라요 🤟🏻(저도 냉장고에 쟁여두고 먹어욧❤️)맛도 좋고 ❤️효과도 좋은💛삼총사 최고얏💚입에 맛있으면 몸에 나쁘다던데너넨 왜 맛도 좋고몸에도 좋은거야 예뻐죽겠다 🤦🏻‍♀️🔥＊┈┈┈┈＊┈┈┈┈＊┈┈┈┈＊┈┈┈┈┈┈┈◼️빠른 상담은 ? ◻️다이어트문의 /𝐝𝐞𝐭𝐨𝐱 𝐜𝐨𝐚𝐜𝐡 모집 문의 =͟͟͞͞♡📬프로필 하단 링크로 문의 보내주세요오 🔖#귀가 #집데이트 #영화관 #집콕 #방콕 #아이폰 #애플 #애플워치 #앱등이 #갤럭시 #갤럭시버즈 #그램노트북 #노트북추천 #샤오미 #샤오미미밴드6 #미밴드 #워치추천 #귀걸이추천 #커플링 #커플링추천 #커플링브랜드 #커플티 #커플티추천 #커플목걸이 #커플사진 #커플신발 #커플바디프로필 #커플템 #커플케이스 #우정템
2021-08-03 00:00:00+00:00," 유산소운동...개인적으로 체중감량 때가장 어려운 요소라고 생각합니다.쉬운 길은 없지만바르고 꾸준히 나아간다면...!!본 내용은 ""동면중""님의 영상을 참고하였습니다.https://youtu.be/0WUx0tpZHS0 #운동하는직장인 #운동하는남자 #운동하는여자 #운동스타그램 #헬스타그램 #다이어트 #벌크업 #헬린이 #헬창 #운동맞팔 #운동소통 #선팔 #맞팔 #운동 #좋아요 #좋아요반사 #바디체크 #유지어터 #손글씨 #동면중 #유산소 #미밴드 #애플워치 운동소통해요~!! 선팔하고 갑니다~^^ 스마트 워치를 사야하나😢😢 ㅁㅊ 유익한 정보;;;;;;;; 넘나 좋은 정보❤️❤️"
2021-08-02 00:00:00+00:00," 새벽운동(77일차) ■ 턱걸이 : 13 + 7 + 5 = 25회 ■ 푸쉬업 : 40회 x 3set = 120회 ■ 레그레이즈 : 40회 x 3set = 120회 ■ 플랭크 : 1분30초 x 3set = 4분 30초 ■ 달리기 : 5km, 26분 41초(평균속도 5분20초) “8월목표 4분대 진입!! ■ 아침식사 : 야채샐러드 + 아웃백빵 + 우유 + 참외 + 사과 + 아이스아메리카노 + 명작수 ■ 조언부탁드려요.#새벽운동 #푸쉬업 #플랭크 #자기계발 #몸짱 #달리기 #운동장 #마라클모닝 #할수있다 #팔굽혀펴기 #미밴드 #아침 #모닝루틴 #근육 #아침식사 #방울토마토 #구운계란 #명작수"
2021-08-02 00:00:00+00:00, #울산동구#대왕암#미밴드#하루2만보 😮 누구손을이렇게잡고있는거지? 미키?ㅋㅋ
2021-08-02 00:00:00+00:00," Good morning!■ 미라클모닝 213일■ 기상시간 am 04:56■ 수면점수 87점■ 미온수 한 잔 원샷“꾸준함이 모든 것을 이긴다!”“꾸준함은 절대 배신하지 않는다!!”“꾸준함이 나를 만든다. 새벽이 나를 만든다.”“꾸준함이 답이다”“졸꾸하자(졸도할정도로 꾸준하게)”“꾸준함은 나의 무기”“천천히, 하지만 꾸준하게!”“나는야 꾸준러!”“하기 싫어도 시스템에 몸을 맡기자!”“기다려지는 새벽, 설레이는 새벽”“열정은 불같이, 의지는 물같이! 불길처럼 활활 타오르는 열정을 갖되 물길처럼 끊임없이 흐르는 끈기를 지니자!”“멈추지 않는 한 반드시 변화는 일어난다”#미라클모닝 #새벽기상 #아침 #공복 #물한잔 #아침루틴 #모닝루틴 #미온수 #미밴드 #수면 #일어나 #새벽 #물한잔 #꾸준함 #화요일"
2021-08-02 00:00:00+00:00," #제품제공#샤오미#미밴드6.@lge_seller_dwcts.대원cts에서 제품선물받았어요.조리원에있는동안 잠은 잘자는지 심박수나.스트레스는 얼마나 받고있는지 궁금한 저의신체활동상황을미밴드6로 제대로 알아가는 시간이였어요.1.56인치의 풀스크린으로 130개의 시계테마를 지원하고24시간 심박수측정, 30개가량의 운동모드마그네틱 충전케이블로 한번의 충전으로 19일이나 사용가능하능하답니다.(에코모드기준)5ATM방수까지 가능해요..저에게 정말 유용한 기능은 이번에 출산하면서우리승찬이 산소포화도가 낮아서 산소호흡기 달고있었는데미밴드6로 신생아의 산소포화도도 측정가능하니깐조리원있는동안 수시로 체크해 볼수있어서 너무 좋았어요..임신으로 늘어난 살들 운동모드를 활용해서평소 나의 운동습관도 알아가고, 운동스타일도체크하니깐 너무좋아요..생활속 다양하게 활용가능하고 제몸의 상태도수시로 체크가능하니깐 너무 유용한 아이템이네요.핸드폰문자니 카톡확인도 ok.운동하면서 뮤직플레이도 ok.다른기기와의 호환도 문제없이 ok.여성들을 위한 생리주기 관리도 된답니다.16가지 다양한 컬러의 추가스트랩으로 바꿔사용도가능해요!!. #샤오미 #미밴드 #미밴드6 #스마트워치 #스마트시계 #대원cts"
2021-08-02 00:00:00+00:00," #제품제공#샤오미#미밴드6.@lge_seller_dwcts.대원cts에서 제품선물받았어요.조리원에있는동안 잠은 잘자는지 심박수나.스트레스는 얼마나 받고있는지 궁금한 저의신체활동상황을미밴드6로 제대로 알아가는 시간이였어요.1.56인치의 풀스크린으로 130개의 시계테마를 지원하고24시간 심박수측정, 30개가량의 운동모드마그네틱 충전케이블로 한번의 충전으로 19일이나 사용가능하능하답니다.(에코모드기준)5ATM방수까지 가능해요..저에게 정말 유용한 기능은 이번에 출산하면서우리승찬이 산소포화도가 낮아서 산소호흡기 달고있었는데미밴드6로 신생아의 산소포화도도 측정가능하니깐조리원있는동안 수시로 체크해 볼수있어서 너무 좋았어요..임신으로 늘어난 살들 운동모드를 활용해서평소 나의 운동습관도 알아가고, 운동스타일도체크하니깐 너무좋아요..생활속 다양하게 활용가능하고 제몸의 상태도수시로 체크가능하니깐 너무 유용한 아이템이네요.핸드폰문자니 카톡확인도 ok.운동하면서 뮤직플레이도 ok.다른기기와의 호환도 문제없이 ok.여성들을 위한 생리주기 관리도 된답니다.16가지 다양한 컬러의 추가스트랩으로 바꿔사용도가능해요!!. #샤오미 #미밴드 #미밴드6 #스마트워치 #스마트시계 #대원cts"
2021-08-02 00:00:00+00:00, #운동기록 #운동 #홈트 #다이어트아침에도 라방 운동후 싸이클30분저녁도 라방후에 싸이클인터벌30분아침 운동후에 미밴드가 안꺼져서 총운동시간12시간 ㅋㅋㅋㅋㅋㅋㅋㅋ운동찢었다 내 심박수180🔥@kimbbomami @han79_ 하기싫대노코 운동 시작하면 넘 개운하단 말이지😎😎마지막은 항상 엄마 기다려주고 오면껌딱지되는 내 댕댕이🐕♥️모두 굿나잇✨🤤----#김뽀마미홈트#미밴드#운동하는엄마 언니 곧 몸짱유투부 찍는거아니쥬 짱짱걸
2021-08-02 00:00:00+00:00, 운동할 때 내 물품들#물통#미밴드#아이팟셔플#NoCellphone핸드폰은 안 들고 나가서 지도 거리기록이 안 되어 아쉽지만 운동에만 집중 물통을 들고 뛰시네요 대단하십니다 👏👏👏
2021-08-02 00:00:00+00:00, #만보달성#만보#계속하기#2021.8.2#일상#여행#daily #travel#한강#한강야경 #fff#걷기#동네한바퀴#즐거움#일상소통#여행스타그램 #미밴드
2021-08-02 00:00:00+00:00," #제품협찬 외출할때 항상 끼고 다니는 미밴드6⌚️-✔️•최대 50m 생홭방수 기능 지원!•한번 충전시 최대 19일까지 사용 가능한 미밴드6!•24시간 SpO2 혈중 산소 포화도 기능 추가!•다양한 운동 기능 지원 가격도 착한 시계!.#미밴드 #미밴드6 #시계 #샤오미 비 그만!✋🏻 갖고싶다...😭😭 미밴드 인정이여🔥🔥🔥 👌👌👌👌 그래용 애플워치에서 갈아타야하나요😂 yes bro 오호 운동할때 꿀,,😍 운동할따 이만한게 없겠는데요😆😆 요거요거 완전 꿀템이네요🔥 오 좋네요🔥 서핑할때 좋겠다,,"
2021-08-02 00:00:00+00:00, #샤오미 #미밴드 #미밴드6시어머니 드릴려고 샀다가 내게 온.... ㅋㅋㅋ...#개시는아드님이 #시계생겼다 #ㅋㅋㅋㅋㅋㅋ
2021-08-01 00:00:00+00:00," 새벽운동(76일차) ■ 턱걸이 : 12+6+5=23회 ■ 푸쉬업 : 40회 x 3set = 120회 ■ 레그레이즈 : 40회 x 3set = 120회 ■ 플랭크 : 1분30초 x 3set = 4분 30초 ■ 달리기 : 5km, 27분30초(평균속도 5분30초) “8월목표 4분대 진입!!( ■ 아침식사 : 아웃백빵 + 우유 + 참외 + 토마토 + 사과 + 아이스아메리카노 + 명작수 ■ 조언부탁드려요.#새벽운동 #푸쉬업 #플랭크 #자기계발 #몸짱 #달리기 #운동장 #마라클모닝 #할수있다 #팔굽혀펴기 #미밴드 #아침 #모닝루틴 #근육 #아침식사 #방울토마토 #구운계란 #명작수 응원합니다😍😍 멋진 운동❤️ 으아아아아~~씨드님 오늘도 화이팅입니다❤️🔥 문뜩~ '올 연말에는 완전 모델로 변신하시겠다~'생각이 드네요.멋지세요."
2021-08-01 00:00:00+00:00," Good morning!■ 미라클모닝 212일■ 기상시간 am 04:14■ 수면점수 89점■ 미온수 한 잔 원샷“꾸준함이 모든 것을 이긴다!”“꾸준함은 절대 배신하지 않는다!!”“꾸준함이 나를 만든다. 새벽이 나를 만든다.”“꾸준함이 답이다”“졸꾸하자(졸도할정도로 꾸준하게)”“꾸준함은 나의 무기”“천천히, 하지만 꾸준하게!”“나는야 꾸준러!”“하기 싫어도 시스템에 몸을 맡기자!”“기다려지는 새벽, 설레이는 새벽”“열정은 불같이, 의지는 물같이! 불길처럼 활활 타오르는 열정을 갖되 물길처럼 끊임없이 흐르는 끈기를 지니자!”“멈추지 않는 한 반드시 변화는 일어난다”#미라클모닝 #새벽기상 #아침 #공복 #물한잔 #아침루틴 #모닝루틴 #미온수 #미밴드 #수면 #일어나 #새벽 #물한잔 #꾸준함 #월요일 안녕하세요! 기분좋은 아침입니다😊😊 월요팅👊 행복한 월요일 되세요💖💖💖 분위기가 너무 좋아요❤💕💖💖"
2021-08-01 00:00:00+00:00, 어제 먹은 디저트 불태우기 🔥🔥🔥#미밴드 #miband #xiaomi #trendsetter #🤣 #mountlofty #afterrainydays☔️ #sofresh #soclean #hiking #aftersquats #glutes #burning #sundayfunday #workoutalldone🙌🏼💪🥊 😍😍😍😍 looking awesome as always!!
2021-08-01 00:00:00+00:00, 내 미밴드 왜 거기 누워있니…..잃어버릴뻔 했지만 바로 가서 주움 ㅋㅋㅋ저래서 전에 한번 잃어버렸었지..#집에가자 #밴드 #샤오미밴드 #미밴드 #잃어버렸다찾음
2021-07-31 00:00:00+00:00," Good morning!■ 미라클모닝 211일■ 기상시간 am 04:43■ 수면점수 74분 “근데 이상하다. 9시30분쯤 잤는데… 미밴드는 7시부터 잔걸로 인식됐다…근데 점수는 더 안나옴…ㅠㅠ”■ 미온수 한 잔 원샷“꾸준함이 모든 것을 이긴다!”“꾸준함은 절대 배신하지 않는다!!”“꾸준함이 나를 만든다. 새벽이 나를 만든다.”“꾸준함이 답이다”“졸꾸하자(졸도할정도로 꾸준하게)”“꾸준함은 나의 무기”“천천히, 하지만 꾸준하게!”“나는야 꾸준러!”“하기 싫어도 시스템에 몸을 맡기자!”“기다려지는 새벽, 설레이는 새벽”“열정은 불같이, 의지는 물같이! 불길처럼 활활 타오르는 열정을 갖되 물길처럼 끊임없이 흐르는 끈기를 지니자!”“멈추지 않는 한 반드시 변화는 일어난다”#미라클모닝 #새벽기상 #아침 #공복 #물한잔 #아침루틴 #모닝루틴 #미온수 #미밴드 #수면 #일어나 #새벽 #물한잔 #꾸준함 #일요일 안녕하세요! 기분좋은 아침입니다😊😊😊 행복한 일요일 되세요🥰💙💜 반갑습니다 좋은 아침입니다 👏👏👏 음~ 시간보다 정말 수면의 질이 중요한가봐여.  굿모닝이에요❤️ 자주 그런건 아닌데 제 갤워치는 안자도 수면으로 잡힐때가 있어요 폰을 한다거나 영상 보고있으면 심박이 되게 서맥이 되나봐요😆 그걸 수면중으로 인식하더라구요 아마 미밴드도 그런이유로 7시에 수면으로 인식한게 아닐까요? 저는 어제는 3시간미만인데도 95점이예요😊"
2021-07-31 00:00:00+00:00, #공복운동🔥 #빅시스홈트 35분짜리 ❤️
2021-07-31 00:00:00+00:00," 7월매일러닝3KM 31일차 31회 완료👏🏃7월에 시작한 매일러닝 한달결산🔥🏃‍♀️7월누적 102.5km🚶‍♂️7월걷기거리  317km, 하루평균14411보✔3k 얼마안되는거 같지만나를 테스트하기 위한 매일3k 도전이었다성공!!! 아싸~~👍🎊🥳오늘 나는 작은성공을 해냈다👏✅ 8월은 #매일러닝4km 도전한다🔥🔥🔥5k를 고민했지만 차근차근 해보고 싶다🥰✔할 수  있어!! 알로하🤗 📍#리그램 - @storytelle_r_unner 님 피드에  #장마철챌린지 인증 하세요!!#매일러닝 #매일운동 #8월매일러닝4km도전#러닝 #running #나이키런 #nrc #미밴드 대단하세요😍😍😍👏👏👏 울 알로하님도 개근!! 크레이님과 알로하님 두분 다 개근!! 개근상 줘라~~!!!😂😂😂 개근상 획득!!!🤩 와~~ 진짜 부지런하고 꾸준한 알로하님 게다가 지치지않는 열쩡!!! 배울게 많네요!!! 8월도 멋진 모습 기대하겠습니다!!! 화이팅!!!!🔥🔥🔥🔥 매일 4k 응원합니다 ~ 🏆🏆🏆 드립니다 🙌🙌 다이어트엔 러닝이 갑~입니다효 #8월도힘내 #할수있어 #운동하는삶 #신나게하자 와 7월 누적 걸음 수가 102.5km인가요...☺엄청나요. 3km 저한텐 엄청 커보이는데요. 역시 꾸준함의 힘은 아무도 못 따라가는 것 같아요❤️ 알로하님 진짜 해내셨네요. 8월도 화이팅입니다. 매일운동, 매일도전 멋져~~!!! 요기야 요기ㅋㅋㅋ"
2021-07-31 00:00:00+00:00," #쩡2107다이어리 END정말 눈깜짝할 사이에 지나간 21년 7월이네요. 코로나가 한풀 꺾일줄 알았는데 다시 시작했고,역시나 더운 여름이 찾아왔지만,그럼에도 불구하고 저에게는꾸준하게 만보걷기와 3키로 러닝에 도전했던 의미있는 21년 07월 이었습니다. 21년 3월 20일 부터 시작한 만보걷기 꾸준한 상승 그래프 칭찬한다. 나자신아. 21년 6월 13일 첫 러닝0.67키로 11.33 뛴거니 걸은거니?!3키로 9.대 8.대 에서 오늘 7.47로 마무리 했습니다.21.9.20일이 기대 되는걸?내 젊은 날의 기록 7월로 종료하고8월부터는 1년 프로젝트로 새로 시작합니다. 나 찾아봐라~~^^ㅋ#나이키런 #만보걷기성공 #캐시워크 #미밴드 #mifit#운동스타그램 말고 #일상스타그램 으로전환 #어제의나보다조금더나은오늘의나 👏👏👏 멋있어요!! 기록은 꼭 필요한거 같아요 진짜멋져요 언니😍 나도 기록을 해보고 싶은데 매일 내일부터내일부터…😅 도전해볼게요!! 걸음수 대에박!! 진짜 열심히 걸었다!! 첫 화면 점프사진들 넘 귀여워. 나도 점프샷 좀 찍어볼까해. 저것만해도 살 빠지겠어. 암튼 고생했다! 허.. 저 살빠지는 순서요. 저건 젊은 사람 해당인거 같아요. 40 넘으니 얼굴 먼저, 그리고 허벅지 빠지더라구요.😂😂 근육 빠지면서... 팔은 안빠져요. ㅠㅠ"
2021-07-30 00:00:00+00:00," 새벽운동(75일차) ■ 턱걸이 : 12+6+5=23회 ■ 푸쉬업 : 40회 x 3set = 120회 ■ 레그레이즈 : 40회 x 3set = 120회 ■ 플랭크 : 1분30초 x 3set = 4분 30초 ■ 달리기 : 7km, 42분47초 “7월 7km 달리기 끝! 내일부터는?!” ■ 아침식사 : 여채샐러드 + 그래놀라 + 우유 + 참외 + 바나나 + 사과 + 아몬드 + 땅콩 + 아이스아메리카노 + 명작수  “오늘은 배터지게 먹자….ㅋㅋㅋ”■ 조언부탁드려요.#새벽운동 #푸쉬업 #플랭크 #자기계발 #몸짱 #달리기 #운동장 #마라클모닝 #할수있다 #팔굽혀펴기 #미밴드 #아침 #모닝루틴 #근육 #아침식사 #방울토마토 #구운계란 #명작수 👏👏👏👏👏👏 정말..대단하세요🔥👏 멋지십니다. 전 어제 쉬고 주말 운동합니다. ❤️"
2021-07-30 00:00:00+00:00, 주말산행오랜만에 @restart83_toward_a_dream 님과 함께 집앞에 있는 산에 다녀왔어요. 정상에서 #TRGO 로 영양보충💪🏻산행만으로 거의 8천보?ㅋ 달성했네요.👏🏻👏🏻집에 오니 만보네... 👍🏻 이사진을 찍을껄~ㅋ#미밴드 .... #애플워치 갖고싶은데 고장이 안나네요 ㅋㅋㅋㅋ 물욕이 올라오고있으나 참아야겠죠. 걸음수 체크는 잘되니까.... #기본에충실하자오늘도 즐겁고 행복한 하루 보내세요~^^#주말산행 #앞산 #칠보산 #미밴드 #애플워치 #물욕 좋습니다~^-^ 주말 만보 미션 굿굿 😍🔥 미밴드와 애플 워치를 위해 분실을..........해보시는게......🙃🙃🙃🙃🙃🙃🙃 대박! 실천력 대단대단 멋짐요 🔥
2021-07-30 00:00:00+00:00," Good morning!■ 미라클모닝 210일■ 기상시간 am 04:24■ 수면점수 88점■ 미온수 한 잔 원샷“꾸준함이 모든 것을 이긴다!”“꾸준함은 절대 배신하지 않는다!!”“꾸준함이 나를 만든다. 새벽이 나를 만든다.”“꾸준함이 답이다”“졸꾸하자(졸도할정도로 꾸준하게)”“꾸준함은 나의 무기”“천천히, 하지만 꾸준하게!”“나는야 꾸준러!”“하기 싫어도 시스템에 몸을 맡기자!”“기다려지는 새벽, 설레이는 새벽”“열정은 불같이, 의지는 물같이! 불길처럼 활활 타오르는 열정을 갖되 물길처럼 끊임없이 흐르는 끈기를 지니자!”“멈추지 않는 한 반드시 변화는 일어난다”#미라클모닝 #새벽기상 #아침 #공복 #물한잔 #아침루틴 #모닝루틴 #미온수 #미밴드 #수면 #일어나 #새벽 #물한잔 #꾸준함 #토요일"
2021-04-07 00:00:00+00:00," <2021.04.07>몸뚱아리중에 유일하게 부지런한 호르몬이 열일하는 바람에 •• 평소의 절반정도밖에 운동하지 못했네요(ᗒᗣᗕ)՞ 토일월화 복근 쉬었다고 바로 사라진거 진짜 너무한다고 생각함니다 ( ˃̣̣̣̣o˂̣̣̣̣ ) 호르몬 열일 •• 멈춰! 헬스장을 아파트 헬스장으로 바꿨는데, 여기는 맨몸운동을 위한 공간이 꽤 넓어서 홈트 대신 가서 하기로 했어용ᕕ( ᐛ )ᕗ 사설헬스장보다 시설은 정말 별로지만, 가까운게 최고 아니냐구요 ㅎㅎ - 데드리프트 20kg 15*3set + 25kg 7*3set - 렛풀다운 15lb 15*3set - 스탠딩 케이블로우 10lb 15*3set - 버터플라이 5lb 10*3set - 플랭크 1min*3set- 사이드플랭크 30s*3set씩- 플랭크 위드 힙딥 20 *3set- 크런치 20*3set- 다리 들고 크런치 10*3set- 리버스 크런치 10*3set- 다리 들어올리기 10*3set- 바이시클 크런치 10*3set #운동 #운동스타그램 #헬스 #헬스타그램 #헬린이 #헬생아 #운동맞팔 #운동소통 #운동소통환영 #운동계정맞팔 #운동하는여자 #운동하는남자 #운동하는대학생 #운동하는휴학생 #미밴드 #00년생 #22살 #운동하는22살 #운동일기 #운동기록 #운동일지 #운동하자 #운동복 #운동소통🙌 #헬스녀 #헬스타 #호르몬의노예 #호르몬#열일#멈춰 멋지십니다👏 운동소통해요! 선팔 하고 갑니다😃 안좋은 컨디션에도 운동하시는모습 멋지세요! 오늘하루 수고하셨어요👏 우와😍 멋져요🙌🔥🔥🔥"
2020-09-10 00:00:00+00:00, .두달만에 중국에서 배타고 왔다!!!앞으로 유용하게 써야지!!아내꺼 하나 내꺼 하나!저렴하게 구매해서 한글패치 완료!...#샤오미 #미밴드 #미밴드5 .#가성비 #스마트워치 #오늘 #도착 .#아내꺼 #내꺼 #사이좋게 #두개 .#신혼 #신혼부부 #웅밥국밥하우스 . 오잉 미밴드 좋은가요? 살까말까 고민둥인데🙊 소통해요오🙌 중국시져시져 미밴드 가성비 최고죠 ㅋㅋ 저도 4 애용중..
2016-01-30 00:00:00+00:00," 예뻐지는시간 🌹🌺..#밀리터리룩 #데일리룩 #패션 #오오티디 #피부관리#스킨케어 #피부미인 #일상 #패션스타그램#라임색 #그래도관리중 #빈티지헐리우드 #샤오미미밴드 #미밴드 #야상 #밀리터리블루 #vintagehollywood #miband #xiaomi #instalook #facemassage #limegreen #skincare #fashionstyle #fashionstagram 앗 @hun_life ㅎㅎ 🙏🙏 고개 기웃 ^^ 제게는 항상 곱기에 따로 시간이 필요없는데에 @legohyun 엇, 샤오미미밴드 간지! 🤗😍 입술이가..더더 이뻐지셨는데영..😊 이미지가 좋으신데 피부.미용.다이어트쪽 관심분야시거나 스킨케어에 관심 있으시면 미팅가능할까요? ""피부체험""풀관리와 신제품 맞춤형화장품 미팅 해드릴께요^^후기 부탁드려요!! 톡주세요 yeonjulife💞 피부고민.해결해드릴께요😎 🌹 ♧ 시간이 되어서 예쁘신가요...? 늘 볼 때마다 예쁘시고 매력적인뎅...😊 ㅎㅎㅎ ♧ 좋아요...👍 👍 👍 @haekwonchong 아고 감사해여~~🤗😁 👋"
2020-07-08 00:00:00+00:00, ㆍㆍㆍㆍㆍ집에 도착해서보니 나의 #미밴드 #걸음수 👍🏻👍🏻👍🏻👍🏻👍🏻👍🏻#줌바 에서 얼마나 깨작깨작 스텝 밟았으면 하기전 6000보 하고나서 13000보. 대박이다.#줌바계의여신 에게 한 수 지대로 배움.샤워하는 내내 스텝 회상중 🤣🤣🤣🤣🤣🤣감사요. @hiitgym_choi #초이쌤 💕ㆍㆍㆍㆍㆍㆍㆍㆍㆍㆍ#하루운동시간 #4시간40분 #즐겁게하니시간이아쉬웠음 #오늘꿀잠자겠다 #열독해야지 #독서는나의힘 #운동도나의힘 #내머리는살찌우고_내몸은근육으로찌우고 #kg증량 #근육량늘리기 #감사한하루 #독서후푹자자 #재밌는책들이많아요 #운동하는플로리스트 #운동하며꽃파는여자 #소녀의비밀정원 #위대한일실천 #매일이위대하다 #매일이즐거워 #내일은뭐입지 #룰루랄라 😆#하을이네 홀 ! 저도 이거 삿뉸데 ㅋㅋㅋㅋ 전화 알람도 울려서 넘 좋아용 💗 ㅋㅋㅋㅋ 줌바 중독성있지 ㅋㅋㅋ 나두 좀전에 집에옴 😆😆 나 금방 내 미밴드보고 깜놀 ㅎㅎㅎ 👏👏👏❤️❤️
2019-12-06 00:00:00+00:00, 나는 #미밴드 채워주고남편씨 본인은 #갤럭시액티브2 면세점서 사셨단다.출장 🇨🇳 댕겨오믄 저녁마다 운동가라고채찍질할거야. 🤨😎기대하라구 😆😁😝ㅡㅡㅡㅡㅡㅡㅡㅡㅡㅡㅡㅡㅡㅡㅡㅡㅡㅡㅡ 😆😆😆 갭 차이가 너무 나는데요 ㅋㅋㅋㅋ 바꿔~ㅋㅋㅋ🤣🤣 면세 ㅋㅋㅋ 운동 맨날 하셔야할듯 ㅋㅋㅋ 👍👍👍 어머 멋져요~ 😍😍😘👍 I love coffee ☕☕☕ 럽스타인데요 너무 우끼네요🤣🤣🤣🤣🤣 운동 더 열심히 하셔야겠어요🤗 저도 미밴드 사용하는데 가성비 넘 좋아요ㅎㅎ 출장가는 남편 넘 부럽 😭 ㅋㅋㅋㅋ 즤남편은 영원히 없을 출장...ㅠㅠ ㅋㅋㅋㅋㅋ Have a good time🌷🍰☕🎶😊
2021-08-06 00:00:00+00:00," Good morning!■ 미라클모닝 217일■ 기상시간 am 04:10■ 수면점수 83점■ 미온수 한 잔 원샷“꾸준함이 모든 것을 이긴다!”“꾸준함은 절대 배신하지 않는다!!”“꾸준함이 나를 만든다. 새벽이 나를 만든다.”“꾸준함이 답이다”“졸꾸하자(졸도할정도로 꾸준하게)”“꾸준함은 나의 무기”“천천히, 하지만 꾸준하게!”“나는야 꾸준러!”“하기 싫어도 시스템에 몸을 맡기자!”“기다려지는 새벽, 설레이는 새벽”“열정은 불같이, 의지는 물같이! 불길처럼 활활 타오르는 열정을 갖되 물길처럼 끊임없이 흐르는 끈기를 지니자!”“멈추지 않는 한 반드시 변화는 일어난다”#미라클모닝 #새벽기상 #아침 #공복 #물한잔 #아침루틴 #모닝루틴 #미온수 #미밴드 #수면 #일어나 #새벽 #물한잔 #꾸준함 #토요일 꾸준함! 멋지세요 화이팅!! 오늘도 굿모닝이에용😍"
2020-06-17 00:00:00+00:00, ㆍㆍㆍㆍㆍ두 번 운동한 날은 스트레칭 쉬고 싶은데 운동 쉬고 싶은데 #박하을 #다이어트땜같이한다 #미밴드 결과 1039kcal 👍🏻👍🏻👍🏻👍🏻👍🏻👍🏻먹은 양은 2000넘고 기초대사량 1309니 결국 300kcal 뺀건가 먹기는 참 쉬운데 운동은 여전히 힘들다요. 운동 끝나니 세탁기에 운동복 다 돌아갔네. 여전히 끝나지 않는 일. 이제 씻자.뚱띠야. ㆍㆍㆍㆍㆍㆍㆍㆍ#하을이네 #모녀운동 #하을아키만크거라 #다이어트 #달밤에체조 ㅎㅎㅎㅎ하을아~~~~ 빤쓰바람의 하을이💕 기초대사량ㅠ 부러워요 전 기초대사량이ㅠ 천을못넘어요ㅠㅠ 휴ㅠ 울둘째다이어트를위해  저도 울둘째도 운동해야하는데ㅠ 오늘도 피드보며 반성합니다 땡실땡실 귀여브래이😍ㅎㅎ 지도 운동한다꼬😅😅 딸아이 하을이 넘 귀여움😘 하을이 표정보ㅏ ㅋㅋㅋㅋ🙈 하을이 너무 귀여워요😍 하을아 ㅋㅋㅋㅋ멋지다 ㅋㅋㅋㅋㅋ😍😍😍
2018-02-25 00:00:00+00:00," 🙄어제는 키토생활 이래 처음으로 활동량 최저에 폭발적인 과식 모드였다.유제품도 싹쓸이하고, 저녁에 배가 고프지 않았지만 고기 구워먹고...그러니 당연히 증량(생각보다는 적게), 하지만 이상하게도 체지방은 유지 🤔오늘도 운동을 15분만 했다.유태기인가...허리 통증 때문에 만사가 귀찮다.이따 시간 내서 병원에 다녀와야 할 듯#keto #diet #ketogenic #다이어트 #유지어터는개뿔 #유지어터 #샤오미밴드2 #미밴드 #체중감량 #체지방감량 #산본 #군포 #홈트레이닝 #낸시홈짐 #낸시의홈짐 #왁싱해야할까 #팔털 #산적수준"
2021-06-30 00:00:00+00:00, 데이오프에 베트남으로 여행다녀옴 🇻🇳 #머리부터발끝까지 #생일선물 ㅋㅋ#효뜨 #데이오프 #다음엔 #방콕이다 아름다워요 😍 길다길어🤪 너무맘에들구..🔥 #여행어디까지가봤니 #국내여행 #베트남맛집 #베트남여행 #여름휴가 #데님스커트 #미밴드 #협찬 #DM #직장인스타그램 #서울살이 #이태원맛집 #출근싫어 꺄 시원해 여름이야 💙 찐연예인일세 😍😍😍😍👍👍👍👍 분위기가 좋으시네요🤗 잠시 소통 가능하세요?
2021-08-08 00:00:00+00:00," 새벽운동(82일차) ■ 턱걸이 : 10 + 10 + 10 = 30회 ■ 푸쉬업 : 40회 x 3set = 120회 ■ 레그레이즈 : 40회 x 3set = 120회 ■ 플랭크 : 1분30초 x 3set = 4분 30초 ■ 달리기 : 5km, 26분53초(평균속도 5분22초) ■ 아침식사 : 야채샐러드 + 복숭아 + 바나나 + 사과 + 아이스아메리카노 + 토스트■ 조언부탁드려요.#새벽운동 #푸쉬업 #플랭크 #자기계발 #몸짱 #달리기 #운동장 #마라클모닝 #할수있다 #팔굽혀펴기 #미밴드 #아침 #모닝루틴 #근육 #아침식사"
2021-08-08 00:00:00+00:00," Good morning!■ 미라클모닝 219일■ 기상시간 am 04:36■ 수면점수 ?? “미밴드를 어디에 둔지 못 찾아… 갤럭시워치 차고 잠…잘 땐 미밴드가 편해서…^^;;”■ 미온수 한 잔 원샷“꾸준함이 모든 것을 이긴다!”“꾸준함은 절대 배신하지 않는다!!”“꾸준함이 나를 만든다. 새벽이 나를 만든다.”“꾸준함이 답이다”“졸꾸하자(졸도할정도로 꾸준하게)”“꾸준함은 나의 무기”“천천히, 하지만 꾸준하게!”“나는야 꾸준러!”“하기 싫어도 시스템에 몸을 맡기자!”“기다려지는 새벽, 설레이는 새벽”“열정은 불같이, 의지는 물같이! 불길처럼 활활 타오르는 열정을 갖되 물길처럼 끊임없이 흐르는 끈기를 지니자!”“멈추지 않는 한 반드시 변화는 일어난다”#미라클모닝 #새벽기상 #아침 #공복 #물한잔 #아침루틴 #모닝루틴 #미온수 #미밴드 #수면 #일어나 #새벽 #물한잔 #꾸준함 #월요일 기분좋은 아침입니다💚💚 월요팅👊 오늘도 즐깁시다😍😍 꾸중함👏 굿모닝입니다~~~ 오늘도 굿모닝입니당~~"
2021-08-08 00:00:00+00:00, #셀카 #셀피 #셀스타그램 #부산여행#기장맛집 #기장롯데아울렛 #기장조개구이#데일리 #일상 #여름휴가 #부산#아이폰 #애플워치 #미밴드 #좋아요 최근게시물 좋반와주세욧^^
2021-08-08 00:00:00+00:00, #만보달성#만보#계속하기#2021.8.8#일상#여행#daily #travel#한강#한강야경 #fff#걷기#동네한바퀴#즐거움#일상소통#여행스타그램 #미밴드 Nice! And we invite you to earn Grands
2021-08-07 00:00:00+00:00," Good morning!■ 미라클모닝 218일■ 기상시간 am 04:33■ 수면점수 91점■ 미온수 한 잔 원샷“꾸준함이 모든 것을 이긴다!”“꾸준함은 절대 배신하지 않는다!!”“꾸준함이 나를 만든다. 새벽이 나를 만든다.”“꾸준함이 답이다”“졸꾸하자(졸도할정도로 꾸준하게)”“꾸준함은 나의 무기”“천천히, 하지만 꾸준하게!”“나는야 꾸준러!”“하기 싫어도 시스템에 몸을 맡기자!”“기다려지는 새벽, 설레이는 새벽”“열정은 불같이, 의지는 물같이! 불길처럼 활활 타오르는 열정을 갖되 물길처럼 끊임없이 흐르는 끈기를 지니자!”“멈추지 않는 한 반드시 변화는 일어난다”#미라클모닝 #새벽기상 #아침 #공복 #물한잔 #아침루틴 #모닝루틴 #미온수 #미밴드 #수면 #일어나 #새벽 #물한잔 #꾸준함 #일요일 안녕하세요! 즐거운 일요일 아침 입니다🤗🤗🤗 행복한 주말 되세요👍 😁😁 굿모닝입니당❤️"
2021-08-07 00:00:00+00:00, 옜날 가전제품이 새로 들어올때면 어린나이에 제일먼저 알아보고 만져보는 아들의 모습을 지켜보기만 하셨던 아부지… 시간이흘러 누나 선물인 애플워치를 보신 이후부터 아주 오래전 스마트할뻔한 워치를 차고다니셨던 아부지  이제는 내가 기계자체에 별 감흥이 없어진 그때 그 아부지 나이가 되면서  스마트워치에 너무나 호감을 가지시는 부모님을 보면서  선물하는 그기쁨이 예전 그 아부지 마음일거라고 감히 짐작해 본다. #미밴드6 #80노인도 #70주부도 #미밴드#스마트워치 #만보를위해 #10000보 ??? 좋고....어.... 좋은.... 맞나요?
2021-08-07 00:00:00+00:00, 운동도 안하고 과체중인데...#미밴드 생겼음개학하면 학교좀 다녔으면.... 이게 모야? 나도 줘!!! ㅋㅋㅋ
2021-08-07 00:00:00+00:00, 컨디션은 그냥 그래#헬스타그램 #공복운동 #미밴드 몸 지려 👏👏 좋다 🔥🔥🔥 머싯다 굿굿🔥
2021-08-07 00:00:00+00:00," 회복) 걷기 운동 & 기록 & TMI 입원기간 1주일이였던걸 젊은 체력으로 5일만에 퇴원!!(수술전1+수술날1+수술후3)본가로 들어와서 회복과 함께 체력 증강을 위해걷기 운동 Start!!저녁먹고 약먹고 30분 정도뒤에 걷고잇는데 걸어야 회복이 빠르다그래서 무한 걷기중ㅋㅋ 간호사+의사 말은 참 잘듣는거같다아직 3km 이상은 못 걷겠지만ㅠ 계속 걷다보면 괜찮겠지ㅋㅋ집앞 만석공원에 가서 걷기~루트보먼 나름? 하트모양이다(GPS가 엉망ㅋ)상단 초록색 빈 공간이 skate파크와 테니스장이다. 20.12.4에 내 게시물로 올린 미밴드5라는 웨어러블! 쉽게말하면 스마트워치로 측정가능해서 운동하는 사람에게 참 좋은것같다. 그동안은 카톡알림+시계 용도로 밖에 안썻는데 이제 기록도 담당하고있는 (3만원짜리) 기특한 녀석이다어제는 배구보느라고 운동 못했는데 오늘은 주말이니까 꼭 해야겟다TMI를 적는건 사람을 못 만나서 심심해서 그런거같다 ㅋㅋㅋㅋ아픈데 병문안도 금지고, 많이 외로워서 병원에서 간호사랑 다른 환자들과 친해졌다... ㅋㅋ 웬 멀쩡해보이는 젊은애가 주렁주렁 달고다니냐는 말도 들었다ㅋㅋ 병원에서 겁나 멀쩡하게 걸어다녀서 그랬나? 무통주사로 통증 없어서 잘 걷다가 퇴원하니까 무통주사 없어서 아파서 잘 못 걸어다닌다;;간호사가 수술후에도 혈관이 잘보여서 혈관이 튼튼하다 그랬다ㅋㅋ 평소에 운동좀한다구ㅋㅋㅋ했는데 양심에 찔리긴했다ㅋㅋ 보드를 운동으로 봐야하는가ㅋㅋ 입원 5일동안 주사바늘3번을 옮겼다ㅋㅋ 자꾸 부어올라서 아직도 부운곳들이 아픔;; 왜 부엇는지 알려줄 지식인 댓글로 남겨주세욤ㅋㅋ퇴원후엔 잘 걷지도 체력도 많지않아서 수원와서도 친구들 만나지 못하고 어느덧 조직검사결과+수술후경과들으러 또 병원을 가야할때가 됐다...서울 언제가냐~~~ 회사도 가야되는데... TTTTMI 끝Last. 사람이 건강하지 못하니까 우울해지는거 같다. 다들 건강하고 인스턴트먹지말길바람! 원인불명 종양으로 고생중ㅠ #수술후 #회복 #걷기운동 #미밴드5 #미밴드 #miband #웨어러블 #만석공원 #희소식도있다 #애플워치받아서 #미밴드마지막활용 #웨어러블입문 #스마트워치 #술금지 #종양제거 #병원비 #몇백만원 얼른 회복혀....😢 이야 너무 멋지다…. ㅠㅠㅠㅠ  얼른 회복하자🙏🏻🙏🏻"
2021-08-06 00:00:00+00:00," 새벽운동(81일차) ■ 턱걸이 : 15 + 8 + 7 = 40회 ■ 푸쉬업 : 40회 x 3set = 120회 ■ 레그레이즈 : 40회 x 3set = 120회 ■ 플랭크 : 1분30초 x 3set = 4분 30초 ■ 달리기 : 5km 인터벌달리기, 100m전력질주/100m걷기 ■ 아침식사 : 계란김밥 + 야채샐러드 + 복숭아 + 바나나 + 사과 + 아이스아메리카노■ 조언부탁드려요.#새벽운동 #푸쉬업 #플랭크 #자기계발 #몸짱 #달리기 #운동장 #마라클모닝 #할수있다 #팔굽혀펴기 #미밴드 #아침 #모닝루틴 #근육 #아침식사 81일차.. 정말 대단하십니다. 이미 습관화가 되셨겠네요.. 저극 많이 받고 갑니다. 미리클모닝 화이팅입니다! 레츠기릿 🤘 저도 턱걸이 성공해보고 싶어요 ㅠㅠㅠㅠ 땀으로 샤워😢 고생 하셨어요 ! 오늘 하루 더 건강해지셨네요 🔥 푸쉬업 하실때는 어디서 하시는건가용~~? 고생하셧어요🙌"
2021-08-06 00:00:00+00:00, #첫줄👋👋👋온몸이 밤새 누가 때린듯 아픈 아침이다어제 점심때 먹은 속세음식(야끼우동)에속죄하는 마음으로 야간산행 갈려고 했는데때마침 소나기가🙄🙄🙄다시 마음 다잡고 걷뛰하러수성못 출발정확한 거리를 지도에서 측정했다우리집에서 수성못 한바퀴 돌고원점회귀하면 정확히 4.4k이다수성못 둘레가 정확히 2k가 맞았다🤭🤭🤭수성못 3바퀴 뛰고 횡단보도까지 뛰었다정확히 6.2k 뛰었다😏😏😏평균 키로당평균시속 5.88(이것도 중요하다고 이야기 들었음)처음에 목표로한 5k는 어제 뛰었다첫바퀴는 토나올거 같고심장도 뛰쳐나올거 같았는데(앞으로 저녁 적당히 먹어야지🤭🤭)이상하게 뒤로 갈수록 호흡도 더 편하고 아무생각없이 뛰었다뛰는 내내 왼쪽 대퇴가 통증이느껴지는게 다시 하체 웨이트 필요하단걸절실히 생각했네모든 운동에 쓰이는 근육은 제각각이란걸무튼 이제는 수성못 한바퀴는 고민없이 뛸 수있다는 사실에 기쁘다😌😌.주말 아침이라 느긋하게 글쓴다또 일기 쓸까봐 적었는거 또 확인하면서🤭🤭🤭.창밖을 보니 구름 한점 안 보인다우리집 기준이다어! 우리집은 보이는데🤔🤔🤔 그러면 곤란하다🙄🙄🙄째든 오늘도 우리 인친님들 더운 날씨에 지치지 마시고 건강하고 행복하게 하루 보내시라🤗🤗...#일상소통#선한영향력#긍정적인생각#운동기록#만보걷기#실내자전거#런린이#유지어터#다이어터#수성못#저녁운동#미밴드#거리정확도#중국스럽네#🙄🙄🙄#할리데이비슨#갖고싶다#몰래사까#쫒겨나겠지#🤭🤭🤭#오늘은#커피로스팅#하는날#미소#함박#😁😁😁 이렇게 더울때 그렇게 많이 운동하시다 쓰러지시는거아닌가용😢 ㅠㅠ😭 무릎도 걱정되용 새우!!!😍😍 와~ 오늘 6k넘게 뛰셨네요~~👏👏 페이스도 너무 좋아요~ 😍 벌써 지쳐유~~😢우짬좋대유?!🤪 오늘도 고생하셨어요! 샐러드 너무 좋네요!ㅎㅎ 일기쓰면 어때요 남의 일기 읽는 재미가 쏠쏠합니당🤣 ㅎㅎ 우왕 오늘 아침도 너무 맛있어보여요!! 주말잘보내세요🙌🙌🙌 토토로 안녕!!! 저는 자꾸 ㅋㅋㅋㅋ 피규어랑 인사를 하고싶....🤣🤣🤣울인님 주말도 화이팅!! 할리데이비슨은 몰래 살 수 없는 크기 아닙니까?🤣🤣🤣 러닝화 좋은걸로 하나 장만하시지요! 인친 하구싶어요 저희 인친해요 먼저 선팔 하구갈게용~^^ 진짜 체력 대단하세요🔥 토요팅입니다🔥🙌 6.2키로 👏👏👏👏 와 벌써 5K 넘게 뛰시다니😮!!!! 목표 달성 축하드려요!! 달리기는 할 수록 호흡이 편해지면서 나중에는 무아지경 같은 느낌도 나더라구요ㅋㅋ 부상은 조심하시구요!! 남은 주말 푹 쉬셔요!😊
2021-08-06 00:00:00+00:00, .미밴드 스트랩!⠀기본 스트랩도 가볍다고 생각했었는데바꾸니까 훨씬 훨씬 가볍고 덜 답답하다.⠀색도 시커먼거에서 화사해지니까 더더욱 예쁜 것!⠀⠀#미밴드 #미밴드스트랩
2021-08-06 00:00:00+00:00," #양양 #8월6일 #걷기 #남대천 #뚝방길 #가민 #미밴드.8월이라 8k. 간간히 뛰었음. 시계 양손에 차고, 휴대폰 허리에 차고.. 이렇게 다 들고 운동하려던게 아닌데 ㅎ 이럴거면 사실 휴대폰 하나로도 충분 ㅋ 난 왜 이길이 동네길처럼 익숙할까요.. ^^ 백신 맞은건 이상증세 없나봐요..?"
2021-08-05 00:00:00+00:00," 새벽운동(80일차) ■ 턱걸이 : 13 + 7 + 6 = 26회 ■ 푸쉬업 : 40회 x 3set = 120회 ■ 레그레이즈 : 40회 x 3set = 120회 ■ 플랭크 : 1분30초 x 3set = 4분 30초 ■ 달리기 : 5km, 28분19초(평균페이스 5분40초) “오늘은 속도가 붙질 않네…ㅠㅠ 그애도 포기하지 않을테다!!” ■ 아침식사 : 토스트 + 야채샐러드 + 복숭아 + 바나나 + 사과 + 아이스아메리카노 + 명작수 + 요플레 + 오트밀■ 바디인증 : 70일차 때 바디인증을 못 하는바람에 더 좋은 몸 보여드리고 싶었는데… 아직 멀었네요.ㅠㅠ 그래도 약간의 변화는 느껴지고 있답니다.ㅋㅋㅋ^^;;;보이시나요?■ 조언부탁드려요.#새벽운동 #푸쉬업 #플랭크 #자기계발 #몸짱 #달리기 #운동장 #마라클모닝 #할수있다 #팔굽혀펴기 #미밴드 #아침 #모닝루틴 #근육 #아침식사 #방울토마토 #구운계란 #명작수 저거 땀으로 젖은거쥬 ....?? 조언 할게 없어요 혼자서 이정도면 ..🙌 혼자서 계획잡고 운동하기 쉽지 않은데 정말 대단하세요👏👏👏 오~ 영롱한 복근이군요😍 안녕하세요!:)일상 보내시는데 노력 많이 하시네요👏👏저도 노력 많이 하고있는데 소통 자주 같이 했으면 좋겠어여ღ'ᴗ'ღ🙏🏻💛. 100일의 변화가 기대됩니다.👏👏 과찬이세요~~^^;;하다보니… 근데 정석은 아닌것 같아요. 꼼수부리면서…ㅋㅋㅋ 와 아침부터 장난아니십니다🔥🔥🔥 푸쉬업 120개 😮 정말 대단하세요 👍"
2021-08-05 00:00:00+00:00," Good morning!■ 미라클모닝 216일■ 기상시간 am 04:24■ 수면점수 90점■ 미온수 한 잔 원샷“꾸준함이 모든 것을 이긴다!”“꾸준함은 절대 배신하지 않는다!!”“꾸준함이 나를 만든다. 새벽이 나를 만든다.”“꾸준함이 답이다”“졸꾸하자(졸도할정도로 꾸준하게)”“꾸준함은 나의 무기”“천천히, 하지만 꾸준하게!”“나는야 꾸준러!”“하기 싫어도 시스템에 몸을 맡기자!”“기다려지는 새벽, 설레이는 새벽”“열정은 불같이, 의지는 물같이! 불길처럼 활활 타오르는 열정을 갖되 물길처럼 끊임없이 흐르는 끈기를 지니자!”“멈추지 않는 한 반드시 변화는 일어난다”#미라클모닝 #새벽기상 #아침 #공복 #물한잔 #아침루틴 #모닝루틴 #미온수 #미밴드 #수면 #일어나 #새벽 #물한잔 #꾸준함 #금요일 굿모닝입니다~~❤️"
2021-08-05 00:00:00+00:00, #첫줄💪💪💪오랜만에 하루 2피드다달리기 하고 들어와서 기록한다미밴드에 사진 찍고 또 저장 안 눌렀네.. 🙄🙄🙄걷뛰에서 뜀밤질 3k 나머지 걷기다좀더 정확한 거리는 컴터로 확인하고앞으로 올리겠다진짜 마스크만 아니면 좀더 뛰어도크게 무리 안가는거 같다조금 쉬었다가 자전거 타고오늘 운동은 마무리~^^😌😌...#저녁운동#수성못#달리기#3k#미밴드#저장누르자#제발#🙄🙄🙄#이제#런린이#벗어나야지#땀범벅#다들#이상하게#쳐다본다#땀흘리는사람첨보슈#🤣🤣🤣#웃자#달밤에뜀박질 우와~~ 하늘 끝내주네요~~ 😍😍 저하늘에 구름사이로 햇빛이 쨍😍😍 너무 이뻐요👏👏👏어쩜요런걸 순간포착하셨어용😮❤️❤️ 와우 하늘👏👏👏 근데더웠죠ㅜ고생하셨어요🙌🙌 울님 집 좋네욧 불링불링~😍💫 마쟈요 ㅠ 마스크 완젼 극공감… 와! 천상으로가는길인가요😂😂 왠지...사과나 호두 같은거 한손으로 기냥 파박! 하고 깨버리실 것 같은 손과 근육이군요. 정적인 아침 식단 피드를 올리시지만 가끔씩 보여주시는 이 반전 매력...👍👍 오늘도 3K런!! 고생 많으셨어요! 자전거도 빠이팅입니다😆👏🏻👏🏻 우옹 남성분이셨군요!!!👏👏팔뚝이팔뚝이 으리으리 우왓! 하늘이 끝내주네여! ^^ 수고하셨숩니다~^^ 이두에 혈관이 선명하십니다👏👏👏 안녕하세용~ DM드려도 될까여~??☺️
2021-08-04 00:00:00+00:00," 새벽운동(79일차) ■ 턱걸이 : 13 + 7 + 5 = 25회 ■ 푸쉬업 : 40회 x 3set = 120회 ■ 레그레이즈 : 40회 x 3set = 120회 ■ 플랭크 : 1분30초 x 3set = 4분 30초 ■ 달리기 : 5km, 26분 43초(평균페이스 5분20초 “8월목표 4분대 진입!! ■ 아침식사 : 야채샐러드 + 복숭아 + 바나나 + 사과 + 아이스아메리카노 + 명작수 + 요플레 + 오트밀■ 조언부탁드려요.#새벽운동 #푸쉬업 #플랭크 #자기계발 #몸짱 #달리기 #운동장 #마라클모닝 #할수있다 #팔굽혀펴기 #미밴드 #아침 #모닝루틴 #근육 #아침식사 #방울토마토 #구운계란 #명작수 👏👏👏👏👏👏👏 너무 멋지신거 아녜요. 저도 새벽기상으로 독서중이엇는데 여름은 이상하게 쉽지 않아요. 그래서 새벽 운동을 하려고하는데, 인친님처럼은 못할듯요^^너무 멋지세욥. 홧팅😍 푸쉬업을 하시는 몸이 엄청 가벼워 보이는 착시 효과인가요ㅎㅎㅎ꾸준함의 결과이겠죠👍🏼 고생하셧어요 ㅎㅎ 진정한 꾸준함 🙌 인친님 피드보면서 궁금한게 있는데 오버그립으로 안잡고 하시는데 혹시 그게 더 효율이 높은가요??🙌"
2021-08-04 00:00:00+00:00," Good morning!■ 미라클모닝 215일■ 기상시간 am 04:25■ 수면점수 93점■ 미온수 한 잔 원샷“꾸준함이 모든 것을 이긴다!”“꾸준함은 절대 배신하지 않는다!!”“꾸준함이 나를 만든다. 새벽이 나를 만든다.”“꾸준함이 답이다”“졸꾸하자(졸도할정도로 꾸준하게)”“꾸준함은 나의 무기”“천천히, 하지만 꾸준하게!”“나는야 꾸준러!”“하기 싫어도 시스템에 몸을 맡기자!”“기다려지는 새벽, 설레이는 새벽”“열정은 불같이, 의지는 물같이! 불길처럼 활활 타오르는 열정을 갖되 물길처럼 끊임없이 흐르는 끈기를 지니자!”“멈추지 않는 한 반드시 변화는 일어난다”#미라클모닝 #새벽기상 #아침 #공복 #물한잔 #아침루틴 #모닝루틴 #미온수 #미밴드 #수면 #일어나 #새벽 #물한잔 #꾸준함 #목요일 우리인친할까요 태그 타고 왔습니다~ 반가워요! 팔로꾹!!!"
2021-08-04 00:00:00+00:00, 안농 ? #미밴드 꿀템 미밴드 꿀템 인정인정 ✨✨✨✨✨ 애플워치개꿀템❤️
2021-08-04 00:00:00+00:00, 왘 미밴드 진짜좋다.. ..... 중국산이라 쳐다도 안 봤었는데.. 진작살걸...... 근데 좀 크네? 그래도 가민이나 갤럭시워치보단 훨씬 착용감이 낫다.#진작살걸 ㅋㅋㅋㅋㅋㅋㅋㅋㅋ #대만족 #스마트워치 #샤오미미밴드6 #미밴드 오 드뎌 왔네
2021-08-04 00:00:00+00:00, 지금 바로 다운로드 받고 이벤트 참여 하긔😉❤[#EVENT 축구파이 정식 버전 발매 이벤트]우주 최초 축구도 즐기고 포인트도 쌓는 축구파이 정식버전 OPEN ! 🎊지금 바로 새로워진 축구파이⚽를 다운 받고 축구를 즐기면 엄청난 선물이 쏟아집니다!🎉📣참여방법! STEP1. 축구파이 앱 다운받고 회원가입하기 STEP2. Renewal 기념 특별 이벤트 참여하기🎁이벤트 경품 ✔애플워치6 (1명)✔닌텐도 스위치 (1명)✔샤오미 미밴드 (3명) ✔에어팟 프로 (1명) 📅이벤트 기간 ~2021.08.20(금)📅당첨자 발표 2021.08월 중 별도 공지*경품은 판매처 상황에 따라 동일 금액의 다른 상품으로 변경될 수 있습니다. *경품에 대한 제세 공과금(22%)는 본인 부담입니다. #축구파이 #축구 #축스타그램 #포인트 #앱테크 #훈련 #챌린지 #이벤트 #경품 #애플워치 #닌텐도 #닌텐도스위치 #샤오미 #미밴드 #애플 #에어팟
2021-08-03 00:00:00+00:00," 새벽운동(78일차) ■ 턱걸이 : 13 + 6 + 5 = 24회 ■ 푸쉬업 : 40회 x 3set = 120회 ■ 레그레이즈 : 40회 x 3set = 120회 ■ 플랭크 : 1분30초 x 3set = 4분 30초 ■ 달리기 : 5km, 26분 54초(평균 페이스 5분23초) “8월목표 4분대 진입!! ■ 아침식사 : 야채샐러드 + 복숭아 + 바나나 + 사과 + 아이스아메리카노 + 명작수 ■ 조언부탁드려요.#새벽운동 #푸쉬업 #플랭크 #자기계발 #몸짱 #달리기 #운동장 #마라클모닝 #할수있다 #팔굽혀펴기 #미밴드 #아침 #모닝루틴 #근육 #아침식사 #방울토마토 #구운계란 #명작수 오늘 하루도 파이팅 파이팅입니다🔥 4838.8님피드타고 왔어요! 선팔하고갑니다~ 👏👏 우리인친할까요 태그 타고 왔습니다~안녕하세요🙌❤️ 미싱하는 달우맘입니다😍반가워요! 팔로꾹!!"
2021-08-03 00:00:00+00:00," Good morning!■ 미라클모닝 214일■ 기상시간 am 04:32■ 수면점수 85점■ 미온수 한 잔 원샷“꾸준함이 모든 것을 이긴다!”“꾸준함은 절대 배신하지 않는다!!”“꾸준함이 나를 만든다. 새벽이 나를 만든다.”“꾸준함이 답이다”“졸꾸하자(졸도할정도로 꾸준하게)”“꾸준함은 나의 무기”“천천히, 하지만 꾸준하게!”“나는야 꾸준러!”“하기 싫어도 시스템에 몸을 맡기자!”“기다려지는 새벽, 설레이는 새벽”“열정은 불같이, 의지는 물같이! 불길처럼 활활 타오르는 열정을 갖되 물길처럼 끊임없이 흐르는 끈기를 지니자!”“멈추지 않는 한 반드시 변화는 일어난다”#미라클모닝 #새벽기상 #아침 #공복 #물한잔 #아침루틴 #모닝루틴 #미온수 #미밴드 #수면 #일어나 #새벽 #물한잔 #꾸준함 #수요일 안녕하세요 기분좋은 상쾌한 아침입니다 😄😄😄 수요팅👍 좋은하루 되세요💜💜💜 굿모닝입니당❤️"
2021-08-03 00:00:00+00:00," #미밴드 착용 후 최근 7일간의 운동 이력에서 측정한 심박수로 산출하는 'PAI 지표'가 오늘 처음으로 50을 넘었다.수영, 테니스보다 #복싱 의 운동량이 훨씬 많다. 1시간 운동 후에도 체력이 고갈되지 않고 계속해서 펀치를 날릴 수 있는 날까지 복싱 체육관 고고!"
2021-08-03 00:00:00+00:00, 이미 아시는 분들 다~ 안다는 시너지의 황제팩음료 삼총사 !!!!☘️✨아마존의 비아그라 미스티카아싸이✨염증잡는 노니✨마시는링거 시너맥스막강파워 음료들을함께 드시면속도는 미친듯이 빨라지고효과는 말해뭐해 입아파요당연히 너무 좋쥬 🤍🤍🤍🤍40대 50대분들에게가장 인기많은 제품들 ♥(ˆ⌣ˆԅ)2~30대가 먹으면너무 좋아서 아마 깜짝 놀랄지도 몰라요 🤟🏻(저도 냉장고에 쟁여두고 먹어욧❤️)맛도 좋고 ❤️효과도 좋은💛삼총사 최고얏💚입에 맛있으면 몸에 나쁘다던데너넨 왜 맛도 좋고몸에도 좋은거야 예뻐죽겠다 🤦🏻‍♀️🔥＊┈┈┈┈＊┈┈┈┈＊┈┈┈┈＊┈┈┈┈┈┈┈◼️빠른 상담은 ? ◻️다이어트문의 /𝐝𝐞𝐭𝐨𝐱 𝐜𝐨𝐚𝐜𝐡 모집 문의 =͟͟͞͞♡📬프로필 하단 링크로 문의 보내주세요오 🔖#귀가 #집데이트 #영화관 #집콕 #방콕 #아이폰 #애플 #애플워치 #앱등이 #갤럭시 #갤럭시버즈 #그램노트북 #노트북추천 #샤오미 #샤오미미밴드6 #미밴드 #워치추천 #귀걸이추천 #커플링 #커플링추천 #커플링브랜드 #커플티 #커플티추천 #커플목걸이 #커플사진 #커플신발 #커플바디프로필 #커플템 #커플케이스 #우정템
2021-08-03 00:00:00+00:00," 유산소운동...개인적으로 체중감량 때가장 어려운 요소라고 생각합니다.쉬운 길은 없지만바르고 꾸준히 나아간다면...!!본 내용은 ""동면중""님의 영상을 참고하였습니다.https://youtu.be/0WUx0tpZHS0 #운동하는직장인 #운동하는남자 #운동하는여자 #운동스타그램 #헬스타그램 #다이어트 #벌크업 #헬린이 #헬창 #운동맞팔 #운동소통 #선팔 #맞팔 #운동 #좋아요 #좋아요반사 #바디체크 #유지어터 #손글씨 #동면중 #유산소 #미밴드 #애플워치 운동소통해요~!! 선팔하고 갑니다~^^ 스마트 워치를 사야하나😢😢 ㅁㅊ 유익한 정보;;;;;;;; 넘나 좋은 정보❤️❤️"
2021-08-02 00:00:00+00:00," 새벽운동(77일차) ■ 턱걸이 : 13 + 7 + 5 = 25회 ■ 푸쉬업 : 40회 x 3set = 120회 ■ 레그레이즈 : 40회 x 3set = 120회 ■ 플랭크 : 1분30초 x 3set = 4분 30초 ■ 달리기 : 5km, 26분 41초(평균속도 5분20초) “8월목표 4분대 진입!! ■ 아침식사 : 야채샐러드 + 아웃백빵 + 우유 + 참외 + 사과 + 아이스아메리카노 + 명작수 ■ 조언부탁드려요.#새벽운동 #푸쉬업 #플랭크 #자기계발 #몸짱 #달리기 #운동장 #마라클모닝 #할수있다 #팔굽혀펴기 #미밴드 #아침 #모닝루틴 #근육 #아침식사 #방울토마토 #구운계란 #명작수"
2021-08-02 00:00:00+00:00," #제품제공#샤오미#미밴드6.@lge_seller_dwcts.대원cts에서 제품선물받았어요.조리원에있는동안 잠은 잘자는지 심박수나.스트레스는 얼마나 받고있는지 궁금한 저의신체활동상황을미밴드6로 제대로 알아가는 시간이였어요.1.56인치의 풀스크린으로 130개의 시계테마를 지원하고24시간 심박수측정, 30개가량의 운동모드마그네틱 충전케이블로 한번의 충전으로 19일이나 사용가능하능하답니다.(에코모드기준)5ATM방수까지 가능해요..저에게 정말 유용한 기능은 이번에 출산하면서우리승찬이 산소포화도가 낮아서 산소호흡기 달고있었는데미밴드6로 신생아의 산소포화도도 측정가능하니깐조리원있는동안 수시로 체크해 볼수있어서 너무 좋았어요..임신으로 늘어난 살들 운동모드를 활용해서평소 나의 운동습관도 알아가고, 운동스타일도체크하니깐 너무좋아요..생활속 다양하게 활용가능하고 제몸의 상태도수시로 체크가능하니깐 너무 유용한 아이템이네요.핸드폰문자니 카톡확인도 ok.운동하면서 뮤직플레이도 ok.다른기기와의 호환도 문제없이 ok.여성들을 위한 생리주기 관리도 된답니다.16가지 다양한 컬러의 추가스트랩으로 바꿔사용도가능해요!!. #샤오미 #미밴드 #미밴드6 #스마트워치 #스마트시계 #대원cts"
2021-08-02 00:00:00+00:00," #제품제공#샤오미#미밴드6.@lge_seller_dwcts.대원cts에서 제품선물받았어요.조리원에있는동안 잠은 잘자는지 심박수나.스트레스는 얼마나 받고있는지 궁금한 저의신체활동상황을미밴드6로 제대로 알아가는 시간이였어요.1.56인치의 풀스크린으로 130개의 시계테마를 지원하고24시간 심박수측정, 30개가량의 운동모드마그네틱 충전케이블로 한번의 충전으로 19일이나 사용가능하능하답니다.(에코모드기준)5ATM방수까지 가능해요..저에게 정말 유용한 기능은 이번에 출산하면서우리승찬이 산소포화도가 낮아서 산소호흡기 달고있었는데미밴드6로 신생아의 산소포화도도 측정가능하니깐조리원있는동안 수시로 체크해 볼수있어서 너무 좋았어요..임신으로 늘어난 살들 운동모드를 활용해서평소 나의 운동습관도 알아가고, 운동스타일도체크하니깐 너무좋아요..생활속 다양하게 활용가능하고 제몸의 상태도수시로 체크가능하니깐 너무 유용한 아이템이네요.핸드폰문자니 카톡확인도 ok.운동하면서 뮤직플레이도 ok.다른기기와의 호환도 문제없이 ok.여성들을 위한 생리주기 관리도 된답니다.16가지 다양한 컬러의 추가스트랩으로 바꿔사용도가능해요!!. #샤오미 #미밴드 #미밴드6 #스마트워치 #스마트시계 #대원cts"
2021-08-02 00:00:00+00:00, #울산동구#대왕암#미밴드#하루2만보 😮 누구손을이렇게잡고있는거지? 미키?ㅋㅋ
2021-08-02 00:00:00+00:00," Good morning!■ 미라클모닝 213일■ 기상시간 am 04:56■ 수면점수 87점■ 미온수 한 잔 원샷“꾸준함이 모든 것을 이긴다!”“꾸준함은 절대 배신하지 않는다!!”“꾸준함이 나를 만든다. 새벽이 나를 만든다.”“꾸준함이 답이다”“졸꾸하자(졸도할정도로 꾸준하게)”“꾸준함은 나의 무기”“천천히, 하지만 꾸준하게!”“나는야 꾸준러!”“하기 싫어도 시스템에 몸을 맡기자!”“기다려지는 새벽, 설레이는 새벽”“열정은 불같이, 의지는 물같이! 불길처럼 활활 타오르는 열정을 갖되 물길처럼 끊임없이 흐르는 끈기를 지니자!”“멈추지 않는 한 반드시 변화는 일어난다”#미라클모닝 #새벽기상 #아침 #공복 #물한잔 #아침루틴 #모닝루틴 #미온수 #미밴드 #수면 #일어나 #새벽 #물한잔 #꾸준함 #화요일"
2021-08-02 00:00:00+00:00, #운동기록 #운동 #홈트 #다이어트아침에도 라방 운동후 싸이클30분저녁도 라방후에 싸이클인터벌30분아침 운동후에 미밴드가 안꺼져서 총운동시간12시간 ㅋㅋㅋㅋㅋㅋㅋㅋ운동찢었다 내 심박수180🔥@kimbbomami @han79_ 하기싫대노코 운동 시작하면 넘 개운하단 말이지😎😎마지막은 항상 엄마 기다려주고 오면껌딱지되는 내 댕댕이🐕♥️모두 굿나잇✨🤤----#김뽀마미홈트#미밴드#운동하는엄마 언니 곧 몸짱유투부 찍는거아니쥬 짱짱걸
2021-08-02 00:00:00+00:00, 운동할 때 내 물품들#물통#미밴드#아이팟셔플#NoCellphone핸드폰은 안 들고 나가서 지도 거리기록이 안 되어 아쉽지만 운동에만 집중 물통을 들고 뛰시네요 대단하십니다 👏👏👏
2021-08-02 00:00:00+00:00, #만보달성#만보#계속하기#2021.8.2#일상#여행#daily #travel#한강#한강야경 #fff#걷기#동네한바퀴#즐거움#일상소통#여행스타그램 #미밴드
2021-08-02 00:00:00+00:00," #제품협찬 외출할때 항상 끼고 다니는 미밴드6⌚️-✔️•최대 50m 생홭방수 기능 지원!•한번 충전시 최대 19일까지 사용 가능한 미밴드6!•24시간 SpO2 혈중 산소 포화도 기능 추가!•다양한 운동 기능 지원 가격도 착한 시계!.#미밴드 #미밴드6 #시계 #샤오미 비 그만!✋🏻 yes bro 애플워치에서 갈아타야하나요😂 서핑할때 좋겠다,, 갖고싶다...😭😭 👌👌👌👌 아기자기한게 귀여운데요🙌 요거요거 완전 꿀템이네요🔥 올 요거 운동할 때 좋겠네💪🏻 세상 신기한게 많네요.. 저 하나만 주십사.. 오호 운동할때 꿀,,😍"
2021-08-02 00:00:00+00:00, #샤오미 #미밴드 #미밴드6시어머니 드릴려고 샀다가 내게 온.... ㅋㅋㅋ...#개시는아드님이 #시계생겼다 #ㅋㅋㅋㅋㅋㅋ
2021-08-01 00:00:00+00:00," 새벽운동(76일차) ■ 턱걸이 : 12+6+5=23회 ■ 푸쉬업 : 40회 x 3set = 120회 ■ 레그레이즈 : 40회 x 3set = 120회 ■ 플랭크 : 1분30초 x 3set = 4분 30초 ■ 달리기 : 5km, 27분30초(평균속도 5분30초) “8월목표 4분대 진입!!( ■ 아침식사 : 아웃백빵 + 우유 + 참외 + 토마토 + 사과 + 아이스아메리카노 + 명작수 ■ 조언부탁드려요.#새벽운동 #푸쉬업 #플랭크 #자기계발 #몸짱 #달리기 #운동장 #마라클모닝 #할수있다 #팔굽혀펴기 #미밴드 #아침 #모닝루틴 #근육 #아침식사 #방울토마토 #구운계란 #명작수 응원합니다😍😍 멋진 운동❤️ 으아아아아~~씨드님 오늘도 화이팅입니다❤️🔥 문뜩~ '올 연말에는 완전 모델로 변신하시겠다~'생각이 드네요.멋지세요."
2021-08-01 00:00:00+00:00," Good morning!■ 미라클모닝 212일■ 기상시간 am 04:14■ 수면점수 89점■ 미온수 한 잔 원샷“꾸준함이 모든 것을 이긴다!”“꾸준함은 절대 배신하지 않는다!!”“꾸준함이 나를 만든다. 새벽이 나를 만든다.”“꾸준함이 답이다”“졸꾸하자(졸도할정도로 꾸준하게)”“꾸준함은 나의 무기”“천천히, 하지만 꾸준하게!”“나는야 꾸준러!”“하기 싫어도 시스템에 몸을 맡기자!”“기다려지는 새벽, 설레이는 새벽”“열정은 불같이, 의지는 물같이! 불길처럼 활활 타오르는 열정을 갖되 물길처럼 끊임없이 흐르는 끈기를 지니자!”“멈추지 않는 한 반드시 변화는 일어난다”#미라클모닝 #새벽기상 #아침 #공복 #물한잔 #아침루틴 #모닝루틴 #미온수 #미밴드 #수면 #일어나 #새벽 #물한잔 #꾸준함 #월요일 안녕하세요! 기분좋은 아침입니다😊😊 월요팅👊 행복한 월요일 되세요💖💖💖 분위기가 너무 좋아요❤💕💖💖"
2021-08-01 00:00:00+00:00, 어제 먹은 디저트 불태우기 🔥🔥🔥#미밴드 #miband #xiaomi #trendsetter #🤣 #mountlofty #afterrainydays☔️ #sofresh #soclean #hiking #aftersquats #glutes #burning #sundayfunday #workoutalldone🙌🏼💪🥊 😍😍😍😍 looking awesome as always!!
2021-08-01 00:00:00+00:00, 내 미밴드 왜 거기 누워있니…..잃어버릴뻔 했지만 바로 가서 주움 ㅋㅋㅋ저래서 전에 한번 잃어버렸었지..#집에가자 #밴드 #샤오미밴드 #미밴드 #잃어버렸다찾음
2021-07-31 00:00:00+00:00," Good morning!■ 미라클모닝 211일■ 기상시간 am 04:43■ 수면점수 74분 “근데 이상하다. 9시30분쯤 잤는데… 미밴드는 7시부터 잔걸로 인식됐다…근데 점수는 더 안나옴…ㅠㅠ”■ 미온수 한 잔 원샷“꾸준함이 모든 것을 이긴다!”“꾸준함은 절대 배신하지 않는다!!”“꾸준함이 나를 만든다. 새벽이 나를 만든다.”“꾸준함이 답이다”“졸꾸하자(졸도할정도로 꾸준하게)”“꾸준함은 나의 무기”“천천히, 하지만 꾸준하게!”“나는야 꾸준러!”“하기 싫어도 시스템에 몸을 맡기자!”“기다려지는 새벽, 설레이는 새벽”“열정은 불같이, 의지는 물같이! 불길처럼 활활 타오르는 열정을 갖되 물길처럼 끊임없이 흐르는 끈기를 지니자!”“멈추지 않는 한 반드시 변화는 일어난다”#미라클모닝 #새벽기상 #아침 #공복 #물한잔 #아침루틴 #모닝루틴 #미온수 #미밴드 #수면 #일어나 #새벽 #물한잔 #꾸준함 #일요일 안녕하세요! 기분좋은 아침입니다😊😊😊 행복한 일요일 되세요🥰💙💜 반갑습니다 좋은 아침입니다 👏👏👏 음~ 시간보다 정말 수면의 질이 중요한가봐여.  굿모닝이에요❤️ 자주 그런건 아닌데 제 갤워치는 안자도 수면으로 잡힐때가 있어요 폰을 한다거나 영상 보고있으면 심박이 되게 서맥이 되나봐요😆 그걸 수면중으로 인식하더라구요 아마 미밴드도 그런이유로 7시에 수면으로 인식한게 아닐까요? 저는 어제는 3시간미만인데도 95점이예요😊"
2021-07-31 00:00:00+00:00, #공복운동🔥 #빅시스홈트 35분짜리 ❤️
2021-07-31 00:00:00+00:00," 7월매일러닝3KM 31일차 31회 완료👏🏃7월에 시작한 매일러닝 한달결산🔥🏃‍♀️7월누적 102.5km🚶‍♂️7월걷기거리  317km, 하루평균14411보✔3k 얼마안되는거 같지만나를 테스트하기 위한 매일3k 도전이었다성공!!! 아싸~~👍🎊🥳오늘 나는 작은성공을 해냈다👏✅ 8월은 #매일러닝4km 도전한다🔥🔥🔥5k를 고민했지만 차근차근 해보고 싶다🥰✔할 수  있어!! 알로하🤗 📍#리그램 - @storytelle_r_unner 님 피드에  #장마철챌린지 인증 하세요!!#매일러닝 #매일운동 #8월매일러닝4km도전#러닝 #running #나이키런 #nrc #미밴드 개근상 획득!!!🤩 와~~ 진짜 부지런하고 꾸준한 알로하님 게다가 지치지않는 열쩡!!! 배울게 많네요!!! 8월도 멋진 모습 기대하겠습니다!!! 화이팅!!!!🔥🔥🔥🔥 울 알로하님도 개근!! 크레이님과 알로하님 두분 다 개근!! 개근상 줘라~~!!!😂😂😂 매일 4k 응원합니다 ~ 🏆🏆🏆 드립니다 🙌🙌 대단하세요😍😍😍👏👏👏 #8월도힘내 #할수있어 #운동하는삶 #신나게하자 다이어트엔 러닝이 갑~입니다효 매일운동, 매일도전 멋져~~!!! 요기야 요기ㅋㅋㅋ 와 7월 누적 걸음 수가 102.5km인가요...☺엄청나요. 3km 저한텐 엄청 커보이는데요. 역시 꾸준함의 힘은 아무도 못 따라가는 것 같아요❤️ 알로하님 진짜 해내셨네요. 8월도 화이팅입니다."
2021-07-31 00:00:00+00:00," #쩡2107다이어리 END정말 눈깜짝할 사이에 지나간 21년 7월이네요. 코로나가 한풀 꺾일줄 알았는데 다시 시작했고,역시나 더운 여름이 찾아왔지만,그럼에도 불구하고 저에게는꾸준하게 만보걷기와 3키로 러닝에 도전했던 의미있는 21년 07월 이었습니다. 21년 3월 20일 부터 시작한 만보걷기 꾸준한 상승 그래프 칭찬한다. 나자신아. 21년 6월 13일 첫 러닝0.67키로 11.33 뛴거니 걸은거니?!3키로 9.대 8.대 에서 오늘 7.47로 마무리 했습니다.21.9.20일이 기대 되는걸?내 젊은 날의 기록 7월로 종료하고8월부터는 1년 프로젝트로 새로 시작합니다. 나 찾아봐라~~^^ㅋ#나이키런 #만보걷기성공 #캐시워크 #미밴드 #mifit#운동스타그램 말고 #일상스타그램 으로전환 #어제의나보다조금더나은오늘의나 👏👏👏 멋있어요!! 기록은 꼭 필요한거 같아요 진짜멋져요 언니😍 나도 기록을 해보고 싶은데 매일 내일부터내일부터…😅 도전해볼게요!! 걸음수 대에박!! 진짜 열심히 걸었다!! 첫 화면 점프사진들 넘 귀여워. 나도 점프샷 좀 찍어볼까해. 저것만해도 살 빠지겠어. 암튼 고생했다! 허.. 저 살빠지는 순서요. 저건 젊은 사람 해당인거 같아요. 40 넘으니 얼굴 먼저, 그리고 허벅지 빠지더라구요.😂😂 근육 빠지면서... 팔은 안빠져요. ㅠㅠ"
2021-07-30 00:00:00+00:00," 새벽운동(75일차) ■ 턱걸이 : 12+6+5=23회 ■ 푸쉬업 : 40회 x 3set = 120회 ■ 레그레이즈 : 40회 x 3set = 120회 ■ 플랭크 : 1분30초 x 3set = 4분 30초 ■ 달리기 : 7km, 42분47초 “7월 7km 달리기 끝! 내일부터는?!” ■ 아침식사 : 여채샐러드 + 그래놀라 + 우유 + 참외 + 바나나 + 사과 + 아몬드 + 땅콩 + 아이스아메리카노 + 명작수  “오늘은 배터지게 먹자….ㅋㅋㅋ”■ 조언부탁드려요.#새벽운동 #푸쉬업 #플랭크 #자기계발 #몸짱 #달리기 #운동장 #마라클모닝 #할수있다 #팔굽혀펴기 #미밴드 #아침 #모닝루틴 #근육 #아침식사 #방울토마토 #구운계란 #명작수 👏👏👏👏👏👏 정말..대단하세요🔥👏 멋지십니다. 전 어제 쉬고 주말 운동합니다. ❤️"
2021-07-30 00:00:00+00:00, 주말산행오랜만에 @restart83_toward_a_dream 님과 함께 집앞에 있는 산에 다녀왔어요. 정상에서 #TRGO 로 영양보충💪🏻산행만으로 거의 8천보?ㅋ 달성했네요.👏🏻👏🏻집에 오니 만보네... 👍🏻 이사진을 찍을껄~ㅋ#미밴드 .... #애플워치 갖고싶은데 고장이 안나네요 ㅋㅋㅋㅋ 물욕이 올라오고있으나 참아야겠죠. 걸음수 체크는 잘되니까.... #기본에충실하자오늘도 즐겁고 행복한 하루 보내세요~^^#주말산행 #앞산 #칠보산 #미밴드 #애플워치 #물욕 좋습니다~^-^ 주말 만보 미션 굿굿 😍🔥 미밴드와 애플 워치를 위해 분실을..........해보시는게......🙃🙃🙃🙃🙃🙃🙃 대박! 실천력 대단대단 멋짐요 🔥
2021-07-30 00:00:00+00:00," Good morning!■ 미라클모닝 210일■ 기상시간 am 04:24■ 수면점수 88점■ 미온수 한 잔 원샷“꾸준함이 모든 것을 이긴다!”“꾸준함은 절대 배신하지 않는다!!”“꾸준함이 나를 만든다. 새벽이 나를 만든다.”“꾸준함이 답이다”“졸꾸하자(졸도할정도로 꾸준하게)”“꾸준함은 나의 무기”“천천히, 하지만 꾸준하게!”“나는야 꾸준러!”“하기 싫어도 시스템에 몸을 맡기자!”“기다려지는 새벽, 설레이는 새벽”“열정은 불같이, 의지는 물같이! 불길처럼 활활 타오르는 열정을 갖되 물길처럼 끊임없이 흐르는 끈기를 지니자!”“멈추지 않는 한 반드시 변화는 일어난다”#미라클모닝 #새벽기상 #아침 #공복 #물한잔 #아침루틴 #모닝루틴 #미온수 #미밴드 #수면 #일어나 #새벽 #물한잔 #꾸준함 #토요일"
2021-07-30 00:00:00+00:00," 일주일간의 운동 기록.일요일부터 오늘까지 목표 걸음수 8천보는 무난하게 넘겼고, 컨디션 난조인 오늘을 제외하면 매일 8~10km 걷고 뛰고했다.그리하여 사무실 근무지만 하루 10~12km 걷는 걸로 측정됐다. 그리고 미밴드 운동지표인 뭔지 모를 PAI도 200을 달성했다. 걍 빡세게 운동하면 올라가는 누적 수치 같은데... 아무튼 몸무게 정체 현상이 있어서 조급했지만 간식 최대한 삼가하고 다시 웨이트를 약간 섞으니 효과가 있는 듯. 다음주도 역시나 목표는 1kg 감량!마침 다시 회사 헬스장이 오픈하니 웨이트도 많이 해줘야겠다~....#다이어트 #운동 #헬스 #런닝 #운동스타그램 #다이어터 #죽음의다이어트 #75번째다이어트 #제대로하는건3번째 #순천 #여수 #광양 #닭가슴살 #그만먹고싶다 #비만 #물러가라 #미밴드 #미밴드5"
2021-07-30 00:00:00+00:00, #안동카페 #옥동카페 #안동맛집#셀카 #셀피 #셀스타 #카페옥야동#셀기꾼 #애플워치 #미밴드 #경북안동맛집#데일리 #일상 소통하면서 지내고 싶어여 우리 맞팔해여:) 피드 구경 ˃.˂ 잘 하고 갑니다 새침이 모야모야 친하게 지내고싶어용 ~
2021-07-30 00:00:00+00:00," 만보기 살려다가 쿠퐝보고내꺼 워치만 살려다가,딱히 필요가 없어서미밴드를 보고가격이 착해서 나만 할려다가..😌-전자시계 사줄려했던 2학년저도 사달라는 5학년그리고 안한다더니,알았다니깐~ 아니 할래 !하던 신랑구까지 4개  사버림🤨-근데 왜 충전이 안되있...🤬언능 충전하고 스트레스지수와수면점수가 기대됨..-남들 코로나로 홈트할때더 찌진 말아야지 ㅋㅋㅋㅋ울 가족 건강하자고~💪------#미밴드6#미밴드#건강체크#만보기#시계#홈트#가족스타그램 #아들스타그램 #밴드사야지_구분이안됨🤬#로켓배송_감사해요🙏#코로나_일상#건강스타그램"
2021-07-30 00:00:00+00:00," 미밴드 다시 시작헬스장까지 얼마 안되는 거리이긴 하지만, 그래도 워밍업 하기엔 딱 적당한 거리인 것 같다ㅎㅎ#미밴드 #유산소 #기록"
2021-07-29 00:00:00+00:00," 새벽운동(74일차) ■ 턱걸이 : 10 + 6 + 5 = 2-회 ■ 푸쉬업 : 40회 x 3set = 120회 ■ 레그레이즈 : 40회 x 3set = 120회 ■ 플랭크 : 1분30초 x 3set = 4분 30초 ■ 달리기 : 7km, 41분 46초 “신기록달성!! 평균속도 5분대진입” ■ 아침식사 : 지코바 야채샐러드 + + 복숭아 + 사과 + 아몬드 + 땅콩 + 아이스아메리카노 + 명작수 ■ 조언부탁드려요.#새벽운동 #푸쉬업 #플랭크 #자기계발 #몸짱 #달리기 #운동장 #마라클모닝 #할수있다 #팔굽혀펴기 #미밴드 #아침 #모닝루틴 #근육 #아침식사 #방울토마토 #구운계란 #명작수 으하앗!! 오늘도 금요팅입니다🔥 꾸준함과 열심 대박이세요👍🏻🥰"
2021-07-29 00:00:00+00:00," Good morning!■ 미라클모닝 209일■ 기상시간 am 04:22■ 수면점수 84점■ 미온수 한 잔 원샷“꾸준함이 모든 것을 이긴다!”“꾸준함은 절대 배신하지 않는다!!”“꾸준함이 나를 만든다. 새벽이 나를 만든다.”“꾸준함이 답이다”“졸꾸하자(졸도할정도로 꾸준하게)”“꾸준함은 나의 무기”“천천히, 하지만 꾸준하게!”“나는야 꾸준러!”“하기 싫어도 시스템에 몸을 맡기자!”“기다려지는 새벽, 설레이는 새벽”“열정은 불같이, 의지는 물같이! 불길처럼 활활 타오르는 열정을 갖되 물길처럼 끊임없이 흐르는 끈기를 지니자!”“멈추지 않는 한 반드시 변화는 일어난다”#미라클모닝 #새벽기상 #아침 #공복 #물한잔 #아침루틴 #모닝루틴 #미온수 #미밴드 #수면 #일어나 #새벽 #물한잔 #꾸준함 #금요일 ❤️❤️❤️ 피드보면서 슬슬 저도 새벽기상의 자극?이 오는 것 같네요. 선한?슬기로운?성실한?부지런한?영향력 감사드려요~^^ 금모닝 좋은하루되세요 ❤️❤️❤️늘 감사합니다.^^ 와 수면의 질이 좋다고 뜨네요! 6시간 30분 수면으로도 상쾌한 하루를 보낼 수 있는 이유인가 봅니다! 👏 5시에 일어나 저는 호미질을 했답니당 ㅎ..^^"
2021-07-29 00:00:00+00:00, 시계 선물받았습니다! 감사합니다!!#미밴드#시계#웨어러블디바이스 #전자시계#샤오미 👏👏👏 스..스게!
2021-07-29 00:00:00+00:00," ☕오늘은 요기~""아라떼☕""울 인친님들 ""아라떼 모뉭"" 입니다~숙면 🛏취하셨나요?덥다춥다 반복하니 기운이 좀 읍네요어제도 1️⃣0️⃣0️⃣0️⃣0️⃣🅱️🅾️걷기 성공남편 안 나가려는데 꼬셔서같이 만보🚶‍♀️🚶‍♂️걸었어요.종종 같이 나와야겠네요~오늘도 카페인 충전 가득해서목요팅❣❣ 해 보아요~..#목요일 #목요팅❣️ #아이스카페라떼 #메가커피애용자 #메가커피아이스카페라떼 #megacoffee #메가커피수내역점 #아라떼 #아라떼모닝 #카페인충전⚡️ #만보인증🚶‍♀️#만보걷기#만보 #만보걷기챌린지 #만보걷기하자🏃 #미밴드 #건강한돼지🐷 #맛난거먹어야징 #행복한하루되세요💕 #직장맘일상🐶🐾 #다미하루 저는 집에서 아라떼모닝했네요~올두 홧팅😍 울님두 행복한 목욜되세용❤️❤️ 만보걷기 성공하셨다니 뿌듯하시겠어요😆 맬~ 만보와 아라떼네요👍😍😍 만보걷기~ 성공~🤗👍 늘 응원할게요~~💕 요거 보자마자 저도 아라로 한잔 걸쳐야겠어요^^ ㅎㅎㅎㅎ 아라떼 모닝이다요❤️ 우리단아 만보걸님😍😍 오늘도 화이팅하세요 😍😍 걷기 많이 하면 건강에도 정말 좋은거 같아요!🔥 카페인 충전 잘 하시고 오늘도 즐겁고 맛있는 하루 보내세요 😍😍😍 아라떼모닝 좋아요 오늘도 활기차게 보내고 계시죠  남편분과 만보 같이 갈으셔서 건강 챙기시는 인님 멋지네요"
2021-07-28 00:00:00+00:00," 새벽운동(73일차) ■ 턱걸이 : 11 + 5 + 4 = 20회 ■ 푸쉬업 : 40회 x 3set = 120회 ■ 레그레이즈 : 40회 x 3set = 120회 ■ 플랭크 : 1분30초 x 3set = 4분 30초 ■ 달리기 : 7km, 42분 54초 ■ 아침식사 : 야채샐러드 + 아몬드 + 땅콩 + 참외 + 아이스아메리카노 + 명작수 +바나나 ■ 조언부탁드려요.#새벽운동 #푸쉬업 #플랭크 #자기계발 #몸짱 #달리기 #운동장 #마라클모닝 #할수있다 #팔굽혀펴기 #미밴드 #아침 #모닝루틴 #근육 #아침식사 #방울토마토 #구운계란 #명작수 으라차차 목요팅입니다!!"
2021-07-28 00:00:00+00:00," Good morning!■ 미라클모닝 208일■ 기상시간 am 04:24■ 수면점수 88점■ 미온수 한 잔 원샷“꾸준함이 모든 것을 이긴다!”“꾸준함은 절대 배신하지 않는다!!”“꾸준함이 나를 만든다. 새벽이 나를 만든다.”“꾸준함이 답이다”“졸꾸하자(졸도할정도로 꾸준하게)”“꾸준함은 나의 무기”“천천히, 하지만 꾸준하게!”“나는야 꾸준러!”“하기 싫어도 시스템에 몸을 맡기자!”“기다려지는 새벽, 설레이는 새벽”“열정은 불같이, 의지는 물같이! 불길처럼 활활 타오르는 열정을 갖되 물길처럼 끊임없이 흐르는 끈기를 지니자!”“멈추지 않는 한 반드시 변화는 일어난다”#미라클모닝 #새벽기상 #아침 #공복 #물한잔 #아침루틴 #모닝루틴 #미온수 #미밴드 #수면 #일어나 #새벽 #물한잔 #꾸준함 #목요일 즐거운하루보내세요"
2021-07-28 00:00:00+00:00," #알로하매일도전 ✅ 62일차📽영상4배속📍도전6️⃣2️⃣일차(매일운동 131일째)🔸️푸쉬업 64개🔸️플랭크 2분50초🔸️만보기 10146 (인라인은 카운트안된다😅)🔹️아침운동을 계속못하네~ 여독풀었으니 하자🤗🔹️오후운동 인라인 1시간🔹️저녁운동 러닝 3키로 걷기4키로📚#10분독서챌린지 with @life_balance0 @lucydiary21 @dreamer_connie @rosa_diet_a @aloha_l.21-더해빙의 이서윤작가의 또 다른책 ""오래된 비밀"" ;  내가 생각하는대로 나는 실현된다.  꽂힌말✅ 매일의 힘을 조금씩 느낀다.🔥✔매일의 노력이 얼마나 가치있는지도 알꺼같다.✔매일의 운동은 나를 변화시키고 있다.✔매일의 도전은 자신감을 키우고 있다.✔매일의 러닝은 또 다른 나를 알려줬다.✔매일 내가 생각하고 집중하는 것들은 실현된다.그래서 생각을 좀 더 하며 살아야겠다!🤔사실 생각은 짧게 행동은 빠르게 하자했는데...내가 매일 뭔가를 하고 도전하는것이 생각하지 않았음 실천되지 않았을 것들이다☑ 마지막사진은 @running_clay 님이 나를 언급해주신 피드를 담아봤다. 이쁘게 손으로 인친분들 분석한 표에 내가 있다🤗  코멘트도 해주셨는데....열정응원형이며 매일도전하고 운동하는 에너자이저라고... 러닝에 재능이 있다고도 해주셨다. 가슴이 뭉클~  따뜻했다😊❤📍나를 쫀쫀하게 만드는🔥알로하 인스타 계정이다#알도전_플랭크푸쉬업 #매일운동 #플랭크 #푸쉬업 #만보걷기 #미밴드#독서 #10분만이라도읽어보자#Aloha_diet_exercise 매일의 도전 매일매일의 힘은 정말 다른거 같아요~~ 저도 느끼고 있어요!! 함께 해요!!!! 👏👏🙌🙌 에너자이저 맞는듯요~~ 하루 종일 운동하셔도 어찌 그리 멀쩡하신지 💪💪💪 대단하세요~~ 👏👏👏 긍정여신 알로하님~~ 애정해요~~❤️❤️ 매일도전은 계속된다아~~~ 에너자이저!!! 🤣🤣🤣 열정응원형도 맞네요!!! 오늘도 열정적으로 매일운동 63일차 가즈아~~!!🔥🔥🔥 크흐흐! 에너자이저 알로하님! 정말 딱 맞는 표현 찾은거 같아서 뿌듯해요! 😍😍 앞으로도 함께 화이팅해봐요~! 🔥🔥🔥 유일하게 외모때문에 운동능력이 빛이나지 않으신분..😂😂 쉼없는 도전 대단해요👍👍👍화이팅!!! 바디크리에이터 대표 김준영 입니다 ◡̈︎ 뭐 좀 물어볼게요~!"
2021-07-28 00:00:00+00:00, #새벽산책평소와 다른코스 짧게 ❤️
2021-07-28 00:00:00+00:00, #공복운동🔥 #이지은다이어트 하체🔥 #심으뜸 복부🔥 #미서원홈트 유산소 ❤️
2021-07-28 00:00:00+00:00," 🧸2021년 7월 28일🧸 261일째👧🏻뜽연 눈감아봐 선물잇써! 더 꽉감아봥 (손에 올려줌)👦🏻우와앙앙아아아아 또진 이거뭐양 너무 고마옹 대빵쪼아!!뜽연이가 저번부터 샤오미 미밴드6을 사고싶다고 했었는데 오늘 하루알바 하는게 있어서 돈받으면 사두되냐고 물어보길래 어제 쿠팡에서 로켓배송으로 몰래 시켯찌😙-아까줬는데 아직도 설정하고 있당 우리둘다 기계친가봐😭😭 ❤️ 우앙 😍 ❤️❤️ 스윗한 울님 😍 짝꿍님 완전 행복하겠는데용 ?? ❤️❤️ 피드가 너무 이뿌요옹 선물이라니익 너무 좋겠어용 짝꿍님께서 울님 좋아하는것을 생각해주시고 사주시다닉 두분 이쁜사랑 바래용❤️❤️❤️ 꺄 울님 진짜 너무 달달해용😍😍 짝꿍님께서 사고싶다고 하신 물건을 생각하셨다가 사주시고 짝꿍님 감동받으셨겠어용😍😍 우와,,,, 받구 너무 감동받으셨을 것 같아요!!!❤️❤️ 사고싶어했던 거 기억하고 사쥬는 스윗걸❤️❤️ 감동감동 울잇님 천사세요오?❤️"
2021-07-28 00:00:00+00:00, 점심.미역국에 밥이랑 반찬 반공기대략500kcal예상운동.빅씨스 홈트 3가지-231kcal간식.팥빙수 1/2대략 300kcal예상저녁.쉐이크대략200kcal예상#다이어트 #기록 #운동 #웨이티#미밴드 #홈트 #빅씨스
2021-07-28 00:00:00+00:00, 새로들인 장난감오늘부터1일 💪🏃🏃‍♀️#로켓배송🚀 #미밴드#미밴드6
2021-07-27 00:00:00+00:00, #야간조깅 #달리기 #mifit #미밴드 #미밴드6아침조깅은 도저히 못할거같아서#한밤조깅! #불광역4번출구출발 #연신내역3번출구찍고#왕복3km #딱좋군 #ㅋㅋㅋ#이틀에한번 #일주일최소3번 #건강관리 #가즈아 !! 와 샘 굿굿 👏 응원합니다 !!!! 주3회가 매일로 바뀔겁니다 🔥🔥🔥 도대체 왜 그래? 😮 👏👏👏👏
2021-07-27 00:00:00+00:00," 새벽운동(72일차) ■ 턱걸이 : 10 + 5 + 3 = 18개 ■ 푸쉬업 : 40회 x 3set = 120회 ■ 레그레이즈 : 40회 x 3set = 120회 ■ 플랭크 : 1분30초 x 3set = 4분 30초 ■ 달리기 : 7km, 43분 21초 ■ 아침식사 : 야채샐러드 + 아몬드 + 땅콩 + 아이스아메리카노 + 명작수 ■ 조언부탁드려요.#새벽운동 #푸쉬업 #플랭크 #자기계발 #몸짱 #달리기 #운동장 #마라클모닝 #할수있다 #팔굽혀펴기 #미밴드 #아침 #모닝루틴 #근육 #아침식사 #방울토마토 #구운계란 #명작수 맨몸 스스로 컨트롤 하는게 정말 더 어려운거같아요  꾸준한건 말도못하고 ㅎ 대단하세요 🙌 등에 땀이 땀이ㅎㅎㅎㅎ 아침을 개운하게 땀 쫘악 빼고 시작하시네요~"
2021-07-27 00:00:00+00:00, #210728 #공복유산소 오늧도 스타트!!오늘만 일하면 내일부터 휴가니까 힘이 더 생기는듯 💪💪#오늘도화이팅 .#공복걷기 #공복운동 #걷스타그램 #걷기 #자기관리 #매일걷기 #다이어트 #다이어터 #수요일 #꾸준함이답이다 #diet #dietdiary #미밴드 멋져요!! ㅋ오늘도 알람 들었어요😁😁오늘도 고고씽!!!
2021-07-27 00:00:00+00:00," Good morning!■ 미라클모닝 207일■ 기상시간 am 04:11■ 수면점수 85점■ 미온수 한 잔 원샷“꾸준함이 모든 것을 이긴다!”“꾸준함은 절대 배신하지 않는다!!”“꾸준함이 나를 만든다. 새벽이 나를 만든다.”“꾸준함이 답이다”“졸꾸하자(졸도할정도로 꾸준하게)”“꾸준함은 나의 무기”“천천히, 하지만 꾸준하게!”“나는야 꾸준러!”“하기 싫어도 시스템에 몸을 맡기자!”“기다려지는 새벽, 설레이는 새벽”“열정은 불같이, 의지는 물같이! 불길처럼 활활 타오르는 열정을 갖되 물길처럼 끊임없이 흐르는 끈기를 지니자!”“멈추지 않는 한 반드시 변화는 일어난다”#미라클모닝 #새벽기상 #아침 #공복 #물한잔 #아침루틴 #모닝루틴 #미온수 #미밴드 #수면 #일어나 #새벽 #물한잔 #꾸준함 #수요일"
2021-07-27 00:00:00+00:00, #새벽산책 ❤️
2021-07-26 00:00:00+00:00, #미밴드 가 흔적만 남기고 사라졌다..막내아들 꽁지가 ㅠㅠ 아빠께 탐난다며..흔적으로 위로해야지..#미밴드흔적 #천연미밴드 그려줄까여?ㅋㅋㅋ 동지다 나도 잇어 ㅋㅋㅋ
2021-07-26 00:00:00+00:00," 새벽운동(71일차) ■ 턱걸이 : 10 + 4 + 3 = 17개 ■ 푸쉬업 : 40회 x 3set = 120회 ■ 레그레이즈 : 40회 x 3set = 120회 ■ 플랭크 : 1분30초 x 3set = 4분 30초 ■ 달리기 : 7km, 43분 57초 “41분대 진입 실패… 하지만 목표와 점점 가까워지고 있음에 확신한다!” ■ 아침식사 : 야채샐러드 + 귀리요거트 + 방울토마토 + 아몬드 + 땅콩 + 옥수수 + 아이스아메리카노 + 명작수 ■ 조언부탁드려요.#새벽운동 #푸쉬업 #플랭크 #자기계발 #몸짱 #달리기 #운동장 #마라클모닝 #할수있다 #팔굽혀펴기 #미밴드 #아침 #모닝루틴 #근육 #아침식사 #방울토마토 #구운계란 #명작수 크으 땀으로 젖은 등이 왜 이렇게 섹시한거죠?! 멋지세요👏👏👏👏"
2021-07-26 00:00:00+00:00," Good morning!■ 미라클모닝 206일■ 기상시간 am 04:22■ 수면점수 86점■ 미온수 한 잔 원샷“꾸준함이 모든 것을 이긴다!”“꾸준함은 절대 배신하지 않는다!!”“꾸준함이 나를 만든다. 새벽이 나를 만든다.”“꾸준함이 답이다”“졸꾸하자(졸도할정도로 꾸준하게)”“꾸준함은 나의 무기”“천천히, 하지만 꾸준하게!”“나는야 꾸준러!”“하기 싫어도 시스템에 몸을 맡기자!”“기다려지는 새벽, 설레이는 새벽”“열정은 불같이, 의지는 물같이! 불길처럼 활활 타오르는 열정을 갖되 물길처럼 끊임없이 흐르는 끈기를 지니자!”#미라클모닝 #새벽기상 #아침 #공복 #물한잔 #아침루틴 #모닝루틴 #미온수 #미밴드 #수면 #일어나 #새벽 #물한잔 #꾸준함 #화요일"
2021-07-26 00:00:00+00:00, #미밴드#빡시거#하루만보#두달째#기능좋군#계단타기 설인이여  털이 😂😂😂😂😂😂 계단타기 효과 있냐!? ㅋ
2021-07-26 00:00:00+00:00, #13일차 #아침생식 #점심포케 #저녁일반식 #군것질 #만보성공 #미밴드 #삼성헬스아침 생식 먹구 병원 다녀 와서 연두부에 반찬 먹구 배가 불렀지만 약속이 있는 관계로 포케랑 아아도 마시구~~오랜만의 외식이라 넘 맛있었다!^^간식으로 초코하임3봉지 저녁을 조금 먹구 생식을 먹으려 했는데 밥을 넘 많이 먹었다.ㅋㅋ 현미밥으로 먹은걸로 위안 삼아 본다. 설겆이 후 한시간 걷고 들어 왔다.오늘은 다른 날 보다 많이 걸었으니 내일의 몸무게 변화를 기대해 본다.
2021-07-26 00:00:00+00:00, 오랜만에 운동😇요즘 맘대로 먹었더니 허리에 튜브 생길까 두근두근🤦‍♀️🔥러닝머신 6 km/h  3km 🔥힙 어덕션15kg  15*1세트20kg  10*3세트25kg  10*3세트 🔥레그컬  10kg*2세트 🔥레그프레스  기구가 달라서 그런가 너무 무거웠닼ㅋㅋㅋ35kg  10kg*2세트43kg  10kg*3세트 🔥와이드스쿼트 20*3세트미밴드는 편집만 하면 화질이 구려져ㅠ.ㅠ#헬스 #헬린이 #야외체질 #일상 #오후 #운동 #걷기 #달리기 #러닝 #하체운동 #daily #workout #walking #run #running #health #레깅스 #안다르 #상의 #티셔츠 #아디다스 #운동화 #언더아머 #샤오미 #미밴드 화이팅!🔥 열심히 하구 잇구나🔥🔥 나이쓰👏👏
2021-07-25 00:00:00+00:00," 새벽운동(70일차) ■ 턱걸이 : 7 + 5 = 12회 ■ 푸쉬업 : 40회 x 3set = 120회 ■ 레그레이즈 : 40회 x 3set = 120회 ■ 플랭크 : 1분30초 x 3set = 4분 30초 ■ 달리기 : 7km, 42분 3초(점점 빨라지고 있어…^^;;) “내일은 41분대 진입!!” ■ 아침식사 : 토스트 + 야채샐러드 + 방울토마토 + 아몬드 + 땅콩 + 옥수수 + 아이스아메리카노 + 명작수 ■ 조언부탁드려요.#새벽운동 #푸쉬업 #플랭크 #자기계발 #몸짱 #달리기 #운동장 #마라클모닝 #할수있다 #팔굽혀펴기 #미밴드 #아침 #모닝루틴 #근육 #아침식사 #방울토마토 #구운계란 #명작수 으쌰으쌰❤️❤️ 오늘도 화이팅입니다 성장해나가시는 모습 보니 제가 기분이 좋네요😍 달리기도 뭐 금방 5분대 페이스 가능하시겠는데요?! 응원합니다👏👏👏 오 멋지세요 👏👏👏👏 멋지십니다❤️응원할게요😍😍 와. 턱걸이. 전 한 개도 못해서... 달리기만 ^^; 대단하세요 👏👏👏👏👏👏👏 매일 자극받고있습니다 🔥 운동으로 건강하게 7월 마무리 할수있길 기원합니다 화이팅!! 멋진 운동 최고십니다.❤️ 꾸준한 운동 대단하세요. 응원합니다. 👍"
2021-07-25 00:00:00+00:00," Good morning!■ 미라클모닝 205일■ 기상시간 am 04:43■ 수면점수 92점■ 미온수 한 잔 원샷“꾸준함이 모든 것을 이긴다!”“꾸준함은 절대 배신하지 않는다!!”“꾸준함이 나를 만든다. 새벽이 나를 만든다.”“꾸준함이 답이다”“졸꾸하자(졸도할정도로 꾸준하게)”“꾸준함은 나의 무기”“천천히, 하지만 꾸준하게!”“나는야 꾸준러!”“하기 싫어도 시스템에 몸을 맡기자!”“기다려지는 새벽, 설레이는 새벽”“열정은 불같이, 의지는 물같이! 불길처럼 활활 타오르는 열정을 갖되 물길처럼 끊임없이 흐르는 끈기를 지니자!”#미라클모닝 #새벽기상 #아침 #공복 #물한잔 #아침루틴 #모닝루틴 #미온수 #미밴드 #수면 #일어나 #새벽 #물한잔 #꾸준함 #월요일 좋은아침입니다👍 월요팅👊 😁😁😁 굿모닝입니다 월요일 화이팅!! 꾸준함!!! 만능치트키인 것 같아요. 화이팅입니다 😍😍 👏👏👏 꾸준함도 재능이다^^ 좋은하루되세요😍"
2021-07-25 00:00:00+00:00, 롯데아울렛 아웃도어 원탑 노페@cho_min2 #노페 #노스페이스 #고양종합터미널 #롯데아울렛 #노페반팔 #반팔 #레오파드 #트윈룩 #조거 #테크웨어 #헥사 #어글리슈즈 #달톤 #노페티 #티셔츠 #애플워치 #여름 #미밴드 #옷스타그램 #패션스타그램 #northface #tnf #techwear #uglyshoes #applewatch #miband #summer #darkwear #fashion #korean 안녕하세용~ DM드려도 될까여~??☺️
2021-07-24 00:00:00+00:00," Good morning!■ 미라클모닝 204일■ 기상시간 am 04:44■ 수면점수 74점■ 미온수 한 잔 원샷“꾸준함이 모든 것을 이긴다!”“꾸준함은 절대 배신하지 않는다!!”“꾸준함이 나를 만든다. 새벽이 나를 만든다.”“꾸준함이 답이다”“졸꾸하자(졸도할정도로 꾸준하게)”“꾸준함은 나의 무기”“천천히, 하지만 꾸준하게!”“나는야 꾸준러!”“하기 싫어도 시스템에 몸을 맡기자!”“기다려지는 새벽, 설레이는 새벽”“열정은 불같이, 의지는 물같이! 불길처럼 활활 타오르는 열정을 갖되 물길처럼 끊임없이 흐르는 끈기를 지니자!”#미라클모닝 #새벽기상 #아침 #공복 #물한잔 #아침루틴 #모닝루틴 #미온수 #미밴드 #수면 #일어나 #새벽 #물한잔 #꾸준함 #일요일 행복한 일요일 아침입니다🤗😍😁 즐거운 하루 되세요👍❤💙💛"
2021-07-24 00:00:00+00:00, #걷기 #운동 #낮보다는밤 #건강제일 #미밴드
2021-07-24 00:00:00+00:00," #제품제공#샤오미#미밴드6.@lge_seller_dwcts.대원cts에서 제품선물받았어요.조리원에있는동안 잠은 잘자는지 심박수나.스트레스는 얼마나 받고있는지 궁금한 저의신체활동상황을미밴드6로 제대로 알아가는 시간이였어요.1.56인치의 풀스크린으로 130개의 시계테마를 지원하고24시간 심박수측정, 30개가량의 운동모드마그네틱 충전케이블로 한번의 충전으로 19일이나 사용가능하능하답니다.(에코모드기준)5ATM방수까지 가능해요..저에게 정말 유용한 기능은 이번에 출산하면서우리승찬이 산소포화도가 낮아서 산소호흡기 달고있었는데미밴드6로 신생아의 산소포화도도 측정가능하니깐조리원있는동안 수시로 체크해 볼수있어서 너무 좋았어요..이제 내일부터 조리원퇴소하고 나면 운동모드를 더적극적으로 활용해봐야겠어요.생활속 다양하게 활용가능하고 제몸의 상태도수시로 체크가능하니깐 너무 유용한 아이템이네요.핸드폰문자니 카톡확인도 ok.운동하면서 뮤직플레이도 ok.다른기기와의 호환도 문제없이 ok.여성들을 위한 생리주기 관리도 된답니다.16가지 다양한 컬러의 추가스트랩으로 바꿔사용도가능해요!!. #샤오미 #미밴드 #미밴드6 #스마트워치 #스마트시계 #대원cts 오잉 아이 건강체크하는 밴드인가봐요?"
2021-07-24 00:00:00+00:00," #제품제공#샤오미#미밴드6.@lge_seller_dwcts.대원cts에서 제품선물받았어요.조리원에있는동안 잠은 잘자는지 심박수나.스트레스는 얼마나 받고있는지 궁금한 저의신체활동상황을미밴드6로 제대로 알아가는 시간이였어요.1.56인치의 풀스크린으로 130개의 시계테마를 지원하고24시간 심박수측정, 30개가량의 운동모드마그네틱 충전케이블로 한번의 충전으로 19일이나 사용가능하능하답니다.(에코모드기준)5ATM방수까지 가능해요..저에게 정말 유용한 기능은 이번에 출산하면서우리승찬이 산소포화도가 낮아서 산소호흡기 달고있었는데미밴드6로 신생아의 산소포화도도 측정가능하니깐조리원있는동안 수시로 체크해 볼수있어서 너무 좋았어요..이제 내일부터 조리원퇴소하고 나면 운동모드를 더적극적으로 활용해봐야겠어요.생활속 다양하게 활용가능하고 제몸의 상태도수시로 체크가능하니깐 너무 유용한 아이템이네요.핸드폰문자니 카톡확인도 ok.운동하면서 뮤직플레이도 ok.다른기기와의 호환도 문제없이 ok.여성들을 위한 생리주기 관리도 된답니다.16가지 다양한 컬러의 추가스트랩으로 바꿔사용도가능해요!!. #샤오미 #미밴드 #미밴드6 #스마트워치 #스마트시계 #대원cts"
2021-07-24 00:00:00+00:00," #제품제공#샤오미#미밴드6.@lge_seller_dwcts.대원cts에서 제품선물받았어요.조리원에있는동안 잠은 잘자는지 심박수나.스트레스는 얼마나 받고있는지 궁금한 저의신체활동상황을미밴드6로 제대로 알아가는 시간이였어요.1.56인치의 풀스크린으로 130개의 시계테마를 지원하고24시간 심박수측정, 30개가량의 운동모드마그네틱 충전케이블로 한번의 충전으로 19일이나 사용가능하능하답니다.(에코모드기준)5ATM방수까지 가능해요..저에게 정말 유용한 기능은 이번에 출산하면서우리승찬이 산소포화도가 낮아서 산소호흡기 달고있었는데미밴드6로 신생아의 산소포화도도 측정가능하니깐조리원있는동안 수시로 체크해 볼수있어서 너무 좋았어요..이제 내일부터 조리원퇴소하고 나면 운동모드를 더적극적으로 활용해봐야겠어요.생활속 다양하게 활용가능하고 제몸의 상태도수시로 체크가능하니깐 너무 유용한 아이템이네요.핸드폰문자니 카톡확인도 ok.운동하면서 뮤직플레이도 ok.다른기기와의 호환도 문제없이 ok.여성들을 위한 생리주기 관리도 된답니다.16가지 다양한 컬러의 추가스트랩으로 바꿔사용도가능해요!!. #샤오미 #미밴드 #미밴드6 #스마트워치 #스마트시계 #대원cts"
2021-07-24 00:00:00+00:00," #제품제공#샤오미#미밴드6.@lge_seller_dwcts.대원cts에서 제품선물받았어요.조리원에있는동안 잠은 잘자는지 심박수나.스트레스는 얼마나 받고있는지 궁금한 저의신체활동상황을미밴드6로 제대로 알아가는 시간이였어요.1.56인치의 풀스크린으로 130개의 시계테마를 지원하고24시간 심박수측정, 30개가량의 운동모드마그네틱 충전케이블로 한번의 충전으로 19일이나 사용가능하능하답니다.(에코모드기준)5ATM방수까지 가능해요..저에게 정말 유용한 기능은 이번에 출산하면서우리승찬이 산소포화도가 낮아서 산소호흡기 달고있었는데미밴드6로 신생아의 산소포화도도 측정가능하니깐조리원있는동안 수시로 체크해 볼수있어서 너무 좋았어요..이제 내일부터 조리원퇴소하고 나면 운동모드를 더적극적으로 활용해봐야겠어요.생활속 다양하게 활용가능하고 제몸의 상태도수시로 체크가능하니깐 너무 유용한 아이템이네요.핸드폰문자니 카톡확인도 ok.운동하면서 뮤직플레이도 ok.다른기기와의 호환도 문제없이 ok.여성들을 위한 생리주기 관리도 된답니다.16가지 다양한 컬러의 추가스트랩으로 바꿔사용도가능해요!!. #샤오미 #미밴드 #미밴드6 #스마트워치 #스마트시계 #대원cts"
2021-07-23 00:00:00+00:00," 새벽운동(69일차) ■ 턱걸이 : 5 + 5 = 10회 ■ 푸쉬업 : 40회 x 3set = 120회 ■ 레그레이즈 : 40회 x 3set = 120회 ■ 플랭크 : 1분30초 x 3set = 4분 30초 ■ 달리기 : 7km, 42분10(신기록달성)^^;; ■ 아침식사 : 토스트 + 야채샐러드 + 방울토마토 + 아몬드 + 땅콩 + 옥수수 + 아이스아메리카노 + 명작수 ■ 조언부탁드려요.#새벽운동 #푸쉬업 #플랭크 #자기계발 #몸짱 #달리기 #운동장 #마라클모닝 #할수있다 #팔굽혀펴기 #미밴드 #아침 #모닝루틴 #근육 #아침식사 #방울토마토 #구운계란 #명작수 오늘도 화이팅입니다!!😍 파란색 하트 같아요💙 으헉😮 저에게는 범접하기 어려운 대단한 운동량인데요👏👏👏 특히 달리기는 👍👍 늘 건강한 성장!! 응원합니다 행복한 주말보내세요~! 턱걸이도 시작하셨군요 멋지세요! 이렇개 꼼꼼히(?) 아침 운동을 하시다니 멋지십니다🔥🙌😍 주말도 꾸준한 새벽운동! 정말 멋지십니다 파이팅!🔥 진짜 대단하세요👏👏 부상 없이 안전하게 운동 하세요!! 화이팅 입니다 주말도 행복하게 보내세요!👏 저는 요즘 턱걸이 하면 목근육이 너무 아프더라구요. 뭉친.ㅜ.ㅜ"
2021-07-23 00:00:00+00:00," 오늘의 감사👍1. 다시 찾아온 주말🎈지난 일요일 심하게 아프고 난 뒤 이번 한 주는 체력적으로 정말 힘들었다. 쌓여 있는 업무 탓에 쉬지도 못하고 버텨낸 뒤 드디어 주말이다! 푹 쉬고 재충전 할 수 있어 감사하다.2. 아내의 백신 접종💉아내가 코로나 백신을 맞고 왔다. 그 자리에서 바로 어지러움증을 느껴 한 시간 동안 누워있었다고 해서 걱정이 된다. 다행히 밤새 열은 없었다. 말도 탈도  많은 백신 접종이지만 현대의학의 발전과 여러 분들의 노력에 감사하다.3. 최인철 교수님 강의📝유튜브 알고리즘 덕분에 새로운 강의를 접했는데 과연 인생강의라 할만하다. 행복에 관한 연구를 하시는 서울대 심리학과 교수님이신데, 깊이와 대중성을  두루 갖추신 분이셨다. 새로운 배움은 늘 기쁘고 감사하다.#감사일기#미라클모닝#열정대학생#기상인증#미밴드#숙면 안녕하세요! 좋은아침입니다😁😁😁 즐거운 일이 가득한 즐토 되세요👍 더위조심😆😆😆"
2021-07-23 00:00:00+00:00," Good morning!■ 미라클모닝 203일■ 기상시간 am 04:20■ 수면점수 83점■ 미온수 한 잔 원샷“꾸준함이 모든 것을 이긴다!”“꾸준함은 절대 배신하지 않는다!!”“꾸준함이 나를 만든다. 새벽이 나를 만든다.”“꾸준함이 답이다”“졸꾸하자(졸도할정도로 꾸준하게)”“꾸준함은 나의 무기”“천천히, 하지만 꾸준하게!”“나는야 꾸준러!”“하기 싫어도 시스템에 몸을 맡기자!”“기다려지는 새벽, 설레이는 새벽”“열정은 불같이, 의지는 물같이! 불길처럼 활활 타오르는 열정을 갖되 물길처럼 끊임없이 흐르는 끈기를 지니자!”#미라클모닝 #새벽기상 #아침 #공복 #물한잔 #아침루틴 #모닝루틴 #미온수 #미밴드 #수면 #일어나 #새벽 #물한잔 #꾸준함 #토요일"
2021-07-23 00:00:00+00:00," 발이 아파서 쉬었는데 오랜만에 아침에 걸었다. 양쪽 발 쏙 들어간 부분, 아치 부분이 아팠다. 못 걸을 정도는 아니고 저릿저릿 할 정도로 아팠다. 마음이란 간사해서, 걸을 수는 있는데, 걸으면 아플 것 같아서, 또 잘됐다, 걷기 싫은데 좋은 핑계 생겼네, 하며 안 걸었다. 병원에 가면 좋겠지만, 여기 의료 시스템이라는게, 한국으로 치면 가정의학과 의사만나서 전문의사, 스페셜 리스트를 만나게 하는 방식인데, 전문의사 만나려면 짧아도 한 달, 길면 서너달, 인터넷으로 검색해보니 족저근막염, 스트레칭 꾸준히 하기를 추천하니, 그렇게 해보자 했다.오랜만에 짧게 천천히 걸으니 기분은 좋은데, 발이 아플까 걱정이 되긴한다. 많이는 아닌데, 아주 조금 불편할 정도. 하루 걷기 목표도 줄이고, 한번에 걷는 것도 줄이고, 속도도 늦추고. 이렇게 저렇게 해보자. #미밴드 #mifit #nike #nrc #nikerunning #britishcolumbia #chilliwack"
2021-07-23 00:00:00+00:00, 2주 정도 기다리던 미밴드6가 왔습니다뭔가 한국판인것 같에서 샀는데 중국판이더군요...어쩐지 싸더라...그래도 알림같은건 한국어로 잘 나온다 하니 잘써야겠네요#미밴드6 #미밴드 #miband6 #miband
2021-07-23 00:00:00+00:00, 1͓̽7͓̽0͓̽0͓̽d͓̽a͓̽y͓̽s͓̽어느새 벌써-ෆ̈우리 운동쟁이가 되는거야..! ..그러니까 나만 열심히하면 되는거지?٩(•౪• ٩) ♥
2021-07-23 00:00:00+00:00, #만보 19일오늘도 #만보걷기성공👣걷는건 워낙 좋아해서 괜찮은데점점 까매지는 피부를 어쩌면 좋을까.. ㅋㅋ얼굴은 마스크 윗부분만 타고있다😆.#만보걷기 #만보인증 #10000보 #다이어트 #다이어터 #걷기 #diet #dietdiary #운동 #운동화 #미밴드 #꾸준함이답이다 #꾸준히 #자기관리 #화이팅 #이제주말 화이팅🔥🔥 고생하셨어요ㅋㅋ
2021-07-22 00:00:00+00:00," 새벽운동(68일차) ■ 턱걸이 : 6 + 4 = 10회 ■ 푸쉬업 : 40회 x 3set = 120회 ■ 레그레이즈 : 40회 x 3set = 120회 ■ 플랭크 : 1분30초 x 3set = 4분 30초 ■ 달리기 : pass ■ 실내자전거 : 30분, 8.32km ■ 아침식사 : 토스트 + 야채샐러드 + 방울토마토 + 아몬드 + 땅콩 + 아이스아메리카노 + 명작수 ■ 조언부탁드려요.#새벽운동 #푸쉬업 #플랭크 #자기계발 #몸짱 #달리기 #운동장 #마라클모닝 #할수있다 #팔굽혀펴기 #미밴드 #아침 #모닝루틴 #근육 #아침식사 #방울토마토 #구운계란 #명작수 와 68일차라니..! 정말 대단하시네요👏새벽 운동에 식단 관리까지!! 저에게도 자극이 되네요 파이팅입니다!!🔥🔥 즐거운 금요일 되세요🧡💛💚💙 새벽에 집에서 홈트레이닝이라니 의지가 대단하십니다! 🔥🔥 응원할게요 화이팅! 미래의 모습이 기대되네요^^ 근데 단백질을 드시면서 하시는게 좋지 않으실까요?"
2021-07-22 00:00:00+00:00," Good morning!■ 미라클모닝 202일■ 기상시간 am 04:32■ 수면점수 77점 ■ 미온수 한 잔 원샷“꾸준함이 모든 것을 이긴다!”“꾸준함은 절대 배신하지 않는다!!”“꾸준함이 나를 만든다. 새벽이 나를 만든다.”“꾸준함이 답이다”“졸꾸하자(졸도할정도로 꾸준하게)”“꾸준함은 나의 무기”“천천히, 하지만 꾸준하게!”“나는야 꾸준러!”“하기 싫어도 시스템에 몸을 맡기자!”“기다려지는 새벽, 설레이는 새벽”#미라클모닝 #새벽기상 #아침 #공복 #물한잔 #아침루틴 #모닝루틴 #미온수 #미밴드 #수면 #일어나 #새벽 #물한잔 #꾸준함 #금요일 미모닝입니다~ 오늘도 즐거운 하루 보내세요😉 좋은아침 입니다 😊😊😊"
2021-07-22 00:00:00+00:00, #만보 18일오늘 속이 괜찮아서 #램블부부레시피 보고다이어트김밥을 만들어 먹었는데..맛은 좋았으나 옆구리 다 터지고 도저히 사진으로 담기 힘든 비쥬얼이라 사진 없음 ㅎㅎ램블님은 엄청 쉽게 싸시던데 전 재료준비부터 김밥 다 싸기까지 2줄 싸는데 2시간 걸렸어요..ㅋㅋㅋ다음에 다시 도전!!🏃오늘의 운동12000보 걷기#스쿼트 90개.오늘도 #만보인증 #만보걷기 #만보걷기성공👣 #다이어트 #다이어터 #운동 #습관 #미밴드 #diet #dietdiary #꾸준함이답이다 #수고했어오늘도 오늘도 수고하셨어요👏👏 김밥 사진 기다리고 있겠습니다😆 채니님거 보구 나가서 걸었어용 😂 오늘 정말~ 나가기 싫었거등요 😩😩
2021-07-22 00:00:00+00:00," 스마트워치는 더이상 안사고 싶었으나 운동(러닝, 수영) 체크가 제대로 되지않아 고민하던중 리뷰를 찾아보니 가성비가 좋다고 해서 어쩔수 없이(?) 구매하게 되었습니다 ㅎㅎㅎ물론 핑계없는 무덤없다고 꼭 필요한건 아니지만 열심히 운동하는 내 자신에게 뭔가 선물을 하고 싶었습니다그리도 앞으로도 운동하기 싫을때 이것때문이라도 운동을 할수 있기를 바라는 마음도 있었습니다 ㅋㅋㅋ이번에 나온 미밴드6는 혈중 산소 포화도와 스트레스 지수도 자동으로 체크를 해준다고 하니 내 몸 상태가 어떤지 잘 확인을 해봐야겠습니다지금 확인시는 둘다 양호한 편으로 나오네요^^사실 더 좋은 스마트워치가 많지만 전부다 가격이 너무 비싸서 엄두도 못내겠고 기본만 충실하면 만족하는 편이라 가격적인 면이 가장 크게 차지했습니다기존 스마트워치도 크게 불편함은 없었으나 운동할때 측정오류가 너무 심해서 어쩔수 없었습니다 ㅎㅎㅎ더 좋은 기능으로 다음 버전이 나오면 바꿀지 모르겠지만 지금 당장은 이걸로 만족을 해야겠습니다^^#스마트워치 #미밴드6 #미밴드 #수영 #swim #run #달리기 #running #smartwatch #운동체크 #운동용 #심박수 #스트레스 #혈중산소포화도 #건강 #배터리 #14일 #스마트밴드 #가성비 저는 요즘 스마트워치 사고싶어서  후기를 많이 보고있는데ㅎ 미용실 언니들은 누가 주면 괜찮은데 굳이 내돈내산은 비추라 하더라구요 ㅎ 그른가요? ㅎ"
2021-07-22 00:00:00+00:00, 7.21 헬스장에 도착하고나서 #미밴드 를 안 차고 왔다는걸 알았을때의 좌절감 😬😬😬 난 기록충이란 말이야 엉엉 그래도 걷기30 근력30 싸이클20 햇슴다 #운동스타그램 #운동기록 #공복유산소 #아침운동 #workoutmotivation #헬스다이어리 #헬스장다이어리 #근력운동 #근육을기르자
2021-07-21 00:00:00+00:00," 새벽운동(67일차) ■ 턱걸이 : 3 + 3 + 4 = 10회 ■ 푸쉬업 : 40회 x 3set = 120회 ■ 레그레이즈 : 40회 x 3set = 120회 ■ 플랭크 : 1분30초 x 3set = 4분 30초 ■ 달리기 : 7km, 46분 18초 / 토탈거리 : 316km ■ 아침식사 : 바나나 + 방울토마토 + 아몬드 + 땅콩 + 아이스아메리카노 + 명작수 ■ 조언부탁드려요.#새벽운동 #푸쉬업 #플랭크 #자기계발 #몸짱 #달리기 #운동장 #마라클모닝 #할수있다 #팔굽혀펴기 #미밴드 #아침 #모닝루틴 #근육 #아침식사 #방울토마토 #구운계란 #명작수 반갑습니다~~ ^^"
2021-07-21 00:00:00+00:00," 오늘의 감사1. 장모님의 보양식🍖중복이라고 장모님께서 저녁식사에 초대해주셨다. 토종닭 백숙을 맛있게 뜯고 전복죽까지 든든하게 먹은 뒤 직접 기르신 복숭아로 입가심을 하니 지쳐있던 몸이 살아나는 듯 하다. 늘 살펴주시는 부모님께 감사하다.2. 활력 넘치는 아내👧방학을 맞은 아내는 요새 눈코뜰새없이 바쁘다. 오늘은 도서관에서 재테크 책을 잔뜩 빌려와 공부를 하고, 여름 휴가 계획을 짜내려가고, 밀린 집안 일을 척척 해내고 있다. 어쩐지 일할 때보다 더 바빠 보인다.  자기 전 발맛사지라도 해줘야겠다.3. 바나나🍌제일 좋아하는 과일은 아니지만 제일 유용한 과일임엔 틀림 없다. 달리기 전 하나 먹으면 에너지가 충전 되고, 매일 아침마다 우유와 갈아서 세 식구가 맛있게 먹으니 이만한 과일이 없다. 나들이 나갈 때 챙겨가면 두 돌 아들 간단한 요기로도 좋다. 자두, 복숭아, 블루베리처럼 맛있는 과일이 넘쳐나는 7월이지만 오늘은 바나나에게 감사하기로 했다.#감사#감사일기#기상인증#미라클모닝#미밴드 기분좋은 상쾌한 아침 입니다 😄😄😄 목요팅입니다👍👍👍❤💙💚 감사가 충만한 하루하루네요 😊 오늘 하루도  행복한 하루되세요🙌 저도 놀러왔어용 ~ 홧팅 🔥🔥 활력 넘치는 미라클모닝 응원합니다 🙌"
2021-07-21 00:00:00+00:00," Good morning!■ 미라클모닝 201일■ 기상시간 am 04:32■ 수면점수 83점■ 미온수 한 잔 원샷“꾸준함이 모든 것을 이긴다!”“꾸준함은 절대 배신하지 않는다!!”“꾸준함이 나를 만든다. 새벽이 나를 만든다.”“꾸준함이 답이다”“졸꾸하자(졸도할정도로 꾸준하게)”“꾸준함은 나의 무기”“천천히, 하지만 꾸준하게!”“나는야 꾸준러!”“하기 싫어도 시스템에 몸을 맡기자!”“기다려지는 새벽, 설레이는 새벽”#미라클모닝 #새벽기상 #아침 #공복 #물한잔 #아침루틴 #모닝루틴 #미온수 #미밴드 #수면 #일어나 #새벽 #물한잔 #꾸준함 #목요일 기분좋은 상쾌한 아침 입니다 😄😄😄 목요팅입니다👍👍👍❤💙💚 우와 이건 무슨 수면 어플인가요?"
2021-07-21 00:00:00+00:00, 🤎 #셀카 #셀피 #셀스타 #셀기꾼 #데일리#일상 #안동카페 #안동맛집 #ootd#좋아요 #타임원피스 #미밴드 #애플워치 이노옴 일하러 언넝오ㅓ
2021-07-21 00:00:00+00:00," #일상🌹 ㆍ오전 10시~  파트너 상담 후 돌려보내기^^♡ 그녀에게 또 다른 파트너와 함께 하라고~ㆍ오전 11시~ 또 다른 파트너와 함께 ZOOM시청ㆍ오후 1시 ~ 자료 편집 및 수정~ 스피치 도와주기ㆍ오후 2시 30분 파트너 집 방문~~ㆍ오후 4시 ZOOM 미팅 및 3명 파트너 상담ㆍ오후 7시~ 집으로 돌아와 택배 박스 뜯고 🙏경건한 마음으로 #25센트라이드 를 대하는마음가짐의 표시로 #제시믹스 레깅스 깔별(업자적 표현)로입어보고 놀기^^ㆍ레깅스 사이즈M  (제 164cm에 55와 66사이 사이즈ㅎㅎㅎ)ㆍ티셔츠는 F사이즈(힙 덥는 큰 사이즈임  88까지 커버가능) 🤔제시믹스를 선택한 건 타사 대비 원단 비침이 없고쫀쫀함~~(S사와 A사. 그리고 기타 요가복 대비)ㆍ#내돈내산#도구발 중요시 여기다 보니 최측근 지인들에게 레깅스 사라고 링크 공유~~^^;;;;;;;;;;;;이러니~~ 제가 암웨이를 잘 하죠~먼저 써보고 효과보고~~~ 막 전달하라고~~~^^♡레깅스처럼요~그전에는 가격대비 #미밴드 도 얼마나 전달했는지 몰라요~~사실 지인들이 먼저 ""너 그거 어디거야?""""어디서 샀어?"" ""니가 산 건 다 좋아보이더라""아니~~""니가 산 건 다 좋더라~""#군살타파~~#체중보다 #눈바디적당히 홈트 한 몸이라~ 이제 25센트 라이드 탑승해군살 제로 만들어 보기~#암웨이인플루언서 우왕 리더님 레깅스 넘 고운데요?.pv있다면 얼마나좋을까요..ㅋㅋㅋㅋ..저는 아이디다스 레깅스 샀는뎅.ㅠㅠㅠㅠ😢😢 리더님 S사이즈같아 보이시는데 M사이즈를 사셨군요~"
2021-07-21 00:00:00+00:00, 이렇게보니 이번달 더위와 코로나로 활동이 적어진게 확 보이네... #미밴드 #mifit
2021-07-21 00:00:00+00:00, 주 3회 뒷산 오르기덥지만 집에 와서 아아 한잔 마시고 휴식더위야 물러가라 ㅋㅋ#춘천 #미밴드 #운동하는남자 #아침운동 #더위 #애막골 #등산 #등산스타그램 #레드페이스
2021-07-20 00:00:00+00:00," 새벽운동(66일차) ■ 턱걸이 : 3 + 3 + 4 = 10회 ■ 푸쉬업 : 40회 x 3set = 120회 ■ 레그레이즈 : 30회 x 3set = 90회 ■ 플랭크 : 1분30초 x 3set = 4분 30초 ■ 달리기 : 7km, 42분 35초 / 토탈거리 : 308.9km ■ 아침식사 : 리코타치즈샐러드 + 아몬드 + 빵 + 땅콩 + 아이스아메리카노 + 명작수 ■ 조언부탁드려요.#새벽운동 #푸쉬업 #플랭크 #자기계발 #몸짱 #달리기 #운동장 #마라클모닝 #할수있다 #팔굽혀펴기 #미밴드 #아침 #모닝루틴 #근육 #아침식사 #방울토마토 #구운계란 #명작수 안녕하세요 좋은아침입니다😄😄😄 수요팅입니다👍👍👍 👏👏꾸준히 열심히 하시는 모습..멋집니다.🔥🔥나이키 숏팬츠가 저랑 같은거라 유독 눈길이 가네요..화이팅!"
2021-07-20 00:00:00+00:00," Good morning!■ 미라클모닝 200일■ 기상시간 am 04:40■ 수면점수 86점■ 미온수 한 잔 원샷“꾸준함이 모든 것을 이긴다!”“꾸준함은 절대 배신하지 않는다!!”“꾸준함이 나를 만든다. 새벽이 나를 만든다.”“꾸준함이 답이다”“졸꾸하자(졸도할정도로 꾸준하게)”“꾸준함은 나의 무기”“천천히, 하지만 꾸준하게!”“나는야 꾸준러!”“하기 싫어도 시스템에 몸을 맡기자!”“기다려지는 새벽, 설레이는 새벽”#미라클모닝 #새벽기상 #아침 #공복 #물한잔 #아침루틴 #모닝루틴 #미온수 #미밴드 #수면 #일어나 #새벽 #물한잔 #꾸준함 #수요일 안녕하세요 좋은아침입니다 😊😊😊 수요팅입니다 👍👍👍 저도 조금씩 아침형에 발슬쩍 올리는중요~🤭 굿모닝! 꾸준함이 답이지요🔥 오늘도 멋진 하루 보내세요❤️"
2021-07-20 00:00:00+00:00, 덥다..코로나3단계격상#방학2일차#운동2회#아들과티타임#메가커피#져스트댄스#미밴드#얼마나걸었을까#애들재우고#자부타임#고추잡채+라이스페이퍼#공부하기싫은#열두살#연필asmr 👏👏👏 애들 운동열심하네~~ㅋㅋㅋㅋ
2021-07-20 00:00:00+00:00, #알로하매일도전 ✅ 54일차📽영상4배속📍도전54일 (매일운동 123일째)🔸️푸쉬업 55개-오늘은 한개더!!!🔸️플랭크 2분 30초 -풀밭이라 모기 때문에...🔸️만보기 11161보 +@🔹️저녁운동 러닝3키로 걷기3키로📚#10분독서챌린지 -  매일 10분 책읽고 스토리에 인증샷🤗with @life_balance0 @lucydiary21 @dreamer_connie @rosa_diet_a @aloha_l.21 ☑📖챌린지 멤버가 늘었어요~👏👏👏피드에 다 정리해서 넣어봤어요🤗챌린지 선물은🎁 내 마음의 양식과 지성이 쌓이는 겁니다요👍✔매일하는것들🏃‍♀️📚📍🥳집중해서 해내는게 즐겁습니다😊함께해서 더 즐겁구요😉👯‍♀️✔아름다운 한강배경으로🌉많은 사람들이 다녔지만... 🤣누가보던말던 정신무장하고 매일도전 완료했어요~ ㅋㅋ 🤩🥳점점 푸쉬업  갯수 느는거 신기해용😊달콤하게 잠들겠습니다굿나잇🌜🌜🌜#알도전_플랭크푸쉬업 #푸쉬업 #플랭크 #만보걷기 #미밴드 #한강공원 #매일운동 #매일도전 #책읽기 #독서 #독서습관 #연습중 #알로하_책#Aloha_diet_exercise 운동과 독서를 동시에 사로잡으셨네요😍 역시 멋진 알로하님❤️ 플랭크할 때 모기가 날아오면 화들짝 놀랄것 같아요.😂 그나저나 정말 알로하님 자기계발의 끝판왕이십니다 알로하님 오늘하루도 참잘했어요 도장 꾸~욱!👍 굿나잇😍❤️ 점점 늘어나고 있네요😂😂😂 오늘도 푸시업 하셨군요!! 아 그리구 저는 손목이 안좋아져서 푸시업 바를 하나 주문 했답니다! 그게 손목에 무리가 안간다구해서😂😂 암튼 홧팅입니다!! 안녕히 주무세요~~!! 굿나잇!!!🤗
2021-07-20 00:00:00+00:00, #양양 #밤에걷기 #7월20일 #7.20km #습한바람 #미밴드 #거리오차 그래도 괜찮음. 심박수 측정도 되고.
2021-07-19 00:00:00+00:00," #졸귀탱#내돈내산손목에서도 열일하는 연아쨩💜운동할 때!연아랑 있을때!핸드폰 되도록이면 안 보려고구매한 #갓성비#미밴드문자,전화,카톡 등등 기타알림 확인가능카메라도 미밴드로 원격조작 가능(찍는것만)저렴한 가격에 이렇게 기능이 많은데..#애플워치#갤럭시워치 는 얼마나 좋을까?ㅋㅋㅋㅋㅋㅋㅋㅋㅋㅋㅋㅋㅋㅋㅋㅋㅋㅋ아니 오빠 오해하지마 그냥 그렇다구😌 미밴드도 평이 좋더라구용😍😍깔끔하구 넘 예뻐요❤️ 오해하지마 ㅋㅋㅋㅋㅋㅋㅋㅋ애플워치는 얼마나 좋을까 ㅋㅋㅋㅋㅋㅋㅋㅋㅋㅋ 오 저도 미밴드라도 살까봐요 ㅠ 예나가 오즘 핸드폰만 들면 보려고 달려들어서 감당이안되옄ㅋㅋㅋㅋㅋㅋ 오빠,,오해하지마😉ㅋㅋㅋ 미밴드 넘 조아보여용❤️ 연아 더 열심히 돌보려고! 폰안보려고!! 오해하지마 남편 ㅎㅎㅎ🙌 애플워치강추….👍🏻👍🏻👍🏻👍🏻👍🏻👍🏻👍🏻 우왕❤️ 넘 기여워요 ㅎㅎ손목에도 연아등쟝🌟 저도 미밴드 한참 잘썼어요 ㅋㅋㅋ갓성비❤️애플워치 저도 갖고싶어요🤍 근데 나갈일 없네요ㅋㅋㅋㅋㅋㅋㅋㅋ #내돈내산#솔직리뷰#대륙의실수#샤오미#샤오미워치#미밴드4#미밴드5#미밴드6#미밴드스트랩#다이어트언제해#왜살안빠져 ㅋㅋㅋㅋㅋㅋㅋㅋㅋㅋ ㅋㅋㅋㅋㅋㅋㅋ사진 찍기도 돼요? 호올리 짱신기 ㅋㅋㅋㅋㅋㅋㅋㅋㅋㅋㅋ 으악ㅋㅋㅋ 연아가 ~~ 손목만 쳐다보겠는데요?ㅋㅋ미밴드 사고싶어지네요~~ 오 귀염져요♥️ 기계치라 요런거 잘 모르는데,, 아가앞에서 요새 하도 폰만만지니 ㅠㅠㅠ 요게있음 덜만지게 되지않을까 싶구 그러네용😍"
2021-07-19 00:00:00+00:00, 새벽운동(65일차) ■ 턱걸이 : 3 + 3 + 4 = 10회 ■ 푸쉬업 : 40회 x 3set = 120회 ■ 레그레이즈 : 30회 x 3set = 90회 ■ 플랭크 : 1분30초 x 3set = 4분 30초 ■ 달리기 : pass ■ 실내자전거 : 14.7km(58분) ■ 아침식사 : 리코타치즈샐러드 + 아몬드 + 땅콩 + 아이스아메리카노 + 명작수 ■ 조언부탁드려요.#새벽운동 #푸쉬업 #플랭크 #자기계발 #몸짱 #달리기 #운동장 #마라클모닝 #할수있다 #팔굽혀펴기 #미밴드 #아침 #모닝루틴 #근육 #아침식사 #방울토마토 #구운계란 #명작수 기분좋은아침 입니다 화요팅👍 😊😊😊 정말 아침마다 하는 운동량이 대단하십니다。。🔥 정말 반성하고 갑니다😂 또 뵙네요. 매일 필사와 글그램으로 아침을 여는 꿈꾸는 샤랄라입니다. 긍정에너지와 행복을 나눌 멋진 인친님을 찾고 있어요. 함께 해주세요. 선팔 합니다.❤️ 👏👏👏👏 😍😍😍😍오 부지런함 너무멋지세요 🙌
2021-07-19 00:00:00+00:00," Good morning!■ 미라클모닝 199일■ 기상시간 am 04:45■ 수면점수 86점■ 미온수 한 잔 원샷“꾸준함이 모든 것을 이긴다!”“꾸준함은 절대 배신하지 않는다!!”“꾸준함이 나를 만든다. 새벽이 나를 만든다.”“꾸준함이 답이다”“졸꾸하자(졸도할정도로 꾸준하게)”“꾸준함은 나의 무기”“천천히, 하지만 꾸준하게!”“나는야 꾸준러!”“하기 싫어도 시스템에 몸을 맡기자!”“기다려지는 새벽, 설레이는 새벽”#미라클모닝 #새벽기상 #아침 #공복 #물한잔 #아침루틴 #모닝루틴 #미온수 #미밴드 #수면 #일어나 #새벽 #물한잔 #꾸준함 #화요일 기분좋은아침 입니다 화요팅👍 😊😊😊 깊은수면이 상당하시네요..저는 0분인데..ㅠㅠ.비결이 있을까요?"
2021-07-19 00:00:00+00:00, #만보달성#만보#계속하기#2021.7.19#일상#여행#daily #travel#한강#한강야경 #fff#걷기#동네한바퀴#즐거움#일상소통#여행스타그램 #미밴드
2021-07-19 00:00:00+00:00," 샤오미 미밴드6가 출시한 시점에서 쓰는 미밴드5 개봉기, 지금도 충분히 메리트 있는 제품이에요!🙏두손노트를 구독하세요! 구독료는 평생 무료입니다. (프로필 링크🎉)#가성비밴드추천 #가성비워치 #샤오미 #미밴드 #제품리뷰 #협찬환영 #개봉기 #글맛집 #글쟁이그램 #담백한브랜딩소통"
2021-07-18 00:00:00+00:00," 새벽운동(64일차) ■ 턱걸이 : 3 + 3 + 4 = 10회 ■ 푸쉬업 : 40회 x 3set = 120회 ■ 레그레이즈 : 30회 x 3set = 90회 ■ 플랭크 : 1분30초 x 3set = 4분 30초 ■ 달리기 : 7km, 43분52초 - 토탈거리 : 301.9km ■ 아침식사 : 호박샐러드 + 요거트 + 자두 + 아몬드 + 땅콩 + 아이스아메리카노 + 명작수 ■ 조언부탁드려요.#새벽운동 #푸쉬업 #플랭크 #자기계발 #몸짱 #달리기 #운동장 #마라클모닝 #할수있다 #팔굽혀펴기 #미밴드 #아침 #모닝루틴 #근육 #아침식사 #방울토마토 #구운계란 #명작수 힘❤️❤️❤️❤️ 꾸준함 멋있으세요 🙌 휴가에서 오시자마자 바로 루틴 실천하시네용 👏👏👏 푸쉬업 하나사야겠네욧😍"
2021-07-18 00:00:00+00:00," Good morning!■ 미라클모닝 198일■ 기상시간 am 05:01■ 수면점수 95점, “최고점수!”■ 미온수 한 잔 원샷“꾸준함이 모든 것을 이긴다!”“꾸준함은 절대 배신하지 않는다!!”“꾸준함이 나를 만든다. 새벽이 나를 만든다.”“꾸준함이 답이다”“졸꾸하자(졸도할정도로 꾸준하게)”“꾸준함은 나의 무기”“천천히, 하지만 꾸준하게!”“나는야 꾸준러!”“하기 싫어도 시스템에 몸을 맡기자!”“기다려지는 새벽, 설레이는 새벽”#미라클모닝 #새벽기상 #아침 #공복 #물한잔 #아침루틴 #모닝루틴 #미온수 #미밴드 #수면 #일어나 #새벽 #물한잔 #꾸준함 #월요일 안녕하세요! 좋은아침입니다😄😄 행복한 월요일 되시길😊😊💚 저도 곧 애플워치 사려고 알아보고있는중인데 수면점수가 제일 궁금해요! 95점이라니 월요일부터 상쾌하실듯!! 저도 곧 애플워치 사려고 알아보고있는중인데 수면점수가 제일 궁금해요! 95점이라니 월요일부터 상쾌하실듯!! 95점이라니!!!👏👏👏"
2021-07-18 00:00:00+00:00," #알로하매일도전 ✅  52일차📽영상4배속📍도전 52일차 (매일운동121일째 : 4달했당)🔸️푸쉬업 52개 - 풀독 안생기게 장갑 장착🔸️플랭크 3분 - 휴대용 방석은 필수품🔸️만보기 25360+@🔹️아침운동 러닝3키로  걷기 3키로🔹️저녁운동  걷뛰 5키로📚#10분독서챌린지with  @life_balance0 @lucydiary21 -주말 오후 여유있게 책을 펼쳐보기🤗-하루한번 책을 열어보는것만으로도 반은 성공👍오늘은 날씨가 선물같은 날🎁인친님들 피드에서도 수많은 하늘사진🤍저 공간속에서 잊지 않고#매일도전 #플랭크 #푸쉬업 ㅋㅋㅋ덕분에 그림같은 영상을 얻었어요~🥰매일 마무리로 올리는 매일도전영상 피드는나 스스로한 약속을... 지켜나가는 나 자신을 보며.... 내가 제일 에너지를 받음을 느낍니다🔥모두 에너지~~~~ 🔥🔥🔥 받고 새로운한주 힘차게 시작해요❤#알도전_플랭크푸쉬업 #매일운동 #매일노력 #만보기 #미밴드#한강 #하늘예술 #독서 #책읽기#Aloha_diet_exercise 화이팅🔥🔥🔥 오늘 월요일도 활기차게 1주일 시작해보아요~~!!🤩🤩👍👍🔥🔥🔥 뽜이팅!!!😆😆 와우😍😍 이번주도 열정 뿜뿜 이에요🔥🔥❤️❤️ 악. 근력운동 넘 힘들어하는데, 노력할께요^^ 감사합니다👏👏👏😂 우왕 플랭크 시간도 푸쉬업 갯수도 많이 느셨어요 👏👏 이만오천  와우~~👏 열심히 운동하시는 모습이 너무 멋지시네요 👏👏선팔하고 갑니다 운동소통해요 😆😁👍👍 2만보 이상 걷기 진짜 힘든데 👏👏👏 진짜 대단하세요.😍😍😍 안 힘드세요? 🤔 매일 푸쉬업. 달리기만 하는 저보다 팔 근육이 더 좋으실 것 같아요. 리스펙👏👏👏👏👏"
2021-07-18 00:00:00+00:00, #만보달성#만보#계속하기#2021.7.18#일상#여행#daily #travel#한강#한강야경 #fff#걷기#동네한바퀴#즐거움#일상소통#여행스타그램 #미밴드
2021-07-17 00:00:00+00:00," Good morning!■ 미라클모닝 197일■ 기상시간 am 05:14■ 수면점수 85점■ 미온수 한 잔 원샷“꾸준함이 모든 것을 이긴다!”“꾸준함은 절대 배신하지 않는다!!”“꾸준함이 나를 만든다. 새벽이 나를 만든다.”“꾸준함이 답이다”“졸꾸하자(졸도할정도로 꾸준하게)”“꾸준함은 나의 무기”“천천히, 하지만 꾸준하게!”“나는야 꾸준러!”“하기 싫어도 시스템에 몸을 맡기자!”“기다려지는 새벽, 설레이는 새벽”#미라클모닝 #새벽기상 #아침 #공복 #물한잔 #아침루틴 #모닝루틴 #미온수 #미밴드 #수면 #일어나 #새벽 #물한잔 #꾸준함 #일요일"
2021-07-17 00:00:00+00:00," #알로하매일도전 ✅ 51일차📽영상4배속📍도전51일차 (매일운동 120일째)🔸️플랭크 2분55초 🔸️푸쉬업 51개🔸️만보기 20150보🔹️아침운동 관악산 #관음사국기봉 🔹️저녁운동 러닝 3.3키로📚#10분독서챌린지 @life_balance0 & @lucydiary21 함께하는 책읽기-""10분만 읽자"" 하다가 ""좀만 더 읽자""로 발전하는 그날까지😁-오늘책 한구절: #해야한다 라고 하기보단 #해낸다 로 바꿔보자!!☑관악산 젤 높은곳은 아니지만 목표지점인 국기봉 위쪽에 자리한 쉼터는 진~~ 짜 힐링장소였다👍(관악산 우수 전망대  알려주신 @kyhd55_cat  감사해용)마음먹고 챙겨온 방석을 꺼내며....😆사람들이 있던없던 보던말던 정신을 무장하고매일도전을 수행완료🔥🔥🔥🎥플랭크는 친구가 아름다운 뷰와 함께 찍어준다며 열심히 무빙무빙👏👏함께 열운하며 서로 응원해주고 맘착한 내칭구❤🧡💛💜💙#알도전_플랭크푸쉬업 #관악산우수경관전망대#플랭크 #푸쉬업 #만보기 #미밴드#관악산 #아침운동 #매일운동#Aloha_diet_exercise [하야한다!!!]라고 하기보단 [해낸다!!!] 거슴 속에 새기고 갑니다!!👍👍👍😆 왜 안주무시고 이 사간까지 피드를 올리시는겁니까😂😂😂😂 ㅋㅋㅋ. 댓글달고 싶어지잖아요.ㅋㅋㅋㅋ 굿나잇~~ 정말 대단해요👏👏👏👏👏👏👏👏 👍👍 조금만 더 있으면 좀만 더 읽자로 변화 할 것 같습니다😂😂 책이랑 친하지 않았는데 조금은 보이는 느낌이 너무 좋네영 감사합니다 알로하님😁😁 너무 멋져요!! 넘 멋진 친구!!! 홧팅!!! 🥳🥳🥳 오지랖 같지만, 푸시업 하시는 등 뒤쪽으로 보이는 능선이 사당 능선입니다.😂혹시 가실 일 있으시면~~ 관악산에서 가장 조망이 좋은 경관 능선길이죠👍하늘은 정말 미친 날이군요~~푸시업하시는 곳은 관악산 우수 전망대이며, 힐링하기 좋고, 야등으로 많이들 다녀오시는 곳이죠😁"
2021-07-17 00:00:00+00:00, #안다니엘 #생일파티7월 17일 토요일우리 니엘이의 14살 생일진심으로 축하해~ 🎉🎉🎉공부든 운동이든뭐든 척척척!고모는 준비하고 치우느라 힘들었지만... 😅너희들이 즐거우니 참 좋다~ 지금처럼 사이좋게 행복하게 지내자꾸나~ #바다회 #순삭#문어 #순삭#베스킨라빈스 #베라#아이스크림케이크#폭풍흡입#선물 #미밴드#라맥은안비밀#주말엔영화#블랙위도우#같이보니잼나요~ 👍👍👍 축하드려요  근데 음식이 다 술안주네요😂😂😂
2021-07-17 00:00:00+00:00," 기대감은 제로,만족도는 음.. 60?  #미밴드 #샤오미 #미밴드6 #애플워치 #사기전에 #맛보기 (?) #가격대비 #훌륭하다👍 #나를위한선물 #생일선물 #선물스타그램 #진짜 #대륙의 #실수 #인건가 #대륙의실수샤오미 #몸소 #느끼지만 #나는 #애플워치❤️#6 #이 #디스플레이가커서 #맘에쏙 #생일 #축하해준 #친구들 #가족들 #모두모두 #감사합니다아  그리고 치킨도 두개나받고 임티도 받고 신발도 선물받았다아 히ㅣ히히ㅣㅎ 내생일날 4분남았다 ㅠㅠ  행보케뜨아ㅜㅜ 아 이제 생일 1분 남았네"
2021-07-17 00:00:00+00:00, .🏃만보 13일차.오늘은 잊고있던 미밴드 끼고 걷기#캐시워크 어플과 #미밴드 걸음수가차이가 나지만 둘 다 #만보인증 .아침은 안 먹고 저녁에 고기 약속이 있어서고기를 먹었다! 그러나 과식하지 않았다! #잘했어 🏃‍♂️#채니운동 걷기 14000보 넘게스쿼트 70개.#다이어트 #다이어터 #고기 #다이어트인친 #만보걷기 #만보걷기챌린지 #만보걷기성공👣 #걷기 #꾸준함이답이다 #수고했어오늘도 #화이팅
2021-07-17 00:00:00+00:00, #만보달성#만보#계속하기#2021.7.17#일상#여행#daily #travel#한강#한강야경 #fff#걷기#동네한바퀴#즐거움#일상소통#여행스타그램 #미밴드
2021-07-17 00:00:00+00:00, .헤헷 방치해두었던 #미밴드 스트랩 바꿔끼니기분이 더 좋다 ㅎㅎ.#만보 를 위해 오늘도 걷는다!!비록 #땀뻘뻘💦 일지라도.. 걷는다 ㅋㅋㅋ.#다이어트 #다이어터 #다이어트인친 #만보걷기 #만보걷기챌린지 중 #걷기
2021-07-16 00:00:00+00:00," 새벽운동(63일차)“다시 일상으로, 하지만 몸과 마음은 새롭게…^^/“ ■ 턱걸이 : 3 + 3 + 4 = 10회 ■ 푸쉬업 : 40회 x 3set = 120회 ■ 레그레이즈 : 30회 x 3set = 90회 ■ 플랭크 : 1분30초 x 3set = 4분 30초 ■ 달리기 : 7km, 44분23초 - 토탈거리 : 294.9km ■ 아침식사 : 호박샐러드 + 자두 + 아몬드 + 땅콩 + 아이스아메리카노 + 명작수 ■ 조언부탁드려요.#새벽운동 #푸쉬업 #플랭크 #자기계발 #몸짱 #달리기 #운동장 #마라클모닝 #할수있다 #팔굽혀펴기 #미밴드 #아침 #모닝루틴 #근육 #아침식사 #방울토마토 #구운계란 #명작수 😍😍😍😍 운동소통왔어요^^ 자주소통하며 지내요😊 선팔하고갑니다 ❤️🙌"
2021-07-16 00:00:00+00:00, .오늘도 #공복유산소 나에게 미밴드가 있다는 사실을 잊고 있었다 ㅋㅋㅋ어제 밤에 급 생각나서 오늘 아침에 착용하고 걷기했음!!.#기분좋은날 #다이어터 #미밴드 #공복운동 #다이어트인친 #소통 #꾸준함이답이다
2021-07-16 00:00:00+00:00," Good morning!휴가 끝! 일상 시작~~■ 미라클모닝 196일■ 기상시간 am 04:52■ 수면점수 78점■ 미온수 한 잔 원샷“꾸준함이 모든 것을 이긴다!”“꾸준함은 절대 배신하지 않는다!!”“꾸준함이 나를 만든다. 새벽이 나를 만든다.”“꾸준함이 답이다”“졸꾸하자(졸도할정도로 꾸준하게)”“꾸준함은 나의 무기”“천천히, 하지만 꾸준하게!”“나는야 꾸준러!”“하기 싫어도 시스템에 몸을 맡기자!”“기다려지는 새벽, 설레이는 새벽”#미라클모닝 #새벽기상 #아침 #공복 #물한잔 #아침루틴 #모닝루틴 #미온수 #미밴드 #수면 #일어나 #새벽 #물한잔 #꾸준함 #토요일 좋은아침 입니다😄😄 행복한 토요일 되세요 💚💚💚 팔로우했어요^^ 기상샷이 너무 환하고 좋네요.  인스타로 종종 소식 나눠요 굿모닝이예요🔥 좋은 휴식 시간 보내셨나요~운동 하고 싶어서ㅎㅎ 기다려지셨는지요~? 😮😮깊은수면시간이 아주 기시네요..저는 기껏해야 10분20분 정도인데..말이지요..ㅎ Awesome pictures...😂"
2021-07-16 00:00:00+00:00," #알로하매일도전 ✅ 50일차📽영상4배속📍도전50일차 (매일운동 119일째)🔸️플랭크 2분10초-뜨거운태양과 싸운느낌🌞🔸️푸쉬업 50개 - 50일기념으로 태양과 싸우면서 성공 (그러나 영상날림🥺)🔸️만보기 17013보🔹️아침운동 우면산 소망탑정상⛰🔹️점심운동 인라인1시간🔹️저녁운동 러닝 3키로 걷기2키로👏👏👏 하루3탕 운동 성공🔺️2번 푸쉬업영상🎞 이상하죠?열심히 태양과 싸우고... 지열과 싸우며... 50일기념 푸쉬업 50개를 한강뷰로 멋진각도 맞추며 찍었어요 🏞 이때까진 분명괜찮았어요~끝내고 멈춤버튼 누르려는 순간‼️📣핸드폰에 경고창 ""과열되어 모든 앱을 종료합니다""🤯그렇게 날라가버린 내 #피땀눈물 🥺 푸쉬업영상😡그 순간엔 몰랐어요~ 차 에어컨에 열을 식히고 찾아보니먼저 찍은 플랭크만 남아있어서😭 오열각😱너무 더웠던 기온, 뜨거운 지열, 동영상촬영으로 폰이 이렇게 뜨거워지는 경험은 처음인거 같아요🤪별거아닌 해프닝이지만....저렇게  카메라각도 맞추는 테스트까지하며 열심히 임했던50일 푸쉬업영상을 날려서.... TMI 되었네요😅저도 모르게 기절했다가📚새벽에 정리하는 #10분독서챌린지with  @lucydiary21 @life_balance0✔좋은습관형성하는 방법에대한 글을 읽는데.....내가 매일운동을 결심하고 했던 생각과 행동이 비슷해서 🤩나... 운동습관을 잘 만들고 있구나 생각했어요~😊#알도전_플랭크푸쉬업#매일운동 #매일도전 #매일노력#tmi #플랭크 #푸쉬업 #만보기 #미밴드 #독서 #책 #챌린지 #습관 #좋은습관 #운동습관 #운동소통 #등산 #인라인 #러닝 #걷뛰 #한강 #반포대교 #잠수교 #폰과열#Aloha_diet_exercise 얼마나 뜨거웠으면... 그래도 몸은 기억하잖아요~~🔥🔥🔥 수고하셨어요~~ 앗!! 핸드폰 뜨거워서 소중한 영상이 날아갔군요!! 아깝지만, 열정 알로하님을 가로막는건 없으니 홧팅이요!! 😍😍 나두 어제 과열 경고창 떴었는데~ 운전할 때~저 뜨거운 지열 속에서도 챌린지 이어가는 알로하 칭찬합니다👏 배경좋고, 모델좋고 👏👏👏 과열경고 첨 알았네요~~ 몰랐는데 그런 기능이 있을줄이야~ 주의 해야 겠어요~🤔 기록들 넘나 아쉬 웠겠습니다😭 위로를....🙏🙏🙏"
2021-07-16 00:00:00+00:00, #운동 #달리기 #미밴드 #running
2021-07-16 00:00:00+00:00," 오랜만이다, 나 👧🏻 #안동카페 #안동맛집 #셀카 #셀피#셀스타 #셀기꾼 #데일리 #일상#미밴드 #애플워치 #콩고물와플 친하게 지내고 싶어용~ ^^ 이언니가??? 당장 옷을 여미지못할까?!!?? 피드보고 여쭤볼게 있어서요 디엠드려도 될까요 ? 😚😚"
2021-07-16 00:00:00+00:00, 오늘도 잘~~타고왔다 20km 강정고령보 찍고 U턴~금요일 자전거타기 좋~은 날씨구먼 🚲🚴‍♂️🚵‍♂️ㅡㅡㅡㅡㅡㅡㅡㅡㅡㅡㅡㅡㅡㅡㅡㅡ #자전거라이딩 #강정고령보 #강정고령보자전거길 #첼로 #케인 #마크2 #첼로로드자전거🚲 #첼로케인마크2 #카본로드 #샤오미미밴드 #미밴드 #미핏 살을얼마나뺄라카노ㅎㅎ
2021-07-16 00:00:00+00:00," 👑 스타일 #미밴드6 ⌚웨어러블워치를 하나는 사야겠다 싶었는데...삼성 갤럭시워치냐 애플워치냐 둘중에 고민을 많이 했는데...😥😥선물 받은 미밴드가 있어서 일단 한번 착용해봤어요.🙊요즘 어예바4기 도전하며 걷기 1만보 계속 실천하려고하는데, 핸드폰 들고 운동하려니 너무 불편하고😅😅무겁고 그래서 웨어러블 기기에 저절로 관심이 갔는데미밴드6는 전 보다 화면이 좀 더 커져서 사진상으로 봤을 땐 너무 커보여서 제 손목엔 클거 같았어요.😝근데, 생각보다 그리 크지 않고화면이 넓어지니까 보기가 편하네요.👌👌아직 한글패치 사용 못하는데영어로 해두니까 영어공부도 하고 좋은데요? ㅋㅋ👍👍혹시나 미밴드 관심 있으신분들에게 도움이 되길 바라며 🙏🙏#미밴드 #미밴드6#미밴드후기 ❤️❤️ 요런거 괜찮으네요~안녕하세요~조심스럽게 선팔하고 갑니다. 소통하며 지내요~^^"
2021-07-16 00:00:00+00:00, 잘가라. #미밴드 3년 쓰니 사망하네 ㅜㅜ #애플워치 신형을 기다리자.
2021-07-16 00:00:00+00:00," 샤오미 미밴드6 구매😝원래.. 헬린이는 장비욕심이 많은 법실내바이크 탈 때 내가 소모되는 칼로리도 알 수 있고,수면체크도 해주고 노래랑 카메라도 연동되서 생각보다 기능이 많음 좋다 좋아🎶🎶🎶#샤오미#미밴드#샤오미미밴드#미밴드6#헬린이#내돈내산#운동#샤오미미밴드6"
2021-07-15 00:00:00+00:00," Good morning!휴가 넷째날■ 미라클모닝 195일■ 기상시간 am 06:44■ 수면점수 75점■ 미온수 한 잔 원샷“꾸준함이 모든 것을 이긴다!”“꾸준함은 절대 배신하지 않는다!!”“꾸준함이 나를 만든다. 새벽이 나를 만든다.”“꾸준함이 답이다”“졸꾸하자(졸도할정도로 꾸준하게)”“꾸준함은 나의 무기”“천천히, 하지만 꾸준하게!”“나는야 꾸준러!”“하기 싫어도 시스템에 몸을 맡기자!”“기다려지는 새벽, 설레이는 새벽”#미라클모닝 #새벽기상 #아침 #공복 #물한잔 #아침루틴 #모닝루틴 #미온수 #미밴드 #수면 #일어나 #새벽 #물한잔 #꾸준함 #금요일"
2021-07-15 00:00:00+00:00, #만보달성#만보#계속하기#2021.7.15#일상#여행#daily #travel#한강#한강야경 #fff#걷기#동네한바퀴#즐거움#일상소통#여행스타그램 #미밴드 Dm on 👉DM on👉 @HEAVEN_OF_TRAVEL_
2021-07-14 00:00:00+00:00," Good morning!휴가 셋째날!■ 미라클모닝 194일■ 기상시간 am 06:53■ 수면점수 83점■ 미온수 한 잔 원샷“꾸준함이 모든 것을 이긴다!”“꾸준함은 절대 배신하지 않는다!!”“꾸준함이 나를 만든다. 새벽이 나를 만든다.”“꾸준함이 답이다”“졸꾸하자(졸도할정도로 꾸준하게)”“꾸준함은 나의 무기”“천천히, 하지만 꾸준하게!”“나는야 꾸준러!”“하기 싫어도 시스템에 몸을 맡기자!”“기다려지는 새벽, 설레이는 새벽”#미라클모닝 #새벽기상 #아침 #공복 #물한잔 #아침루틴 #모닝루틴 #미온수 #미밴드 #수면 #일어나 #새벽 #물한잔 #꾸준함 #목요일"
2021-07-14 00:00:00+00:00," #7월 14일#미라클모닝#건강# 다이어트#성공자 루틴#만보#미밴드 눈팅빨로워~~*👏 오늘은 간만에 하트날려드리고 갑니다 .  거울슨생님 뵙구싶으요 혹시 미라클 모닝,,참석 다시 원하심..우리 같이 해요^^"
2021-07-14 00:00:00+00:00," 소확행...1 미밴드가 뭔지도 관심 1도 읍썼는데,만보걷기를 하면서,만보체크는 폰에 의지해야하고,그리하여 급 검색...그리고 메탈 시계 좋아하는 나...미밴드 메탈용 스트랩 까지 종류별루 두개  지름...기계치인 내가 설치하느라 쫌  애먹었지만,내 만보걷기의 끌어줌이될 소확행!!나를 위한 선물 좋음!!낼은 더 열심히 걷자!!#운동#걷기운동#만보걷기#미밴드#소확행#메탈스트랩#맘에듬#나를위한선물#동기부여"
2021-07-13 00:00:00+00:00," Good morning!휴가 둘째날… 이렇게 많이 자본적 처음임~~ㅋㅋㅋ^^;;;■ 미라클모닝 193일■ 기상시간 am 07:00■ 수면점수 83점 “8시간 넘게 잤는데…수면점수는 더 안 나오네…ㅠㅠ”■ 미온수 한 잔 원샷“꾸준함이 모든 것을 이긴다!”“꾸준함은 절대 배신하지 않는다!!”“꾸준함이 나를 만든다. 새벽이 나를 만든다.”“꾸준함이 답이다”“졸꾸하자(졸도할정도로 꾸준하게)”“꾸준함은 나의 무기”“천천히, 하지만 꾸준하게!”“나는야 꾸준러!”“하기 싫어도 시스템에 몸을 맡기자!”“기다려지는 새벽, 설레이는 새벽”#미라클모닝 #새벽기상 #아침 #공복 #물한잔 #아침루틴 #모닝루틴 #미온수 #미밴드 #수면 #일어나 #새벽 #물한잔 #꾸준함 #수요일 좋은아침 입니다😄 꾸준함이 이어지면 뭔가가 분명이 옵니다😍 수면의 질을 체크해주는 기능이 신기하네요^^ 저도 휴가때 못 잔 잠 다 잔듯요"
2021-07-13 00:00:00+00:00, 아이고 내 엉덩이 부서지는중오늘 처음으로 욕나옴 아오#210713#챌린지#2일차#운동#다이어트그램#삐약스핏#쩡엠아이챌린지#주원홈트#챌린지답게오늘은전부주원홈트로뽑아봄#삐약거리다보면#끝#🐣#처음으로#최고강도운동#고강도운동#신난다#땀줄줄#미밴드#좋네좋아#본전뽑는중#나에게주워진시간은한시간#제한된시간에서최대효율을위하야#최대로뻗고최대로구부리고#내일못걸을예정#연참#주우재#내운동메이트#ㅋㅋㅋㅋㅋㅋㅋ 이게 뭐예옄ㅋㅋㅋㅋ 최고강도라니 무시무시🤪 저강도는 없나여 ㅋㅋㅋㅋ 강렬한 걸로 빠바박👍🏻👍🏻
2021-07-13 00:00:00+00:00," #알로하매일도전 ✅ 47일차📽영상4배속📍도전47일차 (매일운동 116일째)🔸️푸쉬업 47 개🔸️플랭크 2분40초 🔸️만보기 12432보l🔹️저녁운동 러닝 3키로 후 걷기#10분독서챌린지 - 인스타하기 전에 책부터 10분 보기!!-일단 7월한달 #매일도전🔥오늘부터 📚저@aloha_l.21 와 @life_balance0 @lucydiary21 함께 시작합니다 큰 뜻은없고, 목차라도 보고 ....그저 '#시작이 반이다' 하는 마음으로 해봅니다🤗함께 하실분들은#10분독서챌린지 해시태그달고 본인 스토리나 게시물에 인증샷!!(🎁선물은 지성과 마음의 양식입니다)#알도전_플랭크푸쉬업#매일운동 #매일도전 #매일노력#플랭크 #푸쉬업 #만보기 #미밴드#Aloha_diet_exercise 독서 챌린지 가즈앗!!! 책이랑 이참에 친해져보겠습니닷!!! ㅋㅋ 꾸준한 푸시업 최고👍👍👍 우와 독서 챌린지까지 지성과 미모를 두루두루 갖추셨네용😍❤️"
2021-07-13 00:00:00+00:00, #이날씨에 #저녁운동걷기만 했는데 #운동능력상승그런데 #에너지 는 다 썻네.. #에너지소진출근만하면 에너지가 뚝뚝 떨어짐 😩#난이제지쳤어요땡벌#독립문공원 #밤운동 #미밴드
2021-07-13 00:00:00+00:00, 미밴드 6의 단점. 중간에 상태창을 확인하면 경로에 녹색이 찍혀서 보기 싫다. 미밴드 5는 안 그랬는데. 2021-25 #러닝 #달리기 #미밴드
2021-07-13 00:00:00+00:00, #미라클모닝#건강# 다이어트#성공자 루틴#만보#미밴드
2021-07-13 00:00:00+00:00, #랜선 #꿀잠대회 😴🏆 우승도경품도못탔지만 #참가상 #대혜자 #유한킴벌리 #더럽 💚 #꿀잼 #대회 #낮잠 #꿀잠 🍯💤 #미밴드 #수면체크 우왕 꿀잠자고 선물도 받고😍😍 👏👏👏👏💜 꿀잠 꿀잼이네유ㅋㅋ
2021-07-13 00:00:00+00:00, 5시간 14분 자고 수면점수 75점이면 이거 나쁘지 않은데? ㅋㅋㅋㅋㅋㅋㅋ. 비슷한 지역 사람들 보다 늦게 잤지만 수면품질은 생각보다 높다는 거잖아? 시간대비 숙면력이 좋은 걸로… 오늘은 6시간 자봐야지. #미밴드 #뒤늦게 #수면체크시작 오 이게 샤오미 미밴드 어플인가요?
2021-07-12 00:00:00+00:00," Good morning!휴가 첫 날…푹 잤다!!!■ 미라클모닝 192일■ 기상시간 am 07:00■ 수면점수 92점■ 미온수 한 잔 원샷“꾸준함이 모든 것을 이긴다!”“꾸준함은 절대 배신하지 않는다!!”“꾸준함이 나를 만든다. 새벽이 나를 만든다.”“꾸준함이 답이다”“졸꾸하자(졸도할정도로 꾸준하게)”“꾸준함은 나의 무기”“천천히, 하지만 꾸준하게!”“나는야 꾸준러!”“하기 싫어도 시스템에 몸을 맡기자!”“기다려지는 새벽, 설레이는 새벽”#미라클모닝 #새벽기상 #아침 #공복 #물한잔 #아침루틴 #모닝루틴 #미온수 #미밴드 #수면 #일어나 #새벽 #물한잔 #꾸준함 #화요일"
2021-07-12 00:00:00+00:00," #알로하매일도전 ✅ 46일차📽영상 4배속📍도전 45일차 (매일운동 115일째)🔸️플랭크 2분50초🔸️푸쉬업 46개🔸️만보기 14277보🔹️오후운동 러닝 4.4킬로 후 걷기📖#하루10분 책읽기 ""아주작은습관의 힘""✔오전에 일이 많아서 러닝만 한날😅☑도전장소가 사람들이 다녀서 조금 망설였지만,🤔다들 운동하시는 분들이니... 뭐 그러려니 하겠지? 하며... 철판깔고 걍~~ 도전🔥(길막하지 않고 구석진곳으로....😊)저 곳이 우리동네는 아니지만,동네 주민처럼 자연스럽게 섞여 운동한 망월천🏞여기사는 친구보다 내가 더 망월천을 잘알가고 있네요~ㅋ🤗 도시가 살기좋게 잘 만들어진듯 합니당👍✔밤에 기절해서 잠들고😴아침에 정리하는  #매일도전❤오늘도 홧팅🔥 웃음가득한 하루되시길요😄#알도전_플랭크푸쉬업#매일운동 #매일노력 #매일다이어트 #하루10분독서 #10분의힘 #망월천 #하남 #스포애니 #스포애니운동인증챌린지 #제스파 #제스파마신지건#Aloha_diet_exercise 어김없이 안빠지고 도전 하셨네요👏👏👏 밤에 기절!! ㅎㅎㅎ 알로하님 덕분에 오늘도 웃어봅니다~~!! 매일매일 꾸준히!!!🔥🔥🔥 오늘도 행복한 하루 되세요~~!!🤗 오늘도 좋은 하루되세요👏👏 👏홧팅!!😍 매일 운동 아주 멋져요 👏 응원합니다😃 매일매일 꾸준한 모습∼멋있습니다 @aloha_l.21 #플랭크 #푸쉬업 #만보기 #미밴드 #운동소통 #수고했어알로하"
2021-07-12 00:00:00+00:00, #만보달성#만보#계속하기#2021.7.12#일상#여행#daily #travel#한강#한강야경 #fff#걷기#동네한바퀴#즐거움#일상소통#여행스타그램 #미밴드
2021-07-12 00:00:00+00:00," #제품협찬 #광고요즘 심박수를 활용해서 체지방을 연소하는데 많이 관심을 가지고컨텐츠도 제작하고 있어요 😊체지방이 잘타는 심박수에 대해서관심을 많이 가지고 운동을 하며 실험을 하고 있기 때문에스마트 워치를 활용해서 정확한 심박수 모니터링을 해 보고 있어요.요즘 활용하는 방식은 1단계, 2단계, 3단계로 나눠서진행중인데요..1단계는 외관상으로 건강한 좌식 생활을 하는 대상자의 심폐체력 수준을 향상시킬 수있도록 최대 심박수의 65~75%의 범위에서 운동하는 거예요..유산소 기구로 주로 저는 실내자전거, 인클라인 러닝머신을 활용하고 있는데제일 효과적인건 인클라인🥰.샤오미 미밴드 6는 가성비 좋고 매우 가볍기 때문에 부담없이 구매해서 사용할 수 있어서 회원님들께도 많이 추천드리고 있어요..조금 더 체계적으로 유산소를 타보고 있는데비싼 웨어러블 기계가 부담스러우시면 샤오미 미밴드 6 추천해요.(컨텐츠는 제 유튜브에 업로드 되어 있으니 꼭 확인해보세요).#샤오미 #Xiaomi #샤오미미밴드6 #미밴드6@xiaomi.korea ❤️ 저두 미밴드써요😂 아이 이뽀❤️ 쌤 미모 밖에 눈에 안 들어와요;;;;😍❤️❤️❤️ 🍬💥🙃🙏🌷 😊💙💙 👍🌹💘 💙💙💙💙💙 ❤️❤️❤️ 오! 😍 好漂亮"
2021-07-11 00:00:00+00:00," 새벽운동(62일차) ■ 턱걸이 : 3 + 3 + 4 = 10회 ■ 푸쉬업 : 40회 x 3set = 120회 ■ 레그레이즈 : 30회 x 3set = 90회 ■ 플랭크 : 1분30초 x 3set = 4분 30초 ■ 달리기 : 7km, 43분 6초 - 토탈거리 : 287.9km ■ 아침식사 : 빵 + 지코바치킨 + 천도복숭아 + 아몬드 + 땅콩 + 아이스아메리카노 + 명작수 ■ 조언부탁드려요.#새벽운동 #푸쉬업 #플랭크 #자기계발 #몸짱 #달리기 #운동장 #마라클모닝 #할수있다 #팔굽혀펴기 #미밴드 #아침 #모닝루틴 #근육 #아침식사 #방울토마토 #구운계란 #명작수 꾸준함에 진심 어린 박수를 보내드립니다! 대단하셔요👏👏 네번째 사진도 자세 굿,,,👏👏👏👏"
2021-07-11 00:00:00+00:00," Good morning!■ 미라클모닝 191일■ 기상시간 am 04:37■ 수면점수 93전■ 미온수 한 잔 원샷“꾸준함이 모든 것을 이긴다!”“꾸준함은 절대 배신하지 않는다!!”“꾸준함이 나를 만든다. 새벽이 나를 만든다.”“꾸준함이 답이다”“졸꾸하자(졸도할정도로 꾸준하게)”“꾸준함은 나의 무기”“천천히, 하지만 꾸준하게!”“나는야 꾸준러!”“하기 싫어도 시스템에 몸을 맡기자!”“기다려지는 새벽, 설레이는 새벽”#미라클모닝 #새벽기상 #아침 #공복 #물한잔 #아침루틴 #모닝루틴 #미온수 #미밴드 #수면 #일어나 #새벽 #물한잔 #꾸준함 #월요일 👏👏👏 역시 꾸준함이 중요하네요. 😍😍"
2021-07-11 00:00:00+00:00, #운동 #달리기 #미밴드 #running
2021-07-11 00:00:00+00:00, 🚶🏻‍♀️...요즘 하루에 만보 걷는거같아요비가 오기전에 내사랑❤이랑 대근육발달을 하기위해 등하원길 열심히 걷었는데요....🤦‍♀️이렇게 많이 걷게 될줄이야.....집순이인 내가 이렇게 프로사부작러를 낳아서...이렇게 걸을줄이야...😱😱😱😱근데... 왜 이른육퇴도 안되고 일찍 일어나요...😫😫휴...장마여도 비옷 입고 우산 쓰고 장화신고 걷느라 바쁘겠죠?😭😭😭😭😭사계절 내내 내사랑❤과 열심히 걷고 열심히 뛰고 열심히 놀아야겠어요(체력을 키워야될 이유가 계속 생기는군...🤔🤔)#느린아이 #운정맘 #파주맘 #만보걷기 #너도나도_만보걷기#장마야_오지마#비옷+우산+장화_콤보#싫다싫어#미밴드#빈이하루🐶 한여름 만보라니...😂 살이 쭉쭉 빠질것같은디유 좋게좋게 긍정적으로 생각하는 너의 멘탈~~ 존경해❤️ 난 요세 왜케 힘들다고 짜증이 훅훅올라오는건지😭😭😭 우왕 만보 대단하세요~~ 전 차없이 못다니겟😭😭😭 와~ 전 5천보도 겨우 넘는데... 만오천보 대단하세요👏👏👏 몇지간이예요???? 더운데 👍👍👍
2021-07-10 00:00:00+00:00," Good morning!■ 미라클모닝 190일■ 기상시간 am 05:13■ 수면점수 95점■ 미온수 한 잔 원샷“꾸준함이 모든 것을 이긴다!”“꾸준함은 절대 배신하지 않는다!!”“꾸준함이 나를 만든다. 새벽이 나를 만든다.”“꾸준함이 답이다”“졸꾸하자(졸도할정도로 꾸준하게)”“꾸준함은 나의 무기”“천천히, 하지만 꾸준하게!”“나는야 꾸준러!”“하기 싫어도 시스템에 몸을 맡기자!”“기다려지는 새벽, 설레이는 새벽”#미라클모닝 #새벽기상 #아침 #공복 #물한잔 #아침루틴 #모닝루틴 #미온수 #미밴드 #수면 #일어나 #새벽 #물한잔 #꾸준함 #일요일 🙌🙌🙌 🙌🙌🙌 우와 수면점수 좋으시네요😊👍 저는 비록 길게 잠을 자는건아니지만 저도 수면 점수가 늘 높거든요 멋진 꾸준러이십니다. 수면의 점수 기준은 어떻게 점수로 측정하시나요?"
2021-07-10 00:00:00+00:00, #운동 #달리기 #미밴드 #running
2021-07-09 00:00:00+00:00," 새벽운동(61일차) ■ 턱걸이 : 3 + 3 + 4 = 10회 ■ 푸쉬업 : 40회 x 3set = 120회 ■ 레그레이즈 : 30회 x 3set = 90회 ■ 플랭크 : 1분30초 x 3set = 4분 30초 ■ 달리기 : 7km, 45분 6초 - 토탈거리 : 280.9km ■ 아침식사 : 복숭아 + 소세지 + 아몬드 + 땅콩 + 아이스아메리카노 + 수박 + 명작수 ■ 조언부탁드려요.#새벽운동 #푸쉬업 #플랭크 #자기계발 #몸짱 #달리기 #운동장 #마라클모닝 #할수있다 #팔굽혀펴기 #미밴드 #아침 #모닝루틴 #근육 #아침식사 #방울토마토 #구운계란 #명작수 이렇게 2달가량 하시니 몸의 변화 느껴지시는지 궁금해요.후기도 종종 올려주세요. 👏👏👏👏오늘도 응원합니다 끈기와 의지의 한국인🔥🔥🔥 아침식단과 점심저녁은 어떻게 드세요?저두 식이조절해야 살이 빠질텐데 식이 조절이 안되니 변화가 없네요.😁 부지런하십니다!!"
2021-07-09 00:00:00+00:00," Good morning!■ 미라클모닝 189일■ 기상시간 am 04:42■ 수면점수 82점■ 미온수 한 잔 원샷“꾸준함이 모든 것을 이긴다!”“꾸준함은 절대 배신하지 않는다!!”“꾸준함이 나를 만든다. 새벽이 나를 만든다.”“꾸준함이 답이다”“졸꾸하자(졸도할정도로 꾸준하게)”“꾸준함은 나의 무기”“천천히, 하지만 꾸준하게!”“나는야 꾸준러!”“하기 싫어도 시스템에 몸을 맡기자!”“기다려지는 새벽, 설레이는 새벽”#미라클모닝 #새벽기상 #아침 #공복 #물한잔 #아침루틴 #모닝루틴 #미온수 #미밴드 #수면 #일어나 #새벽 #물한잔 #꾸준함 #토요일"
2021-07-09 00:00:00+00:00," #알로하매일도전 ✅ 43일차📽영상4배속📍도전 43일차 (매일운동 112일째)🔸️플랭크 2분45초🔸️푸쉬업 44개🔸️만보기 13317보🔹️오후운동 인라인 타기🔹️저녁운동 4키로 러닝 후 걷기2키로오늘도 애섰어😉 알로하#알도전_플랭크푸쉬업#Aloha_diet_exercise#스포애니 #스포애니운동인증챌린지 #제스파 #제스파마신지건 알로하님~~ 멋지게 하루 마무리 잘 하셨네요~~ 새로운 토요일 또 즐겁게 하루 보내봐요 우리~~😍😍 크으 꾸준함이!!👍👍👍 오늘도 애쓰셨습니다 알로하님~!!🤩 알로하님!! 화이팅 화이팅🔥🔥 고생하셨어요!  체력이, 의지가 대단해요!!!😍 꾸준히 운동하시는 알로하님 오늘도 기운받아 갑니다😃😃🙌🙌 멋져요 🙌 소통하고 싶어서 팔로하고 갑니다 👏 알로하님 플랭크 하시는거보니 저도 시작과 도전해볼까 싶어지네유 🔥🔥 선팔하고가요~맞팔소통해요😍😍 @aloha_l.21 #푸쉬업 #플랭크 #만보기 #미밴드 #운동소통 #매일운동 #매일도전"
2021-07-09 00:00:00+00:00, 2021.07.09.운동 9일차!오늘도 성공~💜#미밴드 #나이키러닝
2021-07-09 00:00:00+00:00, #운동 #달리기 #미밴드 #running
