2020-01-21 00:00:00+00:00, 샤오미코리아 페이스북 이벤트에당첨되서 받은 샤오미 홍미노트 8T문라이트화이트입니다.색상이진짜 이쁘네요!!!받은지 2주정도 되었는데아주 잘 사용중입니다^^#샤오미 #샤오미폰 #샤오미홍미노트8t#xiaomi_korea 안녕~ 오랜만이야 ^^
2021-02-27 00:00:00+00:00, 👉회사폰 구입...#주말 #일상 #업무용 #직구 #쇼핑스타그램 #샤오미폰 #포코 #포코M3 #POCO #POCO_M3 #폰스타그램 #스마트폰 #IT #개봉기 #가성비폰 #괴물배터리 #6000mAh #맞팔 #소통 #좋아요
2020-11-05 00:00:00+00:00, 3일간의 달 사진 기록🌚🌝달은 찍으면 찍을수록 멋지고 신기한 것 같아요 ㅎㅎ 그럼 모두들 좋은 밤 되세요:)Taken With Xiaomi Mi 10 Lite Zoom Moon Mode#달 #달사진 #예쁜달 #감성달 #달의위상 #Moon #MoonPhoto #FullMoon #샤오미 #샤오미폰 #미10라이트 #미텐라이트 #밑엔가볍게 #Xiaomi #XiaomiPhone #XiaomiMi #Mi10LiteZoom #XiaomiMi10Youth #小米10青春版 #사진계정 #사진계정소통 #선팔맞팔 #좋반 #좋아요반사 #일상 #Daily #피드채우기 #새벽감성 #Juwon_Photo52 #followforfollowback 👌👌👌
2020-12-16 00:00:00+00:00," 샤오미 핸드폰 모델로 촬영을 하고나서,내가 뭐라고 이렇게 도와주셨을까...^^;;따듯한 마응. 오래오래 간직 하겠습니다~!!그리고 진심으로 감사드립니다.따듯한 연말 보내세요~!^^.....#샤오미 #샤오미폰 #미텐라이트 #sns #홍보 #감사합니다 #우정 #박기웅 #박효준 #김기방 #양동근 #장동혁 #서지석 #이세준 #정이한 #김원주 #루나솔라 #박승화 #리누 #연기자 #연예인 #영화배우 #가수 #kpop #농구선수 #korea #korean #entertainer #actor #singer 모두 너의 덕이야~♡♡♡ 형꺼는?"
2020-09-30 00:00:00+00:00, 새싹이 543일🌱생애 첫 꿀호떡🥞엄마랑 짠~하고 한입가득 먹으면 얼마나 꿀맛이게요😋💕평택은 미군부대가 있어서 하루에 10번도 넘게 헬기/비행기가 날아요.엄마 저기보세요🙋‍♀️저기 또 비행기✈️와요~이젠 마스크하고도 😀웃음 짓는 여유까지 생겼어요🤗나날이 마스크 적응 잘해줘서 고마워😘간만에 알록달록 맛있는 잡채🍝...#꿀호떡#먹스타그램#먹방#간식#빵순이#맛있어#꿀맛#아기잡채#잡채#아기일상#아기영상#놀이터#놀이터그램#산책#추석연휴#9월마지막날#생후17개월#생후543일#황금돼지띠맘#황금돼지띠아기#아가아가해#가을#추석연휴시작#빨간날#cc9pro#샤오미폰#인물사진#사랑해#럽스타그램#평택맘 지미니는 어른 음식 잘안주는편이죠???달달구리한 😍😍호떡맛을 알아버렸네용~~ 지민이~ 미끄럼틀 혼자서 너무너무 잘탄다❤️ 마스크도 너모 잘하구 대견해~😍 어머 달달하니 넘나맛나지이 찌민아💛 미끄럼틀 정말 잘타네용😚😚 지민이랑 즐추보내셔요!😊 지민이네 즐거운 추석 보내셔욧~~~😘 꿀호똑 올마나 달달하고 맛있을까❤️❤️ 엄마랑 짠도 하는구나 ㅋㅋㅋ잉잉 너무 귀엽겠어요 짠! 하고 먹으면 어머 지민이 첫 꿀호떡 넘 맛있찌😍 미끄럼틀도 혼자서 잘타고 최고최고👍👍 지민이는 잡채맛있게 잘 먹었나요?😊 꿀호떡은 제가 젤 좋아하는🤭 간식이네요~~😁 꿀호떡?! 넘 달지않나유? 하긴 쥬니도 가끔 아이스크림...😭
2021-06-19 00:00:00+00:00, 바로 이 맛 아입니까? 🌊🌊🌊🍦오랜만에  살 거같아✨✨🥺✨✨(중간에 귀여운 바다 물개 🦭 )#서핑#고성 #강원도고성 #강원도여행 #찢었다 #나는이제여한이없다 #보라보라 #샤오미폰 #샤오미폰카 #아이폰11카메라 #여행스타그램 #서핑강습 #서핑🏄 #서핑배우기 #하늘 #하늘색 #여행스타그램 #서핑트립 #서프스테이 #여름 #여름만조진다 #덤벼 사진들이 답 괜찮네욧^^ 안녕하세요:) 혹시 Dm 가능하세요?피드보고 여쭤보고 싶은게 있어서요💛 sexy🌚🌚🌚🌚
2021-06-19 00:00:00+00:00, 아쉬우니까 하나 더 슬쩍 👀 💜#라벤더팜 #고성여행 #고성 #강원도고성 #강원도여행 #라벤더축제 #축제기간아니어도연대요 #기사아저씨피셜 #찢었다 #나는이제여한이없다 #보라보라 #💜 #💜💜💜 #샤오미폰 #샤오미폰카 #아이폰11카메라 #여름만조진다 #신남 #여름최고야 #우정여행 #친구랑 #친구랑여행 인친하고 싶어염 ˃.˂ 선팔하고 갈께요! 반사부탁드려염♥ 오오 피드 잘 보구 갑니다 총총 하트를 10000번누르고싶어요^^ 태그 검색하다가 소통하고 싶어서 팔로우 누르고 가요:) 안녕하세용~ DM드려도 될까여~??☺️ 👏👏👏👏👏👏와😍😍😍😍대박이뽀요
2019-01-24 00:00:00+00:00, 대륙의 실수 샤오미(@xiaomi.global)가 폴더플폰 대열에 합류합니다. 제품은 화면 양 끝을 바깥쪽으로 접는 더블 아웃폴딩이 적용되었는데요. 공식 발매 일정 및 가격 미정입니다.📲 #eyesmag #xiaomi #xiaomiphone #smartphone #foldablephone #샤오미 #샤오미폰 #폴더블폰 @hyun_sue_970825 @gna_yoon 지나야ㅠ이거바 @jeasoojeong 어때? @passchurry 헐 와 미쳣네 이건.. 구라인듯🧐
2021-05-29 00:00:00+00:00, 내 핸드폰은 무엇일까요? ㅋㅋㅋㅋㅋㅋ..#하이센스a5 #갤럭시s21 #갤럭시s21울트라 #샤오미폰 #내폰아들폰딸폰 음....맨끝에오른쪽??? 세번째 거요~ 유튜브에서 봤어요 ㅎㅎ 3번이요 ㅋㅋㅋㅋ 두번째???????ㅋㅋㅋㅋㅋ 1번째  폰  누나꺼
2021-08-04 00:00:00+00:00, 샤오미노트10프로 투명케이스 새거 팝니다가격은 4000원입니다 대전 전지역 배달가능합니다🚛..#투명케이스 #샤오미폰 #샤오미 #샤오미폰케이스 #샤오미노트10#샤오미노트10프로 #홍미노트10프로 #홍미노트10프로케이스
2021-07-19 00:00:00+00:00, 조만간 샤오미폰 말구 카메라로 더 이쁘게 찍어줄게용♡♡@thduddl_#흥미노트10 #샤오미폰#기사문 #서핑 #노을#노을서핑 사진 너무 예쁜디🥺✨ 그르게~ 사진 너무 예쁘다!!! 우왕❤️ 찍어줄께용💚💚💚 사랑의 눈으로 찍어서 그런가~ 충분히 아름다우신듯 😍 샤오미가 이정도야? 워👏👏 진짜 오빠의 열정에 무한감사를 표합니다🙏🏾
2021-07-15 00:00:00+00:00," 중국판 갤럭시 Z 플립! 샤오미에서 곧 출시한다!중국 스마트폰 업체 샤오미가 폴더블폰을 처음출시하게 되는데, 이 폴더블폰이 삼성전자의갤럭시 Z 플립 모델과 매우 흡사하다는 소식이들려오고 있네요 ㅠㅠIT 관련 따근따근한 소식을 받고 싶다면,탑클폰 인스타를 팔로우 하시라~!!#샤오미 #샤오미폰 #샤오미휴대폰 #홍미노트5#홍미노트 #플립 #삼성전자 #갤럭시Z플립#갤럭시Z폴드 #갤럭시Z폴드2 #폴더블폰 #폰스타그램#좋아요 #좋아요해요 #좋아요천사 #좋아요반사#좋반 #팔로우해요 #팔로우 #팔로우천사 #선팔맞팔#맞팔댓글 #탑클폰 #온라인성지"
2021-06-29 00:00:00+00:00," #샤오미 #Xiaomi #Redminote10pro #홍미노트10프로 #아버지폰샤오미 홍미노트 10 프로사양 : 퀄컴스냅드래곤 732G액정 : 아몰레드 6.67인치카메라 :  후면 1억 800만 화소배터리 : 5020mAh 25분 충전시 50% Fast charging색상 :  블랙 블루 오렌지 중 오렌지구성 : 폰 / 실리콘케이스 / 충전기통신사 : 3사 모두 호환가격 : 한화 30만 5천원판매처 : 쿠팡(직수입)사양은 대~충 이러합니다.저희 아버지의 LG G6가 작업중에 카메라가 파손되어부득이한 건 아니지만 어쨌든 바꾸게 됐어요..처음에 저희 아버지는 갤럭시Z폴드를 원하셨지만,솔직히 74세 아직도 현역에서 생산직 근무를 하고계시는 터라 쉽게 파손될까 우려 - 저가브랜드작업 중 파손되어도 가슴이 덜 아픈 폰을 찾았죠.솔직히 200만원 상당의 폰이 작업 중 파손되면 끔찍😱그래서 찾은 게 샤오미 홍미노트 시리즈.홍미노트9SPRO / 10 / 10PRO3가지 중에 가장 최신작인 10 프로를 선택했어요.이유는 단지 LTE폰이라는 점과 NFC가 되기에~~저는 요즘폰은 다 NFC 되는 줄 알았는데,저가 폰은 아직도 기능이 없는 게 꽤 있더라구요.홍미노트 10은 안되더라구요. 똑같이 생겨놓고..그리고 배터리 성능과 카메라화소.5020mAh의 대용량에 25분만에 50% 퀵차지.저희 아버지 일은 카메라를 꼭 사용해야 하신데요.그래서 화소가 높은 카메라가 필요하셨데요.다행히 10프로가 1억800만 화소라니 딱이었죠..================30만원이라는 가격대에 이 정도면 좋은 거 아닌가요?저는 딱히 중국 브랜드라해서 반감은 덜한 편입니다.실제로 화웨이 태블릿을 3년째 사용중이죠.고장도 없고, 3년이 지났지만 대기시간이 12일,왠만한 앱 호환 다 되니 이만한 게 없죠.당시 구입때 월 2천원만 추가해서 내면 됐기에부담도 없었죠. 그러다보니 중국제품이라해서무작정 불신하던 버릇도 사라졌다는 거~~샤오미 홍미노트 10 프로비싼 삼성의 효도폰보다 싼 샤오미가 좋다고 봅니다.작년에 출시된 9S는 현재 17만원에 판매됩니다.넘 길게 적었네요, 간만이라.. ㅎㅎ이상 입니다..Richard Remarque#샤오미폰 #효도폰 #삼성효도폰 #효도폰대비 #화웨이 #홍미노트 #REDMI 잘 보고 갑니다😮"
2021-06-19 00:00:00+00:00, 유재석슨배릠 흉내내기🌾💜🍦(꼴보기싫음 주의)#라벤더팜 #고성여행 #고성 #강원도고성 #강원도여행 #라벤더축제 #축제기간아니어도연대요 #기사아저씨피셜 #찢었다 #나는이제여한이없다 #보라보라 #💜 #💜💜💜 #샤오미폰 #샤오미폰카 #아이폰11카메라 #신나 #여행 #여행스타그램 #친구랑 #친구 #우정여행 #자연 #자연최고👍 #자연스타그램 큐티..상콤...러블리..... 안녕하세용~ DM드려도 될까여~??☺️ 브랜드 어필리에이트 남진식 입니다😊제안드릴게 있는데 DM 소통 가능하신가요~?
2021-06-19 00:00:00+00:00, 찢었다.. 💜🌷#라벤더팜 #고성여행 #고성 #강원도고성 #강원도여행 #라벤더축제 #축제기간아니어도연대요 #기사아저씨피셜 #찢었다 #나는이제여한이없다 #보라보라 #💜 #💜💜💜 #샤오미폰 #샤오미폰카 #아이폰11카메라 #여름만조진다 #신남 #여름최고야 #우정여행 #친구랑 #친구랑여행 越来越也漂亮😘 요기 너무 예쁘죠♥️ 저도 한번 다녀왔었는데 사진이 예쁘게 찍혀서 놀랬어요 🙊 사진 보니 다시가구싶네요.. 예쁜사진 잘봤어요 ! 괜찮으시다면 자주 소통하고 싶어 선팔 하고갈게요 :) 안녕하세요:) 혹시 Dm 가능하세요?피드보고 여쭤보고 싶은게 있어서요💛 화보찍고오셨어여??완전 핫하넴🔥🔥❤️❤️ 이뿌넹😉
2021-06-15 00:00:00+00:00, 🈷️•••#달 #moon #샤오미폰 #홍미노트 #감성사진
2021-06-05 00:00:00+00:00," #큐피트 #qfeat #큐피트시즌3 #큐피트기출문제 #샤오미 #xiaomi #小米 #사오미의뜻 #샤오미는좁쌀이라는뜻 #샤오미폰 #좁쌀폰 #미오샤 #퀴즈스타그램 #quizstagram #퀴즈인더트랩 #f4f #선팔하면맞팔 2021년 6월 큐피트 시즌3 기출문제. 샤오미 (Xiaomi, 小米)는 중국어로 '좁쌀'이라는 뜻이다.샤오미폰 = 좁쌀폰 ㅋㅋ [곡식] 조= 좁쌀= 소미 (小米)= 속미 (粟米)= 전미 (田米) 중국 = 저렴한 👏👏 샤오미강추예요"
2021-04-09 00:00:00+00:00, 샤오미폰을 실물로 처음 봄#샤오미폰#홍미노트10#가성비폰#아몰레드폰 써보면 어때요?
2021-02-12 00:00:00+00:00, 핸드폰 바꾸고 인스타 다시 깔았다~...#짱깨폰 #샤오미폰 #포코폰 #일산 지워 지워
2021-01-23 00:00:00+00:00, 포코폰과 아이폰11프로 사진 비교비슷해 보이는데 가격은 아주 사악하게 차이 남차이나는 클라스~~~ 포코폰 괜찮네...내폰은 샤오미로 갈아타야겠다.#아이폰11프로#인덕션카메라#포코폰#샤오미폰
2021-01-12 00:00:00+00:00, #샤오미폰 #pocophone #pocom3 #시그니처는노랑색 #내폰은파랑색#듀얼유심 #가성비갑폰 #십만원대폰#usim부터막힘 #통화녹음은불가
2020-12-04 00:00:00+00:00, #영식아#고맙다#노트20#기기변경폰#20만원짜리#샤오미폰#3년째사용#대단한나#아버지폰#내폰#와이프는출시와동시#사용중#불쌍한울집남자들#ㅠㅠ#드디어탈출#일상#데일리그램#불금#삼성극혐#별다른선택이없다#finallychanged#galaxynote20#oneformydad#oneforme#hatesamsung#buthadnootheroption#cellphonegram#dailygram#fridayvibe 새폰이라면 액정깨지지 않게 닥터쉴드필름으로 보호해주세요 만약에 액정이 깨지면 액정수리비 30% 지원합니다!
2020-11-21 00:00:00+00:00, 새폰 샀어요~첫 #샤오미폰 #mi10t #인스타 #쾌적함 #xiaomi 어때요어때요'?
2020-11-19 00:00:00+00:00, #아이폰12꺼져 #샤오미폰 #샤오미폰실물 #희소성 #지노팀장님홧팅
2020-11-09 00:00:00+00:00, 오 #샤오미폰#핸드폰사진 좀 괜찮은데?캄캄했는데 #예쁘다예쁜추억 남겨줘서 고마워❤📸 @masuri.1115 마수리#미텐라이트 #mi10lite #카페갬성.20201109 #닥스훈트#미사카페#애견동반카페#동네친구#개엄마일상#일상이화보#dachshund#wienerdog#sausagedog#dachshundoftheday#doxie#dogdaily#doglife#dogmomlife#autumndog 배경도 사람도 댕댕이도 빠지는 구석이 업넹😆😆
2020-11-05 00:00:00+00:00, ※ 한국테크놀로지 x 연예인 농구단 <아띠>후원샤오미 미10라이트5G 오프라인 매장 출시 기념한국테크놀로지가 연예인농구단 <아띠>를 후원 합니다.#Mi10lite #미10라이트 #미텐라이트 #밑엔라이트 #밑엔가볍게 #샤오미폰많은 관심 부탁드리겠습니다. 좋은 소식으로 찾아 뵙겠습니다.https://www.mikoreamall.com/https://www.youtube.com/channel/UCNtyzA9T3gpK_Sd1p5Smb5g?view_as=subscriberhttps://www.instagram.com/hankooktechnology/
2020-10-30 00:00:00+00:00," #광고 언택트 시대에 맞춰서저도 상의만 차려입고밑엔 가볍게~😎미텐 라이트 챌린지 참여 완료!💖이번에 샤오미에서 미10라이트 출시 기념으로 고객 참여형 이벤트인 '미텐 라이트 챌린지 공모전'이 진행중이랍니다! 지난 1차 이벤트 반응이 좋았던터라 이번엔 공모전으로 개최됐더라구요! '밑엔 가볍게' 라는 콘셉트 의상과 개성있고 재미있는 포즈가 담긴 본인의 사진을 필수 해시태그와 함께  sns에 게시한 뒤 미코리아몰에 sns링크, 이름, 전화번호 등을 올리면 참여 끝! 저처럼 하시면 돼요~ 참 쉽죠!☺️서지석, 신용재 인스타스토리에 샤오미 미10라이트 올라온 거 봤는데 정말 괜찮아보이더라구요...ㅋㅋ아니 그나저나 제 잠옷바지..블라우스랑도 넘나 찰떡아닌가요?!🤭🤭🤭이번 공모전 미10라이트 상품 노려볼만 한데!!!!!신계 영역 당첨자는 내가 찜뽕....!!!미10라이트 관심 있으신 분들은 전국 SKT 매장에서 판매 중이니까 한 번 가보세요!공시지원금 받으면 공짜로 구매 가능하고 보조배터리 등 사은품도 준다고 하네요!!‘미10라이트’ 검색해서 상품 알아보고, ‘미코리아몰’에서 공모전 참가!#미10라이트 #미텐라이트 #샤오미미10라이트 #밑엔라이트 #밑엔가볍게 #나만의실용성 #미텐라이트챌린지 #이벤트 #가성비폰 #SKT매장판매 #SKT샤오미폰 #샤오미폰 #샤오미핸드폰 #이벤트추천 #이벤트참여 #샤오미이벤트 #미코리아몰 #챌린지이벤트 #챌린지참여 #샤오미선풍기 #안티코 #5G폰 나듀해야지👏👏 생각도못했다 ㅋㅋㅋㅋㅋ 나 방금 skt 매장이었는데!!! 샤오미 미10 라이트 버전이 출시되었군요!! 👏 오올 나도 해야지🙌🏻🙌🏻 참여  해봐야지~~~👍👍"
2020-10-30 00:00:00+00:00," #광고#챌린지이벤트 .#밑엔가볍게 #미10라이트 챌린지 저도 얼른 참여해요🎵.지난 1차 이벤트 반응이좋아서 2차 챌린지 공모전다시 시작했더라구요오〰️놓쳐서 아쉬웠는데 다행스ㅋ.요즘 재택근무 많이들 하실텐데위에는 갖춰 입어도 아래는 가볍고 편한복장으로 사진 찍어서응모하는 #미텐라이트챌린지 인데요😀.많은 셀럽들이 사용한다는 대세폰❕평소 좋아하던 가수 리누 인스타에서 #샤오미 #미10라이트 보고 넘 탐내고있었는데 이벤트 경품에 있더라구요신계영역 5명에겐 미10라이트본품을 준다고 하네요〰️그리고 또 다른 경품 중 안티코는 UV자외선 살균기능을 활용한 전자제품으로 요즘 같은 시대에 꼭 필요한 제품이라 메리트도 있으니 참여안할수없지요🤭.미텐라이트는 전국 SKT매장에서 구매 하실 수 있는데요!공시지원금 적용 받으면 공짜도 가능하고 샤오미 배터리 등 사은품도 증정하니까폰 바꾸실 분들은 한 번 알아보세요❕.밑엔 가볍게 컨셉 의상과 재밌고개성있는 포즈가 담긴 사진을 SNS에 올리고 10월 31일까지#미코리아몰 에 인증하면 끝!!!!.집콕생활하며 재미로 가볍게#샤오미이벤트 참여하자요☺.‘미10라이트’ 검색해서 상품 알아보고, ‘미코리아몰’에서 공모전 참가❕..#미텐라이트 #샤오미미10라이트 #밑엔라이트 #나만의실용성 #이벤트 #가성비폰 #SKT매장판매 #SKT샤오미폰 #샤오미폰 #샤오미핸드폰 #이벤트추천 #이벤트참여 #챌린지참여 #샤오미선풍기 #안티코 #5G폰 앗 저도 1차 놓쳤능데 2차 도오전ㅋ 나도 챌린지 동참해볼까? 재밌어~~ 오호~~ 나도 이거 참여해볼까봐~~ 멋진 의상에 밑엔 가볍게 오케 접수!! 오 저도 당장 고고 참여할래요 넘넘 재밌는 챌린지 😍❤️❤️미10라이트 넘 탐나요 👍🏻❤️ 밑엔 가볍게 뭔가 재밋는 챌린지네용 아래는 잠옷으로ㅎㅎㅎ👍 이런챌린지도 있어요?ㅋ 저도 할래요 ㅋㅋ ㅋㅋㅋ재미난 챌린지🤣 ㅋㅋㅋㅋㅋㅋㅋ다들 이러는거였어🤣 포즈 독창성은 어떤걸 원하는걸까ㅋㅋㅋㅋㅋ 재미난 챌린지네ㅎㅎㅎ"
2020-10-29 00:00:00+00:00," #광고.가수 김종서, 개그맨 장동혁 인스타에서 #샤오미미10라이트 보고 이쁘다 싶었는데 #밑엔가볍게 라는 재미있는 #샤오미이벤트 가 있네요?!.1차 이벤트 반응이 좋아 2차로 시작되는밑엔? 미텐! '밑엔 가볍게' Mi10 Lite 챌린지.울 남편 재택근무할 때 화상회의 있다고 위엔 차려입고 밑엔 반바지 입었는데 ㅎㅎ 이런 언택트 시대에 걸맞는 이벤트가 바로 이 #미텐라이트챌린지 아니겠어요?!! 그런 의미에서 저도 참여합니돵!!.미텐라이트 갖고싶었는데 당첨되면 좋겠다 ㅠㅠSKT 전국 매장에서 샤오미 미10라이트 판매 중인데 공시지원금 적용 받으면 공짜 구매도 가능 하더라구요! 이 정도면 가성비 갑이네요ㅋㅋ 사은품도 준다고 하니까 한 번 알아보세요!‘미10라이트’ 검색해서 상품 알아보고, ‘미코리아몰’에서 공모전 참가!#미10라이트 #미텐라이트 #이벤트#밑엔라이트 #나만의실용성 #가성비폰 #SKT매장판매 #SKT샤오미폰 #샤오미폰 #샤오미핸드폰 #이벤트추천 #이벤트참여 저도 챌린지 참여를 하고 싶은데여 재택근무할때 밑엔 가볍게 ㅋ 필수겟는데요 ^^ 저도 응모를 해봐야 겠어요! 재미있는 이벤트네요 저도 참여해봐야지 자택근무하는 남편 그대로 찍어올리믄 되겠는데요 😁😁😁 미텐라이트 챌린지 ㅋㅋㅋㅋㅋㅋ 웃고 갑니다 😂😂 우와 샤오미이벤트 너무좋은대요😍 와 공시 지원금 적용시 공짜 구매요? 와 당장 대리점으로 고고 샤오미 너무 좋아하는데 요 첼린지도넘 기대되네요 전 수면바지입고 하겠죠? 오홋 샤오미 이벤트 좋아요👍 저도 아래는 츄리닝으로 편하게ㅋ 처음사진두넘 이뻐요 💕 꿀정보당 💕"
2020-10-29 00:00:00+00:00," #광고밑엔 가볍게, 미10라이트 챌린지 공모전이 지난 1차 행사에 이어, 2차 챌린지 공모전이 다시 진행중이에요!!언택트 시대, #집콕 시대에 할 수 있는 챌린지로 재택근무할 때나 저처럼 인강중에 ㅋㅋ 밑에 가벼운 콘셉트 의상과 개성있는 포즈가 담긴 본인 사진을 필수 해시태그와 함께 10/31까지 개인 SNS에 업로드하면 전국민 누구나 참여 가능해요.참여만해도 다양한 경품 증정, 추첨을 통해 미라이트 본품도 증정!이벤트 경품 중 안티코의 경우 UV자외선 살균기능을 활용한 전자제품으로요즘 같은때 필수템이라 탐나는 중.ㅋ다함께 참여 고고~!!폰 교체시기도 되었는데 마침 배우 서지석님, 가수 유리상자 이세준님 인스타에서 보게 된 대세폰 미10라이트! 넘 좋아보이던데 SKT 전국 매장에서 판매 중이더라구요 ㅋㅋ 공시지원금 적용 되면 공짜 구매도 가능하고 사은품도 준다고 해서 신중하게 고려 중이에요.ㅋㅋ‘미10라이트’ 검색해서 상품 알아보고, ‘미코리아몰’에서 공모전 참가!#미10라이트 #미텐라이트 #샤오미미10라이트 #밑엔라이트 #밑엔가볍게 #나만의실용성 #미텐라이트챌린지 #이벤트 #가성비폰 #SKT매장판매 #SKT샤오미폰 #샤오미폰 #샤오미핸드폰 #샤오미이벤트 #챌린지이벤트 #챌린지참여 #5G폰 오모 저도 챌린지 신청해봐야겠어요!! 미텐라이트 위트있네요ㅎ 안그래도 이거 넘 재밌던데~ 응원할게요~ 오 미10라이트 챌린지 대박이네요!!@@ 어머 쭉 뻗은다리 멋져요 ㅎㅎㅎㅎ 미텐라이트 챌린지 왜케 귀여운지요 ㅎㅎ 요런건 진짜 무조건 참여해야져 ㅎ 챌린지 공모전 찾아봐야겠어용🙋🏻‍♀️ 너무 재밌는 첼린지네요~~🤣 챌린지 저도 참여해봐야겠어요 즐거운주말되세요🤩 ㅋㅎㅋㅎㅋㅎㅋㅋㅎㅋㅎ"
2020-10-29 00:00:00+00:00, 인물모드 아니고 견모드🤎.#샤오미폰 #mi10lite #카메라굿 이뿜모드😍😍😍 쪼꼬미들♥️ 빛나😍 귀여운 까망콩들❤️ ❤️
2020-10-28 00:00:00+00:00," #광고.서지석 인스타에서 샤오미 미10라이트를 봤는데, 넘 탐나가지고 ㅠㅠ!!.1차 이벤트때 놓쳤지만 2차에는 저도 ""밑엔 가볍게, 미10라이트"" 챌린지 참여해봅니다.어디 나가서 하는게 아닌 집콕 챌린지 후후 재택근무할땐 다들 밑엔 잠옷입구 있자나요~.10월 31일 까지라 얼른 서둘러 응모해봄 ㅎ.ㅎ.경품이 진짜 혜자인게 ㅠㅠ안티코의 uv살균기 넘 받고 싶다구 ㅠㅠㅠ 운좋으면 미10라이트 본품도..?.SKT 매장에서 샤오미 최초로 미10 라이트 판매 중이래요! 공시지원금 적용받으면 공짜고 보조 배터리 등 사은품도 준다니까 폰 바꾸실 분들은 한 번 가보세요!..‘미10라이트’ 검색해서 상품 알아보고, ‘미코리아몰’에서 공모전 참가!..#광고#미10라이트#미텐라이트#샤오미미10라이트#밑엔라이트#밑엔가볍게#나만의실용성#미텐라이트챌린지#이벤트#가성비폰#SKT매장판매#SKT샤오미폰 #SKT샤오미폰 #샤오미폰 #샤오미핸드폰 #이벤트추천 #이벤트참여 #샤오미이벤트 #미코리아몰 #챌린지이벤트 #챌린지참여 #샤오미선풍기 #안티코 #5G폰 뭐얔ㅋㅋㅋ텔미인줄 완전 귀여웡!! 슈퍼맨인가❤️❤️ 넘 귀엽당 요고 머양 ㅋㅋㅋ 긔여워!!! 세상에왜케귀여워여ㅠㅠ♥️♥️♥️♥️ 으앙 사랑스러버! 저도 참여했어여 ㅋㅋㅋ 으잉 넘 기엽자냐여 ❤️❤️❤️ 너무 귀요미시잖아요🤩💕 오 샤오미! 앜ㅋㅋ 귀여워여ㅋㅋㅋ ㅋㅋㅋㅋㅋㅋㅋㅋㅋ재택근무할때 요렇게 많이 입죵ㅋㅋㅋ"
2020-10-28 00:00:00+00:00, 인증됨 미치게땅😆❤️❤️ 사진 잘나왔네여 옆에 저사람좀 치워주세요 소심하게 새끼손가락 하나만...ㅋ 👍👍👍👏👏👏멋져요 그남자에 손은 떠있었다🤣👍 @dong.choon 너닮은사람 ㅋㅋㅋㅋㅋㅋ 저걸 선물로.. ㅋㅋㅋㅋㅋㅋㅋㅋㅋㅋㅋㅋ @20l7lll8 @___yujinl  미키광수 인스타웃긴거개많아ㅋㅋㅋㅋㅋㅋㅋ @hyuk_1992 @u_sungji @jang_dh 아 ㅋㅋㅋ
2020-10-27 00:00:00+00:00," #광고셀럽들도 사용하는 대세폰 미10라이트 ෆ⃛⠀탤런트 서지석 인스타에서 #샤오미미10라이트봤을 때 괜찮아보여서 탐났는데 마침 샤오미에서출시 기념 이벤트로 #밑엔가볍게 #미10라이트 챌린지공모전 진행하길래 저도 참여했어요 ❤️지난 1차 이벤트 반응이 좋아 2차 챌린지 공모전이다시 시작됐다고 해요.⠀집에서 재택근무 할 때 위에는 예쁘게 차려입더라도밑엔 가볍고 편하게 입는게 좋잖아요 ෆ⃛‘밑엔 가볍게’ 컨셉에 맞게 재택근무 할 때 모습 그대로밑엔 가볍게 입고 필수 해시태그 포함해서개인 SNS에 올리고 #미코리아몰 에 인증하면 끝!10월 31일까지 #이벤트 진행한답니다⠀참가만 해도 다양한 경품 증정! 우수작을 선정해 셀럽들도사용하는 대세폰 #미텐라이트 본품도 증정한다니 ෆ⃛또 이벤트 경품 중 #안티코 는 UV자외선 살균기능을활용한 전자제품으로 요즘 꼭 필요한 제품이라경품이 메리트가 있더라고요.⠀미10라이트는 샤오미 최초로 SKT 전국매장에서판매중이고, 여기서도 샤오미 보조배터리 등사은품을 준다고 하니 꼭 참고하세요!⠀언택트 시대, #집콕 하면서 할 수 있는 챌린지고전국민 누구나 참여 가능하니 재미로 가볍게함께 #이벤트참여 해봐요 ෆ⃛⠀⠀#밑엔라이트 #나만의실용성 #샤오미#미텐라이트챌린지 #가성비폰 #SKT매장판매 #SKT샤오미폰 #샤오미폰 #샤오미핸드폰 #이벤트추천#샤오미이벤트 #챌린지이벤트 #챌린지참여 #샤오미선풍기 #5G폰 근데.재택근무 괜탄ㅅ지않아요??? 솔직히 ㅋㄷ 일주에 반은 재택해도갠차는거같아욬ㅋ 꺄아 챌린지 너무 재밌겠다는요 ♥️ 오호 신박한 이벤트 인데요??👍🏻 앗 이런 챌린지도 있군요😆 ㅋㅋㅋ너무 잼나는 이벤트에여 이런건 참여해줘야줘❤️ 어멋 이런이벤은 참여각이쥬 😆 구경떠나봅시당 우앙 울님 아나운서 같아용❤️😍👍 정말너무예쁘시당❤️❤️ 우와 ㅋㅋㅋ 이거 재밌는 이벤트👏 오오 미라이트 넘 궁금해지는데요 ^^ 이런챌린지는 진짜 사랑이라는 😍 공모전에 올라오는 사진들 봐도 넘 재미날 것 같아요 :) 샤오미 미10도 궁금해지네요"
2020-10-27 00:00:00+00:00, 아띠 연예인 농구단'에서 미10라이트 사진을 올려주셨습니다.많은 관심을 주셔서 감사합니다. 미10라이트 많은 사랑 부탁드리겠습니다. 앞으로도 좋은 소식으로 찾아뵙겠습니다.※ 한국테크놀로지 x 연예인 농구단 <아띠>후원샤오미 미10라이트5G 오프라인 매장 출시 기념한국테크놀로지가 연예인농구단 <아띠>를 후원 합니다.#Mi10lite #미10라이트 #미텐라이트 #밑엔라이트 #밑엔가볍게 #샤오미폰
2020-10-27 00:00:00+00:00, 아띠 연예인 농구단'에서 미10라이트 사진을 올려주셨습니다.많은 관심을 주셔서 감사합니다. 미10라이트 많은 사랑 부탁드리겠습니다. 앞으로도 좋은 소식으로 찾아뵙겠습니다.※ 한국테크놀로지 x 연예인 농구단 <아띠>후원샤오미 미10라이트5G 오프라인 매장 출시 기념한국테크놀로지가 연예인농구단 <아띠>를 후원 합니다.#Mi10lite #미10라이트 #미텐라이트 #밑엔라이트 #밑엔가볍게 #샤오미폰
2020-10-26 00:00:00+00:00, 인증됨 센스 쟁이시네 이형~!!^^ㅋㅋ 고마워요 형~!^^ 형님 늘 응원합니다👏👏👏 👏👏💙💜💚🤎🧡 👍👍👍👍👍👍👍 인증됨 오늘따라 턱수염이 귀여워보이시네요 ㅋㅋ😂 기방이형 ㅎㅎ 티셔츠 정보 궁금해요~
2020-10-24 00:00:00+00:00, 인증됨 오호!! 부러워요 ㅋㅋ😍😍 와~좋으시겠다👍 오라버니 좋으시겠어요❤️멋진동생 두셨네요👏👏👏 기발하신 언어유희👍👍👍 👍 👍❤️ 우와 👍👍 폰선물  짱 👏👏👏👍ㅎㅎ 좋은 형이였으니 좋은 동생이 된거죠❤️ ㅎ  두분다 보기좋아요~ 진짜 오빠 짱이시다👏👏👏👍👍
2020-10-23 00:00:00+00:00, 5만원으로 액정 자가 교체 완료!망가졌던 내폰은 지문을 포기하는 대신에 액정을 얻었다. #내폰내수리 #액정교체 #샤오미폰 #잃어버린한시간 #지문포기 #미9selcd액정 #고생한만큼보람도얻음 #저가액정쓸만함
2020-10-19 00:00:00+00:00, ※ 한국테크놀로지 x 연예인 농구단 <아띠>후원샤오미 미10라이트5G 오프라인 매장 출시 기념한국테크놀로지가 연예인농구단 <아띠>를 후원 합니다.#Mi10lite #미10라이트 #미텐라이트 #밑엔라이트 #밑엔가볍게 #샤오미폰
2020-10-19 00:00:00+00:00," 샤오미모델 종환형님이 통크게 아띠 전원 협찬해주신 샤오미 mi10 lite!!감사합니당♡#mi10lite #미10라이트 #미텐라이트 #밑엔라이트 #밑엔가볍게 #샤오미폰 #가성비갑 #아띠 #이종환 👍👍👍 샤오미폰 좋은거같던데~~ 내가 해준건 아니고, 샤오미에서 해준거지~^^;;ㅎ 어머나 사진에 눈이가네요😍"
2020-10-17 00:00:00+00:00, 우리만 있는 공원에서 숨바꼭질🙈.야간에도 잘 찍히는 #샤오미폰 으로 촬영하기🤗알아서 편집까지 해주는 #mi10lite 👍🏻 진짜 밤에도 잘찍히네👍 이렇게 아지트가있단게 부럽습니다ㅜㅜ저희는 사람많은쪽거주라 엘베탈때도 둘 눈치봐요 ㅎㅎ
2020-10-17 00:00:00+00:00, ㅠㅠ사진은 잘나오넿ㅎ #소소한라이프#강아지키우고싶다#샤오미폰#미10라이트#mi10lite#산책길#코로나19물러가라
2020-10-12 00:00:00+00:00, 인기개그맨이라협찬 들어옴 훗핸폰 두개쓰는 남자생각이상으로 좋음#mi10lite #미10라이트 #샤오미폰 #인기개그맨김영 #잘생김영 #선출김영 😮😮😮😮😮😮? 저두요 명차~~~명차 최고요🙌🙌🙌 ❤️ 이욜~  멋지당👍 👏👏👏👏 아니 왜 협찬 안줘요? 형한테 하나 넘겨ㅋ 부럽군 ㅋㅋㅋㅋㅋㅋㅋㅋㅋㅋㅋㅋㅋ 오 축화합니다! 인기개그맨의 삶이란..
2020-10-11 00:00:00+00:00, #미텐라이트 #샤오미폰 #내가샤오미cf찍은모델 #감성 #야경 #with #미10라이트 .....#서울의밤 #갬성 #내친구 #xiaomi #actor #model #선팔 #맞팔 #like #서울 #루프탑 #카페 #커피 #칵테일 #분위기깡패 #모델
2020-10-09 00:00:00+00:00, #앞광고 #내가샤오미cf찍은모델이니까#model #mi10lite #미10라이트 #미텐라이트 #밑엔라이트 #밑엔가볍게 #샤오미폰 오👍👍👍👍 앞광고👍🏻👍🏻 늙질않는구만 축구단은 어찌 됐니😄🤣🤣 한옥 이뻐요 ㅎㅎ 오빠 여기 왜 울동네 카페 같이 생긴거지?
2020-10-07 00:00:00+00:00, 외출 후 돌아오면 너무너무 씬나게 반기니#매일나갔다와야겠군 #마수리🐶🐶♥️ 를 위하여😉..#샤오미폰 기본 카메라로 영상찍어서기본편집으로 효과추가했더니알아서 영상을 만들어줌 #mi10lite #신기방기 🙊 해맑게 반기라와주는 이쁘니들😍 이 핸펀은 뭐냐개 ㅋ 낼도 이렇게 웃어주라개 😁
2020-10-06 00:00:00+00:00," 저렴한 가격으로 성큼 다가온 샤오미 MI 10 Lite 5G 휴대폰, 10시 핫딜 오픈하네요❤️ 제 프로필 들어가셔서 지금할인중(타임할인) 클릭👉🏻👉🏻👉🏻#샤오미 #샤오미mi10lite #샤오미휴대폰 #샤오미폰 #샤오미5g #휴대폰 #휴대폰스타그램 #가성비폰 #일상 #알뜰폰 #요금제 #미라이트 #카메라 #4800만고화소 #헬스타그램"
2020-10-06 00:00:00+00:00, 폰에 #짐벌 이 숨어있는 대륙의 또하나의 실수😅 #mi10lite _유아#농구교실 ⛹🏻‍♂️_#kids #sports #kidsgym #중앙스포츠 #서초점 #키즈 _#미10라이트 #미텐라이트 #밑엔라이트 #밑엔가볍게 #샤오미폰
2020-10-06 00:00:00+00:00, 폰에 #짐벌 이 숨어있는 대륙의 또하나의 실수😅 #mi10lite _유아#농구교실 ⛹🏻‍♂️_#kids #sports #kidsgym #중앙스포츠 #서초점 #키즈 _#미10라이트 #미텐라이트 #밑엔라이트 #밑엔가볍게 #샤오미폰 아 보는것만으로도 빡시다ㅜ
2020-10-04 00:00:00+00:00, #레이저빔 쏘는 아이폰X 반년째🤪딱 필요한 핸드폰을 추석선물로 딱!! #아띠 #땡큐 🙇🏻‍♀️ .마수리 예쁘게 찍어주께📸인물모드 야간모드 다된다리 룰루🤗#가성비갑 #샤오미#mi10lite #미10라이트 #미텐라이트 #밑엔라이트 #밑엔가볍게 #샤오미폰 #무려5g 샤오미폰으로???🤭💕 축하드려용~~앞으로 더 이쁜 마수리 사진 기대할게요~
2020-10-03 00:00:00+00:00, 울농구팀 아띠팀의 종환이가 광고 찍으면서 협찬해주신 샤오미 코리아👍고맙습니다!#mi10lite #미10라이트 #미텐라이트 #밑엔라이트 #밑엔가볍게 #샤오미폰#아띠바스켓#농구스타그램#
2020-10-01 00:00:00+00:00, Hello. Long time no see^^#cf #광고 #샤오미 #미10라이트 #미텐라이트 #mi10lite #밑엔라이트 #밑엔가볍게 #샤오미폰 #advertising #model #smartphone #mi #xiaomi #5g 👏👏👏👏 인증됨 와👏👏👏 아오빶ㅋㅋㅋㅋㅋㅋㅋㅋㅋ👍 오랫만에 웃어따 😂 응?ㅋ 언제 찍었대? 보니깐 좋네^^ 이제 애기얼굴이 없어졌구나ㅋㅋ
2020-10-01 00:00:00+00:00, 어서와 #샤오미핸드폰 은 처음이지기대이상으로 좋구멍🐶🐶❤.....#아띠 #추석선물 #언박싱 #mi10lite #미10라이트 #코스믹그레이 #미텐라이트 #밑엔라이트 #밑엔가볍게 #샤오미폰 #유튜브뮤직 #shwanmendes 뭐여 샤오미폰으로 바꾼겨?😧😧 오??
2020-09-30 00:00:00+00:00, 통큰 ‘아띠바스켓’ 단체 명절선물🤩_#추석선물 #실화임 #중앙스포츠 #학원폰 _#mi10lite #미10라이트 #미텐라이트 #밑엔라이트 #밑엔가볍게 #샤오미폰 우와~~👍👍👍 #나도주세요 😁 와우👍👍 인증됨
2020-09-16 00:00:00+00:00," #광고 언택트 시대에 재택근무 많이들 하잖아설마 아무도 안 보는데 위아래 다 갖춰 입는 사람 없겠지?밑엔 가볍게 ( ૢ⁼̴̤̆ ꇴ ⁼̴̤̆ ૢ)~ෆ오늘의 반전 룩은 샤랄라 블라우스 + 최애 캄보디아 팬츠 !가성비 천재 샤오미에서 미10라이트 출시 기념으로‘밑엔 가볍게, 미텐 라이트’ 이벤트를 진행하는데참가만 해도 선물이 빵빵하니까 참여해보쟈구우 -추첨을 통해 미10라이트도 준대용 !#미10라이트 #미텐라이트 #샤오미미10라이트 #밑엔라이트#밑엔가볍게 #나만의실용성 #샤오미 #미텐라이트챌린지#이벤트 #가성비폰 #샤오미폰 #샤오미핸드폰 🤍 🤍 🤍 ㅋㅋㅋ광고 넘 웃기단 ㅇㅏ진짜편하겟다 앜ㅋㅋㅋㅋㅋㅋ 광고 너무 신박한데용! ㅋㅋㅋㅋㅋㅋ 이게 리얼 정답 홈룩"
2020-09-14 00:00:00+00:00," #광고 언택트 시대, #집콕 하면서 할 수 있는 챌린지!! 미10라이트 출시 기념으로 이벤트 ‘밑엔 가볍게, 미텐 라이트 챌린지가 진행 중입니다!!재택 근무할 때 모습이나 화상 수업 할 때그대로 밑엔 가볍게 입고 찍어서 올리면 끝!!9월 20일 23시까지 개인 SNS에 올리고 미코리아몰에 인증만 하면 다양한 경품 증정, 추첨을 통해 미10라이트 본품도 증정 한다고 하니 다들 참여 해보시길 :)참가방법- ‘밑엔 가볍게’ 컨셉에 맞는 멋진 의상과 포즈의 본인 사진을 개인 SNS에 업로드- #미10라이트 #미텐라이트 #밑엔라이트 #밑엔가볍게 #나만의실용성 해시태그 반드시 포함- 해당 SNS 게시물 링크를 미코리아몰 공모전 게시판에 게재참여하기 링크 : https://bit.ly/3iiELXm- 전 국민 누구나 참여 가능한 이벤트#광고 #미10라이트 #미텐라이트 #샤오미미10라이트 #밑엔라이트 #밑엔가볍게#나만의실용성 #샤오미 #미텐라이트챌린지 #이벤트 #가성비폰 #샤오미폰 #샤오미핸드폰 #이벤트추천 #이벤트참여 #샤오미이벤트 #미코리아몰#챌린지이벤트 #챌린지참여 #샤오미선풍기 #안티코 #5G폰 집콕하면서 할수있는 챌린지라! 짱좋👍 앜ㅋㅋㅋㅋ진짜 상하의 다르죠 재택할 때🙄 집콕쓰 굳굳 여윽시!! 저도 같이 참여합니닷 ㅎㅎ 오호 ~👍 조코만!!!!👍 남자의허벅지! 참여하러 갑니다!!! 재밋는 챌린지네요ㅋㅋㅋ 셔츠핏 👍 오 이런 챌린지가 있군요🤭 나도참여해여징🙌"
2020-09-11 00:00:00+00:00," #광고 밑엔가볍게, 미10라이트 챌린지 공모전 참여해용~✌미10라이트 출시 기념으로 고객 참여형 이벤트 ‘밑엔 가볍게, 미텐 라이트’ 챌린지 진행하는데요 언택트 시대, #집콕 하면서 할 수 있는 챌린지라서 너무 재미있더라구요~🤭재택근무 할 때 모습 그대로 밑엔 가볍게 입고 #미10라이트 #미텐라이트 #밑엔라이트 #밑엔가볍게 #나만의실용성 해시태그와 함께 올리고 미코리아몰 공모전 게시판에 인증주소 올리면 끝!!😁.20일까지 이벤트 진행 중이라니 인친님들도 얼른 참여해보세요~무려 경품이 미10라이트+안티코프로3. 미팬프로선풍기+안티코프로4 .미에어닷S+안티코프로5. 보조베터리 그리고 참여만 해도 편의점 기프트콘이 팡팡~  👍재택근무 스트레스 받고 지루하고 힘든데 재밌는 이벤트 참여하고 선물 받아가자구용~💜.#미10라이트 #미텐라이트 #샤오미미10라이트 #밑엔라이트 #밑엔가볍게 #나만의실용성 #샤오미 #미텐라이트챌린지 #이벤트 #가성비폰 #샤오미폰 #샤오미핸드폰 #이벤트추천 #이벤트참여 #샤오미이벤트 #미코리아몰 #챌린지이벤트 #챌린지참여 #샤오미선풍기 #안티코 #5G폰 #직장인스타그램 #집콕일상 #재택근무 아이❤️ 넘 깜찍하시자나용😍 헐 저도 해봐야겠어요 좋은 정보감사합니다 ! ㅋㅋㅋ이거 넘 재밌는거 아니에요? 이벤트 참여하고 선물까지 고고😊 너무 재밋는걸요 참여해야 겠네요 맞아요 재택근무 다들 저리하시조 ㅋㅋㅋㅋ 우왓 경품🤗 저도 응모해볼래여🤗 이벤트 참여각인걸요ㅎ ㅎㅎ하의는 편하게^^재택근무 기본이죵 잼있다 요건 기발한 챌린지 와우 저도 해보고 싶네요🌿 오오 저도 참여해볼래용 ㅎ"
2020-09-09 00:00:00+00:00," 2번째 샤오미 핸드폰.(포코폰 2)엘지고 삼성이고 다 필요없고 배터리 매일매일 충전하는거 지쳤어 .(애플이랑 소니는 원래싫어.)샤오미도 가격이 많이 올랐네.예전 mi4 때는 23만원에서 57만원까지 상승.사양도 괜찮고, 셀카할때 카메라가 팝업이라 생소.이제 이틀에 한번씩만 충전해야지~~#샤오미폰#샤오미 포코폰2#보라색#돌아이의 색이라며#빙고#이제 이틀에 한번씩 충전한다 카메라 신기하네요 ㅋ 전 갤20울트라로 바꾸고 하루 종일 고속 충전합니다.. ㅡㅡ"
2020-09-04 00:00:00+00:00, My son's third phone is Redmi Note 9s.. #redminote9s #홍미노트9s #홍미노트9s사전예약 #샤오미폰 #자급자제폰 #큰아들의3번째폰
2020-07-28 00:00:00+00:00," 나에겐 (리얼 중국놀이를 위해) 작년 8월8일 #중국 에서 구입한 #화웨이폰 이 하나 있다. 사실 그때 #샤오미폰 을 사고 싶었으나, #나에겐선택의자유가없었다 😅 1년이 지나, 요즘 뉴스에서 미국이 왜 화웨이를 금지하나? 그 속내가 궁금했는데, #중국플랫폼의행동방식 책의 후반부를 읽으면 #흥미진진 그 이유를 재미나게 알 수 있음. 미국과 중국의 플랫폼 경쟁을 이해하기에 정말 좋은 책 👍🏻 #어나더언니 #어나더컬러 (#플랫폼 은 프레드페리 티셔츠 팔던 편집숍으로 알던 내가 참 많이 발전했음 #공부의효과 😊) 저도 읽어보겠습니다🙋🏻‍♀️ 👍🏻👍🏻👍🏻 정현이 중국공부가 나중에 어떤 식으로 발현될 지 무척 기대됨!!🤔"
2020-07-26 00:00:00+00:00, #바니쉬건조중 핸드폰에 기본 편집 기능이 좋다.. #샤오미폰
2020-07-26 00:00:00+00:00, 물론 카메라가 좋은것도 맞지만오랜만에 날씨가 좋네요:) #그로우커넥트 #주말아침 #맑은하늘 #푸른하늘 #주말일상 #주말 #선팔하면맞팔 #선팔맞팔 와~ 구름사이로 내리는 빛하며! 너무 청량하네요!! 날씨가 진짜 해외에 온것마냥 너무 이뻐요 ㅎㅎㅎ 우와 하늘!! 날씨는 덥지만 역시 사진은 햇빛이 쨍해야 잘나오나봐요 캬 뷰가👍👍👍 벽돌담사이에 청량한하늘이 보이니까 하늘이 더 돋보이네요 날씨 진짜 좋네요👍 하늘is뭔들💙💙💙 우왕 어디로 가셨길래... 저랑은 정반대 ㅋ🐻👍 빛이 아쥬그냥 ~ 색감이 아쥬~ 청량함 그대로 느껴지네요 💜😍😍😍 정말 요즘 하늘 넘 예뿌죵?!👍👍😍 오늘진짜 간만에 날씨 좋았죠? 👏👏👏 카메라로 찍은거에요?? 하늘 너무이뻐요🤗
2020-07-19 00:00:00+00:00, 성냥으로 on.#shotbypocophonef1#포코폰#포코폰f1#포코폰카메라#샤오미#샤오미폰#캔들#성냥불#감성적인#xiaomi#poco#pocophone#byxiaomi#일요일밤
2020-06-27 00:00:00+00:00, 더운날씨에는 시원한 카페에서+.+카페 앞에 꾸며진게 예뻐서 찍어봤어요~ #그로우커넥트 #첨단서플라이 #여름싫다그램 #샤오미폰 진짜 벗꽃나무 같아여~ 오잉 가짜 나무인데 넘 진짜같은...!! 사계절 내내 봄 분위기 느끼기 좋은 공간이네요~ 우와 ㅋㅋㅋㅋ 진짜 신기하고 예쁜 카페에엥!! 저희 동네인데!ㅎㅎ 반갑습니다 옹 꽃길 넘나 이뿌네영😍 꽃길만 걸읍시다~~🤣 여긴어디에용?..
2020-06-26 00:00:00+00:00, #경주 #안압지 #야경 #샤오미폰 이욜~멋지다 한번 가보고 싶었는데
2020-06-25 00:00:00+00:00," 다시봐도 크고, 아름답고, 선명한 것.이런 디자인 또 없을 것 같다.#xiaomi#xiaomimimix1#mimix#miui#miui10#verycooldesign#샤오미폰#샤오미#미믹스#지금도#선명한컬러#아름다움 오우 잘살아있군 이녀석"
2020-06-22 00:00:00+00:00, 날씨가 너무 덥네요~봄이 그리워서 찍었던 사진 올려봅니다^^ #그로우커넥트 #봄꽃 #샤오미 #샤오미폰 #여름싫다 #여름싫다그램 봄이 너무 순삭되어버려서 그리워질때가 있지용.ㅠㅠ
2020-06-18 00:00:00+00:00, 비오는 퇴근길이지만맑은 하늘이 보고싶어필터로 살짝^^ #퇴근길 #샤오미폰 느낌좋네용😍 샤오미폰도 예쁘게 잘 찍히네요💗 비오는 날의 갬성👍
2020-04-30 00:00:00+00:00," #샤오미노트10lite #레드미노트9 #레드미노트9pro 가 출시 됐습니다. 출시 발표 내용과 가격을 보곤, 정말 저렴하다고 생각했어요. 이제 더이상 비싼 스마트폰을 살 이유가 있을까? 생각이 듭니다. #샤오미 #샤오미스마트폰 #스마트폰 #샤오미폰 #홍미폰 #레드미노트9 #노트9 #노트9pro #노트10lite #노트10 #노트10라이트"
2020-03-29 00:00:00+00:00, #말필없#벚꽃 .#나름화질좋아#샤오미폰
2020-03-28 00:00:00+00:00, 🌸🌸..룸매랑 회사직원이랑 공원갔다옴날씨가 너무좋다빨리 코로나 없어지고 편하게 다니고싶다....#꽃 #활짝 #🌸 #날씨 #좋음 #파란하늘 #하늘 #벗꽃#폰카 #무보정 #원본 #샤오미폰
2020-03-12 00:00:00+00:00, #미아사거리역KT기기값 없이 2년 약정으로 기본요금만 내고 사용 가능한 포코폰!!!!기기값 0원!!!!!!6GB RAM + 64GB ROMAI 듀얼카메라가 탑재 된 가성비 갑 포코폰 :-) 재고소진 시까지만 기기값 0원 진행 합니다!!..#강북구KT #미아사거리역3번출구 #미아사거리역4번출구 #업무폰 #세컨폰 #샤오미 #샤오미폰 #대륙의실수 #샤오미포코폰 #포코폰 #기기값0원 #0원 #무료폰 #공짜폰 #어르신폰 #키즈폰 #KT대리점 #공짜폰추천 #무료폰추천 #정직상담 #문의환영
2020-03-08 00:00:00+00:00, #충주 #계명산자연휴양림 #계명산 #충주시시설관리공단 #벤치 #포토존 #설대리 #모델 #돼지바 #샤오미폰 #화질극혐 모델이 누구여.재성이 아닌가? 요즘 코로나로 손님 못받겠네
2020-03-01 00:00:00+00:00, 회사에서 쓰는 업무폰usim은 알뜰폰으로단말기는 직구로 11만원에 구입한샤오미 홍미 8A가격대비 성능이 괜찮다게임 돌린다고 가지고 다녀서 업무폰의의미가 무색하지만🙊.#샤오미폰 #홍미 #8A #업무폰 #secondphone #일상 #데일리 #daily
2020-01-23 00:00:00+00:00, 샤오미 노트 10 프로 개봉기. 아이폰 5개정도 썼는데  첨으로 렌즈에 먼지가 들어가 검은 점이 찍힘. 카메라 많이 쓰는편이라 사업자용으로 구매. 장점은 가.성.비. 라이카류의 화웨이도 있으나 삼성이 공급하는 렌즈로 1억 화소 자랑.  카메라순위에서 바로 2위. 대용량의 5260mAh 배터리에 커브드디스플레이. 직구라 걱정되긴하지만 선택권 없음.  #샤오미노트#샤오미노트10프로#1억화소#직구폰#홍콩폰#삼성렌즈#샤오미폰#가성비스마트폰#듀얼유심#삼성1억화소
2020-01-06 00:00:00+00:00, 폰도 잃어버리고 다사다난했던 파리 그래도 또 올것같다.....#파리 #센강 #프랑스 #소매치기 #맴찢 #내폰내놔 #샤오미폰 #paris #redmi8 ㅜㅜ 동남딱이구만 수영이
2020-01-02 00:00:00+00:00, 올 내폰에만 있눈고 아니졍?!ㅋㅋㅋ#샤오미폰#화면녹화기 요기능 넘나 신기방기쓰 😭💀#기계치#자주애용각#사랑해요신화 ❤ 샤오미에만 있나?ㅋ 어플 다운 될걸요!
2019-12-16 00:00:00+00:00," 사전예약한 샤오미 노트8t가 왔어요!!가성비 갑이라는데 어떨지 모르겠네요일단 심플한구성에 한글설명서가 반갑고카툭튀가 무엇인지 제대로보여주는 카메라가 걱정스럽네요 ㅎㅎ.#샤오미 #노트8t #note8t #스마트폰 #샤오미폰 #갓성비 #가성비폰 #자급제폰 #카툭튀 #보급형스마트폰 #redminote8t #카메라4개 #홍미노트 저는 이번에 상해에 있는 샤오미 매장 다녀왔는데 진짜 안파는게 없더라구요! IT제품만 파는게 아니라 수건, 안경같은 생활잡화같은것도 엄청 많이 팔더라구요.다른분들이랑 공유할려고 영상까지 찍어서 유튜브에 올렸어요"
2019-12-02 00:00:00+00:00," -[샤오미 미노트10]..#스마트폰 카메라가 #1억 화소? 😱50배 줌?? #후면카메라 5개, #DSLR 을 뛰어넘는 화질!!신상 #샤오미폰 #미노트10 을 소개합니다.☺️미노트10이 탑재한 1억 8백만 이미지센서는 #삼성 이 #갤럭시S11 의 이미지 센서로 고려하고 있다고 알려져 더 화제가 되었어요~😃#카메라 뿐만 아니라 ap칩셋으로 #스냅드래곤 730G, 물방울 노치로 화면비를 최대로 구현하였으며 6기가 램에 128기가의 저장공간을 갖췄고 #배터리 용량은 5260mAh, 6.47인치의 2310x1080 해상도를 자랑합니다.모든면에서 뛰어납니다!!👍🏻제품이 가진 놀라운 사양에 비하면 이야말로 진정한 #가성비 폰미노트10을 체리폰에서 먼저 만나보세요😃..✅색상블랙/화이트/그린..✅상품문의체리폰 스마트스토어 톡톡문의 또는 인스타그램 DM,댓글..✅케이스 단독주문시 당일배송!스토어찜/소식받기로 중복할인쿠폰까지 챙기세요🥰..✅구매는 프로필 링크 클릭!https://smartstore.naver.com/blackberry..체리폰에서 [미 노트10]을 검색해보세요🔎⠀#샤오미 #미노트10 #샤오미폰 #가성비폰 #미cc9프로 #체리폰"
2019-11-27 00:00:00+00:00, 샤오미 CC9 Pro 1억화소#cc9pro #샤오미cc9pro #1억화소 #샤오미폰 #
2019-11-10 00:00:00+00:00, 샤오미폰 - 새로 나올 모델인 듯.#샤오미 #샤오미폰 #심천 #xiaomi #mimixalpha
2019-10-11 00:00:00+00:00, K20pro 12g+512gb 현존 최고스펙 스마트폰 가성비갑글로벌롬 설치만하면 최고일듯 ㅎㅎ홍미에어닷 이어폰까지 세트 깔마춤...#k20pro #redmik20pro #xiaomi #샤오미 #샤오미폰 #가성비갑 #스마트폰 #스마트폰추천 #얼리어답터 #홍미에어닷 #에어닷 #redmiairdots #redmi #airdots #일상 #소통 쭝국가더니 죄다 이상한것만 주워다쓰네.....
2019-09-15 00:00:00+00:00," _오랜만에 쌀국수!! 넘나 맛있어👍_샤오미, 전면에 카메라가 없어서뭥미? 했는데요렇게 뿅 나타날 줄이야!!!!상상도 못해서 혼자 빵 터짐 😆_와인 한병 가격으로 작은 병 여러 개를 사봤다~혼자서 한두잔만 마시면 되는데한병 여는건 좀 아까우니까~요거 참!!!!! 적절한데😎👍_#중국#wuxulife#헌렁광장#하노이#쌀국수#베트남커피#샤오미폰#깔깔깔#잇츠와인타임#아보카도재탕중#나혼자산다#혼라이프#연휴끝#슬프다#daily#일상스타그램 나도 같이 마시고싶다.. featuring local time 7:21am ㅋㅋ 아침부터 땡김 역쉬 술로 마무리되는 술스타.. 알콜스타.."
2019-09-12 00:00:00+00:00, .#명절#추석연휴#정관아이서비스는 영업중📱 #open#문의전화☎️ #환영해요051-727-5859 / 010-5170-5343#휴대폰수리는 #아이서비스에서#정관아이폰수리#기장아이폰수리 #삼성폰 #엘지폰 #아이폰 #애플워치 #화웨이폰 #아이패드#샤오미폰 등등.... #각종스마트기기수리전문
2019-09-09 00:00:00+00:00, 3주 개봉기그냥 다를게 없다. 남자란 기계욕심 ...내가 기능을 못 써먹는건지 유튜브 볼때만 좋음... #갤럭시노트10플러스 #그냥그럼 #핸드폰 4개 사용하는거 실화? 다 처분해야지...#아이폰 #갤럭시s9플러스 #샤오미폰 #노트10플러스블루 갤럭시 폴드도 사시겠다 ㅋㅋ 오오 이거 어때요? 궁금했는데!!!
2019-09-08 00:00:00+00:00, 우린 밤마실(산책)가서 쇠주도 한자니하는 그런 사이♡#지난주 #샤오미폰 #산책냥 #산책냥보니 #보니 #뽀니 #bonnie #랙돌보니 #랙돌 #랙독 #고양이 #고먐미😸 #농약이네보니 #농약이네뽀니 #수염미녀 #마빡미녀 #꽃미묘💕 #내사랑 #cat #ragdollcats #ragdoll #ragdog #fluffy #fluffycat #mybaby #mycat 뽀니야 그집 백합누룽지가 기가막히다🤩🤩🤩🤩🤩🤩🤩 산책가서 쇠주라니 뽀니 스웩 장난 아니네요ㅋㅋㅋㅋㅋㅋ👍🏻 보니도 츄르 한잔😻😻😻 아... 합석하고 싶다 🤦‍♀️🤦‍♀️🤦‍♀️ 와.... 진짜 부럽다.... 저도 합석신청합니다😭 진짜 너무 부러워요😍😍 보니 성격 너무 좋네요😍 보니 주문:여기 츄르 한접시 주세요🤣 혼술 위드 보니??
2019-08-26 00:00:00+00:00, .#일광해수욕장⛱ #바다가 좋다#바다스타그램⛵️#힐링 #👋🏻 ...#아이서비스 #정관점 #스마트폰수리 #휴대폰수리전문점 #엘지폰 #삼성폰 #아이폰 #샤오미폰 #화웨이폰 #아이패드 #애플워치 #전화문의환영010-5170-5343 #정관아이서비스 #정관휴대폰수리 일광자주가네ㅋ
2019-08-26 00:00:00+00:00, #👋🏻#수학 좋아하는 6세#일상...#아이서비스 #정관점 #스마트폰수리 #휴대폰수리전문점 #엘지폰 #삼성폰 #아이폰 #샤오미폰 #화웨이폰 #아이패드 #애플워치 #전화문의환영010-5170-5343 #정관아이서비스 #정관휴대폰수리 대박 ! 은이 잘한다잉👍 가르쳤나~? 소은이대박!!!👏👏👏 오~언니 ~ 소은이 대박이요 채은언니보다 낫네 흑흑😭 ㅋㅋㅋㅋ
2019-08-04 00:00:00+00:00, 가스레인지가 있던 바깥부엌은 약을 뿌려놔서 쓸수 없기에남편이 샤오미매장 오픈시간에맞춰 시대광장에 다녀왔다1구짜리 전기인덕션 와 진짜 빨리 끓는다 디자인도 만족한국가서도 식탁에 올려놓고전골요리 먹을 때 유용할 것 같다집주인이 새로 설치해준샤오미 티비는화질이 음 .... 아주 별로인데가성비가 좋은 거겠지?집주인이 설치해준 물품 두번째는제습기인데처음 들어본 브랜드이나가동시킨 뒤 물이 가득차는게확인이 됐다한국가서도 제습기 살까? 라는생각이 들었다집주인이 설치해준 정수기 .연수기는우리나라 웅진 제품이였다한국어로 상담이 된다하니 우선 만족오늘은 중국생활하시는 분들 후기보고미리 구매해 온 퓨어썸바디럽으로 샤워기 세면대. 주방수전까지 모두 갈았다오늘 이래저래 남편이 맥가이버 같은 느낌ㅎㅎㅎ고마워-!!오늘 주방. 화장실 추가청소 마치면큰 마트 가는 일만 마치면어제보다 오늘 더 살만해 질꺼야샤오미 전기밥솥도 살까??우리 밥솥 오려면 한달 남았어 ㅎㅎㅎ#엘리의중국이야기#샤오미#샤오미인덕션#소주아파트생활2일차#수전교체#바디럽퓨어썸#제습기사용기#샤오미티비#샤오미폰#점점늘어나는샤오미제품#쑤저우라이프#suzhoulife 오~ 좋다~ 나 겨울에 놀러가믄 샤오미 쇼핑 좀 해야겠다~
2019-07-29 00:00:00+00:00," #촬영후#엄마표사진#핸드폰사진#샤오미폰#느낌있게#분위기있게#가을느낌물씬#쿠키하우스원피스#키즈화보 #키즈모델 #키즈스냅 #kidsmodel #주니어모델 #어린이모델 #초딩모델 #jouniormodel #세젤예 #비율깡패 #분위기깡패 예슬이 진짜 넘 예쁘넹ᆢㄷ💕 오 👍🏻👍🏻 대박 👍🏻👍🏻 넘넘넘 멋져용 👍🏻👍🏻 예슬이도 넘 멋진데,, 사진 진짜 멋지게 잘 찍으셔용 😍😍 똥손 절대 아닙니다😍😍 와~~~~~~~~진짜 예슬인 20대때 예슬이가 기대가되용ㅎㅎ 넘 예뽀용^^ 이야~👍👍 느낌있어유~~👍모델포스나요~~~부럽부럽^^ 엄마표사진두 이렇게 분위기있고 너무 이뻐요👍 대봑 ㄱㄱㅋㄲㅋ이것도 너무 예쁘고 모델 분위기 최고😍 와우😍😍역시👍👍넘 분위기있네용 언니 사진 잘찍었네요??ㅎㅎ"
2019-07-16 00:00:00+00:00, 드디어 올 것이 온 것인가... 내일 배보다 배꼽인 수리예약 해놓음;;;;;#샤오미무한리커버리 #샤오미무한루프 #샤오미폰고장 #그냥쓰지말자 #암걸릴라 #샤오미폰 #한계다 #버튼불량 #샤오미폰 #총체적난국 이런...
2019-06-18 00:00:00+00:00, 당신과 함께 이 순간만은 천천히🐢매일 바쁘게 정신없이 하루를 보내며 지나가는 시간들잡지 못해 아쉽지만 사진으로나마 그 시간을 잡아본다이렇게 예쁜 #스폿 에서 #노을 과 함께 📸#시간아_가지마#아무도_가지마💦예쁜사진 찍어준 #작가님도 최고지만 #샤오미폰 대박👍#한강처음가봤어요 #행복했어요 #한강또갈래요#한강이좋은건지 #함께해서좋은건지#힘들땐내게기대오 #그크신머리누가 데려갈진 모르겠지만 담엔 #자전거도전🚲 사진 너무 예뻐요 언니~~잘지내시죠 한강데이트온거야?? 너무이쁘다😍오랜만에 자유만끽햇겟네ㅎㅎ 좋은 글과 사진들이 참 많네요. 소통하고 싶어요!
2019-06-15 00:00:00+00:00," #엄마표 #스냅화보#동네산책중#사진배우고싶다.사진기술은 1도모르지만널 예쁘게담고싶은 마음은 세계1등인 엄마^^...#충북음성 #황금빛보리밭 #해질녘 #요건핸펀사진 #샤오미폰#키즈모델 #키즈화보 #키즈스냅 #kidsmodel #초딩모델 #주니어모델 우와~~넘 잘찍었는데요 멋쪄요❤️😘👍💕 와~ 황금빛 해질녘 넘 이뻐요!! 멘트 대공감입니다. 사진기술이 없어서 슬프지만, 맨날 찍어대는😂😂😂 너무 예쁘게 잘 찍으셨는걸요~~ 우와 뒷배경이..그림같아요. 모델도 최고구요👍👍 우왕~ 동네가 산책이 이리 멋있어도 되나요~ 모델,배경 모두 화보네요^^ 안배우셔도되는거아닐까요ㅋㅋㅋ진짜 멋있는데요~~??? 하늘색과 보리밭 색감,해바라기 포인트에 예쁜모델까지😀 이미 작가님이시넹ᆢ👍🤗😘아름다운 사진이에요😍 잘 찍으시는데요👍 와~👍👍너무 예뻐용💕진짜 어쩜 저리 모델도 배경도 이쁠까용ㅎ최고셔요~ 어머😍😍 사진 넘 이뻐요👍 ❤️😍😍 와~~ 그림 같아요 💗💗💗"
2019-06-04 00:00:00+00:00, Testing my new phone #XiaoMi9 #DreamBlue #TemporaryPhone #FirstTimeAndroidUser #WirelessCharging NotBad #LearnedManyChineseInternetWords #小米9 #新手机 #幻彩蓝 아이폰이 수리가 불가능할 정도로 박살나서 수리 문의했더니 교체를 권함. 이미 여러번 수리를 해 본 결과 추가 고장남 더 생겨서 기기교환을 하기로 하고 기다리는 중. 이 기회에 슬쩍 대륙의 실수 샤오미폰으로 갈아타봄. 과연 예쁘고 쓸만하군 게다가 최신형인데 가격은 신형 아이폰의 절반. 가성비갑! 안드로이드 환경은 처음이라 이것저것 배울게 많아 시간이 오래 걸리지만 재미있는 경험중. #샤오미폰 #샤오미9 #드림블루 #파란색핸드폰넘나좋음 #무선충전 #총각이똘똘해서도움많이받음 #총각이름이장국방 #안경쓴장국영동생인줄 #중국사니까이런경험도해봐야지 #중국어핸펀용어엄청많이배움 #기기변경신청안했으면이걸로계속써도붗만없을듯 지금 한창 미국이랑 무역전쟁중이라 구글스토어 내려받는데 애먹었으나 신문에 나오는 내용이 전부가 아님을 또 깨달음. Ipho. Family  탈퇴??? 그러게요 저도 이제품 궁금했는데 가끔 사용후기 올려주시와요😄 언니의 무음카메라가....😭😭😭😭😭😭😭
2019-05-18 00:00:00+00:00, 얼마 전에 산 홍미놋 케이스. 겜보이 프린팅인데 실제 후면에 게임이 되는 겜기 겸용 케이스도 있더라. #취미 #수집 #키덜트 #어른이 #콜렉터 #폰케이스 #홍미노트4x #미니겜보이 #악세사리 #핸드폰 #샤오미폰 #유심없이 #안드로이드 #게임기
2019-05-01 00:00:00+00:00, 농구이후 ㅋㅋㅋ노숙자 스타일 ㅋㅋㅋ동생이 새로산폰으로 노숙자 모델놀이찌중국폰 화질짱인듯...---#수원 #ootd #follow4follow #instagram #추억팔이 #농구 #맞팔 #맞팔해요 #선팔하면맞팔 #선팔맞팔 #선팔 #basketball #아이폰 #f4f #suwon #communication #소통해요 #소통🙋 #서이추 #셀스타그램 #서울 #인계동 #영통 #병점 #오산 #수지 #농구회원모집 #노숙자 #샤오미폰 🙄 표정연기달인ㅎㅎ👍👍 오 표정 너무 멋지신데용😆 스타일 ㅋㅋㅋ👍🏻👍🏻👍🏻👍🏻 노숙자!!!🤣🤣🤣🤣넘웃겨요👍오늘도 즐건하루되세요🤗 농구하고 나면 다 이렇죠 ㅋ 노숙자 스타일 ㅋ 열운하셔서 두분다 땀이 송글송글하네료 ㅠㅠ🙌 멋져요!! 프사랑 같은표정 같은 손포즈💃 화질좋은데용?👍👍👍👍👍 카메라 화질👍🏻 ㅋㅋㅋㅋㅋㅋㅋ 노숙자스타일이래 ㅋㅋㅋㅋ Very nice 💯
2019-04-28 00:00:00+00:00, 무제.#퇴근길에 #샤오미폰 #흑백사진
2019-04-28 00:00:00+00:00, 149크루 소장품다나언니 화력 최고입니다🐻세상영롱쓰..#브라운 #샤오미폰#한정판 #휴대폰#날렵 #깜찍 #귀염뽀짝#세상 #귀엽다#linefriends #xiaomi #cellphone 우리 모두의 것ㅋㅋㅋㅋㅋㅋㅋㅋㅋㅋㅋㅋㅋ
2019-04-27 00:00:00+00:00, 니카과라 첫번째 도시 산후안 델 수르서핑의 마을이지만난 단지 쉬러 온 목적이라실컷자고 실컷먹고 낚시도 하고잡은고기로 회도 먹고 찜도 해먹고 튀겨먹고꼴뚜기 사서 볶아 먹고 참치사서 구워 먹고삼겹살먹고맥주 잔득 마시고.또다시 바다 오기전까지 해산물 잔뜩.여행중 요런 체력충전이 필요합니다!#wonmin #travelling #centralamerica #nicaragua #sanjuandelsur #seafood #everyday #카메라 #귀찮아 #전부 #샤오미폰 #내일부터 #다시달리자 오빠 진짜 잘챙겨드시네요 이와중에 위스키라니😍 간지 !!🔥🔥 Kimchi?! 친하게지내요
2019-04-23 00:00:00+00:00, 아침에 서서내려오는 사람때문에 스트레스받는 그곳..한줄짜리는 왜 만드는거야..........#샤오미#홍미노트7 #지하철역#에스컬레이터 #폰카 #샤오미폰#아직공부중#사진은즐거워#snap#photography #seoul
2019-04-18 00:00:00+00:00, 간만에 새로 장만한 폰요즘 가성비 짱이라는 샤오미 홍미노트7(Redmi Note 7) 나름 괜찮네요~~~😁#샤오미폰 #홍미노트7 #redminote7 #스마트폰 #새로산폰 출장 잘다녀와~ 나도 폰 바꿔야되는디 홍미노트 좋습니까🙄 저도 이번에 샀는데 디자인이랑 컬러를 진짜 잘 뽑은 것 같아요! 얼굴인식 속도 보고 깜놀🤩
2019-04-03 00:00:00+00:00, 요즘내취미 #오빠도시락#남편도시락#아침도시락#짭짤이토마토#마시써#취미생활#샤오미야제발음식사진보정좀하지마#샤오미폰#답도없음 달달하다 아주 그냥 짭짜리토마토 나도 머거야겟당당 🍅 사진잘보구가요~😺
2019-03-29 00:00:00+00:00," 쭝국에서 폰잃어버리고 좁쌀씨(=#샤오미폰)로 찍은 #셀카 들,,, #화질구지 벌써 한국온지 세달도 넘었다니 ㅠㅠ 그립다 #selfie #selstagram 최고로기엽 ❣️❣️❣️ 썰아 온제만나아....😢 설..아 아직 즁국 ㅋㅋㅋㅋㅋㅋㅋㅋ👍🏻"
2019-03-24 00:00:00+00:00, ..#성수연방 🌿#천상가옥#天上家屋#예쁜카페#샤오미폰 카페투어?ㅋㅋㅋㅋ👍
2019-03-11 00:00:00+00:00, #속초선불폰 #샤오미폰 #속초앤텔레콤 #속초선불유심샤오미폰뿐만 아니라모든 기종 선불폰개통되요제이블리선불폰 당일사용본인인증됩니다 ^^/ #속초중고폰개통 #속초핸드폰매장 #속초선불폰대리점#속초외국인선불유심
2019-02-25 00:00:00+00:00, #홍미노트7케이스 #홍미노트6케이스 #홍미노트케이스 #샤오미폰케이스 #샤오미홍미노트 #홍미노트6 #홍미노트7 #샤오미폰 #러기드쉴드
2019-02-16 00:00:00+00:00, #천진천진난만 천진 나들이주말 짬나서 요앞에 나갔다가 추워서 얼굴 마비될뻔#중국출장 #집에가고싶어요 😞 #집이최고임 #출장용 #샤오미폰 #지름 와 출장지 근처가 이렇게 번화가라니 좋다 @kwon_wook_choi 호텔앞은 이런데 ㅎㅎㅎ 호텔에서 회사까진 차로 30분이여 🤭 샤오미폰 한글 지원됨??
2019-02-15 00:00:00+00:00, 린이의 간절한 휴지통애착으로 샤오미를 갔으나 없었다. 스마트센서 휴지통은 중국에서만 판단다. 샤오미휴대폰 지금 세일해서 한국돈 21만원 정도.. ㅋ 뒷판이 아이폰같아서 신기해서 찍음 두폰쓰는사람 막쓰기 괜찮을듯.. #홍콩샤오미#샤오미#샤오미폰#홍콩구매대행 홍콩 블로그냐 아! 중국이나 홍콩이나!! 아!!!!!!! 사고싶어!!! 쓰레기통!!!!!!!! 으아!!!!!!!!!!!!!!!!!!
2019-02-13 00:00:00+00:00, #吃到飽 마니 묵었으니#ubike #유바이크셀카플래쉬가 나오네 내폰에이런기능이ㅎㅎ#샤오미폰#小米手機#셀카플래쉬 #머리싹둑 #대만스타일#너무짧아요#한강이생각나는밤#외노자그램#단수이강#淡水河#1번부터6번까지#힐링여행#여행이필요할때#일상이여행#여행에미치다#대만여행#타이페이#taipei#台北#자전거여행 ㅋㅋ안그래도 머리 대만느낌 물씬난다고 말하려했는디ㅋㅋㅋ#대만머리스타일 일상소통해요^^ 자전거 탄 알리타? KHJ大推👍👍
2019-02-11 00:00:00+00:00, #보라카이해변 #샤오미폰 #구글편집의힘 #멋진사진들 포토그래퍼얌?👏
2019-02-09 00:00:00+00:00, 서율이 폰개통!문자주고받기 넘 웃기당ㅋㅋ#샤오미폰 #첫핸드폰 #잃어버리지마#귀요미 #딸랑구 #8살 #예비초등#청소년안심팩 어플로 너를 지켜보고있다ㅋㅋㅋ
2019-01-29 00:00:00+00:00," 사랑하는 멍멍찡과 데이트 😃🐶엄마 집에 가고싶은데 남의 집 계단에 앉아서 갈 생각이 없으심.#샤오미폰 #mi8se #좋아요 아구 이뽀라👍혜진이 기술 늘었는데ㅎㅎ🤩 모델이 근사해서 막찍어도 작품👍 아우 이뻐라 😍 엉아느낌 나네요♥️ 너무 귀여워요^^😊 ❤️❤️가기싫어서 잘보이려고 어색미소보내는 미남 ㅋㅋㅋ Hi Max!! Hi, my love Henry!"
2019-01-26 00:00:00+00:00, 프로필상단에 cbmpress.com 링크를 클릭하셔서 자세한 내용을 확인하세요. ⠀⠀#샤오미 #xiaomi #샤오미폴딩폰 #foldingphone #샤오미폰 #xiaomiphone #토론토축제 #토론토라이프 #토론토일상 #토론토여행 #토론토정보 #온타리오 #캐나다 #Toronto #TorontoLife #크븜 💰
2019-01-19 00:00:00+00:00, #shotbymi @xiaomi_korea #redminote5 #홍미노트5 #강남 #스타필드 #별마당 #별마당도서관 #샤오미 #삼성스타필드 #코엑스 #삼성역 #봉은사역 #봄 #작년 #추억 #도서관 #책 #맑음 #빛 #사람들 #에스컬레이터 #도서 #독서 #사진 #폰카 #샤오미폰
2019-01-19 00:00:00+00:00, 홍콩에서 폰구매 !!! 마지막 사진은 왼쪽이내가쓰는 폰이엇..는데.. 압도적인 크기... #미맥스3 #홍콩폰 #샤오미 #샤오미폰 #가성비값 내껀??? 폰크기ㄷㄷ
2019-01-18 00:00:00+00:00," 오빠폰에 잠자고 있던 미공개수인이들,#샤오미폰 엄청나네#주말이다닷 #육아해방 을 꿈꿔봅니다?!#엄마와딸 #딸맘 #메리봉봉 표정연기보소..황언니가 저 안에 있다 아이뻐😍"
2018-12-26 00:00:00+00:00, #크리스마스선물 #샤오미폰 #이름모를향수 Estos son mis regalos de navidad. Gracias a Ander!! #xiaomi #redminote6pro #perfumedenoseque jeje ha sido #olentzero !! 샤오미폰으로 바꾼거야? ㅎ
2018-12-22 00:00:00+00:00, 잘가라 LG.. 반갑다 샤오미.#샤오미포코폰 #포코폰 #포코폰f1 #샤오미 #샤오미폰 😀😀 아우 생일이었는데 후딱 지나가버려서 말도 못했어요 ㅠㅠ 늦었지만 축하해요 😊
2018-12-10 00:00:00+00:00, 구입한지 한달된 #노트9 가 불량이었다니😥😥바로 새제품으로 교체통화할일이 없어 불량인지도 몰랐다는ㅋㅋㅋ#샤오미폰 으로 #셀카 사기침#삼성서비스센터#친절교체#39세 신체불량은 어디서 교체를🤣🤣🤣🤣 29살아니신가요~~~ 귀욤귀욤하십니다 진짜사기! ㅋ 귀염귀염  이시네요 ㅎ🎉 😍😀👍❤️이뽀 헉 새폰인데 불량이라니....그래도 바로 교체해줘서 다행이야. 나도 불량한 몸인데 어디서 교체좀 했음 좋겠당.ㅋㅋㅋㅋㅋㅋㅋ😘👍 갈수록 회춘하시는 🌿
2018-11-30 00:00:00+00:00, 고마운 #샤오미홍미노트5#홍미노트5 인물사진 쩌러ㅋㅋㅋㅋㅋㅋㅋㅋ ㄱ..고마워.. 이 사진이랑 거울만 봐도 사람이 다르다 야#샤오미핸드폰 #샤오미폰 깜짝이야 뿌염할시기입니당 ㅋㅋㅋㅋㄱㅋㅋㅋ볼때마다 사진효과에 놀란다며
2018-11-23 00:00:00+00:00, 👀가나 쪼꼬렛 바바리오빠 어딨지#인물모드 #샤오미폰#대륙의힘 누구? 입은옷이 엄청 따수워보엿 코먹는거ㅜ아니규? 얼굴까먹겟소 오아 이샷 넘좋군유❤️ 놀러오삼!!!♥️ 언니 이사진 너무 좋아요😍 인증됨 이쁘다 👏🏻#갬성폭팔주의
2018-11-23 00:00:00+00:00, #Xiaomiㅡㅡ#📱#남편님 이#호기심 에 사봤다는#샤오미 #포코폰f1 #카메라 #화질 이 #대박 #👍🏻#딸램이 좋겠네 #일년만 에 #또 #새폰 으로 바꾸공 #일본 가서 #샤오미폰 좀 #빌려줘 🤗#빨래 돌리다 말고 #인물사진 #셀카 #리얼함 에 반한 #포코폰 #가성비 #짱 #휴대폰 각종 바닥재마루 전문 시공업체입니다.^^ 가정집들도 시공하니 언제든지 문의주세요!!👍 청순&섹시 데일리룩 여성의류전문 멜리아드. 신상품 계속 올라오고있으니 구경하고가시고 소통하고지내요^^🎉 자주 방문하러 오겠습니다!😺 우리쌀로 만드는 쌀베이킹. 전통떡부터 퓨전떡까지! 언제든지 문의주세요^^🌟 여성 각종 신발&의류&가방 이쁜제품 고퀄리티상품들 많이 업뎃중이니 구경하고가세요^^😺 여성 데일리쇼핑몰 Urban_Græy. 꾸준히 업데이트되는 겨울시즌 신상품 많으니 구경하고가세요!😃 실버주얼리전문매장 실버리아입니다. 순은전문매장으로서 오프라인샵도 있으니 들어오셔서 구경한번 하고 가주세요^^👏 반가워요~소통하며 지내요!!👍
2018-11-21 00:00:00+00:00, 이지민 이지원 앞으로틱톡이나 유튜브 많이 보면이걸로 전화기 바꾸기로. . . . .#qin1s #샤오미폰 #피처폰 #2001년수준
2018-11-11 00:00:00+00:00, #청주 #디사모 #사진 #출사#샤오미폰 도 잘 나오네 ㅎㅎㅎ 드론 출사는 안가세요? ㅋㅋㅋㅋ
2018-11-07 00:00:00+00:00, 전자파 많이 나오는 핸드폰 & 적게 나오는 핸드폰 순위 (넘겨서 보기)#샤오미 #샤오미폰 #아이폰 #아이폰케이스 #아이폰7 #아이폰7케이스 #원플러스 #원플러스5 #아이폰8 #아이폰8플러스 #소니 #삼성 #삼성폰 #갤럭시노트8 #엘지g7 #삼성갤럭시 #삼성갤럭시노트9 #전자파 #전자파차단 #엘지 #엘지그램 #삼성전자 #엘지전자 울오빠가 만드는 폰들 성적좋네~^^
2018-11-06 00:00:00+00:00, 아이폰이 가고 포코폰 F1#샤오미폰 #포코폰 #직배송 후기를 기대해봅니다 ㅎㅎ
2018-11-01 00:00:00+00:00, #미8#샤오미8#액정#수리#푸우미#푸우미AS#샤오미폰#사설수리
2018-10-31 00:00:00+00:00," #포코폰,#pocof1,#액정,#수리,#푸우미,#AS#샤오미폰#사설수리#삼각지역3번출구"
2018-10-31 00:00:00+00:00, ..한국에서 들고간 중국폰이 고장나서 급하게 구매한#홍미6A 헉...어제먹은 양꼬치값이 스마트폰값이라니..한국도 10만원도 안되는 돈으로 구매...샤오미멋지다ㅎㅎㅎ.#샤오미폰 #홍미6 #중국폰 홍미 와 중국가면 폰 사야겠네 ㅋㅋㅋㅋㅋㅋ
2018-10-29 00:00:00+00:00, 엄마랑오빠랑 가족여행아빠랑 남푠은 열일즁다음에 함께해융ㅋㅋㅋ이모티콘이없어 허전하다ㅜㅜ#다낭 #비엣남 #바나힐 #골든브릿지#샤오미폰 #여행 안녕하세요 저희는 HanKuk Food입니다. 다낭 전지역 음식 배달가능합니다. 🚵AM 8:00 ~ AM 1:00 ( 저녁에 한-두 시간 전 주문해주세요 ^^)👉👉👉 카카오톡 ID : hansik224맛있게 준비하겠습니다. 감사합니다 😊좋은 하루되세요👍 그래도 이정도면 날씨 좋았네요👍🙌
2018-10-29 00:00:00+00:00," #첫줄샤오미의 서브 브랜드 포코의 첫 스마트폰 포코F1이 국내 정식출시 됩니다. 오늘 공식 런칭행사가 있어서 다녀왔습니다. 포코 글로벌 총괄이 직접 제품을 설명하고 샤오미 본사에서도 직접 행사에 참여 하는 등 많이 준비한 모습이 인상적이었습니다. 아무튼 핵심 내용은...★ 가격 : 429,000원★ 11월 12일 예판 가능(이통3사 및 온오프라인 쇼핑몰)★ 6GB RAM + 64GB 저장공간 모델만 출시..#샤오미포코 #포코폰 #포코F1 #POCOF1 #국내출시 #샤오미스마트폰 #런칭행사 #포코F1정발 #IT블로거 #테크유튜버 #IT컬럼니스트 #샤오미폰 #Xiomi #꿀단지TV #팔로우 #좋아요 #행사"
2018-10-28 00:00:00+00:00," : 20181028 #노력하면된다 ✌️️......#시간맞추기 #가족나들이 #괴산포기#카페나들이 #남일면카페 #카페블랑 #청주블랑#핑크뮬리 #처음본엄마 #오길잘했어 💗..#샤오미폰 #최고 #자동포샵 😆 고모는 사진으로도 왜케 반가운지😭 가족사진 이뿌다 언니💕 삼촌은언제같이😭 부산전지역 ""상가전문"" 고르다 부동산입니다. 소통하면서 정보나눠요, 감사합니다.^^🙇"
2018-10-24 00:00:00+00:00, #샤오미폰 카메라 짱좋음멋진 다니엘우와 더 멋진 울남표니#마리나베이샌즈 #베이샌즈몰#가든스바이더베이 #신혼일기 #신혼여행 #셀스타그램 안녕하세요💛 ㅎㅎ피드분위가굿!
2018-10-11 00:00:00+00:00, 주문한 폰이 왔다~~아버지가 전화기가 잘 안들린다는 말씀에 조용히~ 주문.그리고 주무실때 교체 작업중!이러지 않음 안쓰실지도 모르니...어르신들의 이상한 심리다.이제 손녀 얼굴 더 크게 보세요~ㅎㅎㅎ그러고 보니 이게 내꺼보다 좋네...... 그래서 나도 하나 시켜놨지롱~~ ㅋㅋㅋ#coffee #바리스타 #barista #cafe #카페 #coffeeprobe #커피프로브 #여행스타그램 #여행 #포토그래퍼 #photographer #스냅사진 #먹스타그램 #일상 #휴대폰 #핸드폰 #스마트폰 #효도폰 #샤오미폰
2018-10-05 00:00:00+00:00, 역쉬~~마마즈궁디 들썩들썩ㅋ비와도...나감ㅋ동생 샤오미폰 사진빨👍아이폰 갬성 느낌#마마즈테이블 #양산카페 #물금카페 #범어카페 #최애카페 #어딜찍어도#화보 #눈호강#샤오미폰 사진빨👍 더 멀리이동 ㅋㅋㅋ
2018-09-29 00:00:00+00:00," 샤오미밴드2 잃어버린후 동생에게 #샤오미밴드3 #생일선물 로 사주면서 보았던 #스마트워치 [智能手表] 역시 #샤오미 #小米  는 #가성비갑 #性价比 最高 한글버젼 apk를 따로 다운받아야 하며 #안드로이드 만  적용가능 #중국어 로써도 되지만 ..... #샤오미밴드 가격 #위메프 구입44,900 원 샤오미 #블루투스이어셋 14.900원  교묘한 #숫자마케팅 전략 ㅎㅎ 샤오미밴드3강점은 2보다 #sns 또는 #인스타그램  알림 을 통한  실시간내용  확인가능  #날씨 기능 #칼로리분석 #수면 분석에서  업데이트된 점이 눈에띔 #샤오미블루투스이어폰 [小米蓝牙耳机] #소경량, 통화및 노래 음질 그럭저럭 ps.스마트폰 도  #샤오미폰  으로?고민하며 #성남동 #수진역 에서나설때 모습 🌞 완소~~ 곧 소장해야겠네요"
2018-09-25 00:00:00+00:00," 요고도 #샤오미폰쌀쌀하다,애엄마되고, 단벌아주미로 잘살았는데 추워서 안되겠네,옷없어서 집에 갔다와야겠다,#엄마가이제오지말래 #수인이보고싶다고울어놓구,,^^#아윌비백맘 #아이러브대전"
2018-09-24 00:00:00+00:00, .간만에 #selfie 추석배 볼링대회는 처참... ㅋㅋ그래도 오빠돈으로 먹은 베라 #뀰맛 오빠의 샤오미폰으로 찍은 #사기사진 ㅋㅋㅋ근데 마지막 내 얼굴 인식못한건 너무하자낰ㅋㅋ#셀기꾼 #샤오미폰 #포코폰f1 #살까? 오 피부 겁나 매끈매끈 저런....🤦🏻‍♀️ 4번째사진  남자분 누구에영?!
2018-09-24 00:00:00+00:00, 친정행~ ㅋㅋ시댁에서 푹 쉬고 남편 친구들 만나고이제 울 엄마빠 만나러~#감천문화마을 #라이프온마스 #촬영지 #시댁행 #친정행 #하루가길다 #샤오미폰 #아웃포커싱 #우와 #드릉드릉한다 #근데우리쩔었넼ㅋ #좐좌니건빵홀릭 #건빵사랑 #뽀로로보리차 #좋아요 #가족사진 우와 그림이네💙 추석 즐겁게보내~* 라온마 감천에서 찍은거였어? 몰랐넹! 근데 이거 카메라로 찍은거같아 언닝ㅋㅋㅋ 추석잘보내용😍😍😍 덕진이 살빠짓농 오맛 저 시댁 갔었음 만났겠어여!! 큰집 감천문화마을이라 거기가있었을텐데 아까비!! 요카메라는모죠ㅎㅎ폰카메라아닌것같아용ㅎㅎ 사진 누가 찍었어?? 잘찍노 ㅋㅋ
2018-09-22 00:00:00+00:00, #샤오미폰 #좋네 #반미니 #자덕스타그램 #라이딩 photo by @kyleyoungjae 크으 오늘 날씨 개꿀잼 👍 웬 샤오미? 번호나 보내줭 하.. 미친 미모..너무나잘생겼어
2018-09-21 00:00:00+00:00, 화장실에서 전화 떨궈서 액정나갈뻔 고맙다 강화필름아 샤오미는 액정수리비 얼마일랑가 ㅠㅅㅠ 두개사길 잘햇어 두개더사놔야지 배터리 분리되는폰만 쓰다가 일체형은 처음이라 이렇게 완전 아작나는지 첨체험햇네 흐미 #홍미노트5#샤오미폰#강화필름#3900원#배송비2500원#지마켓#유한회사해상#생명의은인이십니다
2018-09-20 00:00:00+00:00, 나의 업무용 세컨폰은 고민고민 끝에 샤오미로 해결👌🏼 잘 몰라서 샤오미 직원분들한테 엄청 물어보고 귀찮게 하고 한 시간을 넘게 비교하다 결국 6X로 결정🌝 하루정도 사용해본 결과 아주 만족스러움 그 중 가장 좋은건 역시 듀얼심👯‍♀️ 할인 행사도 하고있어서 400위안이나 저렴하게 샀당✈️ 중국에서 날아온 나의 첫 번째 #샤오미폰 #샤오미 이제 곧 케이스도 배송 올건데 햄복하다 캬캬♥️ #小米手机 #小米6X #日常 #daily 👍 나도 업무용폰 갖고시푸당 👏👏👍👍👏👏 사장님 제꺼는요
2018-09-11 00:00:00+00:00, 퇴근길에 만날 하늘 매일 보는 하늘인데하늘쳐다보는 여유가 없이 사네 ㅠㅠ#구미 #하늘 #구름 #자연 #빛차유리창이 너무 드럽네#샤오미 #홍미5 #홍미 #홍미노트5 #샤오미폰#좋은사람 #좋은사람들 #좋은사람들과 #라이딩 #자전거여행 #라파 #rapha #rapha #bmc #캄파놀로 #유리 # #riding #ridingclub #라이딩 #라이딩클럽 #자전거 #해피라이딩 #투어라이딩 👍 👍맞팔해요 🙉
2018-09-09 00:00:00+00:00, 우리 예쁜거 1#신랑폰카 #샤오미폰#나도바꿀까 #sharpei #샤페이 #애남 #샤페이애남 #쭈글이 #반려견 #펫#중형견 #개스타그램 #펫스타그램 #애기애기 #개신배수지 색감도 엄청 예뻐요!! 샤오미폰 화질도 장난아니가봐요!!
2018-09-08 00:00:00+00:00," 폰도 고장나고 공기계로만 사는 요즘..집중할곳은 빈이와 오빠뿐이구나 헿♡ 아이폰 출시되는대로 사려고 버티는건데 오빠가 다른 폰 주문했단다 하.. #민폐남편 #심지어 #샤오미폰 #장난하심 #귀염둥이 #빈장군 #선생님의굿포토 #가드너 #엄마와아들 #어린이집추억 헐? 뭐로? 빈이 미소는 진짜 백만불 나도 나중에 이런 아가 낳앗으면 >♡ 그래도 유나씨는 못 따라갈거 같아요. 빈이도 세상에 하나뿐인 너무 사랑스러운 아이라서~♡♡♡♡♡ 잉ㅠㅠㅠ진짜 매력둥이😘 ㅎㅎ 너무 귀엽고~ 넘 사랑스러워용😍 귀여귀여~~~🤗 저도 갑자기 신랑때문에 핸펀을 바뀠는데 3주 뒤 노트9나왔네요ㅜㅜ 매장에 교환물어봤더니 매달 13,800원 더내면 바꿀수있다고하더나구요ㅜㅜ 사진들이 넘 이뻐요 소통원해요😍ㅎㅎ"
2018-09-04 00:00:00+00:00," 똑똑한 #미밴드3 #샤오미미밴드3 #미핏 #mifit이렇게 섬세하게 나에 대해 알아주고 기록해 준다.나를 알아 준다는 건 사람이든 기계든 참 좋네.고민고민하다 #홍미노트5 구매하고 바로 #큐텐 에서 #미밴드3 내수용을 구매했다. 야매 설정 변경 없이는 영어로 조차조 못 보는 중국어 버전 #미밴드3영어로 설정 변경하면 그만이지 하는 마음으로 직구를 하고 검색해서 시키는데로 구폰에서 영어로 다 바꾸고 #샤오미폰 으로 돌아오니.... 이럴수가.... 다시 펌웨어 업그레이드를 열심히 하더니 다시 중국어로 돌아가더란......#샤오미만의 통하는 무언가가 있었던듯..ㅠㅠ아쉬움 가득 안고 중국어 버전으로 사용한지 한 달이 넘었지만 #미밴드 언어가 중국어인 것은 거의 불편함이 업다. ....1. 어차피 어플인 #미피트 #미핏 #mifit 은 한국어 버전이고 중요한 정보들은 어플을 통해서 본다. 2. #미밴드3 에 메세지 확인 기능이 있기는 하지만 어차피 난 안 쓸거였다. 배터리 소모도 심할 것이고, 어차피 폰은 손에 붙어 있는 것처럼 쓰고 있고 , 손목에서 쓸데없이 자주 진동이 울리는 것도 원치 않아서이다. 3. 도무지 저건 뭐지 싶은 게 있기는 한데 그래도 필요한 기능들은 글씨를 읽지 않아도 그림으로 충분히 알겠고 조작법도 간단하기 때문에 문제가 안 된다.4. 언제가 됐든 한글 펌웨어 업데이트 해 줄거라고 막연히 믿는데 써 보니 안 해 줘도 그다지 상관 없다. ,,,,,,누군가 중국어 버전 살까 말까 하는 사람에게 도움이 되었겠지?"
2018-09-02 00:00:00+00:00, 아빠가 보내준 사진#코딱지#찍긴찍음#샤오미폰#싱싱호 언니 산을 정복한 느낌인데요  ㅋㅋ 사진넘이뽀요ᆢ마음이정화되는느낌😚
2018-09-02 00:00:00+00:00, #셀스타그램 #뷰티스타그램 #selfie #9월 도 되었으니 #가을메이크업 #브라운메이크업 으로 #이미지변신 갑자기 생긴 #쌍꺼풀 때메 #짝눈이 #샤오미폰 #화질이별로 ...그게 더 좋은건가...?! #🤔 always nice to see your post ♥봄은 봄대루...여름은 여름대루...가을은 가을대루... 겨울은 겨울대루...남자루 태어나서 ♥부모님께 경례.ㅎㅎ 이쁘심요~😍 놀러왔어영~ 자주봐요 : D 좋아요! ✌ 오 효선이 메이컵바꾸니까 쫌달라보인다잉? You really are beautiful...❤️❤️❤️😍
2018-08-30 00:00:00+00:00, 샤오미 홍미5plus HD보이스 적용!!샤오미폰 HD보이스 어렵지않아요!!😎#샤오미폰 #홍미5plus #직구폰 #HDvoice #volte
2018-08-29 00:00:00+00:00," 안녕하세요^_^ 헬로모바일 강릉 CGV점입니다.오늘은 고객님들께 ""샤오미 홍미노트5""를 소개해드리려고 합니다~휴대폰 출고가 299,200원헬로모바일 강릉CGV점 판매가 0원""샤오미 홍미노트5"" 헬로모바일 강릉 CGV점에서 기계값없이 개통하세요~!문의전화:070-7799-0707매장위치:강원도 강릉시 경강로2120 씨네몰6층 헬로모바일#강릉헬로모바일 #강릉샤오미 #샤오미폰 #샤오미홍미노트 #강릉핸드폰 #알뜰폰 #공짜폰"
2018-08-28 00:00:00+00:00, #샤오미폰신랑이 좋다고 하고최신 비싼폰에 관심없고해서제가 한번 사용해보겠습니다ㅋ#샤오미#포코폰#pocophonef1#xiaomi#신상#득템#아줌마는폰잘몰라요#기능은다알지도못해요#일단새거라기분좋으니#설렘모드
2018-08-27 00:00:00+00:00," 아이폰 자꾸 버벅거리고 배터리 금방 방전돼고 사진찍으려하면 재부팅, 영상통화걸어도 재부팅이라 급하게 샤오미 들여욤. 어색하다ㅋㅋㅋ #샤오미폰 #샤오미 #홍미노트5 #새폰 오 샤오미폰 신기신기~👀 👍 👍 👍 커플/가족/반려동물 등 사진 보내주시면 일러스트 작가님들이 직접 그림을 그려서 케이스를 제작해드린답니다. 특별한 커스텀 케이스를 만나보세요!🙈❣ 중고폰 좋은 가격에 매입합니다! 연락주세요❣"
2018-08-19 00:00:00+00:00, #샤오미 #샤오미보조배터리 #샤오미가방#샤오미미밴드#샤오미셀카봉 #이제는#샤오미폰 #홍미노트5 #레드미노트5 #호텔대표 #호텔리어 #호텔이하늘 아 #샤오미책 도 샀지. 이젠 #주식을사자
2018-08-17 00:00:00+00:00, #도착 #샤오미폰#홍미노트5#레드미노트5#빨간공책 어떳슴니꽈 샤오미폰 너무 궁금해! 어때어때 좋으면 이야기해줘영! ㅋㅋ
2018-08-13 00:00:00+00:00," #뷰티스타그램 #셀스타그램 #화장품추천 #아이섀도우 #아이메이크업 #눈화장 #stila #리퀴드섀도우 #핵예 #존예 가 된다기에 구매한 #스틸라메탈글리터섀도우 #샤오미폰 으로 찍어서인가.. #화장기술 부족때문인가... #섀도우 의 #반짝임 이 잘 안나온것 같지만.. #반짝반짝 #예쁘다 #언더라인 만 발라줘도 은은하게 반짝여서 #만족 #✨ 언니 이뿌당♡나랑 사겨요😍 #맞팔 ヾ(๑╹◡╹)ﾉ"" 잘 보고갑니다~ ㅎㅎㅎ 웃겨유 ♥ ♬♬ 몇배속입니까?...ㅎㅎ 이쁜 짓...ㅋㅋㅋ 인증됨 인증됨 ♥♥"
2018-08-07 00:00:00+00:00, . 4년만에 바꾼 폰.. 아끼는게 아니라 궁상떠는것 같아서 ㅋㅋㅋㅋㅋㅋ 나를 위해서 아끼지 말고 쓰자 :)..#샤오미폰 #가성비짱 #육아스타그램 #혼혈아기 #국제부부 #빈탄 와.. 샤오미인데 사진이 이렇게 잘 나와여? 쩐다 안녕하세요^^~ 어쩐지 갑자기 아웃포커스가 마구마구 보이더라니~~^^ 축하해용~~
2018-08-04 00:00:00+00:00, 샤오미폰 카메라 미쳤네포커싱에다가 사실적인 색감보정프로그램까지....30만원도 안되는 기계값에...기능도 좋고중국산 무시할게 못됨#샤오미폰 #샤오미 저도 샤오미 사고 싶은데 모델명좀 ㅎㅎ 아이폰 못지않네 오오옷..! 샤오미 때문에 중국에서 삼성폰도 6위야 Wow :-)
2018-07-30 00:00:00+00:00," 여러분... 여기 꼭 가세요. 두 번 가세요, 세 번 가세요. 진짜 진짜 진짜 맛있음.. 베트남 쌀국수와는 차원이 다른 #라오스쌀국수진짜 맛있어 🤤🤤 이뿌게 사진찍어줘서 고맙습니당☺️---#라오삐약 #망원동맛집 #망원동 #라오스쌀국수 #진짜 #진짜 #진짜 #맛있음 #꼭 #생면으로 #먹으세요 #인생맛집 #맥주보다 #음식많이먹은건 #오랜만 #진짜 #너무 #맛있었다 #행복 #음식 #맥주 #낮술 #캬 #샤오미폰 #화질 #좋넹 #오호 ㅇ 밤에 맛집사진이라니!! 배고ㅍㅏㅋㅋㅋㅋ책임지세욥!!ㅋㅋ 복싱열심히하구있는거맞지? 맛있는 거 먹고 나온 세상 행복한 표정 넘모 긔요워요,, 라오스 쌀국시 꼭 가보겠쯉니댜〰️💓 소이연남보다 맛있어??"
2018-07-25 00:00:00+00:00, 2014년 8월에 지프로2로 갈아 탔으니 4년 약간 모자라게 함께 했다.엘지 폰 호불호 많이 갈렸는데 지프로2는 넘나 잘 빠져서 성능도 베터리도 사용 기간 대비 넘나 훌륭했다.마음은 엘지로 다시 갈아 타고 싶었으나 삼성이든 앨지든 그 돈을 주고 그 노예 계약에 묶여 가며 할만헌 가치가 있는가에 대한 고민과 농락 당하는 것 같은 불편한 마음에 나답게 꽤 고민하다 #큐텐 으로 #샤오미폰 직구했다. 월욜에 주문해서 수욜에 받았으니 훌륭하지 뭐~무겁니 뭐니 하는데 베터리 용량 생각할때 이개 뭐?암튼 오늘은 저녁 내내 폰만 붙들고 환경 쓰기 좋게 바꾼다고 평상시보다 더 개판인 우리집.........좀 전에 들어온 남편이 결국 나지막히 화를 내고 방으로 들어 갔다.홍미야~ 나랑 서이 좋게 잘 지내보자~#gpro2 #지프로2#홍미노트5#redminote5#샤오미스마트폰 폰 바꾸신 거 축하드려요.👍👍 요즘 폰 바꾸기 참 힘들어요. 나지막히 화를 내고 ㅋㅋ 저 그래서 연수 끝나고 하려구요~~
2018-07-22 00:00:00+00:00, #saturday#내반쪽들#우리가술을안먹다니#단체샷#예술혼#먹방#샤오미폰#food#with#talk#goodvibes You look good little one
2018-07-20 00:00:00+00:00, 폰 바꾸고 싶은데 너무 고장 안나던 신랑폰 몇일전 액정이 망가지고 어제 신기 덕에액정이 아예 나가버림 ㅋㅋㅋ오늘 새폰 와서 신나서 사진찍기#샤오미 #샤오미폰 #샤오미미믹스2s#예쁜두아들 #325일 #아기 #베이비 #베이비인스타 #베이비그램 #육아 #육아스타그램 #육아맘 #초보맘 #닭띠맘 #도치맘 #아들맘 #아들 #아들스타그램 #애스타그램 #청주맘 #sharpei #샤페이 #애남 #샤페이애남 #쭈글이 #반려견 #펫#중형견 #개스타그램 #펫스타그램 #애기애기 사진잘보구가요~🏃 오~ 화질은 진짜 좋다! 사진 넘 예쁘게 나오네요!! 샤오미 대박!!
2018-07-17 00:00:00+00:00, 샤오미 홍미노트5 도착!!대륙폰을 써보기로 마음 먹었다. 보급형인데 내폰(갤s6)보다 좋은듯..배터리 깡패지만 크기도 깡패네ㅋㅋ#샤오미폰 #홍미노트5 헐??!! 오 그것은 오오😍 오오 궁금하다 어서 보여주시요~~~
2018-07-15 00:00:00+00:00, 집근처에 생긴 이자카야분위기 넘나 맘에 드는 것 🙆🏼‍♀️✨#남편의시선 #앞머리왜저럼 #하이볼과꼬치 #주말기록 #밤마실 #신혼일기 카메라야?핸드폰으로 찍은거야?ㅋㅋ잘나왔ㅋㅋ
2018-07-15 00:00:00+00:00, #주말#쇼핑#샤오미폰#홍미노트5#xiaomi#나쁘지않군..나의 불찰로 급지른 샤오미폰세컨폰으로 산건데 메인폰 될것 같은 느낌 불찰ㅋㅋㅋ 우리 이거 나오자마자 썼는데 좋아 ㅋㅋ 이제 아가 태어나면 유용하게 쓰일고얌ㅋㅋ
2018-06-28 00:00:00+00:00, 남들 갤노트 살때혼자 #홍미노트 사는 패기!걍..저렴해서 씁니다>_<#대륙의실수 #샤오미폰 #홍미노트5 #줌마그램 홍미노트 사고 싶은1인 사용기 기대기대합니다 궁금하네요 어떤지
2018-06-22 00:00:00+00:00, #해군 #휴가 #첫일정 #운동 #부모님 #웨이트트레이닝 #고집불통 #우리아빠#모범생 #우리엄마 #아빠폰 #샤오미폰 #자체보정 ㅋㅋㅋ다음일정은....??? 태우 삼각근 쩌네 @sanghyun.son  사딘은 사람을 돋보이게하쥬 다음일정은 나 웨이트트레이닝 행님 므찌다.. 서울오삼 근육 스트레스를 확 날려드립니다! 회원가입하고 무료샘플신청해보세요~!!! 형님 보고싶습니당 ㅎ ㅋㅋㅋㅋㅋㅋㅋㅋㅋㅋ mycase 구경오세요😀해군 유니폼 핸드폰 케이스 출시했어요🎉⚓️
2018-06-21 00:00:00+00:00," 그나마 오늘의 뭣같은 기분을 조금 위로해주는 소식 하나..나를 만나러 인천공항에 도착해서 지금 부산으로 내려오고 있는 홍미가 있다는 사실.. #샤오미폰 #가성비갑 #기분전환 #떠나고싶다 얼른주무세용아빠 안녕하세요, 좋은 사진 많네요~😺 사진 잘보고 갑니다 :)"
2018-06-16 00:00:00+00:00, 옴마나 카메라 좋드아~~무보정.(물론 핸드폰 자체가 보정해줌)#redminote5 #redminote5pro #샤오미폰 #칭구 #친구 #친스타그램 샤오미공식홍보대사 황지렁씨
2018-06-15 00:00:00+00:00, 미친 ㅋㅋㅋㅋㅋㅋㅋ핸드폰 하나 바꿨다고 사람이 달라지기야?ㅋㅋㅋㅋㅋㅋㅋㅋㅋㅋㅋㅋㅋㅋㅋㅋㅋ#xiaomi #redminote5 #redminote5pro #샤오미폰 #샤오미핸드폰 이거 기본카메라란말야.. 쩔어!!!#사기 #사기성셀카 역시 중국폰인가.. 지영아 ㅋㅋㅋ 너 말하는거 넘 조타 ♥️♥️ 이젠 너 사진을 올려도 고양이로 보여ㅋㅋ 샤오미폰 적는다... 오..대박...... 샤오미폰은뭐야ㅋㅋ
2018-06-10 00:00:00+00:00, 우리 끼용이가 이렇게 귀욥지롱#고양이확대 #고양이그램 #냥스타그램 #캣스타그램 #catstagram #redminote5 #샤오미폰 여자냥인데 잘생..기게 잘 컷어요..ㅋㅋㅋㅋㅋ 아아앙 미묘ㅠㅠㅜㅜ 샤오미 칭찬
2018-06-09 00:00:00+00:00, 오늘의 사진작가@jj_young0718 노노 #샤오미폰🙏🏻👍🏻🍦 #홍미노트5 #redminote5 #샤오미폰 올ㅋ ㅌㅋㅋㅋㅋㅋㅋㅋㅋㅋㅋㅋ 와 사진잘찍으시네 헐 인생샷이고..😍 ㄷㄷㄷ 사진천재 크이뻐라♥ @jj_young0718 와 야 나도찍어줘 살 빠지셨네..
2018-06-02 00:00:00+00:00, #bermuda#버뮤다#통베이컨블루치즈크림파스타#샤오미폰
2018-05-26 00:00:00+00:00, 어쩐지 데이터가 왤케 느리나 했네...#인도#인도생활#방갈로르 #3G#LTE#극혐#샤오미폰#redmi5 #덥다#우기철이라 #비#항상#오네
2018-05-26 00:00:00+00:00, #20180526#렛츠런파크 #렛츠런파크부산경남 #부산가볼만한곳#남매스타그램#초딩스타그램#벌써 여름#올해첫물놀이#바닥분수#홍미노트5#샤오미폰 화질괜찮네#redminote5 친구없이 왔더니 10분 놀고 재미없으심 ㅜㅜ
2018-05-06 00:00:00+00:00, 얼짱각도로 고개를 꺽을수록 어려보이게 나와주는 샤오미 폰~ 20세 만드려다 목 나갈뻔 ㅋㅋㅋㅋㅋㅋㅋㅋㅋ 탐난다 내얼굴을 20대로 만들어주는 마법의 셀카를 찍게해주는 샤오미폰 ㅋㅋㅋㅋ #중국여행#북경여행#베이징#샤오미폰#샤오미
2018-04-27 00:00:00+00:00, #샤오미 #샤오미폰 #mia1 #자급제폰 #정품 #너무이뻐 #골드 😀😀😀 드디어 휴가???!!!!! 뭐냐!!?? 제대했냨ㅋㅋㅋ @yuj96 아직!
2018-04-24 00:00:00+00:00, ..우리 리둥이들 생애 첫 스튜디오 촬영엄마빠가 더 긴장넘앞에서 포즈취하는건 너무 얼혀웡쑥시럽고🙈엄마빠는 촌놈이라 챙피한데요놈들은 잘하넹?니네 낯설다편안한 분위기 만들어주신것도 한몫#팔사진관#대전#돌#쌍둥이돌#핸폰B컷#샤오미폰#내꺼아님#남편님..#러블리리원&리한#러블리리원#러블리리한#닭띠#356일#11개월#애스타그램#육아스타그램#twins#twinstagram#쌍둥이#쌍둥이스타그램#双胞胎 리둥이들 귀여워요~~^^ 한복샷 기대되는데요?? ^^ 사랑가득한 시간들 되세요 리한이는 이미 모델인디~~ㅎㅎ 나도 50일 사진 팔 사진관에서 찍었는데 ㅋ 와 벌써 돌이야? 돌때보겠다 ㅋㅋㅋ 아이고 예뻐라 ㅋㅋㅋ 찍었네요!! 애기들도 이쁘고 한복도 넘넘 이뻐요😌❤️ 아웅 사랑스러웡~♥♥♥
2018-04-15 00:00:00+00:00, #홍미 #redmi #샤오미폰 #홍미노트 #한글화성공 #저렴이폰 이거뭐야보야줘 너 왜 카톡에서 사라짐? 뭐라했지 배대찌??? 막쓰기 좋지 ㅋ
2018-04-04 00:00:00+00:00, #일상 2년전 아이폰6를 아주 저렴한.... 기계값 11으로 잘쓰다가 작년 여름부터 살짝 증세가 좋지않아 급하게 샤오미홍미노트4x로 갈아탄후... 2년약정이 끝나기만을 손꼽아 기다렸는데 막상 때가 되고나니 비싼폰은 못쓰겠더라 ㅠ 그래서 샤오미 a1 자급제폰으로 갈아탐!!한달통신비 45000원대로 줄인걸로 만족해야지.... 잘부탁한다 에이원!!! ...#핸드폰 #자급제폰 #샤오미a1 #샤오미폰 #알뜰요금제 #유심2개 #번호2개 #통신비줄이기 #그래도듀얼카메라 #찍을사람이없 #봄은왔는데느끼지를못하네 #메뉴나개발하자 #디저트1종 #과일쥬스여러종 #테스트후판매 액정 찌그러진줄....ㅋㅋㅋㅋㅋ 우와😳..
2018-03-18 00:00:00+00:00, 차안에서 미러링 네비 사용할때 쓸려고 구입한 #샤오미스마트폰 ~ 가격이 15만원인데 성능은 기대이상이다~ 역시 대륙의 실수 #샤오미 #가성비최고 #샤오미폰 #샤오미홍미노트 #샤오미홍미노트4x #홍미노트4x #xiaomi #xiaomosmartphone #mi #mismartphone #xiaomiredmi #xiaomiredminote4x #redmi #redminote4x #가성비최고의 #스마트폰 #대륙의실수 선팔할게요ㅎ
2018-03-09 00:00:00+00:00, Q: 어디서 찍으셨길래 이렇게나잘 나온건지 궁금합니다?A: A4용지위에 올려놓고찍었습니다 ㅋㅋㅋㅋㅋQ: 띠용?! #홍미노트4x #샤오미 #샤오미폰 #a4 #스마트폰 #배경
2018-03-04 00:00:00+00:00, 나이 : 23 (남성)#쓸데없이 #뿌듯함 #좋댄다 #샤오미폰 #고맙다
2018-02-14 00:00:00+00:00, #샤오미미a1 #폰 #잘지내보자 ~~#샤오미폰 #감기몸살 ㅠㅠ#술스타그램 #패션 #악세사리 #가성비갑
2018-02-01 00:00:00+00:00," 대륙의 실수라는 샤오미노트4x 신품을 해외직구로 구입하여 오늘 개통했다.시간이 좀 걸릴 줄 알았는데 생각보다 일찍 도착했다.28일 주문한 물건이 31일 도착했으니 꽤 빨리 온 셈... 여자여자한 색상인 핑크로 깔맞춤을 해서 구입했다.삼성이나 엘지폰 처럼 쓸데없는 앱이 안깔려 있어서 아주 깔끔하고 좋다. 강화유리와 젤리케이스가 기본으로 제공되는데.. IPS 패널이라 화면 색상도 아주 괜찮다.3기가램, 32기가 버전인데, 유심소켓에 메모리를 128기가까지 확장할 수 있어 공간 활용도 좋다. 거기다 4000mAh 용량의 배터리가 사용시간을 넉넉하게 받쳐준다.그리고 이 모든 것을 다 합친 가격이 통관비 포함해서 16만2천원대... 와이파이 맘에 들랑가 모르것네. ㅎㅎㅎ#대륙의실수 #샤오미폰 #배터리오래감 👍 I have one of these I really like the cell phone 📱 👍😁 Me too, mine is black because when I bought it, I had no choice of color My phone is a global version with the snapdragon processor saves more battery life Haha 👍😊 오~~샤오미가 진짜 실수했네요ㅋㅋㅋ"
2018-01-27 00:00:00+00:00," .요즘 셀카는 잘 안찍어서 #어색어색..#샤오미폰#xiaomi 은 매번 말썽이지만,  이럴 때 정말 굳!...#23yearsold #selfie #ajust #daejeon..I took selfie. looks like 23 on smart phone... 나이 23 뭔가요 ㅎㅎ 좋겠다 ㅋㅋㅋㅋㅋㅋㅋ 누나!! 그대로인거같아요👀☝🏻☝🏻 얼굴은 쯔뮬쎗🙌😄😆🙌🙌 우왕~~~!!!!!!!!!!!! ㅎ 잘사냐"
2018-01-19 00:00:00+00:00, 오랜만에 #스시선수#sushisunsoo with #샤오미폰#윤택 bro #mustafawine 😍
2018-01-18 00:00:00+00:00, 드디어 왔다!!!!! 진짜 일주일만에 온 #샤오미 는 나를 행복하게 하는 구만ㅋㅋㅋㅋ.계속 안드로이드가 하나 필요했는데 이렇게 올줄이야 고맙게스맄ㅋㅋㅋ 이게 #직구 로 산다고 좀 오래 걸려서 그렇지 하나에 15만원도 안하는 거면 님 좀 짱.근데 진짜 아이폰이랑 비슷하게 만들었다... 쩐다ㅋㅋ 패키징도 무슨 아이폰인줄....#수버미그램 #부산 #새폰 #중국산 #샤오미홍미노트4x #홍미노트4x #샤오미폰 #小米 #小米红米note4x #红米note4x 이쀼리~~ 예쁘다!!!!! 핑크핑크 ㅋㅋㅋ 핵영롱보스...★
2018-01-09 00:00:00+00:00, 이번 폰은 직구로 구매한 샤오미 A1로즈골드.흰색폰도 아니고 기계 좋아하는 사람으로써 맘에 확 드는 폰은 아니지만 가격대비론 훌륭한 편인듯.귀여운 폰케이스로 정붙이장~#샤오미폰 #샤오미a1 #로즈골드 #직구폰 #아무리찍어도칼핀이안맞아우울ㅜ.ㅜ
2017-12-23 00:00:00+00:00, ☎️일할때만 쓸 폰 찾아보다가 #가성비극강 이라고 하길래 주문했더만 한달만에 도착한ㅠ #샤오미폰 #홍미노트4x #해외직구 #샤오미 #스마트폰 #as는휴지통으로 ㅎㅎ 그만큼 쌈~
2017-12-19 00:00:00+00:00, #샤오미 #샤오미폰 #ma1 #a1 카메라 들고 다니기 귀찮아서 샀는데 가성비는 진짜 짱이구나 나도 구경시켜죵
2017-12-18 00:00:00+00:00, 오늘은 그냥 잘라했건만마트에서 보이길래날씨가 마침 적당하길래목욕하니 기분이 좋길래죽었던 샤오미폰이 살아나는데안마셔주는건 예의가 아니지#청하 #목욕 #귤 #만두 #샤오미폰 #부활 #기모띠👍 인범아 집에서 만두 빚는거야?ㅋㅋㅋ
2017-12-10 00:00:00+00:00," 갑자기 고장난 핸드폰때문에 사게된,그리고 생각보다 이쁜 #홍미노트4x#샤오미 #해외직구 #고급스러운 #대륙의실수 #샤오미폰 #적응중 #일상 #소통해요"
2017-12-08 00:00:00+00:00, 사진으로 남기기 힘들당~~ 작업 끝나믄 자꾸 깜박깜박...올리기 위한 사진 찍기가  아직 게으름이건은 고객님이 차이나폰 성능 검증용으로 촬영  원하셔서..남길수 있었음.차이나폰 사진..아이폰급ㅎㅎ#태전동#이시스헤어#isis#남자펌#여자펌#염색#샤오미폰#중국산#카메라#대박#일상스타그램#미용실#칠곡 피드 잘 구경하고가용ㅎㅎㅎ 잘보고가요 !! 맞팔해요^^ 안녕하세요.반가워요. 소통원합니다. 😊
2017-12-03 00:00:00+00:00," #빌리어코스티#샤오미폰#호베 기본 카메라를 열었을뿐인데 .....갸루상이 나를 보고 있었다 이폰에서는 무보정 갸루상이 모찌상이시네요ㅋ 폭풍업뎃넘나좋으네요☺ 갸루상ㅋㅋㅋㅋㅋㅋ카와이하댜ㅑㅑ 준섭짱..🤭🐼💕 오 저거 필요하당 으윽 두 분 다 너무 귀여워요 ㅠㅠ 캬루상??????? 🤷 헛,,, 워너비폰이네요ㅋㅋㅋㅋ 아이폰x 하나 가격이면 샤오미폰 13개 살 수 있어요🙆🏻 으아아아아악 너무 귀엽!!! 나 저거 사야겠다🤭 오빠,,듕국에서 서울오니깐 이제 인스타 뜸해지구 막 그러는거져😭🙄ㅋㅋㅋㅋㅋㅋㅋㅋ🤦🏻‍♀️나만 오빠 소식 궁금한것인갘ㅋㅋㅋㅋㅋ🤣 고딩같은외모♡♡ 보고시퍼😭 인스타 라이브 해줘,,, 잉,,,,"
2017-11-15 00:00:00+00:00, 샤오미폰 카메라 노답이죠?살려내고 싶다면? 프로필 링크를참고하세요!!ㅋㅋhttps://youtu.be/F7wcDeKLzOI#샤오미 #샤오미폰 #홍미노트4x #구글카메라#구글HDR #hdrplus #개선 #도움 #폰카 #폰카메라#스마트폰카메라
2017-11-12 00:00:00+00:00, 핸드폰  너무커서  떨굼...ㅜㅜ산지 한달도 안됐는데... 낼고치러 가야지... 누구 샤오미폰 액정고치는 곳 아시는분?#샤오미폰 #미맥스2 #액정깨지기는처음 #액정수리 #어디서수리해야되나요?#수리 #핸드폰수리점알려주세요 헐
2017-11-05 00:00:00+00:00, 휴가를 나왔건만 안경을 서울에 두고 왔다.휴가를 나왔건만 핸드폰이 고장났다.#잘가 #샤오미폰 #as불가능 #그래도 #휴가중 #술스타그램 #민간인체험 #군스타그램 왜이번엔안올리나했다ㅋㅋㅋㅋㅋㅋㅋㅋㅋㅋㅋㅋㅋㅋㅋㅋㅋㅋ
2017-10-18 00:00:00+00:00, #샤오미#A1#국내최초#액정수리#푸우미#as##샤오미폰#액정#수리#샤오미A1#샤오미a1#푸우미as 우왕 국내최초~ 멋있어요 번창하세요 샤오미폰을 사용하는 저로서는 정말 방가운 소식 이군요. 대박나세요.화이팅^^
2017-09-27 00:00:00+00:00, 우와!!!!!!😂😂😂😭😭😭니가 짱!이럴까봐 미끄럼틀 설치 안하려고 했는데!!!계단으로 절대 안올라감ㅠ#미끄럼틀홀릭 #샤오미폰 #수리점없는데ㅋㅋㅋ#원숭이띠아기#18개월#애둘맘#워킹맘#기가찬다#겁도없지 심지어 한손만 잡고 올라감👍🏻👍🏻👍🏻 오오~!!
2017-09-19 00:00:00+00:00, 5600원짜리 노트4x용 강화필름품질 아주 좋습니다!! #미스터훈 #강화필름 #추천 #강화유리 #풀커버 #풀커버강화유리 #샤오미 #샤오미폰 #홍미노트4x #mrhun #redminote4x #temperedglass
2017-09-05 00:00:00+00:00, 샤오미폰 왜사냐...하는 사람들마져혹하기 좋은 제품이 런칭되었습니다.샤오미본체에 안드로이드 순정os가 탑제된안드로이드원 프로젝트가 바로 그것입니다...이전에 공개한 mi5x의 구글버전 이라고 보시면 될것 같습니다.5.5인치 고릴라 유리12+12 듀얼카메라안드로이드 순정 7.0(연내 8 먹음)스냅드래곤 625(10월되서야 660 사용가능)음향이 개선됨(관련 칩이 탑제됩니다.)풀 메탈바디를 적용하였습니다.가격은 20만원대 중반 입니다.MIUI의 답답함이나 논란? 때문에꺼려하는 사람들이 쓰기 좋을거 같습니다.※구글이랑 손잡고 공식으로 출시한 제품입니다요#샤오미 #샤오미폰 #Mia1 #android#androidone #안드로이드 #안드로이드원#듀얼카메라 #순정
2017-09-01 00:00:00+00:00, 샤오미 미믹스2 유출샷이 나왔네요.디자인이 아주 쥑여줍니다 ㄷㄷ유출스펙도 고가형이네요.6.2인치 안드로이드 오레오4400배터리 2100만화소(?!)256기가 저장용량 램은모름스냅드래곤 8369월11일 출시한다고 합니다#mimix #mimix2 #xiaomi #xiaomiphone #미믹스 #미믹스2 #샤오미 #샤오미폰 #하이앤드 #고급 #베젤리스 #베젤리스디자인 스펙이 ㅎㄷㄷ
2017-08-30 00:00:00+00:00, 빠바바밤미믹스2#미믹스 #미믹스2 #샤오미 #샤오미폰 #고급#베젤리스 #베젤리스디자인 #9월11일#xiaomi #xiaomiphone #mimix #mimix2 Wow !
2017-08-16 00:00:00+00:00, https://youtu.be/S-l6PYQ82-c유튜브에 있는 홍미노트4x 리뷰는 다  MIUI8기반입니다9버전 올라와서 개선된게 상당한데...리뷰어들이(재)리뷰 할거 같진않아서....만들어 본 영상입니다.개선전 리뷰가 다는 아니니까요.여러 방면에서 판단해 보시라고 만들었어요.주마다 개선된게 있으면 계속 올릴겁니다#리뷰 #유튜브 #홍미노트4x #샤오미 #샤오미폰 #eu롬 #이유롬#리뷰어 #베가스 #영상편집 #대충대충 #xiaomi #miui9 #eurom
2017-08-11 00:00:00+00:00," Xiaomi MIUI9 EU weekly ROMFaster speed, easier handling of apps, multi-window supportIt is still in beta, so some of the features that appeared on the miui9 release date are not available.#miui9 #miui #xiaomi #redminote4x #홍미노트4x #샤오미 #샤오미폰 #xiaomiphone #최신 #롬 #커스텀롬 #업데이트 #rom #Customrom Cuando esta disponible para su descarga ¿? @jo_se_antonio_tt_ff ¿Es necesario un enlace de descarga?"
2017-08-09 00:00:00+00:00, 간만에 #샤오미폰 갤러리를 열었는데어쩜 먹는 사진만 가득인지 😜내가 먹고 내가 찍어 놓고서는 이게 뭐지 이러고 있다 ㅋㅋ얼마전 나는 #피씨방 가서 롤을 배웠고중국 피씨방은 참으로 넓고 크다 ㅋㅋㅋ#짜장면 땡겨서 간 중국집에서 결국 짬뽕을 시켰다#체감온도 47도 였는데 ㅋㅋㅋㅋㅋㅋ.#나지금또냉면집왔다한다#다이어트의길은멀고도멀다#내일부터운동해야지 😌#중국#옌청#염성#yancheng#새댁#신혼#새댁스타그램#일상 ㅋㅋㅋ겜이제그만..🙅
2017-08-08 00:00:00+00:00, 요즘 하늘이 이렇습니다.이래 아름답습니다.더운것과 적폐세력만 없다면아름다운 우리강산 아니겠습니까?#풍경 #퇴근 #동네 #역광#샤오미폰 #막손 #사진#집 #합정 #도시 #citylife
2017-07-27 00:00:00+00:00, 샤오미 최신OS MIUI9를8월 11일 부터 커스텀롬 eu롬에서제공한다고 합니다!!!! #샤오미 #샤오미폰 #홍미노트4x #eurom #redminote4x #xiaomi #xiaomiphone
2017-07-25 00:00:00+00:00, 홍미노트4x 민트색원래 보컬로이드 미쿠 한정판 색상으로 나온 것이여서일반판 민트색 박스도 미쿠박스로 나옴가격은 만원쯤 더 비쌈!! 색상 진짜 이쁜데 폰카의 한계가 아쉽기만ㅠ#홍미노트4x #샤오미 #샤오미폰 #민트 #존예 #대존예 # #히츠네미쿠 #미쿠 #redminote4x #xiaomi #xiaomiphone #mint #pretty #민트색 #예쁘다 #이쁨 아 동생이 쓴다고 산겁니다 홍미노오트4X님이시군요^^
2017-07-19 00:00:00+00:00, #샤오미폰 #xiaomiphone #자체뽀샵 가영이폰으로 찍어본 ㅋㅋ확실히 화질이 좋다=-뽀샵..확실히엄마탓 #샤오미사진빨 #자자 #졸리당 #instababy #instadaily #송도맘 예뻐 예뻐😍 좋은시간 보내세요🎉 진짜 폰이 좋아서 그런것만은 아닌듯한데...미소가 참으로 아름다움 ^^ 오~~~아가씬줄~ㄷㄱ 사진잘보고가요🌟🎉 그 중국폰은 어느통신사에서 다루나요? 저야 업무상 중국폰이 있으나.. 좋아요~✌ @si_woo.s 아이코 ❤️❤️❤️❤️ @hersoonjong 머얌 ㅋㅋㅋ 뽀샵 ㅋㅋㅋ ㅎㅎㅎ @bio6656 SK텔레콤이라고 하던데요 ㅎㅎ 구경 잘하고가요!!👌 하늘리더스치과에서 인사드립니다. 자주 소통해요~😄
2017-07-19 00:00:00+00:00, 샤오미 새OS MIUI9 지원목록입니다.이건 뭐 거의 전기종 업뎃해주는 수준이네요..14년 3월 발매한 제 미패드도 목록에 들어갑니다 ㅠㅠ MIUI9 괜찮게 나오면 특별사유 아닌이상샤오미에 머물러야 겠습니다. #감동 #업데이트 #샤오미 #OS #눈물 #샤오미폰 #미패드 #홍미노트4x #xiaomi #xiaomi #miui9 #update #omg
2017-07-12 00:00:00+00:00, 동생녀석이 공기계로 쓸라꼬 홍미노트4x 산다기에생각나서 찍어봤음..#제트블랙 #홍미노트4x #redminote4x #xiaomi #샤오미 #샤오미폰 #블랙 #검은색 #이쁨 블랙은 진리입니다
2017-07-11 00:00:00+00:00, MIUI9 루머중 하나Q: 이 테마가 MIUI9 공식테마다?A: 아닙니다 샤오미의 신작 공식테마 입니다결론: MIUI9랑 관련없음.. #샤오미 #샤오미폰 #홍미노트 #홍미노트4x #미유아이 #MIUI #MIUI9 #xiaomi #xiaomiphone
2017-07-10 00:00:00+00:00, 샤오미의 OS MIUI9의 개발이시작되었다는 소식입니다.제발 이번엔 최적화좀....ㅠUI변경 배터리 안정과 최적화에주를 두고 있다고 합니다.아 그리고 샤오미 공식 언문인데MIUI9관련 정보는 샤오미 측 정보가 맞는거고나머지는 루머라고 합니다.#xiaomi #mi #miui #miui9 #xiaomiphone #샤오미 #샤오미폰 #미유 #미유아이 #개발 #홍미노트4x #redminote4x 느낌 좋네요 ❤️
2017-07-01 00:00:00+00:00, #샤오미폰 #최고급 #프리미엄 #미믹스 #액정수리 #역시 #푸우미 #푸우미AS #미믹스액정수리 #미믹스액정파손 #미믹스액정교체
2017-06-29 00:00:00+00:00, #青岛 #栈桥#칭따오 #잔교 #화질구지 #샤오미폰....😤 ㅋㅋㅋㅋㅋㅋㅋㅋ칭따오 짐꾼은?!!? @naing0224 그넘 차단박음 ㅎ 사진 좋아용^^*😺
2017-06-23 00:00:00+00:00, 요즘 일이 너무 많이해서늙은거같다 ㅎ 올만에 셀카샤오미폰으로 새로 바꿧는데잘만들었다 얼굴인식도하공ㅎ#홍미 #샤오미폰 #대륙의실수 나이 18세는 쫌..^^; 폰샀어용? @seunghyun2283 네 ㅎㅎ 꿀피부 여전 🤗🤗 굿👏 @westhero 꿀피부 ㅠㅠ 그립다 @muse_7 굿^^~ @woneewashere ㅎㅎ 형원앙 고마워 안본지 넘 오래됫당 ^^
2017-06-12 00:00:00+00:00, #샤오미 #샤오미맥스2 #미맥스 #미맥스2 #푸우미 #푸우미as #샤오미폰 #샤오미수리
2017-06-03 00:00:00+00:00, #광주#용산동#곡성#꿈꾸는캠핑장#캠핑#떠나자마운티아#camping#샤오미폰#여기선안터짐#덕분에#핸드폰#안봄 아 동준이 워누인줄.....개깜놀 ㅋㅋㅋ 우리 애들 좀 크믄 진이네삼촌네에 캠핑 같이 묶어서 보내믄 쓰것다🙂☺ 거기에 조윤구까지묶어서 @__hy86 ㅋㅋ 자유부인될라고? 그럼 안됨?? @__hy86 남자들끼리만 가브러야것다 ㅋ 애들 귀여워ㅋㅋㅋㅋㅋㅋ진이 행복 돋는게 보인다ㅋ
2017-06-01 00:00:00+00:00, #푸르다 #여름 #일탈그램 업무 중 잠깐 산책 중 찍은 사진물이 보이질 않는 성북천 :0...#성북천 #회사스타그램 #직장인스타그램 #샤오미폰 #홍미4프라임 #여름이다 #퇴근이여오라 #여유 #힐링 #일상스타그램 #소통해요
2017-05-24 00:00:00+00:00, #카메라가없는폰 #홍미4프라임 #점심메뉴 오랜만에 #성신여대 #마늘과올리브 런치메뉴 좋음좋음. 카메라가 없는 폰이라 불리는 홍미4프라임의 사진 결과..폰화질은 뭐..허허...#점심 #퇴근이여오라 #파스타맛집 #성신여대맛집 #알리오올리오 #일상스타그램 #먹스타그램 #맛집탐방 #수요일 #직장인스타그램 #회사스타그램 #샤오미폰 #소통해요 사진보니 오일 파스타 먹고 싶어요. 조만간 먹으러 가야겠습니다~🍽 @silverpine81 오일파스타는 깔끔한 매력이 있더라구요 ㅎㅎ 잘보고 갑니당! 또 올게용 ☺
2017-05-23 00:00:00+00:00, #샤오미 #홍미4프라임 #새폰 처음 써본 샤오미폰은 혁신이다 :0UI도 깔끔 이쁘고 넘나조음♥...#일상스타그램 #폰바꾸고 #첫인스타 #새벽스타그램 #이쁘다그램 #행복 #소통해요 #샤오미폰 인스타 잘보고가요~✨ 인친해요^.^😺 인스타 잘보고가요!✌ 안녕하세요^^😺 소통하면서 지내요🏃😺
2017-05-22 00:00:00+00:00," 엄청난 #키보드 가 또 왔다. 노트북키보드만큼 크고 두껍고 ㅎㅎ #아이패드 도 세워쓰고, 작은 #샤오미폰 도 끼워쓰고..글 길게 쓸때는 무척 편하다. #키보드부자 사진이 정말 예쁘네요~팔로우해주세요~저희는 노트북,맥북,아이패드 매입 하고있습니다. ^^ 반가워요 소통 해요 😘 노트북, 맥북, 아이패드등 전자제품 매입 / 가지고 계신 전자제품 저희가 매입해드려요~^^ 맞팔해요!! 오홍-좋아보여요-😀 @longwear7410 편한데 짐입니다^^;;"
2017-05-19 00:00:00+00:00, 사람 기분조케하는 #샤오미폰 나이 25살처럼 보인다더니 뜻밖의인생샷도 건짐 🤤 흐얼 ~ 이거뭥미 ㅎ @ireneismom 직원이 샤오미 폰 샀는데 사진에 나이 인식되고 넘 잘나옴~ㅋㅋ @suggar_chloe 샤오미폰이뭐야 ㅋ @ireneismom 샤오미 라고 중국꺼있어 150불짜리 핸드폰 ㅋㅋ 근데 가성비 쵝오 ㅋㅋ 거기 이것저것 많이 나와 검색해봐 흐얼 ㅋㅋㅋㅋㅋ 카메라용으로 하나 사 ㅋㅋ 폰이 완전 이제 사기를 치네💀 @ericinmel 아놔 일루와 때리게 ㅋ @suggar_chloe 폰을 때려라👾 @ericinmel 😤😤😤
2017-05-18 00:00:00+00:00, 동네 롯시생겨서 마실 나옴.#겟아웃🎬 심장 떨어질뻔. 다리풀림#일상스타그램 #혼자놀기 #혼영🎬 #화장실샤샤샷 #데일리코디 #오늘의훈남 #흔남 #폰사진 #샤오미폰 #홍미노트3 #소통 #맞팔 🙆 잘지내시죠 행님ㅋㅋ??
2017-05-18 00:00:00+00:00, 냐하하 #기프티콘 써먹기그림 그려주고 선물받음.😍😍 #베스킨라빈스31 #레인보우샤벳 #일상스타그램 #폰사진 #샤오미폰 #홍미노트3 #소통 #맞팔
2017-05-17 00:00:00+00:00, #샤오미폰 #MIMAX #서브폰아님 #6.44인치의위엄 #동영상이장난아님 #잘휜다고함 #그래도좋음♥
2017-05-15 00:00:00+00:00, #당충전 #베스킨라빈스31 #아이스크림 #체리주빌레 #아몬드봉봉 #엄마는외계인 #먹스타그램 #일상스타그램 #샤오미폰 #폰사진 #홍미노트3 #소통 #맞팔
2017-05-10 00:00:00+00:00, 한병 더 마실까... #혼술 #혼밥 #혼자놀기 #부대찌개흉내내기 #일상스타그램 #먹스타그램 #샤오미폰 #폰사진 #홍미노트3 #소통 #맞팔 지금 먹는 거야?? 갈까??ㅋㅋ @haki820131 머여? 수유리여? @seokyoungsoo 아니여 수유리 아니여..그냥 쓸쓸해보여 장수막걸리군! ㅎㅎ @about_712 장수가 맛나지ㅎㅎ 반가워요 !!
2017-05-08 00:00:00+00:00, 요즘들어 애정하는 집앞 #스쿨피자🍕이번엔 #페퍼로니피자 다. 두끼해결!!!#파마산가루  는 거들뿐. #schoolpizza #먹스타그램 #혼밥 #일상스타그램 #폰사진 #샤오미폰 #홍미노트3 #소통 #맞팔 파마산 치즈도 블랜드 말고 마트 냉장코너에 파는 홀을 그레이터로 갈아서 넣어 먹으면 더 맛남 페퍼로니 추가해서 먹어야 진리!! @gurum_ 너무 깊게 들어가진 않아요ㅋㅋ 횽.  노량진 만약 가게되면 아이러브피자 강추.  가성비갑 맞팔할까요?
2017-05-08 00:00:00+00:00, 그 간에 그린 #그림들#일상스타그램 #취미스타그램 #일러스트 #손그림 #연필그림 #폰사진 #샤오미폰 #홍미노트3 #소통 #맞팔 나도 그려줘여 ㅋㅋ @h2pair 대충 그리면 욕 먹을꺼 같고... 고민 좀 해보자ㅋㅋ 므찌네!👍👍👍👍
2017-05-08 00:00:00+00:00, 미용실 다녀왔다. #기념샷!! #셀피 #selfie #일상스타그램 #오늘의훈남 #흔남 #폰사진 #홍미노트3 #샤오미폰 #소통 #맞팔
2017-05-08 00:00:00+00:00," 연습장들고 #스벅 ㅋㅋㅋ예전에는 모델분들 사진을 그렸는데, 요즘은 동호회분들 사진을 그린다. 많은 관심을 받아서 더신나~😍😍 #일상스타그램 #취미스타그램 #일러스트 #손그림 #연필그림 #소통 #맞팔 #폰사진 #샤오미폰 #홍미노트3 무슨 동호회?? @haki820131 그냥 친목동"
2017-05-03 00:00:00+00:00, HUAWEI 화웨이 H 블랙 12만원 (택배비 별도).구매하기 https://goo.gl/mPhSeq.한번도 안 써본 가개퐁톤 입니다. 싸게 가져가세요~ #휴대폰도 #사기없는 #안심거래 #트리플에이에서 #구매하기 #TripleA.#HUAWEI #HUAWEIH #화웨이 #화웨이폰 #화웨이핸드폰 #샤오미폰 #샤오미 #저렴한휴대폰 #핸드폰 #휴대폰 #휴대폰판매 #중고휴대폰 #가개통폰 #핸드폰중고 #중고휴대폰 #중고 #중고폰 잘보구갑니다~
2017-05-02 00:00:00+00:00, #홍대 #상수 #맛집 #바르바코아 #사장잘생김 #사진 #느낌 #실내 #식탁 #음식나오기전 #굿잡 #그냥찍음 #잘찍은듯 #샤오미폰 #미5s #일상 👍 인스타 분위기가 너무 좋아요 ! 맞팔해요 😊
2017-05-01 00:00:00+00:00, #携帯買ってもらった!初#シャオミ早く使いたいなケースも買った#要日本語変換アプリ#シャオミ携帯#gold#強化シート自分で貼れないけど#留守で黒い買い物ビニール袋に入れてドアにかけてあった#せめて管理室預けろよ#いつもは床に放置だからまだまし？#韓国あるある#샤오미#샤오미폰#홍미노트 #세휴대폰#골드#紅米Note4X 新しい携帯！ワクワクですね〜😊 @jimi.norari.kurari うれしいうれしい！しばらく良い子にしてます。 이런 감성 좋아요 ❤️ 소통해용 :)🤗
2017-05-01 00:00:00+00:00, 간만에 #셀피 #selfie.남들은 연휴시작. 나는 끝...에효... 갤럭시s8 사고 싶다. 탭도... #일상스타그램 #아아메 #오늘의훈남 #흔남 #혼자놀기 #폰사진 #샤오미폰 #홍미노트3 #소통 #맞팔 👋👋👋👋👋 @ji_yun_sun 👍👍👍👍👍 @olivia_youuu 선팔 감사합니다.^^ 자주 뵈어요~~~!!
2017-04-28 00:00:00+00:00, #불금 #혼밥 #혼술 하지만 오늘은 조금 더 신경써서ㅎㅎ. #시골에서올라온상추와 #소고기로 #한상차림 #음식스타그램🍴 #일상스타그램 #집밥 #참이슬 #폰사진 #샤오미폰 #홍미노트3 #소통 #맞팔
2017-04-27 00:00:00+00:00, 오랜만에 #팬아트 #panart#연필그림 #그림스타그램 #일러스트 #모델 #김민영 #아옳이 #민티크 #일상스타그램 #취미스타그램 #폰사진 #샤오미폰 #홍미노트3 #소통 #맞팔 맞팔하실래용^^
2017-04-27 00:00:00+00:00, #머리카락을 위한 투자 vol.2#판시딜은 거의 다 먹었고...이번엔 #어성초액 + #어성초액기스!!비누도 있지만 사진 깜박함... 다시 또 달려보자~ 😄#일상스타그램 #탈모관리 #탈모예방 #탈모인듯아닌듯 #폰사진 #샤오미폰 #홍미노트3 #소통 #맞팔 자주 소통해요 ! 오늘도 즐거운 하루 보내세요 선팔하고가요 ~! 소통하러 왔어요~~ 굿!! @godzila_market 선팔 감사합니다. 자주 소통해요~^^ @mirae_asset_mdrt 감사합니다~^^ @vitabrid12 소통하러 갈께요~~ @oh_s_kil 👍 탈모야? 벌써? @about_712 예방차원이야 ㅎㅎ 혹시 어성초액 구매 어디서 하셨어용?
2017-04-24 00:00:00+00:00, 1년만인가?#동해바다 #경포대 #여행스타그램 #일탈그램 #폰사진 #샤오미폰 #홍미노트3 #소통 #맞팔 경포대 간겨?? 힐링이다ㅔ @haki820131 ㅇㅇ다녀왔지 @hanatwinmom 시원해 ㅎㅎ
2017-04-23 00:00:00+00:00, 오늘도 달린다~😄#안양맛집 #인덕원맛집 #원조곱창 #먹스타그램 #음식스타그램 #일상스타그램 #폰사진 #샤오미폰 #홍미노트3 #소통 #맞팔 맞팔해용 @bobeeee_ 선팔 감사해요~~~😄
2017-04-18 00:00:00+00:00, #양꼬치 처음 먹어본 촌놈. 동영상으로 기념😍#안양맛집 #진달래회전양꼬치 #먹스타그램 #음식스타그램 #일상스타그램 #폰사진 #샤오미폰 #홍미노트3 #소통 #맞팔 양꼬치엔찡따오 @gurum_ 춘하추동 이라는 술이랑 먹었는데 그것도 좋더라구요😄 중국가면 벼라별 꼬치가...ㅋㅋㅋ
2017-04-09 00:00:00+00:00, #자전거 #자전거길 #광주광역시청#운동하는 예신.. #동천동#공유자전거...도깨비 공유..아님..#샤오미폰 #언제터질지 모르는게 함정.. 흩날리는 벚꽃잎 찍힌거... 진짜 대박.....!! ㅋㅋㅋ 우와 하이 반갑구요 소통해요 또 올게요!! 하이 (~_^) (^0^) 또 올게요.
2017-04-05 00:00:00+00:00, #비오는 날엔 #술 이지.#닭볶음탕에 한잔합니다.#안양맛집 #홍가네영양센터 #먹스타그램 #음식스타그램 #술안주 #일상스타그램 #폰사진 #샤오미폰 #홍미노트3 #소통 #맞팔 피드 느낌 좋네요 맞팔해요 ❤ 좋은하루되세요~~~^^ 왜 안양이여 ㅋ @dandi_english 감사합니다😄 @brow_factory2 인친님도 좋은하루 보내세요~😃 @h2pair 하는 일이 돌아다니는 일이다보니 여기저기 다님 ㅎ
2017-03-31 00:00:00+00:00," [Photo] Gender/Age detection by Xiaomi phone. What? 25 yrs old woman? Kidding me? 😑😑😑 샤오미 폰 카메라에 기본 옵션으로 성별/나이 감지 기능이 있는데...뭐시라? 25세 여자? 아 놔...나이는 둘째치고, 성별 구분도 안되는거냐? 😑😑😑ㅋㅋㅋ#사진 #사진스타그램 #포토 #포토스타그램 #셀피 #셀프카메라 #셀프샷 #사기샷 #셀기꾼 #길냥이집사 #샤오미폰 #나보고 #25세 #여자란다 #푸하하하 #엉터리 #photo #photography #selfcamera #selfphoto #selfie #xiaomicamera #agedetection #gendertransformation #wth @kurustory 대신 미세먼지도 씻겨주는 비겠죠..ㅎㅎ 주말 감성에 푹 젖어서 보내시는 것도 나쁘지 않을듯~~~ㅎㅎ @jazzk001 아니~진짜 꽃미남이세요~ㅎㅎ💕 @piman1999 ㅎㅎㅎ 늦으셨어요. 전쟁입니다~!!!🎮🎮🎮 (게임으로..ㅋㅋㅋ) @jazzk001 ㅋㅋㅋㅋㅋ👍👍👍 어우, ㅡㅡ @kang_sunje 인스타에선 우리 아는척 하지말자~ㅋㅋㅋ 싫은데. 내맘대로 할건데 ㅡㅡ @kang_sunje As Ur wish~ =P ㅋㅋ 사진멋져요 보통은 운동하면 막~ 근육운동하고 그럼 인상쓰고 그래서 몸은 막 젊어지는데 얼굴은 늙자나요~~ 근데 재즈님은 얼굴은 고우시고~~ 몸에 근육은 불끈불끈!! 이 얼마나 바람직한 상황이에요~~~^^ 샤오미폰이 주인님 기분을 좋게해주는 기능이 있는건 아닐까요~~^^ 여성은 좀 오바구~~ 나이는 참~~~ 기분좋습니다~~^^ 저희 신랑도 예전에 저런 어플이 있어서 하면 맨날 여자 나왔더랬는데~~ ㅋㅋㅋ 재즈님도 눈이 크시고~ 전체적으로 곱상하게 풍기는 이미지가 있으셔서 그런듯요~~^^ @wowstagram_official 아..감사합니다~^^ @jinha_enjoy 답글이 늦어서 죄송해요. 너무 늦게 봤어요..^^;;; 이건 당연히 샤오미 폰카의 실수죠~!! ㅎㅎ 실제로 보면 눈가에 주름이 자글자글~!!! ㅠㅠ 젊어보이고 어려보인다해도 실제 나이를 무슨수로 속이겠어요? ㅎㅎ그래도..너무 좋게 말씀해주시니 기분은 업업~!!! ㅎㅎ"
2017-03-28 00:00:00+00:00, .오랜만에 보는 투샷👫💑❤Long time no see!!!.#호주 #골드코스트 #골코 #셀카 #샤오미폰 #적응중#australia #goldcoast #selfie #couple #happy
2017-03-21 00:00:00+00:00, 처음해보는 #된장찌개. 근데 #존맛👍#집밥스타그램 #혼밥 #일상스타그램#먹스타그램 #백종원레시피 #백종원대패삼겹살된장찌개 #폰사진 #샤오미폰 #홍미노트3 #소통 #맞팔 😇 @cs__min 댓글 감사합니다.😄 😊😄 @___nii_ 👍👍
2017-03-20 00:00:00+00:00, #혼밥 #까르보네피자🍕 #존맛👍 #피자🍕 #pizza🍕 #피자스쿨🍕 #pizzaschool🍕#일상스타그램 #먹스타그램 #폰사진 #샤오미폰 #홍미노트3 #소통 #맞팔 피자는 페퍼로니가 최고!! ㅎㅎ @gurum_ 그럼 담엔 그걸로 해볼께요ㅎㅎ 와 대박~~!! @grandnim 감사합니다~😄 다먹어 혼자? ㅋㅋ @h2pair 한번에 못먹어ㅋㅋ 혼밥은 피자지! @jyudaeng 두끼나 해결해주는 혜자템.
2017-03-20 00:00:00+00:00," [Workouts & Photo] Shoulders on Monday morning. It's done. Hahaha~😆😆😆 Btw, so big...this mobile phone...📱📱📱오늘은 어깨운동. 스텝이 알려준대로 사이드 레터럴 레이즈를 드롭셋으로 시전하니 효과가 있는듯. ㅎㅎ 월요 아침운동 클리어~! (Mi Max 크긴 크다. 한 손으로 찍으려니 흔들려서 원...😅😅😅)#운동 #운동스타그램 #헬스 #헬스타그램 #피트니스 #피트니스그램 #짐 #짐스타그램 #월요운동 #아침운동 #어깨운동 #운동하는일반인 #운동하는직장인 #다이어터 #샤오미폰 #완전큼 #gym #gymstagram #fitness #fitnessgram #health #healthstagram #workout #workouts #exercise #exercises #shoulders #dieter #xiaomimax #sobig Super 👍 피드잘봤어요^-^ @zecr1 Thanks a lot~!!! =) @fh_classicdog 네. 감사합니다~ =) 구도가 잡지 인터뷰할때 쓰는 사진같아요!! 진짜 잘 찍으셨다는!!👍 so inspiring! @bellboystudio_alicia 폰이 좀 커서...😅😅😅 두 손으로 잡아서 찍었어요...ㅋㅋ 늘 잘봐주시니 고마워요~😄 @fuson_kp Really? Thanks~😆 Very cool! great! 😘 @jaklmh So appreciate~😄 @summershinie Haha...Thanks a lot~😆"
2017-03-19 00:00:00+00:00, #샤오미폰..날 22세 여성으로 봐주고 있다.푸핳핳핳 저거 뭐야??? 샤오미에서 저런게 가능해??? @barista__d 껒....... @sami3277 샤오미폰입뉘덩 캬캬 귀여운눔❤️ 홍미노트3프로스페셜 @ro_ocv  로로 또보쟝 😘 @kkanjjo 넘나 흥미로움ㅋㅋㅋ 정신연령ㅋㅋ
2017-03-16 00:00:00+00:00, 저녁에 #삼겹살 먹어서 #칼로리 소모용 #런닝! #술 은 자제함.#성남 #탄천 #NRC #nikeplus #다이어트#샤오미폰 #화질 #구려서 #좋은점 이 있네 ㅋㅋㅋ 좋은하루되세요~~^^♡ 흑...나도 오늘 삼겹살 @kimgood91 이제 식욕좀 돌아왔구만!ㅋㅋㅋ 형 왜이렇게 잘생겨져감? @byeongwank #샤오미폰 × #어두움 = #셀기꾼 :)
2017-03-14 00:00:00+00:00, #낮술이란 나에게?? #퇴근후 #치쏘맥 #호치킨하우스건대점 #일상스타그램 #폰사진 #샤오미폰 #홍미노트3 #소통 #맞팔 최고👍 @heojinsam 감사합니다👍👍
2017-03-12 00:00:00+00:00, #화이트데이선물..#일상 #데일리 #화이트데이 #사탕 대신 #휴대폰 잘가라 고물딱지 #아이폰 아ㅋㅋㅋ #적응중 #샤오미폰 #홍미노트4x #홍미노트 #핑크 #선물 #고마워 😍  #데이트 #럽스타그램 #샤오미폰 #좋으네 😊 우리의 두번째 #커플폰 #알라뷰 #땡큐 핑크안좋아하는데. . 받고나서 #대만족 잘보고갑니다! 대박!!!!! 나도 화이트데이 선물은...폰으로 시킬까 ㅋㅋ @naomi0517 내아이폰은 고물ㅠㅠ 남편님 소환!!!!! 여자여자하게 ^^~ @hj_0911_ 여자는핑크라고하셨지😋 야살아있었노???????? 오 역시  샤오미폰 👍🏻 내가 저거 산다햇는데 다들 말렷어요.. 에휴 잘보고가요~ @yeon93ji 나도첨에반대함ㅋㅋㅋㅋㅋㅋㅋㅋ근디좋은데?????? @s2_yeon2 당근좋죠ㅠㅠㅠ 좋아ㅠㅠㅠ담엔 꼭 바꿀꺼에요 샤오미아니면 화웨이폰 샤오미폰???????????? @bom_0811 기랭기랭ㅎㅎ 사진 잘봤어욤ㅎ 소통해요><
2017-02-28 00:00:00+00:00, #무한리필고기집에서 #계란말이 부치는 남자#일상스타그램 #폰사진 #샤오미폰 #홍미노트3 #소통 #맞팔 잘보고가요~~~맞팔해요ㅎㅎ 소통하고싶어요~ 인스타 자주 놀러올게요^_^ 잘한다 오빠 ㅋㅋ 계란말이 어제 저녁에 망했어 난 ㅜ ㅋㅋ @qawse22 감사합니다😄 맞팔ㄱㄱ~ @figure_mania_ 감사합니다. 자주 들려주세요~😀 @h2pair 쉬운게아냐 ㅋㅋ
2017-02-27 00:00:00+00:00," #샤오미에 빠진 울집샤오미에 빠져드니 다 사고싶군대륙은 대단해👍🏻👍완전 스마트함어플로 천장등, 조명등 다 조절가능함램프 색상도 다양하고완전완전 #워너비아이템 #인생템디자인, 기능, 질 대만족✌🏻노트북도 빨리 도착하길애플에서 샤오미로 갈아타기#샤오미폰 #홍미노트4x #샤오미홍미노트4#샤오미이라이트 #샤오미조명 #샤오미램프#샤오미천장등 #샤오미led전등 #샤오미스마트라이트#샤오미전기자전거 샤오미 쇼핑하로 중국가야것네🇨🇳🛫 안녕하세요:)소통해요🌟 잘봐써요` 발도장~콕! 남겨요~😸"
2017-02-27 00:00:00+00:00, #밥 보다 #술 이다!!! #혼술 #혼남 #혼밥 #서울막걸리 #일상스타그램 #폰사진 #샤오미폰 #홍미노트3 #소통 #맞팔 구경 잘 하고 갑니다! 또 올게요~ @youngseouk.choi 감사합니다. 저도 자주 들릴께요~😄
2017-02-10 00:00:00+00:00, 이건 #무섭다 #샤오미폰 #카메라기능짱 . . #찐따 #셀카쟁이 #중국폰 #샤오미 #혼자놀기잼 #시간널널 #소통 #일상스타그램 #수정구뉴스킨 #신흥동뉴스킨 #뉴스킨미소리
2017-02-08 00:00:00+00:00, #양산횟집 #스키다시 수준#출장중 #일상스타그램 #회식 #낮술 #폰사진 #샤오미폰 #홍미노트3 #소통 #맞팔 아직도 양산이야??ㅋ @haki820131 ㅇㅇ. 아직;; 함께 소통해요~🎉 대--------박!! 나도 한상 차려줘봐 ㅋㅋ 인친해요 ~ 들렸다갑니다👍✨ @89jino 감사합니다^^
2017-02-08 00:00:00+00:00," 와아! 대륙의 실수, 샤오미!샤오미에서 폰까지 출시하넹!직접 만져보니 사용스펙도 짱좋고 가격이 무엇보다 매력적이넹!! 메이드인차이나, 이젠 쉽게 무시못하겠넹. ^^; ...#샤오미폰 #샤오미핸드폰 #샤오미미맥스 #대륙의실수샤오미 샤오미 좋나요? 가격대는? @jiyene8805 넹~  28만5천 원~~^^ 누나 하나 지른거?ㅋㅋ @donghyo_kwak_ 내껀 아니공~ 지인이 샀길래 만져본거ㅡ감탄함~ 대륙이 이제는 진화를 시작 했어요. 우리 텔라님은 더 좋은거 사용하세용.."
2017-02-06 00:00:00+00:00, #혹시 #중국 사시는분 계신가요?#샤오미폰 중국에 AS보내고 싶어요. #ㅠㅠ
2017-01-20 00:00:00+00:00, #술안주 #모듬수육 #부산옆 #양산 #돼지국밥집 #출장중... 서울가고 싶다😭😭#일상스타그램 #소통 #맞팔 #샤오미폰 #홍미노트3 #폰사진 소통해요~😄 좋아요누르고가용💓🎉 사진 잘보고가요!✨ 좋은 하루 되세요🏃🏃 부산 갔구만..시간되면 감천문화마을이나 동백섬도 가보고..ㅋ 잘봤습니다! 팔로워 신청 해두될까요?🙇 @skinnylinewee 소통 좋아요~😄 @doitkong 감사합니다~😍 @woosung.k 감사합니다. 맞팔ㄱㄱ @haki820131 일하러 왔는데 일요일도 없어ㅋㅋ @ilovecat1004 감사합니다. 맞팔갈께요.😄 잘 구경 하고 가요👍 @kisiklee 감사합니다~👌
2017-01-04 00:00:00+00:00, 낮술하고 #후식은 #커피 지~#공짜라 더 맛있다.😍😍#혼남 #혼자놀기 #데일리그램 #일상스타그램 #이디야 #아아메 #쿠폰신공 #폰사진 #샤오미폰 #홍미노트3 #소통 #맞팔 😊함께 팔로잉해욤 @hana184521 바로 맞팔가요😄 느낌있게 잘 찍으셨네요~~^^!😸😸 @yeorector 감사합니다~😄 똥손이 실수를 ㅎㅎ 좋은 사진 보고갑니다~~ 😺 @im_bonitanail 감사합니다~😄
2017-01-04 00:00:00+00:00, 오후3시. 술은 역시 #낮술 이지😍일찍 퇴근하고 늦은 점심 먹으러 왔어요. #데일리스타그램 #일상스타그램 #혼술 #혼밥 #순대국 #막걸리 #집앞단골 #소통 #맞팔 #폰사진 #샤오미폰 #홍미노트3 대낮부터 낮술이야..ㅋㅋ @haki820131 대낮이니까 낮술이지ㅋㅋ 일찍 끝나서~ 😌👋🏻 사진잘보고 갑니다~ 서로 소통하며 지내용!👌 @ramholic09 😀👋 @eess7891_ 감사합니다😄 소통 좋아요~👍👍 장수는 탄산이 너무 많아 ㅋㅋㅋ @gurum_ 그래도 장수!!!😍 사진 잘보고가요~👏 좋은 하루 되시고요👍✌ @yangbbak81 감사합니다~~😄
2017-01-03 00:00:00+00:00, #새해를맞이하며 투블럭 청산하고 시원하게 밀었습니다. 시..시원해야 하는데 넘 춥네요...😅 어플만세!! 🙌#데일리그램 #일상스타그램 #머리스타그램 #폰사진 #샤오미폰 #홍미노트3 #소통 #맞팔 맞팔해요 ~~ 인스타 사진 잘보고가요 ^^ @preciousonepearl 감사합니다. 맞팔가요😄 구경하다가 들려요^^ 소통하며 지내요! 후???ㅋㅋㅋㅋ새해복마니^^ @songhyun0482 감사합니다~~~ @misun064 누나도 복많이😄 새해복많이받아-!! 여전하네 늙지않았어!ㅋㅋㅋ @ji_yun_sun 너도 복많이받아~~~덩크형한테 전해주고^^ 또 놀러올께요~ 🐾🐾 @onlbysori 감사합니다~😄 좋은데요~^^😸✨ @tov_love 감사합니다~😄
2016-12-23 00:00:00+00:00, 삼...삼겹살이 먹고 싶었다...😭 #혼밥 #데일리스타그램 #일상스타그램 #집밥스타그램 #자취남요리 #폰사진 #샤오미폰 #홍미노트3 #소통 #맞팔 스팸은 약~중불에서 익히고 그래야 ㅎㅎㅎㅎ @gurum_ 스팸은 거들뿐이요ㅎㅎ 괜찮으시다면 팔로우 해도 될까요?👏😄 @hasvoice 어이쿠~ 감사합니다. 선팔할께욥!!👌😄 맞팔 신청 해두 될까요?! 피드느낌 좋아요 ~굿!😺 인스타 잘보고 갑니당!!ㅎㅎ 맞팔 신청 할게요 >< @mono_j_ 당연하죠~😄감사합니다. @soosoo_padam 감사합니다. 인친님 사진들도 멋져요~👍👍 @desertoasis_ 감사합니다~😊 ㅋㅋ #혼밥 공감가요^^ 맛있게 드세요~ @solhong21 감사합니다~😄
2016-12-22 00:00:00+00:00, 4년째 일려나?? 눈비올때 줄창 신었더라는 애증의 #워커... 눈올때 많이 넘어져요😭😭 #호킨스 #저렴이 #신발스타그램 #데일리스타그램 #일상스타그램 #폰사진 #샤오미폰 #홍미노트3 #소통 #맞팔 @_flyday_lookbook 감사합니다😄 옷들이 이쁘네요~👍 관심사 비슷하신거 같아요 반가워요 선팔드리고 가요^^✌😺 @sangtak__lee 감사합니다~😀. 일하시는 인스타사진 멋지시네요~👍👍 @varisonc 선팔 감사합니다😍 자주 소통해요. 맞팔갑니다😄 반갑습니다:) @markshin1 저도 반갑습니다~😊 @verrekr 오.. 감사합니다. 맞팔갈께요!! @converstagram 👍👍
2016-12-18 00:00:00+00:00, 올해 마지막 #영화감상. #판도라. #kt #vip 잘써먹었다옹..😄 #재난영화 #국산영화 #메가박스수유 #일상스타그램 #혼자놀기 #폰사진 #샤오미폰 #홍미노트3 #소통 #맞팔 선팔하고가요 ^^ 맞팔와주세요 @bawiseomgadeun 감사합니다.😄 지금가요~👍 반가워요 ~ 소통하며 지내요!!🙇👌 @ikikinailshop 저도 방가워요~ 소통좋아요~😍 사진들이 좋네요 :)😄😄 @lovesome_celi 감사합니다😄 인친님 사진도 좋아요!!👍👍 오라비 혼자보지마셔요ㅠㅠ @haha2mom 영화는 혼자봐야 제맛...😂😂 근데 판도라 잼없어...😔😔
2016-12-16 00:00:00+00:00, #불금 이지만... 난 혼자 논다!! 맨~😂😂#혼남 #혼자놀기 #아메 #이디야 #일상스타그램 #폰사진 #샤오미폰 #홍미노트3 #소통 #맞팔 혼술해 오빠 ~ @h2pair 혼술하고 커피마시는거야ㅋㅋㅋ 기분이 애매해~😃
2016-12-13 00:00:00+00:00, 오늘은 카레를 해보았습니다. 에고 허리야...#카레 #3분카레아님 #백선생레시피 #요리스타그램 #집밥스타그램 #음식스타그램 #혼밥 #혼남 #맛있다 #폰사진 #샤오미폰 #홍미노트3 #소통 #맞팔 @seokyoungsoo팔로했어요~! 맞팔부탁드려용^.^ 카레 3분 요리 사서 끓이면 되는 거 아님?? @angelpsm 감사합니다. 자주 소통해요~😄 @haki820131 요리를 알어?😒 맛의 깊이가 다름. 그리고 누가 3분카레를 끓이나? 그건 데워먹는거야!! 데우려면 물을 끓여야 한다는 얘기였음.ㅋ @haki820131 ㅋㅋ 전자렌지써 멋지네요!! 소통하고시퍼요! 😯 오 나도오늘카레였는디ㅋㅋㅋㅋ @nungcul 감사합니다. 소통해요~😄 @bamibomi ㅎㅎ카레!! 쉽고 맛나고~😍 장가만 가면 딱인데--!! @haha2mom 이제는 그냥 혼자가 편해...😭
2016-12-11 00:00:00+00:00," -겉보기엔 한국폰이랑 차이못느낌5.7인치 크기4GB 램, 저장공간 64GB아이폰과 비슷하나 안드로이드 기반의 폰순정롬을 버리고 글로버롬으로 갈아타서걍 한국폰으로 재탄생!!초반세팅이 다소 어려우나 큰 산 하나만 넘으면 다른세상~♥♥♥♥가격은 41만원 (관세포함)수리는 자가수리로^^해야하는 단점!사설업체에 맡기면 수리가능~^^아는분은 자가수리로 액정+겉케이스 교체하는데 4만원 들었어요.국내폰이었다면 15만원 이상의 가격..ㅎㄷㄷ휴대폰 바꾸실 계획있으시면 샤오미 좋은거 같아요^^추가적으로 폰바꾸면서 신규가입한 헬로모바일 3만3천원으로 무제한요금제로 갈아타서 당분간 유지비가 적게들며 생활할 수 있을거 같아요다들 호갱님 되지맙시다♥..#중국직구 #휴대폰추천#대륙의실수샤오미 #샤오미폰 #미5s플러스 #듀얼유심#듀얼카메라📷 #초음파지문인식 #스냅드래곤821 #안투투벤치마크#현재5위 #헬로모바일 #3만3천원 #kt망 #강력추천👍 오 샤오미다 @yiyoung_12180224 좋다샤오미ㅋㅋ"
2016-12-11 00:00:00+00:00, 간만에 고기!!! 우리빌라 1년동안 반상회비 내는걸로 연말에 송년회한다네~~~#돼지갈비 #고기 #먹스타그램🍴 #음식스타그램 #반상회중 #폰사진 #샤오미폰 #홍미노트3 #소통 #맞팔 와우!! 소통하고싶어요!✨ 고기반찬~!!!!! @gurum_ 반찬은 고기반찬이죠!😍😍 @91.bw 넵.감사합니다.😄
2016-11-30 00:00:00+00:00, 샀다... 아~ #웃프다... #판시딜 #2일차 #탈모고민 #투자 #데일리스타그램 #소통 #맞팔 #폰사진 #샤오미폰 #홍미노트3 추가하구용 @bbaabboo2 살짝 걱정되서 비타민 먹는셈 치고 샀지요ㅎㅎ 자주 놀러올게요~🙏 @jay_ynh 감사합니다~👍 매력있는 사진이네요!👌😸 @blankismall 감사합니다.😂
2016-11-30 00:00:00+00:00," 매일 #혼밥 #혼술 하지만 오늘은 조금 신경써서ㅎㅎ. 먹다보니 상추가 아쉽다... #음식스타그램🍴 #집밥 #참이슬 #대패삼겹살 #폰사진 #샤오미폰 #홍미노트3 #소통 #맞팔 그런 거 먹을 때는 좀 불러라..ㅋㅋ 츰이슬 역시 경수도 노인네가 되어가나? ㅋㅋㅋㅋㅋㅋㅋ 쐬주 좋지 아주좋아 @haki820131 부르면오나?ㅋㅋ 학륜이라면 올수있겠지만ㅎㅎ @gurum_ 형 저도...😭 요즘은 머리 빠.지는것도 고민해요... @haki820131 야 쓰레기!!!! 잘먹고 잘싸냐? ㅋㅋㅋ @seokyoungsoo 오 지저스 벌써탈모라니ㅠㅠ 오빠 혼자 살아?😐 이것도 혼밥이야?!' 멋지다 오빠 @gurum_ 미리 투자입니다. ㅋㅋ @yeonju_pp 혼자 산지 5년 다되가... 😭 @h2pair 있을건 다있는 우리집. ㅎㅎ 불판도 있다!! 가끔은 제대로 먹기도해😄 우와!! Good Good~💕,"
2016-11-24 00:00:00+00:00, #노을#야근 하다가 넘이뻐성밖에나와서 사진찍는데 넘춥다ㅜ#직장인스타그램 #야근스타그램 #부산 #하단#샤오미폰  카메라는 음... 카메라좋은거같은데!!!!!! 그림같다야
2016-11-21 00:00:00+00:00, 눈빠지게 기다리던 #홍미노트4  가왔댜댜댜댜🙋🙋🙋 새폰이다새폰!! #샤오미 #샤오미폰 #redminote4 #가성비갑 나도 #샤오미스토리 정모 가고싶구냐#엘지클래스 안뇽~~~ 저걸로바꾼거여???? @yunjichu 케이스가안와서 모셔두고있당ㅋㅋㅋ 진이 새폰 산거야?? @jj_jeongmi 옹옹옹!!!우리만날때자랑하마!!!!!🙋🙋 홀 샤오미!
2016-11-10 00:00:00+00:00, 샤오미에서 만든 공기청정기달린 마스크 클라우드펀딩으로 한 번 충전으로 4시간 사용선풍기달린 마스크 ㅋㅋ 미세먼지 여과율 99% 대박 조짐 #샤오미 #마스크 #미세먼지 #신상 #99%여과 #공기청정기 #IT #신제품 #크라우드펀딩 #이건사야해 #웃겨 #대박 #호흡기질환 #예방 #공감 #샤오미신상 #샤오미폰
2016-11-01 00:00:00+00:00, 집중#샤오미폰 #여행#사진#italy
2016-11-01 00:00:00+00:00," KT 쓴지 6년만에 첨 VIP!!!탈탈 털어먹을테다. ㅎㅎ#kt #vip초이스 #혼자놀기 #하수 #혼영🎬 #문화생활 #마블 #닥터스트레인지 #쿠키2개 #폰사진 #샤오미폰 #홍미노트3 #소통 #맞팔 @puretosui 감사합니다.😄😄 @00cube00 니 댓글보고 2개다 봤지😄 땡큐!! 잘 도착했지? 아프지말고 건강히 잘지내다 보자😊 @haki820131 혼자보면 개집중ㅎㅎ 언능 챙겨봐 볼만해ㅎㅎ 어마어마한 상상력을 보고왔다😲 혼자 영화보고! 이 아줌마는 부럽기만 하네!!!ㅎㅎㅎ @about419 독거남이 이런 여유라도 있어야지😢 혼자가, 제일 좋더라.......:;; @about419 그래도 가족이 최고👍👍 혼자 밥먹는데 슬퍼😢😢 사진 예쁘네요^^* 소통하며 지내요~😺 사진들 잘보고 갑니닷~~😃 @eopse_yug 감사합니다😄 그럼 제가 선팔을 딱👌👌 @nasky1107 소소한 유머도 한 몫한 영화😁😁 @bamsnail 감사합니다😄😄"
2016-10-31 00:00:00+00:00, 로마 거리를 거닐다 잠시#샤오미폰#여행
2016-10-26 00:00:00+00:00, 오늘도 난 고기 앞에서 정신을 잃고.. 맛없어보이는 사진은 #샤오미폰 탓으로 돌려본다.#삼겹살 #목살 #생갈비살 #고기천국 #일미락 #성수동맛집 #고기#pork #meat #koreanfood #food #foodie #foods #foodstagram #foodporn 앞으로 이따금 오겠습니당 덧글 쓰고 가용^....^ 헐...... 나도고기ㅜㅜ @naeunmi 가자 성수에서 걸어가면돼~ @ryongh 성수였니?😢 가쟈가쟈 고기파티 여기 진짜 맛나두만요 @angie__lee___ 그쳐그쳐 완전 맛나드라구요~ 댈님은 제주도에 계시니 맛난 흑돼지 많이 드실 수 있겠어욤 ㅋㅋㅋㅋ
2016-10-26 00:00:00+00:00, 술도 취하고 이러고 논다...#궁상 #인형뽑기 #포켓몬 #피카츄 #만원짜리 #폰사진 #샤오미폰 #홍미노트3 #소통 #맞팔
2016-10-26 00:00:00+00:00, #케이준치킨샐러드 #대지극장 #폰사진 #샤오미폰 #홍미노트3
2016-10-20 00:00:00+00:00, 내생에 최고의 조합!!!#공감 #일상 #폰사진 #샤오미폰 #홍미노트3 #맞팔 #소통 엄지척:o 맞팔해용🙏 @st__academy 감사합니다.맞팔가요~😊 느낌 좋네요:) 맞팔합시다😄 @greenlight_nowon 아. 저 수유 사는데 선팔 감사합니다. 홧팅!!!😄😄 느낌있는 사진들이 가득해용~ 맞팔해요^^ 인스타 잘보고가요!!🙇 소통해요~😃 케찹은 하인즈케찹이 갑이짘ㅋㅋㅋㅋ 멋져요👍 @geunhoo89 감사합니다. 맞팔ㄱㄱ☺☺ @kulorenji 에고고.. 감사합니다. 맞팔가요~😄😄 @gurum_ 저는 머 다 비슷비슷ㅎㅎ @kim_da_hyun_08 인친님도 멋져요~👍👍
2016-10-20 00:00:00+00:00, 새벽 3시. 술 땡김에 간단하게 시작했는데 은근 손이 많이 간다.😨😨😨#야식 #혼술 #쏘야 #일상 #참이슬 #폰사진 #샤오미폰 #홍미노트3 #소통 #맞팔 @dodhahes 감사합니다. 저도 잘부탁드려요~😄 구경 잘했습니다 @otoko_joe1 에고... 감사합니다😄😄😄 @seokyoungsoo 굿밤이여!😁 @otoko_joe1 넵. 😄 번창하세요. 응원하겠습니다~👍👍 선팔해요~ 앞으로 잘 부탁드릴게요 :-) @hiri24 감사합니다~ 저도 잘 부탁드려요😊 사진 잘 보고 가요🎉 @daehanbeer 감사합니다.👍👍 @nasky1107 혼술 하다보니 안주에 관심이ㅎㅎ 아놔 먹고싶잖아😂😂😂😂 @namjun_kang 아하하ㅋㅋ 형 잘재시죠?😊😊
2016-10-04 00:00:00+00:00, #독일맥주 #맥주 #뮌헨 #munchen #2리터 넘음 #하나만먹어도 #배불러 #홍미노트 #샤오미폰 보다 큼... 사진 느낌이 좋아요ㅎㅎ 저희 망고넛츠 인스타에도 한번 놀러와주세요~ 🎉🙇 ⭐ you made my day thx ⭐ Hast du Interesse an einem Partnerprogramm? 👀 @glowybox_jewelry 😎👍
2016-09-29 00:00:00+00:00, 깜깜한 밤 2시. 24시간하는 #역전우동 넘나 좋은것😄 #옛날우동 #야식 #일상 #폰사진 #샤오미폰 #홍미노트3 #소통 #맞팔 @nasky1107 따뜻한 국물이 생각나서 들어갔는데 완전만족😀
2016-09-24 00:00:00+00:00, 사실은 무표정ㅎㅎ#조카바보 #조카스타그램 #스노우카메라 #샤오미폰 #홍미노트3 #일상스타그램 #소통 #맞팔 조카바보
2016-09-24 00:00:00+00:00, #대리님 #샤오미폰 으로 찍은#셀카 싱기방기 나이도 나오는데19세~25세 로 나옴ㅋㅋㅋ기분째짐 😁😁😁😁😁폰 조으다#그러고보니오늘토욜마지막출근#마지막토요일#일상#주말#셀피 19세로나온거?ㅋㅋㅋ마지막마눌출근배웅하고 오는길에 눈물나드라 눈물이라니!! 푸하하하하😂😂😂😂😂😂😂 @jeh0822 1주일 더 남았으ㅋㅋㅋㅋ 언니그만둬요? @shin.sarang 응 이번달까지만 일해ㅜ 믄데믄데 다 그만두노ㅜㅜ @foxyumjjang 쌤ㅜㅜ 그렇게 됐어영ㅜ @amy___jang 사진빨이닷!!ㅋㅋ 나도 사랑행🙆 @amy___jang 또거짓말하네... @wooooojjooooo 시끄려 눈 아프다면서 핸폰은 잘만본다 너어🤔 오디유니폼이요래 화려하죠^^?
2016-09-22 00:00:00+00:00," 허리에  맞추자니 통이 좁고, 통 넓히자니  줄줄  흘러내릴듯... #잭앤질 #슬랙스 #사이즈고민 #저려미 #쇼핑 #옷 #유니클로오버핏크루넥반팔티 #아디다스슈퍼스타 #폰사진 #샤오미폰 #홍미노트3#소통 #맞팔 선팔하고 갑니다 소통해요~!"
2016-09-20 00:00:00+00:00, #명절그램 #친척동생들과너네도 컸지만 나도 늙었다ㅜㅜ#샤오미폰 처음봤어 화질은 이정도ㅋㅋ 오히려 맘에 드는 화질 노림수화질 이뿌군
2016-09-16 00:00:00+00:00," ,#샤오미폰 생각보다 화질 좋다. 근데 화면 너무 눈 아픔 😭😭😭 오오 구매 ㄱㄱ"
2016-09-11 00:00:00+00:00, 일주일에 한번씩보는 조카.  볼 때마다 신통방통하다.#소통 #맞팔 #조카스타그램 #조카바보 #폰사진 #샤오미폰 #redmi 아직 아이폰 안 고쳤냐?? 근데 애는 빨리 큰다.. @haki820131 아이폰 못고쳐 액정.메보 다나감. 아이폰7 고고 @haki820131 노트7  살꺼야 폭탄을??!! @haki820131 그래서 지켜보는중
2016-08-18 00:00:00+00:00, #이정태폰 #샤오미폰 #히트다히트 이정태폰 ㅋㅋㅋㅋㅋㅋ 실물이나아 모자이크 1표
2016-08-09 00:00:00+00:00," 치킨은 언제먹어도 맛있지만 새벽에 먹을때가 제일맛있다!!!#야식 #치킨 #치맥 #나오는뱃살 #새벽3시 #폰사진 #샤오미폰 #홍미노트3 #소통 #맞팔 아놔 ㅋㅋㅋ 학륜이한테 샤오미 받은겨?? @haki820131 ㅇㅇ 완전 맛있어보여~~~ @huijung.kim.35 맛은 최고ㅎㅎ뱃살이걱정이지ㅋㅋ ㅋㅋㅋㅋㅋ 😄 , ☺️"
2016-08-08 00:00:00+00:00, #taipei#tanshui#노을#홍미3#스냅#샤오미폰홍미야 이정도면 선전한거다 ㅋ 예쁜 피드 잘 보고 갑니다 :) 소통해요~:-)😺 @palan_taeho@shw8889 감사합니다~ 펜팔해요~:)
2016-07-31 00:00:00+00:00, #샤오미폰 #화질짱 #겁나좋음 #샤오미
2016-07-30 00:00:00+00:00, #샤오미폰 장난아님👍나 20살이라 해줬어 🙈#사랑해요 #요폰좋네 😆#카메라 #셀카 #셀피 #샤오미 #핸드폰 우와 ㅋㅋㅋㅋ 내 얼굴 하면 50 나오는건 아니겠지...ㅋㅋㅋ 폰 잘못샀어!!! 😆그러니 나한테 남겨 🙈🙈 소통해요😀 @khi1108 언니 안웃으면 무조건 20대요😆😆 @_justina_kim 저도 아는오빠폰으로 한거ㅋ 어찌나가져오고 싶던지요😎
2016-07-15 00:00:00+00:00, Hello from Bali Flamingo🌼.샤오미로 촬영한 현장 스케치 사진입니다😘 개성있는 중국인 부부와 함께 한 즐거운 스냅촬영 사진은 이번 주 내로 업데이트 됩니다⠀⠀⠀⠀⠀⠀⠀⠀⠀⠀⠀⠀⠀⠀⠀⠀⠀⠀⠀⠀⠀⠀⠀⠀🌺kakaotalk & wechat : yumiinbali ⠀⠀⠀⠀⠀⠀⠀⠀⠀⠀⠀⠀⠀⠀⠀⠀⠀⠀⠀⠀⠀⠀⠀⠀⠀⠀⠀⠀⠀⠀⠀⠀⠀⠀⠀⠀⠀⠀⠀⠀⠀#발리 #발리여행 #발리스냅 #발리허니문 #허니문스냅 #유미인발리 #yumiinbali #studiomaehok #카톡문의 #카톡yumiinbali #플라밍고 #플라밍고튜브 #발리풀빌라 #사마베풀빌라 #오션뷰 #여름휴가 #샤오미폰 # xiaomi #flamingofloat
2016-06-22 00:00:00+00:00, #리츠칼튼발리 에서 함께한 #1인스냅 #발리힐링여행 #현장스케치 입니다 :D#발리스냅 은 카카오톡 #yumiinbali 로 문의하세요.  #사마베발리스위트빌라스 리츠칼튼 손님 프로모션 중입니다! 😆#샤오미폰 #스튜디오매혹 #여행스냅 #발리스냅사진
2016-06-09 00:00:00+00:00, #accstore #accsesories #accessory #샤오미 #샤오미액션캠 #샤오미선풍기 #샤오미블루투스스피커 #샤오미미밴드 #샤오미캐리어 #샤오미셀카봉 #샤오미직구 #샤오미보조배터리 #샤오미폰 #샤오미나인봇 #小米 #小米运动相机 #xiaomi #小米手机 #샤오미폰직구 #직구 #직구대행 #직구스타그램 lGRAMSLlKE.com is the number 1 method to recieve 10K+ new fans! What are you doin? Visit today! 😑
2016-06-06 00:00:00+00:00, #강원도#영월#샤오미폰
2016-06-03 00:00:00+00:00," 6월 3일 사마베 발리 풀빌라에서 촬영한 #커플스냅촬영 현장 스케치 💑💞📷 귀엽고 발랄한 커플의 #러브케미 돋는 스냅샷이에요. #사마베 #리츠칼튼발리 손님에게 프로모션 중입니다 :) #스튜디오매혹 에서 행복한 순간을 추억으로 남기세요. #발리스냅 #발리허니문 #발리스냅패키지 #yumiinbali #STUDIOMAEHOK #샤오미폰 #xiaomi @jhh6724 네,  감사합니다 :D 오늘 조심해서 돌아가시고 예쁜 사진들 곧 보내드릴게요! 😀"
2016-06-02 00:00:00+00:00, Romantic #honeymooners with #STUDIOMAEHOK at #samabe Please contact Studio MAEHOK for shooting your beautiful moment. #yumiinbali #baliweddingphotographer #balisnap #스튜디오매혹 #셀프웨딩 #발리스냅사진 #발리스냅 #사마베 #스냅사진프로모션 #샤오미 #샤오미폰 #xiaomi Inspired by your pic! ✨ @bali_blessing_cards Thank u 😀
2016-05-03 00:00:00+00:00, #핸드폰 에 #쓱 붙이기만 하면되는#스티커카드#롯데카드#교통카드#샤오미홍미노트3 #홍미노트3#샤오미폰
2016-04-27 00:00:00+00:00, 오 생각보다 괜찮다 난 #g5 인데 #샤오미폰 은근 좋네~#셀카 시에 #나이 인식이됨
2016-02-28 00:00:00+00:00, 오랜만에 아침부터 알차게 보낸 Feb.27💕뷰티케어.스터디.먹방까지~!! 샤오미폰이 20살 Female로 인식한당~꺄르르😘 #브로이바네하임#수제맥주#수제소세지#화랑대역#기찻길#흑맥주#홍대입구 쇼콜레움#쿠키#샤오미폰#셀카#코리아나 뷰티센터 데이뚜 ? ㄴㄴ~ 그동안 못해떤 스케쥴 몰아서 하기~ㅎ
2016-01-19 00:00:00+00:00," 샤오미 홍미노트 3를 샀다.우려와 달리 쓸만하다.하긴 가격이 국산폰에 비해,얼만데 뭘더바래.. 이젠 자국민들 눈탱이치는폰호구에서 영원히 벗어난다.근데 카메라가 나이를 인식하는데,쫌 더 아래에서 찍으면,이러다 환갑도 나오겠네.. #홍미노트3 #샤오미 #샤오미홍미노트3 #샤오미스마트폰 #샤오미홍미노트 #홍미노트 #샤오미폰 #샤오미홍미노트프라임 #자급제폰 #공기계 오 나도 홍미3 살까해서 보고있었는데 ㅋㅋ @1983.08.18 그래? ㅎㅎ써봐 괜찮아!"
2016-01-19 00:00:00+00:00, #안녕 #샤오미 친구들? #좁쌀 친구 안녕? 😆😆😆😆 #샤오미폰 에서 #좁쌀아이디 보고 겁나 빵터졋던 1인 ㅋㅋㅋㅋㅋㅋㅋㅋㅋ  스피커 쓸만해요??? 스피커 하나 장만하려하는데 @0825v 적극추천이요! 뭐... 샤오미스피커2세대 라고 하는데 진짜 괜찮은거 같아요
2016-01-10 00:00:00+00:00, 홍미 노트3로 찍은 셀카~~ 색감 진짜 잘나오넹 👍🏻 입술 예쁘게 나와서 맘에 드는 사진 👄#태국 #파타야 #시암베이쇼어리조트 #풀장 #수영장 #수영복 #원피스 #칼이석태 #여행 #출장 #촬영 #pattaya #thailand #resort #pool #swimwear #kaalesuktae #dailylook #데일리룩 #뒷태 #뒷모습 #리조트웨어 #셀스타그램 #셀피 #selfie #selstagram #셀카 #홍미 #샤오미폰 #redme 🏃👍 놀러왔어요! ^^ 자주 소통해요!🙇🙇
2015-12-29 00:00:00+00:00," #usb#충전선#핸드메이드#한땀한땀#한땀한땀장인정신 @hyunsangcho83 가  장인정신으로 차량 남바까지 넣어서 만들었다고""""""""""""#안드로이드 #5핀 케이블#usb케이블#usb케이블선 #샤오미폰#홍미노트3"
2015-12-29 00:00:00+00:00, #샤오미 #홍미노트2 #홍미노트 #샤오미 #스마트폰 #샤오미폰 #redminote 네... @wony22 ㅋㅋㅋㅋ 한달걸룠네여 ㅋㅋㅋ 아직 액션캠은안온게 함정
2015-12-22 00:00:00+00:00, #샤오미 #샤오미폰 #세팅준비 중#두근두근 세팅 잘 부탁해요  #y군 ㅋㅋㅋㅋㅋㅋㅋ#shaomi #휴대폰 #새휴대폰 #핸드폰#샤오미노트3 #흥미노트3 #일상 #일상스타그램 #데일리 #daily #일상그램#일상스타그램데일리 #데일리그램 #인스타그램#소통 #힐링 #힐링스타그램 #여유 #좋아요 사진 잘봤어요 샤오미폰 전화되요?? @ezn_x4x1 아뇨 아직 유심칩 안 넣었어요 ㅋㅋ 우선 아이폰 리퍼 받은담에 유신칩바꿀려구요 @amy__hwang 24일날 가지고 와 봐용ㅎ 구경하게~😆 @ezn_x4x1 넹~~사진 화질 직이네용~~ㅋㅋㅋ 🙈 @sasuzary_3 노노 병행은 괜찮은데 갈아타는건불편해여 ㅜㅜ 샤오미폰 1은 한국어 지원 된다는데 전2를 사서 탈출 (이라는 용어가 맞는지 머르겠네요 ㅋ)해서 한국어 지원 되게 했는데 업데이트 하라고 계속 뜨는데도 누름 안되고.불편해요 어플은 왠만한건 다 들어있는데..아무튼 아이폰에셔 갈아타신다겨 하면 무지 불편함을 느끼실듯 아님 한국어 지원이 업데이트 될때까지 기다리셔야 할듯 샤오미1은 지금 바로 지원되니 상관없구요 최상의 방법은 갈아타지마시고 유심칩변환케이스 사서 병행하면서 써요~~^^ 친구해요~~👌
2015-12-20 00:00:00+00:00, #주말#커플#4년째연예중#1779일#알콩달콩#투성현..#대륙의실수#샤오미폰#화질굿 자꾸자꾸찍고싶게만드네... 우리 생이 부산가더니 더 어려졌네? 오고 이뽀라 구쌍도 여전히 멋지네💕 @whitesuzy_ 자꾸나이먹는게 티나기시작함😂보고시퍼요.... 진짜 이쁜 커플 보고싶다 투성현 @sunghee__c 26일 부산왕😘 27일날 새벽출근인데 델따주껴? 샤오미구쌍 삿나 나 바꾸까 ㅋㅋㅋㅋ @_mmin_jeong 화질만 좋음
2015-12-17 00:00:00+00:00, 마른 하늘에 눈 온다며 신기해 하는 아이들 ...날씨가 추워지니 바쁘게 눈을 뿌리고 있습니다 #강촌 #단체강습 #무적꼬맹이 #샤오미폰 #임시 #강습끝나고 #제주로
2015-12-08 00:00:00+00:00, #중국 에서 #샤오미노트3 #득템32기가 중국돈으로 1099원 ㅋㅋ아이폰 잠시 안녕 #대륙의실수 #노트3 #샤오미 #일상 #데일리 #여행 #북경샤오미 #베이징 #여행스타그램 #쇼핑 #휴대폰 #샤오미폰 #실버#핸드폰 우와..킹왕짱 어디서 사신건지 여쭤봐도?? 천구십구원이요?😅 @agu_jeju 북경 13호선 상띠역에서 내리셔서 걸어가도 되고 아님 칭허 오채성 쇼핑센터를 찾아가시면 근처에 있습니다(쇼핑몰 바로 옆이 본사고 거기서 남쪽으로 100m 정도 내려오면 판매점이 따로있어용~) @ezn_x4x1 중국돈으로용 ㅋㅋㅋ good ~☆★☆ 반갑습니다 맞팔해요
2015-10-04 00:00:00+00:00, 누가바도 자매인가봉가아닝가 #상해 곧갈꺼당#cgv#인턴 잼나요🎶 #샤오미폰#셀카#셀스타그램#얼스타그램#selfie#selca#20151003
2015-09-12 00:00:00+00:00, #상하이 #동방명주 🌟카메라화질... 개구림...버벅댐... ㅠㅠㅠㅠㅠㅠㅠㅠㅠ😠 폰바꾸고 싶어 ㅠ #샤오미폰 하나 사갈까?? #홍미노트2 쓸만하다던데... #샤오미스토어 까지 6정거장ㅡ 사고싶지만... 안타깝게도 통신사가 LG 유플이라네ㅠㅠ#갤럭시비싸요#국내스마트폰비싸요#대륙의실수샤오미#조아요#샤오미사고싶어요#Oriental Pearl Tower#東方明珠#우리나라로치면#남산타워#상하이여행#여행스타그램#상해마지막밤 부러워~~~~~🙆
2015-07-16 00:00:00+00:00, #수지스 #브런치 #Companylunch #샤오미폰 #민낯죄송 3일휴가후 복귀😎 샤오미폰카 짱👍🏻📷📱
2015-03-29 00:00:00+00:00, #창가자리가예술인_애증의#TGI#롯데광복점#웨이팅중_#셀카 는 역시 #샤오미폰 👍👍👍#배고파 오구오구 볼 부풀렸쪄영? ㅋㅋ😗 우왕 머리 마니 길른듯 ㅋ
2015-03-05 00:00:00+00:00, #공장잠바#회사커피#브라운라떼#매월5일은50%세일 회사후배가 된 대학후배#애기들#나관둘때까지 그만두기없긔#샤오미폰#셀카 완전 대박짱이쟈냐!!#대륙의실수#대륙의눈물 공장잠바 많이 안보여서 다행 ㅋㅋㅋㅋ 반가운 얼굴들 ! ㅎㅎ 쏜아 머리 엄청 길었넹 ㅋㅋㅋ 진짜동안이당ㅋㅋㅋ😆부럽😢😢 나도 끼워 주세용 ! 저 가운데 이상한 옆태 아저씨빼구용 ㅋㅋㅋㅋㅋㅋㅋㅋㅋ프힛 @adorable_eunji  ㅋㅋㅋ 담에 저녁시간 브라운라떼 회동 하쟛 ㅋㅋㅋ
