2021-06-19 00:00:00+00:00, 🇰🇷🇰🇷🇰🇷나도 스마트워치 라는 걸 사봤는데...그레이 색이야~~!!ㆍㆍㆍ#Jeju#Jejulsland#취미생활#BikeLife#여행#제주여행#바이크여행#MotorCycle#KTM#DUKE390#SUZUKI#GSXR1000R#바이크스타그램#일상스타그램#먹스타그램#맛스타그램#카페스타그램#브이로그#vlog#걷기#운동#스마트워치#어메이즈핏#티렉스프로#그레이색이야#가성비갑#아마도 좋다
2021-06-24 00:00:00+00:00," #한달사용기✅가벼움✅액정디자인 큼✅측정잘됨(심박수,수면체크)✅알림반응 빠름(카톡,문자연동)만족도 좋습니다다들 A사 상품인줄 ㅋㅋㅋ보기보다 엄청 가벼워서착용하고 다니기 좋네요가격도 저렴해서 부담없어요내 활동량을 체크하니 부족할땐 좀 더 걸어볼까 하기도하고오래앉으면 일어나라고 해주고굿굿#스마트워치 #어메이즈핏 #유나맘쥴리 #사용후기 #내돈내산 #남편이사줌 #누가사줘서고마움 남편분이 스마트하세요😍😍😍 갖고싶어요 😂😂 오 이뻐영. 와 ~~멋진남푠 응원해요😍😍😍부럽다요😍😍남푠을 바꿔야되나~%)) 오~  좋군요 좋아~ 오~~좋은데요😍😍😍저도 갖고싶으네요❤️❤️누가 사주면 완전 땡큐👍👍👍 부러워요 유나맘님🙌❤️❤️❤️❤️ 안녕하세요. 열정 대학생입니다. 소통하며 함께 성장해가요❤️❤️ 좋은 정보 감사해여 ㅋ 울신랑은 이런거 안사주고 꼭 화면 작은거 시계같지도않은 수갑같은거 사줘서 안차고 다니는데.......... 오 저도구매하고싶어요😍"
2021-03-23 00:00:00+00:00, #amazfitgts2mini #amazfit #smartwatch #새오미 #어메이즈핏
2021-05-13 00:00:00+00:00," 최근 삶의질을 향상 시켜준 아이템!#어메이즈핏 #Amazfit #스마트워치 #GTS2mini유산소 운동 할 때 심박수를 측정하면서 강도를 설정하는데운동 기록이나 측정 등에서 여러모로 너무 유용하네요.70가지 이상의 스포츠 모드가 있어 다양한 운동 측정은 물론혈중 산소 농도, 수면 및 스트레스 모니터링도 가능!디자인도 깔끔한데요 19.5g에 8.95mm로 초경량 초슬림이라 착용감도 편해서 운동할 때 불편함도 전혀 없고 50m 방수라서 수영용으로도 딱입니당5월 18일까지 G마켓 빅스마일데이로 할인을 하고 있는데요 가성비 진짜 최고입니다. 어메이즈핏 GTS 2mini 는 G마켓 검색창에 2031478726 검색하면 됩니다.두번 사세요 후회 없음!!#가정의달선물 #G마켓 #빅스마일데이 #가성비스마트워치 #운동스타그램 #유산소운동 #시계추천 #스마트워치추천 운동할때도 딱이네😍😍 걷기운동도 측정 가능한가요?^^? 등산할따 좋겟다 !ㅋㅋㅋ"
2020-04-22 00:00:00+00:00," _찐찐찐찐 찐이야 👍🏻👍🏻전화랑 문자, SNS 알림은 기본음악 컨트롤에 스포츠모드까지스마트워치로 보고, 듣고, 달리고!이게 진짜 찐 스마트워치지! ⌚️⠀심박수 상시 측정, 수면 측정,매일 알림받기 150개,손목 들어 화면 켜기 30번,GPS켜고 30분씩 달리기 3회⠀이렇게 매~일 14일을 살아도배터리 충전걱정 NONO!◝(⁰▿⁰)◜ ⠀ ⠀⠀✔ ~4/24 온라인 구매 한정 보호필름 증정⠀이랜드몰 검색창에 🔎[샤오미 어메이즈핏] 검색! ⌚️ @yw_1oo1"
2020-06-05 00:00:00+00:00, 그레이 이쁘네. 다행😚.......#어메이즈핏 #어메이즈핏GTS#GTS #스마트워치 #스마트밴드#3개월을고민해서구입#이쁜시계 #시계 #워치 #맘에든다 #시계스타그램#amaizfit #amaizfitgts#팅크웨어 #팅크웨어GTS 네비게이션아니예요?😁😁 구매링크 혹시알수 있을까요~~ 저도 블랙 그레이 고민중인데 그레이가 더 이쁘나요?
2021-06-12 00:00:00+00:00, #amazfitGTS2mini..#어메이즈핏gts2mini #어메이즈핏#amazfit#gts2mini..나의 새로운 시계 ⌚..나의 생활과 운동을 잘 부탁한다!!..#진짜가볍네 @hw_agnes 초보 운동러(?)에게 이게 최고네요 👍 갤핏2. 미밴드 보다 화면이 크니까 운동중에 체크하기 너무 좋아요~ 애플워치. 갤워치보다 배터리도 오래가구요. 혹시 아직(?) 고민중이시라면 이것도 고려해보세요. 전 갤핏2 처분했어요 😂
2020-05-29 00:00:00+00:00, 오오~~괜츄난데?#미핏친구#어메이즈핏#뭔지도모르고내손목에 오 멋진데요???^^👍😁
2021-01-02 00:00:00+00:00, #내돈내산 #셀프선물#어메이즈핏 #gtr2미니 😍이쁘네요 내돈내산 좋다요👍최고👍 셀프선물이 최고죠~~^&^👍 멋지네요~👏👏👏 어 나도 이거 어제 주문했는데 ㅋ 우왕 저도 이거 막 알아보고 있는데 더 사고싶어지네요
2021-08-05 00:00:00+00:00, 이기대 해안산책로 등산1시간 23분4.93km총 916칼로리 소모#치팅데이 #다이어트 #이기대해안산책로 #어메이즈핏 #운동 #등산 #부산여행 오늘 너무 더웠는데
2021-08-04 00:00:00+00:00," #gooutitem즐거운 아웃도어 라이프를 위한 필수 아이템, 강인한 스포츠 워치를 소개합니다!⌚️1 GARMIN / Descent MK2S 다이버를 위한 방수 기능이 완벽한 워치 119만원 @garmin_korea 2 GARMIN / Venu 2 Series 피트니스 라이프를 즐기기 완벽한 워치 54만8000원 @garmin_korea 3 LUMINOX / Bear Grylls Survival 3740 Master Series 모험가들에게 완벽한 나침반 기능을 선물하는 워치 124만3000원 @luminoxworld 4 SUUNTO / Suunto 9 Peak 트레킹, 마라톤 등 아웃도어 활동에 최적화된 가벼운 무게의 워치 109만원 @suuntokr 5 SUUNTO / Suunto 7 스포츠 워치와 스마트 워치의 장점을 모든 담은 워치 69만9000원 @suuntokr 6 CITIZEN / Eco-Drive 태양광과 조명만으로 충전 가능한 친환경적인 스포츠 워치 59만8000원 @citizen_korea 7 G-SHOCK / MTG B2000PH-2ADR 강렬한 디자인과 강인한 카본 소재의 워치 125만원 @gshock_casio_official 8 G-SHOCK / GMW-B5000TR-9DR 티타늄 소재의 가볍고 튼튼함이 돋보이는 워치 181만원 @gshock_casio_official 9 VICTORINOX / I.N.O.X Carbon Black Dial Black Paracord Strap 130여개의 극강의내구성을 통과한 아웃도어 필수 워치 146만원 @victorinox_korea 10 AMAZFIT / T-Rex 스마트워치의 장점과 쾌적한 착용감까지 뛰어난 워치 15만원 @amazfit.global 🕖🖤 순토 바로9은 퇴물이군요ㅠㅠ"
2021-08-01 00:00:00+00:00, #시계 #내가나에게 #어메이즈핏 #어메이즈핏티렉스프로 #amazfit 이쁘다 어디꺼야?
2021-07-29 00:00:00+00:00, 몇시니 태리야~~ #강태리 #육아 #아기 #시계 #어메이즈핏 태리 : 이거 애플워치 아닌거 같은데?
2021-07-23 00:00:00+00:00, 샤샤라이브 & 네이버쇼핑라이브 샤오미 어메이즈핏 워치 ⌚함께해주신 디뷰코리아 주임님 감사합니다 🙂#샤오미#어메이즈핏#쇼호스트#쇼핑호스트 멋쪄 짜란댜 오빠 진짜 뭐야 잘하잖아! 머시써어어억🔥❤️ 형님 보고 배웁니다👏
2021-07-23 00:00:00+00:00," #스마트워치필요없다 생각했는데, 막상 운동하고 보니- 있으면 쓰겠지싶어서.. 운동이라하지만 과연…?? 개인적으로 스마트워치보단 아날로그시계가 더 좋은데시계는 습관이 되어서 안불편한데,안 익숙하니 자꾸 이것저것 만지게됨..#어메이즈핏gts2mini#어메이즈핏#스마트워치는처음이라 #애플아니고샤오미 #가성비최고"
2021-07-22 00:00:00+00:00, #첫줄안녕 내생의 첫 스마트워치 안드로이드를 쓰는 저로써는애플워치처럼 네모난 제품을 쓰고싶어서샤오미 제품을 선택하게되었습니다!저랑 같은 GTS2쓰시는분 계신가요? 😊
2021-07-21 00:00:00+00:00, 알리익스프레스 첫구매 성공!😏🤭배송은 꼭 스탠다드 쉬핑으로~!#알리익스프레스 #aliexpress #샤오미 #xiaomi #어메이즈핏 #amazfit #스마트워치 #gts2mini #줄질
2021-07-18 00:00:00+00:00, #새시계 #시간만나오면돼 #잠만보 #졸귀 #어메이즈핏 #핑크 #그냥시계
2021-07-15 00:00:00+00:00, _좌-어메이즈핏페이스/우-애플워치se3-4년 정도 쓴 워치가 최근 자주 폰과의 연결이 끊어져 갈아 탈 워치 고민 중이던 차에..기대감없이 신청한 천원딜 성공!ㅎㅎ #스마트워치 #어메이즈핏 #애플워치 #생각못한득템 #이게되는구나 #땡큐지쟈스 꿈은 이루어진다!!! 😄🎉👏👏👏
2021-07-13 00:00:00+00:00, 하앜 내똥깡이지 덕질💙 🐩
2021-07-04 00:00:00+00:00," #20210701#가성비#워치#어메이즈핏gtr2#어메이즈핏#엔트리#스마트워치#entry#watch#샤오미#화미#하이마트#쇼핑몰#구매7월1일 하이마트 쇼핑몰에서 특가로 구입초급자,입문용으로 좋다고 하여 구매가볍고 디자인 심플. 앱 설치도 쉽고 연동도 잘되네통화연결도 생각보단 우수정가에서 카드할인 + 쿠폰할인까지 선생님 얼마에요?"
2021-07-02 00:00:00+00:00, -첫 이만보 달성👏🏻👏🏻👏🏻그냥 걸은것도 아니고 등산까지 한 걸음이라 더 뿌듯한 오늘의 기록!!-#주부#주부일상#운동하기#매일못해도꾸준히#어메이즈핏#스마트워치#요즘애정템#운동기록 와 대단하다 정하야 👏👏 난 진짜 운동하는거 넘 힘들어ㅜㅠ
2021-07-01 00:00:00+00:00, 🇰🇷🇰🇷🇰🇷달리기 1일차ㆍㆍㆍ#Jeju#Jejulsland#취미생활#BikeLife#여행#제주여행#바이크여행#MotorCycle#KTM#DUKE390#SUZUKI#GSXR1000R#바이크스타그램#일상스타그램#먹스타그램#맛스타그램#카페스타그램#브이로그#vlog#달리기#운동#오늘도#열심히#어메이즈핏#티렉스프로#첫날#가볍게#7Km 헐 업그레이드 ~~
2021-07-01 00:00:00+00:00, #210701#어메이즈핏#GTS2MINI#가성비워치#미밴드5 #빠이
2021-06-30 00:00:00+00:00, 🇰🇷🇰🇷🇰🇷15일차걷기 끝~~!!!ㆍㆍㆍ#Jeju#Jejulsland#취미생활#BikeLife#여행#제주여행#바이크여행#MotorCycle#KTM#DUKE390#SUZUKI#GSXR1000R#바이크스타그램#일상스타그램#먹스타그램#맛스타그램#카페스타그램#브이로그#vlog#걷기#운동#오늘도#열심히#어메이즈핏#티렉스프로#오늘이#마지막
2021-06-30 00:00:00+00:00," 보급형🍎워치? 여름철 빈 손목을 예쁘게 꾸미고 싶다면! 샤오미 어메이즈핏 GTS 2 MINI스펙, 성능, 기능 어디 하나 빠지지 않는 상반기 베스트 아이템 스마트워치 ⌚️.📌상품구매는 '제품보기' 클릭#샤오미 #샤오미스마트워치 #어메이즈핏#큐텐 #qoo10"
2021-06-29 00:00:00+00:00, 🇰🇷🇰🇷🇰🇷14일차ㆍㆍㆍ#Jeju#Jejulsland#취미생활#BikeLife#여행#제주여행#바이크여행#MotorCycle#KTM#DUKE390#SUZUKI#GSXR1000R#바이크스타그램#일상스타그램#먹스타그램#맛스타그램#카페스타그램#브이로그#vlog#걷기#운동#오늘도#열심히#어메이즈핏#티렉스프로#꾸역꾸역#10Km#달성
2021-06-28 00:00:00+00:00, 🇰🇷🇰🇷🇰🇷13일차ㆍㆍㆍ#Jeju#Jejulsland#취미생활#BikeLife#여행#제주여행#바이크여행#MotorCycle#KTM#DUKE390#SUZUKI#GSXR1000R#바이크스타그램#일상스타그램#먹스타그램#맛스타그램#카페스타그램#브이로그#vlog#걷기#운동#오늘도#열심히#어메이즈핏#티렉스프로#주말동안#먹은거빼야지#다시시작인가 Tag your pics & ride videos🔰 follow me and support
2021-06-27 00:00:00+00:00," 어메이즈핏 스마트워치예전에 사용하던 애플워치가페어링이 불가능하여...ㅠㅠ새로운 워치를 구입..일단 내게 필요한 기능은 있긴 있는데 애매함...전화,메세지 알림,정말 알려만준다...음악은 일단 폰에서 플레이해야 컨트롤 가능.워치를 통해 스마트폰을 조작할순없다....역쉬 애플워치가 정말 좋은 물건이었구나 느낌..유튜버의 사탕발림과,빌어먹을 팔랑귀의 콜라보밀스펙을 충족하고,막강한 배터리용량에 구입.아웃도어와 운동에 초점을 맞춘 물건이라대부분의 기능은 나와는 무관함..암튼 가성비 최고라는데,애플워치에 비하면 장난감.썩어도 준치라더니... 역쉬 애플워치가 짱이었네...담에 서울가서 애플워치 심폐소생술 들어간다......#목공 #목수 #목수시계 #스마트워치 #애플워치#어메이즈핏 #티렉스프로 #배터리는인정#애플워치사라 나줘.."
2021-06-25 00:00:00+00:00, 🇰🇷🇰🇷🇰🇷12일차ㆍㆍㆍ#Jeju#Jejulsland#취미생활#BikeLife#여행#제주여행#바이크여행#MotorCycle#KTM#DUKE390#SUZUKI#GSXR1000R#바이크스타그램#일상스타그램#먹스타그램#맛스타그램#카페스타그램#브이로그#vlog#걷기#운동#오늘도#열심히#어메이즈핏#티렉스프로#불금#그게뭐임
2021-06-24 00:00:00+00:00, 🇰🇷🇰🇷🇰🇷11일차ㆍㆍㆍ#Jeju#Jejulsland#취미생활#BikeLife#여행#제주여행#바이크여행#MotorCycle#KTM#DUKE390#SUZUKI#GSXR1000R#바이크스타그램#일상스타그램#먹스타그램#맛스타그램#카페스타그램#브이로그#vlog#걷기#운동#오늘도#열심히#어메이즈핏#티렉스프로#12Km#최장거리#다리끊어질듯 Promote it on @stunt.freaks
2021-06-23 00:00:00+00:00, 🇰🇷🇰🇷🇰🇷10일차ㆍㆍㆍ#Jeju#Jejulsland#취미생활#BikeLife#여행#제주여행#바이크여행#MotorCycle#KTM#DUKE390#SUZUKI#GSXR1000R#바이크스타그램#일상스타그램#먹스타그램#맛스타그램#카페스타그램#브이로그#vlog#걷기#운동#오늘도#열심히#어메이즈핏#티렉스프로#측정#정확한겨
2021-06-22 00:00:00+00:00," 울 쭌이가 사줌~회사 직원이 워치샀길래, 예쁘고 좋았다. 라고 했더니..울 병준이..ㅡ 엄마가 다른사람 부러워 하는거 못본다며..당장 주문함! 자기용돈모은걸루 8만원짜리를ㅡ.ㅡ;;순간 당황하며, 그렇게 필요없다고하니, 엉청 화냄.  자기가 맘먹었을때, 사준다고할때 받으라고함..눈 딱! 감고 받음.ㅠㅠ피같은 용돈모아서, 엄마꺼 비싼거사준 효자아들ㅠㅠ 결혼전까지는 이해한다ㅡㅡ..ㅋㅋ자랑하라고함.. 자랑하는것임..#둘째 #아들 #선물 #샤오미 #어메이즈핏 이쁘당~~효자아들 덕에 호강하고 좋겠다~누릴수 있을때 누려~~~ 너무 좋겠다~~~역시 쭌이!!"
2021-06-21 00:00:00+00:00, #어메이즈핏 티렉스 프로일찍 살걸..좋네 ㅎㅎ 운동이 잼남.근데 왜 이렇게 못 걷지??..#어메이즈핏 #막내는 gts2 mini 사줌#운동하는 삶 오ㅡ 언제샀음 ㅡ부자네
2021-06-20 00:00:00+00:00, 간만에 뒷산 마실 #날씨좋고 #상쾌하고 #기분좋고 #블루투스엔 #김경호 #우리동네음악대장 #가성비최고 #샤오미 #어메이즈핏 #지금까진애플보다만족 #아저씨의휴일 #땀에서 #동남아의향취 우리집 보이네~~~ saint rock mountain kkk
2021-06-19 00:00:00+00:00, 🇰🇷🇰🇷🇰🇷9일차ㆍㆍㆍ#Jeju#Jejulsland#취미생활#BikeLife#여행#제주여행#바이크여행#MotorCycle#KTM#DUKE390#SUZUKI#GSXR1000R#바이크스타그램#일상스타그램#먹스타그램#맛스타그램#카페스타그램#브이로그#vlog#걷기#운동#오늘도#열심히#리라이브#어메이즈핏#티렉스프로#좋으다#가성비 형님 끈기에 한표~~!! 😍😍😍😍
2021-03-03 00:00:00+00:00, 가성비 짱으로 유명한 어메이즈핏 GTS2 MINI~⌚운동할 때 착용하고 해봐야쥐~~아날로그도 추구하면서 은근 기계욕심도 있다는..😂#샤오미 #스마트워치 #어메이즈핏 #amazfit #gts2mini#대륙의실수 #가성비갑
2021-06-18 00:00:00+00:00," 2021년 아버지의날, 어메이즈핏 GTS2·GTR2와 함께 잊지못할 소중한 기억과 건강한 삶을 기념해보세요. 그리고, 지금까지 쑥스러워 표현하기 서툴렀다면, 아버지의날을 통해 사랑을 표현하고, 건강도 챙겨보세요.#어메이즈핏 #아버지의날 #아버지의날2021 디엠 확인 부탁드려도 될까요?"
2021-06-18 00:00:00+00:00," 다가오는 아버지의 날, 어메이즈핏과 함께 소중한 기억을 되돌아보세요. 아버지의 날을 기념하여, 감동적인 이야기의 영상이 찾아옵니다! Coming Soon  #아버지의날 #아빠의날 #Fathersday #어메이즈핏"
2021-06-13 00:00:00+00:00, 스마트워치 장만. 화면은 금동이 사진으로. 바이크타고 카페가는 길에 실외운동으로 해봤는데 내 심박수까지 측정해서 운동효과 없음으로 나옴.ㅋㅋ 똑똑한걸~~#어메이즈핏 #티렉스프로 #스마트워치 #똑똑한스마트워치
2021-06-07 00:00:00+00:00," 고객 분들의 사랑과 응원에 힘입어 2021년 1분기 기준, 전년 대비 68.8%의 성장을 기록하며 165만 대의 판매를 달성했습니다. 😀 그리고 한 가지 더 축하할 소식! 브라질, 러시아, 스페인의 성인용 웨어러블 시장 선두 자리에 이어 전세계 성인용 스마트워치 세계시장 점유율 4위를 달성했습니니다. 모두 축하해주세요!#어메이즈핏 #스마트워치"
2021-06-06 00:00:00+00:00, #마실라이딩 #야간라이딩 #10km #대전천 #은행교 #샤오미 #어메이즈핏 #ZEPP #스트라바 #연동미밴드5를 같은 샤오미 스마트와치인어메이즈핏의 전용앱 ZEPP에 등록하고 ZEPP에서 스트라바 계정을 추가하면 운동기록 연동 OK!!단 ZEPP 설치후 계정등록시 주거국가를 미국으로설정해줘야 한다.
2021-06-06 00:00:00+00:00, #샤오미 #샤오미스마트워치 #스마트워치 #어메이즈핏 #GTS2e #선물🎁 #짜라란 #운동열씨미
2021-06-03 00:00:00+00:00, 애플워치를 사기엔 부담이 크고스마트워치 입문용으로 딱인듯한 GTS 2e 구입색깔도 이쁘고 기능도 이정도면 충분한듯..카톡 전화 문자 알람 오는것만 해도 반은 만족워치페이스도 이것저것 넣어볼수 있다하니집에가서 한번 테스트해봐야겠다...ㅋㅋ건강관리 기능은 좀 더 써보면 알 수 있을듯..#스마트워치 #gts2e #어메이즈핏 #amazfit #amazfitgts2e 줄질 하셔야죠 햇님🙌 알리에서 gts 2e strap 검색 고 그래도 저거보다 걍 당근에서 갤럭시 기어 S3 사시지 이게 여전히 역대급 가성비임 삼성페이도 된다 각진것이 둥근거보다 낫네요 ㅋㅋ!!
2021-06-03 00:00:00+00:00, 💜🎁 선물 고마워 💕#어메이즈핏 #GTS2mini #지티에스 #스마트워치
2021-06-02 00:00:00+00:00," ⏰ㆍ오빠가 시계 좀 사라고#스마트워치 샀지요13년 사용했던 지샥 시계 바이~착한가격 56,000원어메이즈핏 빕U / 그린가볍고 사이즈 크지않아서마음에 쏙ㅋ#어메이즈핏빕U#어메이즈핏#스마트워치#내돈내산"
2021-06-01 00:00:00+00:00, 요거 재밌네. 무엇보다 가격이... 완전 착함. (생선이라 기분이 제일 좋음 ㅎ)#샤오미#어메이즈핏#생일선물#감사합니다#운동은언제할래
2021-05-23 00:00:00+00:00, 나도 드디어 스마트워치로!!#어메이즈핏gts2mini #amazfitgts2mini #어메이즈핏 #amazfit #샤오미 #xiaomi #화미 #huami #스마트워치 #스마트워치추천 #가성비갑 #가성비스마트워치 #입문용 #입문용스마트워치 #black 어떰? 오-! 진짜 똑같이 생겼다-!!!! 우아우아이거모야 입문용으로 샤오미제품 만한게 없지 워페도 다양하고 될건 다 되고 다만 nfc만 안될뿐..ㅎㅎ
2021-05-23 00:00:00+00:00, 갤기어랑 갤핏 다 보내고 새로 데려온 친구 . 완전 가볍고 가성비 짱...가성비 좋은 대신 기본줄이 허접해서 줄질 다시해줌. #샤오미 #어메이즈핏 #gts2mini #스마트워치 #워치 #smartwatch #watch
2021-05-23 00:00:00+00:00, 어메이즈핏 티렉스프로 장착!#어메이즈핏티렉스프로 #어메이즈핏 #amazefit
2021-05-18 00:00:00+00:00, 인생 첫 스마트 워치. 가성비 좋다는 이 녀석을 구매했습니다. 가볍고 배터리 오래가고 스크린 밝고 터치 부드럽고.. 기능들 알아가는게 재미있어요. 잘때 차고 자니 수면패턴까지 분석해 주는군요~^^ 수영을 다시하면 이녀석 차고 해 보겠습니다~^^#스마트워치 #smartwatch #amazfit #어메이즈핏 #amazfitgts2mini #어메이즈핏gts2미니 이걸로 차도 부르면 오나여? 키트 처럼 ㅋㅋㅋ 수영분석도 해주는군요!! GTS 이름 좋네요~~😄😄 gts는 진리죠
2021-05-17 00:00:00+00:00," 러시아 SUP 챌린지 공식 파트너쉽, 어메이즈핏과 함께 익사이팅한 여름날을 즐겨보세요😀#어메이즈핏 #sup챌린지 #스마트워치 #티렉스프로 #zavidovo #sup #challenge"
2021-05-14 00:00:00+00:00, .애플워치대신저렴하게샤오미#수콩이야기 #샤오미#샤오미어메이즈핏#어메이즈핏#워치#맞팔선팔
2021-05-14 00:00:00+00:00," 5월 15일부터 16일까지 텍사스 오스틴에서 스파르탄 레이스가 개최됩니다. 자신의 한계를 확인해보고 싶다면, 어메이즈핏 티렉스 프로와 함께 자신을 증명해보세요😀#스파르탄 #스파르탄레이스 #어메이즈핏티렉스프로 #티렉스프로 #장애물경기 #어메이즈핏 #amazfit #trexpro #spartan"
2021-05-14 00:00:00+00:00," #광고 #가정의달선물 아직 준비하지 못하셨다면 #G마켓 #빅스마일데이 #어메이즈핏 (Amazfit) 프로모션 을 주목하세요!:)가성비 좋은 스마트워치를 역대급 할인가로 구매할 수 있는 기회!샤오미 미밴드 제조사이자 글로벌 스마트 웨어러블 회사인 제프 헬스에서 선보인 세계 시장 점유율 4위 스마트워치 전문 브랜드 #어메이즈핏 #Amazfit 의 #GTR2e 를 G마켓 빅스마일데이에서는 정가 148,000원에서 20%할인된 가격 118,400원에 득템할 수 있어요!<어메이즈핏 GTR2e>는 유려한 베젤리스 디자인에 대형 HD 올웨이즈온 AMOLED 디스플레이, 50m 방수 기능, 90가지 스마트 모드, 50가지 이상 페이스 스타일, 건강기능 정보 제공 등 다양한 스마트 기능이 있고 Zepp 어플과 호환해 건강데이터 관리도 할 수 있어서 스마트 라이프를 즐길 수 있는 생활 필수템이랍니다~G마켓 빅스마일데이 프로모션은5월 10일부터 5월 18일까지 진행되는데3일마다 최대 30만원+ 브랜드 중복할인,스페셜쿠폰, 역대급 래플딜, 인기템 특가딜 등 놀라운 가격혜택을 누릴 수 있으니 인기 스마트워치 어메이즈핏(Amazfit) GTR2e를 구입하실 분들은#지마켓 검색창에 2030073931 검색하셔서 초특가로 만나보세요~:)- 본 포스트는 어메이즈핏으로부터 제품 및 소정의 원고료 지원을 받아 제작된 콘텐츠입니다.#fashion #it #시계 #스마트워치할인 #어메이즈핏할인 #스마트시계#스마트워치 #가정의달선물 #G마켓빅스마일데이 #가성비스마트워치 #review #협찬 깔끔하니 디자인도 맘에 들어 선물하기 좋아요 스마트워치 깔끔한 디자인이 마음에 드네요.^^ 지마켓 빅스마일데이 쿠폰으로 알뜰하게 구매할수 있겠군요~"
2021-05-12 00:00:00+00:00, 인증됨 ❤️💕💓💗♥️😍 😍😍😍😍😍😍😍😍😍😍😍😍 신기하네요 ❤️😍 @solsolsol22222 누나 넘 예뻐요❤️ 애플워치인줄 알고 몇인지 물어볼 뻔 했어요 ㅠㅠㅠ
2021-05-12 00:00:00+00:00," #광고 🏃‍♂️🏊‍♂️🏋️‍♂️🚵‍♂️내 건강을 체크해주는 스마트워치!⌚ 스마트워치 전문 브랜드 글로벌 스마트 웨어러블 회사 제프 헬스(Zepp Health) 의 어메이즈핏(Amazfit) GTR 2e !!! 2.5D 얇은 곡선형 유리의 가벼운 베젤리스 디자인에 HD 올웨이즈온 AMOLED 디스플레이. 1회 충전으로 최대 24일~45일 사용 가능하며 24시간 심박수 모니터링, 혈중 산소 농도 측정, PAI 건강 평가 시스템, 수면 상태 및 스트레스 수준 상시 모니터링 등 다양한 건강기능을 제공하고 체크해주며 운동시 90가지 스포츠 모드를 제공해 스포츠 데이터 보고서, 실시간 신체 상태 모니터링도 가능하고 최대 50m 깊이까지 방수도 가능해 수영 시에도 착용가능하며 Zepp 어플과 호환이 가능해 내 신체건강을 데이터로 관리 가능! 또한 다양한 50가지 이상의 페이스 스타일을 제공해 내 개성에 맞게 선택 가능하며 색상은 (슬레이트 그레이, 말차 그린, 옵시디언 블랙) 3가지 색상으로 이번 가정의 달 가족 선물로 고려해보시는것 또한 어떠신지용?^^구매를 원하시면 👉 G마켓 검색창에 2030073931 검색 해보세용! 그리고 G마켓 빅스마일데이로 할인 혜택을 누려보세요!😆http://item.gmarket.co.kr/Item?goodsCode=2030073931 #어메이즈핏 #Amazfit #GTR2e #스마트워치 #가정의달선물 #G마켓 #빅스마일데이 #가성비스마트워치 😍💨😘⌚👀 I LIKE YOUR SMILE..ITS GOOD. 👏👏👏👏👏👏👏👏 😍 어우 팔뚝봐 👍 와~우👍멋진데요  언제나 마음이 따뜻한 그대의 좋은 사진 잘보고 갑니다. ❤️❤️❤️❤️ Amazing 🤩❤️✨"
2021-05-12 00:00:00+00:00, #어메이즈핏 #어메이즈핏스마트워치 #스마트워치 #오래가는스마트워치 #gtr2e
2021-05-12 00:00:00+00:00," #광고 #스마트워치5월달은 결혼기념일이 있는 달이에요.남편 결기선물로 뭘 바라냐고 하니 스마트워치 사달라고해서  어메이즈핏(Amazfit) GTR 2e를 선물해주었어요.샤오미 미밴드 제조사이자 글로벌 스마트 웨어러블 회사 제프 헬스에서 선보인 스마트워치 전문 브랜드로 세계시장점유율  4위에 자리잡고 있는 브랜드 제품이에요.얇고 가벼워서 착용하기가 편하고, 1회 충전으로 최대 45일을 사용할 수 있고요.또 최대 50m깊이까지 방수도 되니 휴가가서 쓰기에도 안심이네요.1.39인치 대형 HD 올웨이즈온(AOD) AMOLED 디스플레이로 기능을 확인하고 사용하기가 편한데요.24시간 심박수 모니터링과 혈중 산소 농도도 측정해주고, 수면상태와 스트레스 수준까지도 모니터링 되는 건강기능도 있고요.90가지 스포츠 모드를 제공하고 있어 스포츠 데이터 보고서, 실시간 신체 모니터링이 가능해요.남편선물로 준비했지만 부모님선물로도 좋을거같아요.🕖거기다 지금 G마켓 빅스마일데이 어메이즈핏 프로모션 중이거든요.50%할인에 다양한 사은품까지 준비되어 있으니 기념일 선물 생각하시는 분들은 놓치지 말고 챙겨보세요.G마켓 검색창에 2030073931 검색하시면 되세요!#어메이즈핏 #Amazfit#GTR2e #스마트워치#G마켓빅스마일데이 #가성비스마트워치#가정의달선물 #남편결혼기념일선물#남편결기선물 #결기선물 와 정말 이제 손목시계 스마트워치가 대세인 것 같아요 스마트워치 디자인 깔끔하게 나오네요! 가볍게 편하게 사용하기 좋은것같아요! 저도 스마트워치 갖고싶었는데 요거 좋아보여요~~ 정말 심플하고 예쁘네요~ 디자인도 깔끔해서 더 괜찮네요 :) 저도 요즘 스마트 워치 알아보고 있는데 이거 너무 좋네요 일단 찜하러가야지~! 오 결기선물로 정말 딱 잘 고르셨네요!! 운동하는 남편선물로도 좋은데요 좋아 워치를 써봐야겠네요 워치를 써봐야겠네요 이쁘네요"
2021-05-11 00:00:00+00:00," #광고 여러분의 어메이징한 시간은 언제인가요?✨✨저는 요즘 저의 어메이징한 시간에 늘 어메이즈핏(Amazfit) GTR 2e와 함께하고 있는데요!⌚가벼운 스마트 워치가 필요하신 분 주목🙋🏻‍♀️저에게 스마트시계에 대해 물어보시면,✔산에서도 정확한 GPS가 잡힐 것✔배터리가 오래가야 할 것✔가벼울 것방수는 기본이겠죠소개드릴 브랜드는 샤오미 미밴드 제조사인 제프 헬스의 스마트워치 브랜드예요제가 중요하게 생각하는 부분들이 다 탑재되어있더라구요무엇보다...배터리가 체고!한번 완충으로 지금 4일차 사용 중인데(산행 10K 포함) 아직 70%나 남아있고,(1회 충전으로 일반 사용 시 24일, 기본 워치 모드에선 최대 45일 사용 가능)찬 듯 안 찬 듯 가벼워서 움직임에도 불편함 없이, 수면 상태까지 체크하고 있는 요즘이에요😌실시간 고도 확인도 가능한데 거의 정확하게 나왔어요정확한 GPS와 함께 어플에 경로와 산행 데이터가 저장되다 보니,산행 후에도 거리 시간 심박도 고도 등과 같은 내용을 확인할 수 있더라구요뿐만 아니라 90가지 스포츠 모드까지 제공된다니...너무 갓성비 혜자템아닌가요🖤G마켓 빅스마일데이 프로모션으로 엄청 저렴하게 구입이 가능하다고 하니필요하신 분들은 지마켓 검색창에 2030073931을 한번 검색해보셔도 좋을 거 같아요!🥳🥳📎어메이즈핏으로부터 소정의 지원을 받아 제작된 콘텐츠입니다#어메이즈핏 #Amazfit #GTR2e #스마트워치 #가정의달선물 #G마켓 #빅스마일데이 #가성비스마트워치 @jii_jang 갈수록 진화하는 요즘입니다~~~👏👏👏👏👏 오늘 하루도 수고하셨습니다 맛있는 저녁드시고 편안하고 행복한 저녁시간 보내세요~~~🙏🙏🙏😊😊😊 와~👏👏가성비딱😍저3가지조건👍찾고있었는데 감사한설명🙏 👍👍👍👍👍 안녕하세요 혹시 모자는 어디제품인지 여쭤봐도될까요~? 이런게 있었다니😮 너무 좋아보이네여👏👏 두번째사진이뿌다 😮 👏👏👍👍👍😍😍 전 같은 제조사에서 만든 어메이즈핏 gts2 mini 사용하고 있는데 이것도 가성비 좋습니다ㅎ ❤️ 👍👍👍👍❤️👍👍👍👍 I heard that.. it counts steps Even when we just Shake Our Hands. Is it Right? How's the Sleep Tracking.. is it Accurate?"
2021-05-11 00:00:00+00:00," ​#광고어메이즈핏(Amazfit) GTR 2e 스마트 워치~!.471mAh 배터리를 탑재했으며 1회 충전으로 최대 24일, 기본 워치 모드에서는 최대 45일 사용 가능함..전면 유리 진공 코팅 처리되어 스크래치와 마모에 강하며, 최대 50m 깊이까지 방수가 가능해 수영 시에도 걱정 없이 착용할 수 있고AMOLED 디스플레이 로 더욱더 선명하게~!그밖에도 24시간 심박수 모니터링, 혈중 산소 농도 측정, PAI 건강 평가 시스템, 수면 상태 및 스트레스 수준 상시 모니터링 등 다양한 건강기능 제공90가지 스포츠 모드 제공해 스포츠 데이터 보고서, 실시간 신체 상태 모니터링 가능.50가지 이상의 페이스 스타일 제공해 그날그날 개성에 맞게 변경가능하니 무궁무진하네요~.지금 프로모션 놓치지 마세요~.5월 10일부터 G마켓 빅스마일데이를 통해 어메이즈핏 GTR 2e를 최저가로 구매할 수 있습니다.G마켓 검색창에서 2030073931검색해보세요.어메이즈핏으로부터 소정의 지원을 받아 제작된 콘텐츠 입니다.#어메이즈핏 #Amazfit #GTR2e #스마트워치 #가정의달선물 #G마켓 #빅스마일데이 #가성비스마트워치 이쁘네용ㅎ 탐나게시리"
2021-05-10 00:00:00+00:00," #광고 #어메이즈핏(Amazfit) 으로부터 소정의 지원을 받아 제작되었습니다.⠀퇴근 후에 매일매일 신경 써서 #스마트워치 를 충전하기가 번거로웠는데요. 하지만 얼마 전 471mAh 배터리를 탑재해 1회 충전으로 최대 24일, 기본 워치 모드에서는 최대 45일 사용 가능한 어메이즈핏(Amazfit) #GTR2e 을 만난 이후로는 충전 걱정 없이 편하게 사용하고 있어요.⠀디자인도 예쁘죠? 2.5D 곡선형 유리의 베젤리스 디자인이라서 착용했을 때 깔끔하게 느껴지더라고요. 색상은 슬레이트 그레이, 말차 그린, 옵시디언 블랙 세 가지 색상으로 만나볼 수 있는데요. 제가 착용한 색상은 슬레이트 그레이로 어떤 의상에도 잘 어울리더라고요.⠀그리고 50가지 이상의 페이스 스타일을 제공하고 있어 그날의 착장에 맞게 선택 가능해요. Zepp 앱을 다운로드 하면 쉽게 원하는 페이스 스타일로 교체할 수 있어요.⠀심미적으로 만족스러울 뿐만 아니라 워치 기능도 기대 이상이에요! #AmazfitGTR2e는 건강 기능 또한 여러 가지를 제공하고 있는데요. 24시간 심박수 모니터링, 혈중 산소 농도 측정, PAI 건강 평가 시스템, 수면 상태 및 스트레스 수준 상시 모니터링 등을 제공하고 있어서 무척 유용하더라고요. 요새 점점 건강에 신경 쓰시는 부모님 선물로도 제격일듯싶어요.⠀⠀#어메이즈핏 GTR 2e 주요기능✔ 1.39인치 대형 HD AOD 아몰레드 디스플레이✔ 24일~45일 사용 가능한 배터리✔ 50가지 페이스 스타일 제공✔ 90가지 스포츠 모드✔ 심박수 모니터링, 혈중 산소 농도 측정 등 다양한 건강 기능 제공✔ 최대 50m 깊이 방수 가능⠀⠀이렇게 다양한 기능을 제공하고 있는 #가성비스마트워치 #어메이즈핏GTR2e 를 5월 10일 월요일부터 18일 화요일까지 진행되는 #G마켓빅스마일데이 에서 만나보세요.⠀#지마켓 검색창에 2030073931 을 검색하시면 정가 148,000원인 해당 워치를 20% 할인된 가격 118,400원에 만나보실 수 있어요.⠀그리고 구매자 전원에게 힐링실드 보호필름도 증정하고 포토상품평 이벤트 참여 시 어메이즈핏 정품 충전기도 전원 증정한다고 하니 이번 기회에 #가정의달선물 로 사랑하는 가족에게 #어메이즈핏스마트워치 를 선물 해보세요. 요거 완전깔끔하니 이쁘네요😍 24일 사용가능이라니... 👍 우엇... 요즘은 저렇게 스마트워치 하나 정도는 다니나 봐요! 급 탐나네 ^p^ 😍❤️"
2021-05-10 00:00:00+00:00," #광고 지만 추천하고 싶은 제품.편리한 생활을 위한 필수품으로 스마트워치를 빼놓을 수 없어요.특히 심박수와 혈중 산소 농도 등을 측정할 수 있는 스마트워치를 준비해 본다면 건강관리에도 도움이 될 수 있다고 생각해요.부담 없는 가격에 편리하고 유용한 기능으로 무장한 스마트워치를 찾다가 준비하게 된 어메이즈핏(Amazfit) GTR 2e.샤오미 미밴드의 제조사이자 글로벌 스마트 웨어러블 회사 ‘제프 헬스’(Zepp Health, 구 화미 Huami)에서 선보인 스마트워치 전문 브랜드 어메이즈핏의 가성비 스마트워치로 이 가격에 이런 기능이? 하는 놀라움을 자아내게 만드는 놀라움을 자랑한답니다 :).1회 충전으로 최대 24일 사용할 수 있는 것은 물론 기본 워치 모드에서는 최대 45일을 사용 가능.또한 올웨이즈 온 디스플레이로 다른 기능이 비활성화되었을 때도 언제든 시간을 확인할 수 있다는 주요 장점을 가지고 있어요.여기에 24시간 심박수 모니터링, 혈중 산소 농도 측정, PAI 건강 평가 시스템, 수면 상태 및 스트레스 수준 상시 모니터링 등 다양한 건강기능 제공.게다가 90가지 스포츠 모드 제공하여 스포츠 데이터 보고서와 실시간 신체 상태 모니터링도 가능한 만큼 건강관리를 돕는 든든한 비서 역할을 해주는 스마트워치라고 할 수 있어요.이외에도 Zepp 어플과 호환할 수 있어 건강 데이터 관리가 가능하고 최대 50m 깊이 방수를 지원하며 전면 유리 진공 코팅 처리되어 스크래치와 마모에 강한 만큼 걱정 없이 사용할 수 있다는 장점도 함께 해요.근사한 디자인은 물론 다양한 기능으로 무장한 훌륭한 가성비를 자랑하는 스마트워치 어메이즈핏 GTR 2e.참고로 G마켓 빅스마일데이 프로모션으로 더욱 합리적인 가격에 만날 수 있다고 하니, 5월 10일부터 진행하는 G마켓 빅스마일데이를 이용해 Amazfit GTR 2e를 준비해 보면 좋을 것 같습니다.지마켓 검색창에서 2030073931을 검색하면 보다 쉽게 찾을 수 있을 거에요..선물로도 좋은 만큼 가정의달 선물 고민하는 분들도 준비해 보시길 추천하고 싶어요.. #어메이즈핏 #Amazfit #GTR2e #스마트워치 #가정의달선물 #G마켓 #빅스마일데이 #가성비스마트워치 #가성비스마트워치추천 #웨어러블 이거 완전 깔끔하쥬 얼마고? 멋진데유 굿인데유👏 스마트워치 이쁘고 편하게 사용하기 좋겠어요 헐 충전후 사용시간 실화 인가요 마트워치 편하게 사용하기 좋은걸요"
2021-05-06 00:00:00+00:00, 돈버니까 드디어 사주시네 시계를..ㅠㅠ @sory_.92얼른 5월20일이 됬으면 좋겠다!그나저나 내동생 도지 1100프로는 실화인가....#어메이즈핏 #티렉스프로 #t-rexpro #아웃도어 #스마트워치 #갓성비 #비트코인 #가상화폐 #냠냠 야 너네만 돈 버냐
2021-05-03 00:00:00+00:00, khy721_hari 매일 전화 온 줄 모르고 못받았는데이거 덕분에 전화 놓치는 일이 없게 되었음.#어메이즈핏 #어메이즈핏스마트워치 #스마트워치#오래가는스마트워치 #어메이즈핏 Band 5
2021-05-01 00:00:00+00:00, #2021 #샤오미 #어메이즈핏 #amazfit #amazfitgts2mini #gts2 #mini
2021-04-30 00:00:00+00:00," ☆<비밀의숲보드아트 콘테스트>잊지못할 보드판들이 눈에 밟혀,저희도 귀여운 선물들을 준비했습니다! 오버킬 보드판 5/30일까지 접수받고,3작품 선정!! 기존 작품도 응모 가능합니다!!(업로드하실 때, 해시태그 #비밀의숲보드아트)가장 많은 ♡ 를 받은 작품들을 추려어메이즈핏 스마트워치를 선물로 드립니다!많은 응모해주세요~☆|#비밀의숲보드아트 #비밀의숲홍대점 #홍대비밀의숲#홍대방탈출 #OVERKILL #오버킬 #크라임씬카페 #롤플레잉카페 #드라마세트장 #호텔델루나 #이벤트#어메이즈핏 #홍대핫플 #합정놀거리 #스마트워치"
2021-04-29 00:00:00+00:00, #새로운시계갤럭시워치3 안녕👋🏻빕에서 GTS2e 로 3년만에 업글역시 가볍고 필요한기능만 딱!폭염오기전까지 운동운동🚴🏻🏃🏻🤸🏻‍♀️🏀⚽🏓🏸#어메이즈핏 #어메이즈핏스마트워치 #스마트워치 #오래가는스마트워치 #GTS2e #어메이즈핏빕 ㄴ ㅏ줘
2021-04-29 00:00:00+00:00, #어메이즈핏#어메이즈핏스마트워치#스마트워치#오래가는스마트워치#어메이즈핏GTR1
2021-04-27 00:00:00+00:00, 유후~ 친구의 추천으로 드뎌 가성비갑이라는 #어메이즈핏 을 샀당! 다른 스마트워치랑 고민하다가 이 놈이 가성비 으뜸이라길래..ㅋㅋ 배터리 지속시간이 미쳤땅! 맨날 핸폰으로 운동하는 거 측정하니깐 항상 배터리 급감하고 그랬는데 요건 오래 간다고 하니 아주 좋군! 귀여웡~♥#어메이즈핏gts2mini#스마트워치 #운동#수영스마트워치 #샤오미어메이즈핏 #등산#가성비갑스마트워치 오우 ... 이쁘다 이뻐👏👏👏👏 귿귿
2021-04-27 00:00:00+00:00," 지상 최대의 장애물 레이스 경기, 스파르탄(US) 공식 파트너쉽 체결! 3월 27일 라스베가스를 첫 시작으로 미국 전역에서 진행되는 레이스에 어메이즈핏 티렉스 프로와 함께하세요.#스파르탄 #스파르탄레이스 #spartan #장애물경기 #철인3종 #어메이즈핏 #아웃도어 #스마트워치"
2021-04-26 00:00:00+00:00," 웨어러블 디바이스를 갤럭시 기어부터 여러개 써오다가..무게와 배터리타임 4일의 압박으로결국 탈 기어를 하고 샤오미 미밴드3,4,5로 넘어오면서2주.. 길게는 3주 사용가능해서충전 신경 안쓰는 기기가 됨.그러다.. 가성비 제품이 또 나왔데서..샤오미 어메이즈핏 GTS2 mini정식 한글판으로 지름..ㅎ완충하고 반나절 찼는데.. 이거 엄청 가볍네..ㅎ밴드보다 많이 무거울까 걱정했는데.. 이정도면 깃털이지.ㅎ미밴5는 아들래미 품으로!!ㅎ#어메이즈핏 #샤오미 #웨어러블디바이스 #GTS2mini#amazfit #미밴드5"
2021-04-26 00:00:00+00:00, 응 그래 #오늘도걸었어 #하루만보걷기 #운동중만난달님 #탄천걷기 #퇴근후운동 #건강챙기기 #어메이즈핏
2021-04-23 00:00:00+00:00, ㆍ가장 좋아하는 워치페이스^^ㆍㆍㆍ#어메이즈핏 #어메이즈핏스마트워치 #스마트워치 #오래가는스마트워치 #어메이즈핏gtr
2021-04-21 00:00:00+00:00, ⠀⠀예민한 성격 탓에 잠을 깊이 못 잔다!조그만 소리에도 금방 깨고..그래서 수면 체크를 해 보려고 샤오미 스마트 워치를 삼!애플워치는 내 폰이랑 호환성이 별로고~ 갤워치는 투박하고 무엇보다 배터리의 잦은 충전 문제! 또 얇은 내 손목에 너무 커서 문제다!어릴 땐 장신구들을 여기 저기 했었는데..나이 드니깐 땀차는것도 싫고 귀찮다!🤣😭현재 2주 가까이 사용 해 봤는데~많이 도움 된다!수면 패턴 확인 가능해서 좋음! 100% 맞진 않겠지만 어느정도 잘 맞음!아직 얕은 잠이 많지만~ 조금 더 노력 해서 깊은 잠 비율이 많도록 해야겠음!또 폰을 진동이나 무음 모드로 할 수 있는게 너무 좋다! 카톡 알림이라던지 다른 중요치 않은 알림은 다음날 확인하면 되니깐! 알람도 진동으로 알려줘서 바로 깰 수 있음! 제일 좋은건 1주일 이상 가는 배터리!#샤오미 #어메이즈핏 #수면체크 #스마트워치 #배터리성능최고 오 이쁘다!!!
2021-04-18 00:00:00+00:00, #어메이즈핏 #어메이즈핏스마트워치 #스마트워치 #오래가는스마트워치 #GTR2 #어메이즈핏gtr2 Boleh itu bagus
2021-04-16 00:00:00+00:00, 어메이즈핏 하느라 인스타 가입ㅎ#어메이즈핏 #어메이즈핏스마트워치#스마트워치 #오래가는스마트워치 #gtr2
2021-04-16 00:00:00+00:00, #어제스타그램 #만보걷기 #어메이즈핏 #퇴근후운동 #건강챙기기
2021-04-14 00:00:00+00:00, #하루의 시작저는 수십년째아침에 눈을 뜨면눈꼽 단 채로~🤣채 떠지지 않은 눈을 부여잡고맥심커피 한잔을 해요.😍안마시면하루중 소중한 무언가를안하듯해서건강에 좋지 않은건 알지만저의 일상에서 분리할 수없는 일과랍니다. 🤣오늘 아침산책은살짝 추운듯해서다시 가을 🍂이 오나 싶었네요.갑자기 쌀쌀해진 날씨에모두 모두 감기 조심하세요.🥰#인친님들은_아침에_눈_뜨면_무얼_제일_먼저_하실까요?.#어예바3기_45일차#어제보다예뻐지는바디클럽#어예바3기_2조#어메이즈핏#아침산책 건강이 최고 건강부자 되어요❤️ 데카콘님도 어예바 ?  함께 하니 넘 좋아요 🌸🌸🎵🎵🌸🌸🎵🎵 저는 아침식사후 믹스커피 한 잔을 못끊고있어요~다욧때매 늘 걸리지만 잠시 그 천국의 맛을 그냥 즐긴답니다~^^ 🌸소소하고 작은 행복이 주는 마음의 온기🌸따뜻한 봄 햇살을 기다리어요🍃🧡🧡 자연과 함께 시작하시는 새벽❤️❤️ 넘나 좋은 시간이셨겠어요 ❤️ 응원할게요 ❤️ 푸르름이 더해 가는 숲길을 보니 저도 걷고 싶어요🌿🍀🍀🌱 저 요새 믹스 끊는중인데 뭔가 매우 많이 허전해요 😢 하루 한잔 맥심커피는 사랑이쥬~~~😍 요즘은 아메로 바꾸긴 했지만요~~ 비오는 날에는 꼭 한잔 마셔줘야해요 요즘 난 눈뜨자마자 침대에서 스트레칭해 ^^ 그때라도 안하면 하루종일 못하는 경우가 많아서 ^^ 맥심 커피 한 잔 빠지면 헤어나올 수 없지 ㅎㅎ 🤣 오랜만에 들렸어요! 저도 아침에 커피한잔 제일 먼저요...아침 산책 사진이 너무 멋스럽네요! 저도 커피를 엄청 좋아해 커피로 시작을 합니다^^반가워요..영실엘라입니다.자주 소통하려고 선팔 예쁘게 살짝 누르고 갑니다^^좋은 휴일되세요^^ 데카콘님 ^^ 45일차 이시면 꽤 하셨네요 ~~ 점점 날로 날씨해지고 건강해지고 이뻐지는것은 당연지사이겠네요 ~~ ❤️와.. 👍🏻👍🏻 대단하세요 일관되게 꾸준한 하루시작 커피한잔😍😍 저는 시계보고 ~ 일단 감사합니다 사랑합니다 ~😂중얼거리거나 말하거나.. 그리고 책은 펼때도 안펼때도 있고 바로 온라인 저의 새벽일상을 켜요~~ 주로 유투브^^
2021-04-14 00:00:00+00:00," 장애물 경기 스파르탄 레이스의US 공식 파트너쉽, 어메이즈핏 티렉스 프로!티렉스 프로를 통해 한계에 도전해보세요💪#어메이즈핏 #티렉스 #티렉스프로 #TREX #TREXPRO #스마트워치 #아웃도어 #스파르탄 #스파르탄레이스"
2021-04-12 00:00:00+00:00, #어메이즈핏 #어메이즈핏스마트워치 #스마트워치 #오래가는스마트워치 #어메이즈핏gts 간간히 소식좀 올려😮😮
2021-04-12 00:00:00+00:00, #어메이즈핏 #어메이즈핏스마트워치 #스마트워치 #오래가는스마트워치 #GTR2e 지마켓에서 쿠폰할인 잔뜩 먹여서 10만원 정도에 구매.오래가는 배터리에 아주 만족하며기존 미밴드와 다르게 시계형이라 디자인도 더 좋고 착용감도 좋다.아주 만족.
2021-04-11 00:00:00+00:00, 하 너모너모너모 이풔어~~#갤럭시21#핑크#어메이즈핏#얘도#핑쿠핑쿠#알콩이#내복두#핑쿠핑쿠핑쿠#남잔핑크#여잔핑크#케케 김알콜이 갤럭시21 핑쿠가 있네요? 안그래도 폰 바꾸고 싶었는데. 😍😍😍
2021-04-09 00:00:00+00:00, #어메이즈핏 #스마트워치 #gts2mini스마트워치가 쓰고 싶어 저렴이로 구매했다. 배터리 1%. 괜히 떨린다. 너무 많은 스마트 기기가 때로는 오히려 스트레스가 되는구나~ 👏👏👏😍 너무 많은 스마트 기기가 때로는 오히려 스트레스가 되는구나 공감합니다☺️@choihaneul79 님 글을 읽으니 저희 아버지도 와이파가 없는 곳에서 며칠간 핸드폰 사용을 못하셨는데 오히려 자유로운 마음에 기분이 좋다고 하시던 모습이 떠오르네요.
2021-04-08 00:00:00+00:00, #퇴근운동 #건강챙기기 #어메이즈핏
2021-04-07 00:00:00+00:00, #퇴근후운동 #어메이즈핏 #스마트워치 #걷기 만보는 걸어야지 이것이 그것인가? 운동하는 울 진남이형 보기 좋습니다요~!
2021-04-03 00:00:00+00:00, 이쪽에 와서 처음만든 3D 출력물!역시 원하는 조합으로 안팔면 만들어야지.#어메이즈핏gtr #어메이즈핏 #버즈라이브 #충전스탠드 #3d프린터 #3dprinting 오 쩐닭!!!!!!!!
2021-04-01 00:00:00+00:00, 20만원대 스마트 워치중에 가성비 좋은걸 찾다가 알게된 어메이즈핏 gtr2 전자제품 구입할때는 직접 매장가서 확인하고 사는편이라 천안에는 매장이 없어서 대전 가서 구입~ 디자인은 깔끔하고 괜찮은데 가죽밴드는..ㅡ..ㅡ진짜 쓰래기다 시계 구입하고 가는길에 대전에서 유명한 성심당...맛은....음..잘모르겠다#스마트워치#어메이즈핏#gtr2#가방샀는데#작다#대전#성심당#일상#직장인 빵 내놔 ㅇ.ㅇ @yongho0411 여친생겼니? 성심당보단 뚜주르가 여러 수 위지 맛도 가격도 ㅎ 스트랩은 oas나 TWM에서 하나 맞추는 것을 추천해^^
2021-03-31 00:00:00+00:00, #어메이즈핏 #스마트와치 #amzefitgts2mini #얼리어덜트ㅋ #샤오미...가성비 갓인 스마트워치 언박싱일하면서 전화받기가 힘들어서 구매블루투스만 오면 완성~~가격대비 성능 오지고!!...기계에 익숙해지자 늙지않을라믄..
2021-03-31 00:00:00+00:00, 내 핑쿠♥요즘 요것때매 운동할 맛이 난다 ㅋㅋ느므 좋다 ~#샤오미 #어메이즈핏 #gts2mini핑크#핑크시계 #운동 #다이어트 #성공하자
2021-03-28 00:00:00+00:00, #어메이즈핏 #amazfitGTS2mini #배터리대박 #실화임
2021-03-27 00:00:00+00:00, 오랜만에 워치페이스 교체_...#샤오미 #어메이즈핏 #어메이즈핏gts #워치페이스 #스누피 #카시오 DM확인 부탁 드립니다 ! :)
2021-03-26 00:00:00+00:00," .#어메이즈핏gts2mini #어메이즈핏#운동기록스타그램.손목이 얇아서 줄이 너무 커..ㄷㄷㄷ영양분이 머리로 간듯...ㅋ.등운동(데드/바벨로우:오버,언더/원암덤벨로우), 이두, 가슴 푸시업.위장병, 코로나 백신 휴유증에 2주만의 첫 상체운동.ㅋ오랜만에 하니까 펌핑은 잘되네.ㅎ.뱃살, 옆구리 살이 흘러내리고 있네. 많이 먹었지 그동안...윽... 🐷 되어 가는중...ㄷㄷ.오늘부터 다이어트...음....내일부터...😬😬😬 자신없어...ㅋ.아파트 센터 빨리 열어줘!!! 무슨 업체 심사를 그렇게 오래 하냠... 3월에 오픈한다더니 뻥쟁이들아!! 또 뻥티면 관리소 뛰어간다!!!!.콱!!!👊"
2021-03-25 00:00:00+00:00," ""나도 시계샀어.""누가 시간 좀 물어봐주라. 😁😁- 그거 하나 사줘봐. 손목에 차는 시계 나오는 만보계.- 스마트워치?- 응, 요즘 다들 그거 하나씩 차고 다니던데 좋아보이더라...오늘 스마트 와치가 도착했다.폰에 앱깔고 설정을 해준다.- 기능 설명해줄께- 아니, 머리아프니까 기능 필요없고, 시계랑 만보계만 나오게 해줘.😁😁그리하여...오밤중에 나는 만보계를 써보느라 걷기를 하고 있다.#gts2mini#어메이즈핏#만보계예쁘네#쉽게쉽게살자#가르치려하지마 괜찮네요 운동도하게하구요 👏💙 밤길조심하세요 이쁜잇님 시계 몹는게 취미였는데 ㅎㅎ 돈 많이 들어가는😢 지금 몇시예요~~~~😁🤣 몇시인가요 지금?😂🤣👏👏👏 지금 몇시죠??? 👏👏 ⌚구입하셨군요.ㅋ😍😍이제 즐거운 만보체크하느라고 더바쁘시겠네요🚶‍♀️👍"
2021-03-24 00:00:00+00:00, #amazfitGTS2mini #어메이즈핏 #하루착용 #배터리살화냐
2021-03-23 00:00:00+00:00, #어메이즈핏 #어메이즈핏스마트워치 #스마트워치 #오래가는스마트워치 #gts2e
2021-03-23 00:00:00+00:00, #어메이즈핏 #어메이즈핏스마트워치 #스마트워치 #오래가는스마트워치 #어메이즈핏gts 내놔
2021-03-21 00:00:00+00:00, 아 🤦🏿테슬라는 s 3 x y일론 댄스는 o m g#스트레스 #up#어메이즈핏
2021-03-20 00:00:00+00:00," 음... 이벤트 당첨 선물은 협찬이라고 안적어도 되겠죠? ㅎㅎ 어메이즈핏 Bip U 스마트워치 입니다. 지난 연말 이벤트 선물로 받은건데... 이제서야 개봉하였네요. 기본적인 스마트워치 기능과 성능은 제공하고 있습니다. 폰트, 디스플레이 크기는 조금 개인적으론 아쉽긴 합니다. 그래도 집에서 하루종일, 잘 때도 착용하는데 크게 부담은 없어서 최근 수면 모니터링 하려고 가급적 하루 종일 착용하고 있습니다.https://blog.naver.com/kyyoung92/222281466694#어메이즈핏, #Amazfit, #Bip, #U, #어메이즈핏빕U, #샤오미, #스마트워치, #이벤트, #당첨"
2021-03-19 00:00:00+00:00, 오늘의 패션. 🤣😁 애들이 부끄럽다고 난리였지만. 오늘 피부과가서  레이저토닝 받고와서 자외선에 잡티 더 올라올까봐 꽁꽁 숨김.😷😎 저 흰꽃은 무슨꽃일까? 개나리랑 닮음. 흰개나리?  뭔소리야. 🤭 #수락산 #귀임봉 #용굴암 #산린이 #등린이 #산악인아님 #열운동 #다이어트 #다이어터 #어메이즈핏 #체중감량 #현실은체중증가 #1일1등산하기 #내일또간다 미선나무입니다 수정이 열운동하네~~ 화이팅~ 네이버에 검색칸옆에 사진기능바로찍어 검색하는기능 있다~
2021-03-16 00:00:00+00:00, #어메이즈핏gts2mini #어메이즈핏 .....기계치는 셀프 고통받는 중카톡 알림이 왜 안 와?
2021-03-10 00:00:00+00:00, .나 오늘 계탔나...??샤오미 워치에 갈비까지..일단받자! 일단먹고 보자! 아싸!!!#샤오미위치#어메이즈핏#대륙의실수는아닌듯#삼성갈비#방학동갈비맛집#넘나좋은것 #일상 #소통 #좋아요 넘귀욥쟈나😍줄때받어챙겨ㅋㅋ 오웅❤️삼성갈비맛있쥬❤️❤️ 너무 이쁘다. 나도 사고싶다!
2021-03-10 00:00:00+00:00," #어메이즈핏#gts2e#후기이벤트 ㅎㅎ가볍고, 무엇보다 싸고.. ㅎㅎ그렇다고 품질이 떨어지지도 않고... 좋네..ㅎㅎ"
2021-03-09 00:00:00+00:00," #입학선물""아빠… 나 시계 하나 사면 안될까?""삼촌이 선물해 준 #스마트워치 #어메이즈핏 #GTR 을 잘 차고 다니던 베프 녀석이 #메탈밴드 시계가 너무 갖고 싶다며 부탁을 했습니다. 삼촌과 이모들이 중학교 졸업과 고등학교 입학을 축하하며 선물해 준 자금이 두둑했던 베프녀석은 젤 마음에 드는 모델을 골라 주문을 했고, 오늘 도착을 했습니다.시계가 꽤나 마음에 들었는지 닦고 불고, 안 차고 있을테는 케이스에 넣어 보관해 두고 ^^;요즘 BMW가 너무 멋있어 보인다며, 다음에 차를 바꿀때는 BMW 사면 안되겠냐고 말하는 베프 녀석은 에어팟 케이스도 갖고 싶은 디자인으로 주문을 했는데, 오늘 같이 도착을 했군요~!아이패드에도 눈독을 들이기 시작한 베프 녀석왈,""내가 점점 더 아빠를 더 닮아 가나봐~! 전자제품, 시계, 자동차에 관심이 점점 더 커져만 가는것 같아.""남자라면 누구나 한 번쯤 관심을 가질만한 아이템들이기는 하지만, 특히나 관심이 더 많은 것을 닮아 가는… 제 아들이 맞는것 같습니다. 👏👏👏열심히 살아야겠군^^ 우왕 멋지네용👍👍👍"
2021-03-06 00:00:00+00:00, Amaze Fit GTS2 mini가민 비보액티브 쓰다가일상용으로는 딴게 필요하다싶어서 구입~3일째 쓰는데 자석충전기가 제일 맘에 드네ㅋ#어메이즈핏 #gts2 #gts2mini #amaze 우아 이뻐요😍
2021-03-04 00:00:00+00:00," 어메이즈핏 티렉스의 워치페이스를 카시오 G-Shock머드마스터로 변경,,, 이거 생각보다 잘 어울리네요...^^#어메이즈핏 #티렉스 #워치페이스 #스마트워치 오오오..."
2021-03-04 00:00:00+00:00, 애플워치 쓰고 있지만 이건 덤으로 #어메이즈핏 #zepp #협찬
2021-03-03 00:00:00+00:00," 첫 스마트워치⌚어메이즈핏 GTS2택배 오기만을 기다렸다.따로 주문한 스트랩도 타이밍 좋게 같이 와서 바로 줄 바꿨는데 넘나 맘에 드는것.손목시계를 좋아하는데 이제서야 스마트워치가 생겼다. 비싸서 살 생각 못했는데, 아빠가 엄마꺼 사주는 김에 내 것도 지원해줬다.아주 맘에 드는구만😁 당분간은 이것만 끼고 다닐듯하다.#GTS2 #어메이즈핏 #스마트워치 저것이 너의 마지막 시계가 되길"
2021-03-03 00:00:00+00:00, 이젠 살기위해 운동할 나이 ㅋㅋ#운동스타그램 #걷기 #어메이즈핏 1000걸음..걸었.....🙈
2021-02-28 00:00:00+00:00, #새로운 #웨어러블 #샤오미 #어메이즈핏 #gts2mini #amazfitgts2mini #xiaomi
2021-02-27 00:00:00+00:00, 요넘 물건일세 워치 방출하고 요놈 get하길 잘했구만 가격은 워치 1/5 값!! .....#어메이즈핏gts2mini #갓성비워치#배터리수명오짐#애플저리가#직구#어메이즈핏#일상 오 이것도 이뻐보입니다^^생일축하용~👏 왜 방출했어용?
2021-02-26 00:00:00+00:00, #샤오미 #화미 #어메이즈핏 #gtr2mini #huami #xiaomi #amazfit #wearable #smartwatch
2021-02-20 00:00:00+00:00, <⌚스마트워치(샤오미 어메이즈핏 gts2 mini) 리뷰⌚>운동을 좋아하는 사람들에게 아주 유용한 스마트워치를 구매하였다. 아직 적응을 못해서 다양한 기능들을 제대로 사용해보진 못했지만 간단한 사용 후기를 적어보려고 한다.(장점)1. 가격이 저렴하다. (8~9만원 대)2. 필수적인 기능들이 전부 탑재되어있다.3. 배터리 용량이 아주 넉넉하다. (100% 충전 시 최대 14일)(아쉬운 점)1. 다른 스마트워치에 비해 덜 이쁘다.2. 아주 약간의 버벅거림이 있다. (크게 신경 안 쓰임)아쉬운 점보다는 장점이 훨씬 많은 스마트워치인 것 같다. 스마트 워치를 구매하고 싶지만 가격이 부담되시는 분들에게 가성비 제품으로 추천하고 싶다. 그럼 열심히 운동을 해볼까요? 🏃‍♀️🏃#스마트워치 #샤오미 #어메이즈핏 #gts2mini
2021-02-19 00:00:00+00:00, 스마트워치 어메이즈핏 GTR 47mm.당근마켓에서 4만원에 구입.ㅋㅋㅋ#어메이즈핏 #스마트워치 #일상 #스마트시계#일상 #당근마켓 #당근마켓후기
2021-02-14 00:00:00+00:00, ⌚ ⠀⠀⠀⠀⠀⠀⠀⠀⠀⠀⠀⠀⠀⠀⠀⠀ ⠀⠀⠀⠀⠀⠀⠀⠀⠀⠀⠀⠀⠀⠀⠀⠀  ⠀⠀⠀⠀⠀⠀⠀⠀⠀#smartwatch #gts2mini #일상 #daily #데일리 #데일리유노 #쇼핑 #shopping #amazfit #스마트워치 #가성비 #갓성비 #어메이즈핏 #가성비스마트워치 #갓성비스마트워치 #amazfitgts #amazfitgts2mini #gts2미니 #어메이즈핏gts미니 #만족 #시계줄쇼핑중 #스마트워치추천 이거 괜찮은듯! 애플워치보다 좋나요??
2021-02-10 00:00:00+00:00, #재택근무#트리플모니터#아수스#젠북#한성#포터블모니터#러이젠#르누아르#어메이즈핏#pipboy#노트북거치대#침대책상
2021-02-09 00:00:00+00:00, GTR2e  GTS2e  #신제품 #아이나비 #프리미엄스토어 #서울점 #어메이즈핏 #gtr #gts #gtr2 #gts2 #gtr2e #gts2e #온도측정 #코로나시대 #온도측정하며 #다닙시다 #다양한 #색상 #이뻐이뻐 #뭘 #고를지 #모르시면 #일단 #방문
2021-02-09 00:00:00+00:00," 오늘 마지막 인스타#어메이즈핏 #GTR2e 가 왔다.매우 만족한다. 다만... 기본 그린 스트랩은 마음에 안들어서 미밴드식 스트랩을  샀는데... 손목이 너무 얇아서 최대로 잠궈도 헐렁거린다ㅋㅋㅋㅋㅋ액정 필름은 잘못 붙여서 공기가 방울방울~#amazefit #xiaomi #小米 #샤오미 대박 가볍고 화면이 큼 이렇게 봐서는 걍 일반시계갖네????😢 같네????? 😮😮😮👏👏👏 I heard that.. It counts step even when we just Shake our Hands. Is it Right?And,How's the Sleep Tracking.. is it Accurate?Please do Reply.."
2021-02-05 00:00:00+00:00, 갤럭시기어2생명이 다하여...가성비좋은 #Amazfitgtr2e샀다...겁나가볍네..............#스마트워치 #어메이즈핏 #어메이즈핏gtr2e#아이나비 #시계 #smartwatch
2021-02-04 00:00:00+00:00, #삼성 #갤럭시 #samsung #galaxy #갤럭시워치 #워치3 #갤럭시워치3 #지름신 #내선물 #청주 #세종 #오창 #증평 #삼성좋아요 #gtr #어메이즈핏 드디어 오셨군!!삼성 조아요👍👍워치 조아요🤗🤗너무조아요🤩🤩
2021-02-01 00:00:00+00:00," 더 오래가는 배터리와아름다운 디자인으로 돌아온어메즈핏 GTR 2e, GTS 2e국내 정식 런칭🥳#gtr2e #gts2e #어메이즈핏 #gtr2 #gts2 #어메이즈핏gtr #어메이즈핏gts"
2021-01-23 00:00:00+00:00, 20210106촬영만 해놓고 귀찮아서 이제서야 편집한 #퇴근길영상;;당시 생일날이었고 평소 #퇴근 하는길인데 이 날은 눈이 너무 많이 내려서 신발도 망가지기 일보직전이었고 (다행히 신발은 몇주 후 살아남ㅋ) 추위를 진짜 안타는 체질인데 이땐 너무 추운 나머지 욕을 너무 많이 해서 거의다 편집함 (cuz kids are watching my instagram)촬영분이 40여분 정도 였는데 #윈도우10 에 있는 #비디오편집기 라는 기본 내장 프로그램으로 5분 분량으로 컷편집만 했고 #홍미노트7 으로 촬영한 영상임#스마트워치 는 #어메이즈핏 T-REX 로 운동 기록 측정함#폭설 #heavysnow #snowflakes #walking #workout#걷기
2021-01-23 00:00:00+00:00," 시간 약속 지키는 사람, 건강한 사람이 되라고  아내가 사준 스마트워치.약속 잘지킬께😭 고맙고맙#어메이즈핏#amazfit#gtr#47mm#잘쓸께요#약속#건강#아내선물#선유#생일은별도다#스마트#워치#gtr47 오 커피한잔?"
2021-01-17 00:00:00+00:00, #리그램 - @miraesangsa💚7월 미래상사 인스타그램 이벤트-나만의 운동 도우미!어메이즈핏과 함께한다면 운동하러 가보고 싶은 곳은?! --✔참여방법미래상사 미래상사 (@miraesangsa) 팔로우!댓글에 운동하고 싶은 곳을 남겨주세요-✔ 이벤트 기간 : 7월 3일~7월 19일-✔이벤트 발표일 : 7월 21일 (개별 DM 통보 예정)-✔혜택 : 20분 추첨하여 스타벅스 아메리카 기프티콘(Tall size)를 드립니다!-#미래상사 #팔로우이벤트 #어메이즈핏 #스마트워치 #운동 #트레이너 #팔로우 #댓글환영
2021-01-16 00:00:00+00:00, 셀프생선 짱맘에듬 ...#샤오미 #어메이즈핏 #gts2mini #gts2 #xiaomi #스마트워치 #스마트와치 #daily #hbd #watch #운동스타그램 #exercise 나도사줘 생일축하해😍 오잉 생일축하해!!!
2021-01-13 00:00:00+00:00, 미밴드4에서 어메이즈핏 gts2mini 로 갈아탔음10일만에 왼쪽손목에😻#샤오미 #어메이즈핏 #어메이즈핏스마트워치 #어메이즈핏gts2mini #zepp #샤오미스마트워치 디자인 이쁜데오?😁😁 저도미밴드4 1년넘게사용중인데 요거루 갈아탈지 한달째고민중입니다ㅜㅜ 결정장애..
2021-01-06 00:00:00+00:00, 2021년도 우리 모두 건강하소🐮~ 새해가 되면서 다이어트를 하겠다고 다짐했을 저와같은 마음인 분들이 많으실 것 같습니다~!그런데 날씨가 추워지면서 야외 운동은 하기 싫어지지 않나요..그런분들을 위해 홈트를 추천드리면서 겨울 홈트시 지켜야 할 6가지 수칙을 알려드립니다~!1.두꺼운 옷보단 얇은 옷을 여러겹으로~!2.외출전 준비운동은 필수~!3. 오전보다는 오후!실외운동보단 실내운동!4.겨울철엔 강도를 낮춰 진행해주세요~5. 운동 후 가급적 마른 옷으로 빨리 갈아입어주세요!6. 너무 추울땐 나가지 말고 실내 운동으로 대체~!건강한 새해를 위해 실내 운동이라도 조금씩 해보는 건 어떨까요?!📌스마트워치 어메이즈핏의 빕U 프로의 신상 출시되었습니다!60가지 이상의 다양한 스모츠모드로 스마트한 겨울철 운동을 즐겨보아요~!📌#미래상사 #겨울운동 #홈트 #레시피 #어메이즈핏 #신제품 🌈 2️⃣0️⃣2️⃣1️⃣ 🐮새해🌅에는건강🚴과 행복💑이 늘 함께하이소🐮
2021-01-01 00:00:00+00:00, 2021년 1월 1일 아침!새 기운 새 마음가짐으로 한 해를 맞이하자!경자년 잘 가시고 신축년🐃 어서오시게나~#새해아침 #어메이즈핏 #새해복많이받으세요 팀장님. 올해에는 더 좋은 일만 가득하실겁니다! 새해 복 많이 받으셔요~🙇
2020-12-29 00:00:00+00:00, 가죽을 만지지만 내 시계줄 만들 시간이 없어서 기본줄 착용중🤣ㆍ얼른 맹글어줄게....⌚#일다하고 #내년쯤 🌼 왜케 공감되나요😭😭 저도 가방 에코백 매고 다녀요ㅋㅋㅋㅋㅋ
2020-12-26 00:00:00+00:00, 오랜만 게시~^^#투쏭팸티비#샤오미#어메이즈핏 #gtr2#ㅎㅎㅎ이제 건강 챙기자~
2020-12-26 00:00:00+00:00, #amazfitgts2mini .남편이 준 선물혹은 족쇄전화좀 잘 받으라고 사줌😑..#amazfitgts#어메이즈핏#어메이즈핏gts#스마트워치#넷플릭스#불멍
2020-12-21 00:00:00+00:00," 다가오는 크리스마스에도 불구하고코로나로 인해 함께하지 못하는 소중한 사람에게 하고 싶은 말을 전해보세요.어메이즈핏이 추첨을 통해 선정된 2명에게 스마트워치 Bip U를 드립니다.■ 참여방법1) 어메이즈핏 페이스북 계정 팔로우2) 해당 게시물에 마음을 전할 상대 태그 후 메세지 입력■ 당첨선물 - 어메이즈핏 Bip U 스마트워치(2명) / 색상랜덤■ 참여기간 1) 참여기간: 12월 18일(금) ~ 21일(월) 2) 당첨발표: 12월 22일(화) 예정 / 개별연락■ 주의사항 - 비정상적인 방법으로 이벤트에 참여한 것으로   확인되는 경우, 당첨이 취소될 수 있습니다.#페이스북이벤트 #경품이벤트 #이벤트 #이벤트참여 #어메이즈핏 #크리스마스이벤트 #온라인이벤트 #이벤트응모"
2020-12-18 00:00:00+00:00, #~^^가벼워~^^#울커플시계~^^밴드가 가볍다~~^^#어메이즈핏~^^#헬스케어서비스 ~^^~~❤️
2020-12-15 00:00:00+00:00," #어메이즈핏#갓성비#gtr2, 가격대비 성능 괜찮고 무엇보다 배터리가 오래가서 맘에 든다. 팅크웨어 정발.. 💕💕💕👍"
2020-12-15 00:00:00+00:00," 어메이즈핏 GTS 2의한국 정식출시를 기념하여11번가 단독 특가행사를 진행합니다.한정 수량의 기회, 놓치지 마세요👍*더 알아보기https://bit.ly/3oRVWBF#어메이즈핏 #어메이즈핏GTS2 #GTS2 #특가행사 #한정수량 #스마트워치 #스마트워치추천"
2020-12-15 00:00:00+00:00," 어메이즈핏 GTS 2의 한국 정식출시를 기념하여11번가 단독 특가행사를 진행합니다.한정 수량의 기회, 놓치지 마세요👍*더 알아보기https://bit.ly/3oRVWBF#어메이즈핏gts2 #gts2 #어메이즈핏 #스마트워치 #스마트워치추천 #혈중산소포화도 #팅크웨어모바일"
2020-12-14 00:00:00+00:00," 숙면을 위한 스마트 이어폰,어메이즈핏 젠버즈 한국 출시.#어메이즈핏 #어메이즈핏젠버즈 #젠버즈 #젠버드 #수면이어폰 #숙면 #꿀잠 #꿀잠예약 #불면증 #심신완화 #수면장애 #팅크웨어 #팅크웨어모바일"
2020-12-11 00:00:00+00:00, #gtr47mm #어메이즈핏 #샤오미 #스마트워치
2020-12-09 00:00:00+00:00, 스마트 워치.::::#스마트워치#어메이즈핏#Amazfit#Gtr#가성비 굿굿#배터리효율 대박#무충전 한달이상#leather#craft#handmade#playground#stardust#노래#춤#보드#휠#전동#원피스#귀멸#드래곤볼#수집가#시계용#업무용#막사용#가성비#샤오미
2020-12-04 00:00:00+00:00, 첫 스마트워치  #어메이즈핏 #어메이즈핏gtr #샤오미 #어메이즈핏gtr2 #신상 #스마트워치 #팅크웨어 #한국정발 #zeep
2020-11-27 00:00:00+00:00," 더 새로워진 GTR 2곧, 한국에서도 만나요!#어메이즈핏 #amazfit #GTR2 #스마트워치 #어메이즈핏GTR2 #amazfitgtr2 #스마트워치추천"
2020-11-27 00:00:00+00:00," 더 새로워진 GTR 2팅크웨어를 통해 곧, 한국에서도 만나요!#어메이즈핏 #amazfit #GTR2 #스마트워치 #어메이즈핏GTR2 #amazfitgtr2 #스마트워치추천"
2020-11-22 00:00:00+00:00, 나이트 러닝&도림천 야경..추운날씨에도 불구김장으로 뭉친 몸을 달래러 뛴다..#굿나잇#도림천 #도림천러닝크루 #신도림디큐브시티쉐라톤#어메이즈핏
2020-11-20 00:00:00+00:00," 매일, 원하는 스타일의 새로운 시계를 착용하세요.어메이즈핏 스마트워치 GTR.#어메이즈핏 #어메이즈핏GTR #스마트워치 #가성비스마트워치 #GTR #다양한워치페이스"
2020-11-18 00:00:00+00:00, 아웃도어 활동도 스마트하게어메이즈핏 T-REX#심박모니터링 #14가지스포츠모드 #50M방수 #듀얼위성GPS#어메이즈핏 #Amazfit #티렉스 #스마트워치#군인시계 #아웃도어시계
2020-11-14 00:00:00+00:00, 어메이즈핏5 밴드 애플워치나 갤럭시워치는 가격이 부담될때는 스마트 밴드 어메이즈핏5밴드 추천합니다.샤오미 미밴드에 이어 후발주자로 떠오르는 스마트 밴드 #어메이즈핏5밴드더 자세한 정보는 프로필 하단 블로그 링크를 클릭해주세용🙂 #울산#부산#대구#서울#대전#인천#경기도#스마트밴드#스마트밴드추천#어메이즈핏#어메이즈핏5밴드#데일리#일상#daily#스마트#스마트제품#스마트굿즈#스마트워치#스마트워치추천#신상#내돈내산#내돈내산후기
2020-11-09 00:00:00+00:00, 나의 첫 스마트워치는 어메이즈핏빕.10만 원 넘는 건 굳이 쓰고 싶지 않았기에 거의 한 달을 걸려서 받았으나 아주아주 착한 가격에 충분히 만족😄가성비 좋게 잘 써보자!#스마트워치 #샤오미 #어메이즈핏 #amazfit #어메이즈핏빕 #amazfitbip #cocodagreen #코코다그린 그냥 #카키 같은데 ㅋㅋ 기왕사는 거 비싼거 사지 그랬어..샤오미 난 별룰쎄
2020-10-19 00:00:00+00:00, #오누 #욜로 #홀로 #솔로 #술로 #슬로 #새로산 #스마트워치 #어메이즈핏 #Gts #다른건차치하고 #배터리오래가서 #너무좋아 #쩔어아조
2020-10-14 00:00:00+00:00, 오늘은 30분안에 5키로뛰기점점 더 줄이자 파이팅!!.........#24 #97 #런닝 #운동 #어메이즈핏#소방관 #🚒 #💪🏻 #체력관리 #파이팅👊 너 완전 멋쥐네~~~ 파이팅!! ٩(๑•̀o•́๑)و 관악구 야생마 ㅇㅈ 이제 싸우면 지겠는데?
2020-10-13 00:00:00+00:00," #선물ㅌ사 상무님께서 #베프 녀석을 위해 좋은 선물을 해 주셨습니다. #샤오미 #어메이즈핏 #GTR #amazfit#가성비 좋고 한 번 완충하면 2주가까이 사용할 수 있는 매력적인 제품입니다.저도 애플워치외에 세컨드 #스마트워치 로 번갈아가면서 차고 있는 제품인데, 만족하며 사용중입니다.언박싱을 했더니, 선물로 받은 놈은 마감이 스테인레스로 되어 있어 제것보다 더 예뻐 보이네요~  베프에게 아빠것과 바꿀래 물어보니 ""5만원!!""이라고 외칩니다. ㅎㅎ 그냥 자기것 자기가 쓰는 걸로~~좋은 선물 감사합니다 *^^*"
2020-09-29 00:00:00+00:00," ... 안녕! 시계? 스마트시계? ..  #레트로 좋아하는 #나 는 신박하게 최신형이면서 가장 단순함을 최우선으로 하는 #스마트워치 를 구매했다. .  원래 #추석 이 끼어서10월 7일 배송예정이였지만 미리 찾을 수 있다하여 7시가 지나기 전에 냉큼 받아왔다. ..  이름하여 #어메이즈핏네오 !!! 어메이즈핏도 시리즈가 너무 많다 ㅜㅡㅜ 복잡해. .. 디지털카메라보단 아날로그필름카메라를 더 좋아하고, 키보드 보단 타자기 치기를 좋아하고... 그냥 옛날 구식이 나에게 맞나보다. ..  스마트워치가 있으면 편하겠는데 그냥 왠지 심플한게 더 땡긴다. ..  페이퍼잉크에 아기자기한 구성으로 #페블 시계를 젤 좋아했는데 돈에 욕심 먼 사장이 #핏빗 에 넘기는 바램에 지원도 끊기고, 나중엔 고장이 나버렸다. .. 나에겐 ""심플 is 베스트"". 어메이즈핏 네오로 다시 한번 디지털 심플 라이프에 한층 익숙해져 보기로... ... . taken by #CanonEosR #안양 #명학 #성결대 #안양천 #어메이즈핏 #Amazfit #AmazfitNeo #스마트워치 #레트로풍 #추억의카시오"
2020-09-29 00:00:00+00:00, .고모가 이쁘게 찍어준 사진🥰😍.#뉘집아들인지#양준일같다며#살인미소#어메이즈핏#GTS#이쁜짓#포즈
2020-09-18 00:00:00+00:00, 이제 스마트워치는 그만 사야하는데 계속 다른 버전이 나오니 또 욕심이 생기네요 ㅋㅋㅋ애플워치가 안드로이드에도 연동되면 가장 좋을텐데 지금 스마트폰과 연동해서 쓰고 있는 어메이즈핏 다음 버전이 나왔다고 해서 구경하다가 급 뽐뿌가와서 구매했습니다GTS버전은 애플워치랑 비슷하게 만들어졌고 GTR은 갤럭시 워치랑 비슷하게 만들어져서 둘다 마음에 들었지만 더 가벼운걸 선택하다보니 GTS를 구매했습니다그동안 구매한 스마트워치가 몇개인지도 잘 모르겠지만 당분간은 무슨일이 있어도 이걸로 만족해야겠습니다ㅜㅜ특히 이번 모델부터 방진방수 등급이 높고 수영도 가능하다고 해서 겸사겸사 사기는 했는데 언제 수영을 갈수 있을지 모르겠습니다어제 아들과 이야기하다가 수영가고 싶다고 이야기했더니 아들도 수영이 너무 하고 깊다고 하더라구요 ㅜㅜ빨리 코로나가 끝나서 수영장이 문을 열었으면 하네요그나저나 그냥 워치만 바꾸면 되는줄 알았는데 이번 모델부터는 연동되는 프로그램도 변경이 되었네요 ㅎㅎㅎ기존 데이터를 가져와야하다보니 프로그램 설치하고 연동하는데 꽤 시간이 걸렸습니다설치하는데 너무 시간이 많이 걸려서  솔직히 그동안 누적해놨던 데이터가 다 날라가는게 아닌가 걱정을 하기도 했습니다 ㅋㅋㅋ#스마트워치 #smartwatch #watch #얼리어뎁터 #수영가능 #아몰레드 #어메이즈핏 #gts #amazfit #이걸로끝 #웨이러블 #amoled #waterproof #50m #swim #수영 #운동모드 #전화 #문자 #심박수 #스트랩 #시계스트랩
2020-09-12 00:00:00+00:00, 대륙의 실수 샤오미 어메이즈핏 GTR 47mm #대구#대륙의실수#샤오미#어메이즈핏#GTR#47mm 진동오면 바로알아차리겠누
2020-09-10 00:00:00+00:00," #어메이즈핏GTR #어메이즈핏 #amazfit #GTR샤오미 생태계인 화미 스마트워치시계는 워치레이싱휠 거치대 불량으로 반품, 생일 선물로 받은 배라 기프티콘은 주문 누락, 베란다에서 물 샘, 꼬미 가끔 똥먹음, 매일 보는 스트레스 덩어리등 온갖 스트레스에 지쳐 지름#미밴드4 잘 쓰고 있었는데 화면 크기 때문에 샀다"
2020-09-09 00:00:00+00:00, #미밴드3 -> #어메이즈핏 -> #헬로우솔라 -> #미밴드5 .  가격 때문에 #샤오미 를 벗어나지 못했네요. 미밴드5는 어제부터 국내에서 정식발매.
2020-09-07 00:00:00+00:00, 잘가 #핏빗 안녕 #어메이즈핏오년간 써서 익숙한 핏빗의 스마트워치가 갖고싶었지만 가격이 두배라 저렴하고 애플워치 짭같이 생긴 어메이즈핏으로 갈아탔다. 너비가 약간 넓네~ 얄쌍하게 예쁜 건 전 거같은데 전원 넣은 화면은 새로 들인 애가 더 예쁜 것같다.❤️
2020-09-04 00:00:00+00:00," 어메이즈핏 티렉스!강하고 견고한 외관, 정교한 내부 설계로 내구성과 실용성을 겸비한 익스트림 스포츠 파트너입니다.아웃도어 전문 스마트워치..^^#어메이즈핏 #티렉스 #TRex#스마트워치 #스마트와치 #웨어러블#amazfit #amazfitkorea"
2020-09-02 00:00:00+00:00," #남편선물그동안 걸음수잰다고 무거운 핸드폰들고다니면서 툴툴거렸더니 쿠팡로켓배송으로 시켜준 #미밴드4🧔""내가 너 필요한것 같아서 시켰다!!내일도착할거야!!👍"".....필요하지만 안사고있었던 이유는.....난 사실 #어메이즈핏 를 살까, #갤럭시워치 를 살까, #핏빗 을 살까.... 곧 아이폰12가 나온다는데 #애플워치 사서 핸드폰도 다시 아이폰으로 돌아갈까....이런저런 고민중이었는데 ....허허.#어고마워 #ZL좋아 #아신난다정말 #이야나도스마트워치가생겼다아#고민안해도되겠네#보자마자당장스트랩부터구매#뭐이런검정이...오늘은 탄파예정일.최종몸무게 50.4로 50언더에 들지 못했다.50밑으로 내려가면 자축하며 오늘 하루는 마음껏 먹으려고했던 탄수화물....고민하다가 점심에 짬뽕을 한그릇먹었다.평소 좋아하던 짬뽕인데 맛이 없었다. 반도 안먹고 내려놓았다. 50밑으로 내려가면 그때 기뻐하면서 먹을걸....후회됨.12시부터 1시20분까지 오늘 못채운 할당량 7100보 채우려고 러닝머신.#셜록 보면서 했더니 피곤해도 할만했다.시속5km로 6.46km걸음. 하기싫었는데 하고나니 짬뽕먹은 죄책감이 좀 덜어지네... #유당불내증 이 있어서 고르고 고른 #프로틴쉐이크(그래서 내가 키가 안컸나보아)이것은 쥬스인가 프로틴인가.포도맛인데 넘나 맛있다.이거 먹으려고 걷는다.진짜ㅋㅋ..#큐브사준지 한참 되었는데, 한동안 또 관심없다가 놀게없었는지 유튜브보며 끙끙대더니, 1시간20분만에 맞췄다고 자랑.회색부분이 보여야 잘하는거라며 꼭 회색부분을 찍어달래서 손을 돌렸더니 일잘하는 아줌마포스손이네.두툼허다...오늘일기끝. 50.4도 대단해요!!열심히 하는 모습 넘 좋다 앞으로도 화이팅!!미맨드 사주는 남편님 널 많이 사랑하시는듯 성공했네. 나는 제자리인디.ㅠㅠ 손목이 반쪽이 된것같네? 저도 비슷한일 있어요 ㅋㅋ 노트북 오래되서 꿍시렁했다가 원하는 기능있는 좋은거 사려고했는데 이미 선물예고가 있네요 헐... 뭔가 고마운데 기쁘진않앜ㅋㅋㅋㅋ😂😂"
2020-08-31 00:00:00+00:00, #워치페이스#watchface #casiostyle#어메이즈핏#amazfit#스마트워치#smartwatch
2020-08-28 00:00:00+00:00, #이쪽이더좋아보이기도하고#애플워치 #어메이즈핏#스마트워치비교#푸쉬오는거질색인데#얼리스토어#육아스타그램 #캠핑#applewatch #amazfit 전 갤와치3 ㅋ
2020-08-27 00:00:00+00:00, #애플워치 같은 #amazfit#어메이즈핏#gts #워치페이스 #watchface 바꾸는 재미 순간 애플워치 이런 디자인도 있나? 했어요 ㅋ 이거 괜찮아요? ㅋㅋㅋ
2020-08-26 00:00:00+00:00, #스마트워치 잘 활용중 👀 ❤️
2020-08-23 00:00:00+00:00, 원작 폰트가 너무 별로라고민하다 싹 뜯어고침심플하고 깥끔하니 만족함마지막에 변환 오류 나서 문의하니원 개발자님이 직접 업로드 해주심ㅠㅠ요즘은 이런 깔끔한 게 좋은 거 같다번잡하고 복잡하면 오히려 귀찮음#편집 #수정 #포토샵 #시계 #워치페이스#워치 #스마트워치 #레드 #빨강 #어메이즈 #어메이즈핏 #어메이즈핏gtr #gtr #gtr47mm #스텐리스 #커스텀 #만족 #폰트 #변경 #깔끔#디자인 #허락 #감사 #월요일 #월요병 #새벽#watchface #한글 #한국어 #watchfaces
2020-08-20 00:00:00+00:00, 코로나 때문에 당분간 실내 운동만... 폭우에 코로나에 아오..#운동 #다이어트 #어메이즈핏 #엑스바이크
2020-08-06 00:00:00+00:00, 첫 스마트 워치로 어메이즈핏 GTS 낙찰. ...#스마트워치 #샤오미 #훠미 #어메이즈핏 #gts #어메이즈핏gts #짭플워치 #나름플렉스 우오~~~ 플렉스~~~~😄👏👏 멋지네요. 👍 난 샤오미밴그4 샀음 구매 어디서했는지 알수있을까요~~+
2020-07-31 00:00:00+00:00, #운동 #홈트레이닝 #💪 #GTR47 #어메이즈핏 #⌚#칼소폭핵매운맛 을 시작으로 몇가지 운동을 했던가...#최대심박 184. #평균심박 144. 심박이 아주 심장터지네! 2시간을 쉬지도 않고 열심히 함!소비칼로리 858까지는 안되겠지만...쨋든 체지방이 개미똥만큼은 줄었겠지😆하루 1000칼로리 이하로 먹는데도 안빠짐...ㅜㅜ20일 넘게 식단으로도 안되고 운동으로도 안되고 정체 정체 정체... #정체기극복하기 #체중계고장난거아니냐#저한테왜이러세요 #😭 이럴때 정말 #다이어트때려치고싶다 😱 곧 또 갈거니깐 그때까지 빼고있도록😎 또찔꺼니깐🤣
2020-07-27 00:00:00+00:00, 💙어메이즈핏 빕S 신상 출시💙실용적이고 다양한 기능으로 돌아왔습니다~!!🧡편리한 메시지 알림과 일기예보 🧡편집가능한 스마트 위젯🧡휴대폰 뮤직 컨트롤🧡심박수 모니터링 🧡10가지 스포츠모드가성비 끝판왕 스마트워치 답지 않나요거기에 지금 어메이즈핏 공식몰에서 어미에즈핏 빕S 커플시계 1+1 구매시 절찬할인중이라는 사실!! 스마트워치의 모든 기능들을 빕S에 담아냈습니다💙어메이즈핏 공식몰에서 <빕S 커플시계>를 만나보세요!#어메이즈핏 #빕S #커플시계 #1+1 #행사중 #일기예보 #스마트위젯 #뮤직컨트롤 #심박수 #모니터링 #가성비 #끝판왕 #실용적 #업그레이드 #신상출시
2020-07-23 00:00:00+00:00, 고맙습니당😀 Amazfit GTR Swarovski 💎 ..#Amazfit #amazfitgtr #amazfitgtr42mm #amazfitgtrsmartwatch #swalovski #smartwatch #Xiaomi #샤오미 #샤오미스마트워치 #스마트워치 #스와로브스키 #시계 #손목시계 #어메이즈핏 #어메이즈핏gtr #선물 #일상 #휴식 #일상스타그램 #반짝반짝 분홍빛?💕 ㅡㅡ 뭘 엄청 받네 뭐지.. 이 부농부농한 느낌은!!! 홍구 옷 잘 어울린당! 우리 만날때 제발 이렇게 입고와주라ᆢ 거지같이 입지 말구ㅡㅅㅡㅋ
2020-07-21 00:00:00+00:00, 잘 쓸게요⌚️(feat.핏줄아 나와랏!)...#스마트워치 #샤오미 #샤오미스마트워치 #어메이즈핏 #어메이즈핏빕s #웨어러블 #스마트인 #섹시한 #팔목 #핏줄 #핏줄미남 #시계 #전자시계 #amazfit #smartwatch #가성비스마트워치 #선물 #추천선물 #present #wearable #xiaomi #mi 상남자구만👍👍 와 섹시한 팔목 핏줄이래 와 핏줄미남이래; @dalla_0526 @bae_______so___1 해시태그 반성해너..😒 태그에 싫어요 누르는 버튼은 왜없을까...ㅋㅋㅋㅋㅋㅋㅋ
2020-07-20 00:00:00+00:00, ⠀⠀엄마가 수영할 때 기록을 하고 싶대서 샤오미 어메이즈핏을 샀는데정작 운동에 수영탭이 없..결국 미밴드로 다시 사고 반품하기 귀찮아서 어메이즈핏은 아빠에게..ㅋㅋ⠀#샤오미 #미밴드4 #어메이즈핏 #스마트워치 #𖤐𖤐 역시 딸들이 최고야👍👍 불편함 없으시길!
2020-07-06 00:00:00+00:00, 어메이즈핏GTR에도 AOD기능이 있어요. ⌚️😁설정에 상시 켜짐 화면이라는 부분이 있는데요. 설정해두시면 흘깃흘깃 보아도 시간을 확인할 수 있어 편리해요. 👍👍물론 배터리 사용량이 증가해서 원래는 1달 사용가능하던게 10일로 줄기는 합니다만 그래도 다른 스마트워치보다는 오래 가니까 설정해두고 사용해볼만 한 것 같아요. 😄아직 설정 안해보신 분들이라면 설정해서 사용해보세요!⌚️#어메이즈핏 #어메이즈핏gtr #amazfit #amazfitgtr
2020-07-04 00:00:00+00:00, Reposted from @miraesangsa 💚7월 미래상사 인스타그램 이벤트-나만의 운동 도우미!어메이즈핏과 함께한다면 운동하러 가보고 싶은 곳은?! --✔참여방법미래상사 미래상사 (@miraesangsa) 팔로우!댓글에 운동하고 싶은 곳을 남겨주세요-✔ 이벤트 기간 : 7월 3일~7월 19일-✔이벤트 발표일 : 7월 21일 (개별 DM 통보 예정)-✔혜택 : 20분 추첨하여 스타벅스 아메리카 기프티콘(Tall size)를 드립니다!-#미래상사 #팔로우이벤트 #어메이즈핏 #스마트워치 #운동 #트레이너 #팔로우 #댓글환영 - #regrann
2020-07-04 00:00:00+00:00, Reposted from @miraesangsa 💚7월 미래상사 인스타그램 이벤트-나만의 운동 도우미!어메이즈핏과 함께한다면 운동하러 가보고 싶은 곳은?! --✔참여방법미래상사 미래상사 (@miraesangsa) 팔로우!댓글에 운동하고 싶은 곳을 남겨주세요-✔ 이벤트 기간 : 7월 3일~7월 19일-✔이벤트 발표일 : 7월 21일 (개별 DM 통보 예정)-✔혜택 : 20분 추첨하여 스타벅스 아메리카 기프티콘(Tall size)를 드립니다!-#미래상사 #팔로우이벤트 #어메이즈핏 #스마트워치 #운동 #트레이너 #팔로우 #댓글환영 - #regrann
2020-07-03 00:00:00+00:00," 💚7월 미래상사 인스타그램 이벤트-나만의 운동 도우미!어메이즈핏과 함께한다면 운동하러 가보고 싶은 곳은?! --✔참여방법미래상사 미래상사 (@miraesangsa) 팔로우!댓글에 운동하고 싶은 곳을 남겨주세요-✔ 이벤트 기간 : 7월 3일~7월 19일-✔이벤트 발표일 : 7월 21일 (개별 DM 통보 예정)-✔혜택 : 20분 추첨하여 스타벅스 아메리카 기프티콘(Tall size)를 드립니다!-#미래상사 #팔로우이벤트 #어메이즈핏 #스마트워치 #운동 #트레이너 #팔로우 #댓글환영 한강에서 강바람 맞으며 조깅하고싶어요~ @joa_ggultteok @chrisnew1998 @all_zzzang @choeyeongsu57 @pluckyvita7 @nogonnogon @bbanggu_99 @kb51270 @queen3mom72 @zendavesta0214 뜨거운 태양빛을 가르며, 학교 농구장에서 열심히 뚜고 싶어요! #어메이즈핏 과 함께!!! @kimpeeljoong @kent0716 @zendavesta0214 @songhannahhhh 함께 뛰어요 ^ 집 앞 운동장에서 뛰어볼래요😆 한강가서 반려견과 함께 운동하러가고 싶어요 좋아요 & 참여완료 & 함께해요 😊@tobom2 @mimi02_u @yeo_eunju83 @u_vely.mom @onekue6481 @bori5054 @seong420 @pjay042 #미래상사 운동하러 제주도 가고 싶어요. 둘레길 걸으면서요. 🙆‍♂️💕 @bagjongmin1687 @pjay042 @hanabeei3 @sinno770 @euphoria__111 오랜만에 한강에서 조깅도 하고 사람들 구경 좀 하고 싶네요^^ @ao__son65 @wjddn95__ @ohen9237 @gzgwon050 얼짱 들이 많은 피트니스~~ 동네 뒷산 ~~ 어린이 대공원에서 조깅을 어메이즈핏과 홈트 열심히 즐기고 싶어요! 집에서 짐볼 하나 아령 하나만 있어도 유튜브에 다양한 운동 검색해서 실천할 수 있는거 정말 많습니다! 아무 기구 없어도 티비 보면서 스쿼트만 해도 정말 유무산소 운동 엄청 되요 ㅎㅎㅎ 헬스클럽 가서 운동하고 싶네요. 저희 동네 헬스크럽 하나 있었는데 코로나19로 폐쇄 중이라서요 ㅠㅠ @proactivity8 @jeongmani_o @ja__na76 등산이요!  산에서 운동하고싶어요😊 @kyoung7999 @pipirang"
2020-06-27 00:00:00+00:00," #샤오미스마트워치#어메이즈핏#티렉스#스마트워치#amazfittrex#smartwatch##xiaomismartwatch샘플받고 3주만에 드뎌 차보는구만~지샥 시계 같은 디자인, 근데 스마트워치에서는 첨😁 GTR보다 한글지원도 빨랐고, 착용감 좋고, 운동할때 어울리는 스마트워치💪🏻"
2020-06-19 00:00:00+00:00, 스마트워치 뭘로 살지 고민이시라면 !? 이 글 정독을 권합니다🙌-🧡어메이즈핏 빕S 정품 국내 정식 첫출시!!💙-🧡세상에나.. 무려 40일 동안 지속되는 배터리-🧡찬듯안찬듯 넘나 가벼운 초경량 바디-🧡투톤컬러로 돋보이는 디자인-🧡수심 50미터까지 내려갈 수 있는 방수등급-WOOoooW올여름 나의 스마트 워치는 너로 정했다(찡긋-!)-❣어메이즈핏 공식 스마트스토어에서 절찬 판매중입니다❣ -#어메이즈핏 #스마트워치 #빕라이트 #빕S #Amazfit #bipS
2020-06-12 00:00:00+00:00," 스마트워치 처음 써보는데 수면체크, 운동할 때 심박수체크 유용하게 사용하고 있어요! 만족합니다 ^^생활방수 잘됩니다 :)#어메이즈핏#gtr#gts"
2020-06-09 00:00:00+00:00, #어메이즈핏 #GTS
2020-06-09 00:00:00+00:00, #첫줄너랑 함께 했던 시간이얼만큼이나 되었는지... 많이 아쉽다.잘가#스마트워치 #사망 #어메이즈핏 가민불사조ㄱㄱ 어쩌다😭
2020-06-06 00:00:00+00:00, 부탁 받은 티랙스^^ 가성비의 최고봉^^ 얼핏 쥐샥 ㅋㅋ #화미 #어메이즈핏 #t-rax #워치페이스 #한글은아직 #스마트워치 #데일리 #일상 #홀릭
2020-05-30 00:00:00+00:00, '두개가 똑같네🤭.....#어메이즈핏 #GTR #스마트워치 ⌚#커플시계 #커플템 #커플스타그램 #럽스타그램 오오 커플로보니 더 이뻐요~~ 예쁘다ㅋㅋ😍탐이가난다 ㅋㅋㅋㅋㅋㅋ 우왕 므찌다👍🏻 우와아앗 이거 진짜 이쁘네요😍😍😍
2020-05-30 00:00:00+00:00," #스마트워치 추천#amazfit #amazfitgtr47mm⠀샤오미 스마트워치⌚5개월  사용 후기⠀갤럭시기어S2 갤럭시S3프론티어갤럭시워치액티브그 외 잡다한 스마트 시계를 사용했지만,⠀가성비 최고봉은 샤오미 스마트워치Amazfit GTR 인것 같아요!⠀추천 이유는⠀• 한글지원⠀• 가격- 갤럭시 시리즈에 비해 절반 가격⠀• 오래가는 배터리- 6일째 충전 안하고 있는데 86%⠀• 다양한 페이스- 기본 내장된 페이스 말고도 어플깔면 유명한워치페이스로 기분에 따라 변경⠀플레이스토어 기준 아래 어플 추천Amazezfaces , AmazefitWatchfaces⠀• 42mm 47mm 알루미늄, 스틸, 티타늄여러 버전이 있어요! 색상도 GTS나 GTR버전⠀• 표준 규격 시계줄 변경가능⠀다른 스마트워치에 있는기본적인 기능도 있구요.(스포츠모드,심박수,알람날씨,음악..등등)⠀⚠️ 어플 받고 처음 업데이트 안된다고하시는 분은 비행기 탑승모드(에어모드)로전환 하시면 업데이트 가능하니 참고하세요!⠀인생 마지막 스마트 워치로 안착할듯편안~😆 매우 만족함 별점 5점 만점에 5점.⠀#어메이즈핏#스마트시계 #스마트워치#스마트시계추천 #스마트워치추천#샤오미스마트워치 #샤오미시계#유라이크 #셀카그램 #갤럭시노트10#galaxynote10 #selfie #셀카#창원 #changwon #셀스타그램셀카#daily #일상 #흔남 #마산 #진해#부산 #셀스타그램# #셀기꾼"
2020-05-29 00:00:00+00:00," QOL 4 - 자전거로 요가 갔다가, 영랑호 한바퀴 돌고 자전거타고 귀가했을 뿐인데... 다녀와서 걍 뻗었네..#내체력작고귀여워 - 그나저나 7만원 주고 산 샤오미 시계 기능 은근히 좋구만..심박수랑 고도, 평속, 구간별 속도 다  나오네 #어메이즈핏 너는 대체..."
2020-05-29 00:00:00+00:00, 나도 샀다 어메이즈핏 !!정식발매~ 한글지원~ 아이나비 ㅎ ㅎ ㅎ충전스트레스 없는 스마트워치~~#어메이즈핏 #amazfitgtr47mm #11번가 #스마트워치 #아이나비 #샤오미 #좋다
2020-05-28 00:00:00+00:00, Amazfit gtr 47mm딸램한테 미밴드 뺏기고 다시 구입한 스마트워치~베터리가 사기라서 마음에 든다ㅋㅋㅋ워치페이스로 명품시계 둔갑ㅋㅋㅋ#Amazfit#gtr#Amazfitgtr#어메이즈핏#스마트워치#베터리사기#줄질#워치페이스#존잼👍 배터리 몇일가는가욤 디지털 기계 잘한다 은근히 신세대야~
2020-05-27 00:00:00+00:00," #어메이즈핏 #GTR #아이냐비프리미엄 #스마트워치 형님 코로나  잘 견디고 계십니까? 한번충전하면 한달간다는GTR~,🔥"
2020-05-25 00:00:00+00:00, 앱등이지만 애플워치는 못쓰겠다해서 지른 스마트워치어메이즈핏GTR 언박싱(feat.ROLEX)#어메이즈핏 #GTR #ROLEX
2020-05-22 00:00:00+00:00, 정말 스마트워치 중에서 최고인 듯 싶음애플워치 이틀마다 충전하다가 GTR 47mm로 갈아타니 한달간 배터리 빵빵하니 걱정없어 왕좋음완전가볍고 모두 만족!#샤오미 #어메이즈핏 #GTR #47mm #한국정식발매 #아이나비 #팅크웨어 #배터리짱
2020-05-22 00:00:00+00:00," Amazefit GTS 충전후 일주일째HD고화질 해상도 341ppi amled display 1.65인치편집가능 모듈화면5atm 방수 및 수영가능12가지 스포츠모드GPS기능배터리 완충후 2주정도 사용가능(gps모드 경우 조금 빨리 소모)심박수측정이 모든 기능에 10만원대!기어s, 가민피닉스 모두 사용해보았지만가성비만큼은 어메이즈핏 gts 최고!! #샤오미#어메이즈핏#gts#스마트워치#가성비시계#심박수측정#스포츠시계#xiaomi#amazefit#gts#smartwatch#cost effective#sportswatch#heartrate ㅎㅎㅎ #xiaomi#amazefit#gts#smartwatch 구매처 알수 있나용"
2020-05-19 00:00:00+00:00," 내무부장관님 의견에 따라 커플시계로 어메이즈핏 GTR 42mm 47mm 둘 다 구매!내껀 47mm오~ 사이즈 방패간지네~⠀페블타임은 진짜 오래 썼는데 이젠 안녕!⠀- 사용한 웨어러블 기기미밴드 1,2,3,4페블타임, 페블스틸LG 어바인⠀- 새로운 녀석Amazfit GTR⠀웨어러블 기기 선택시 가장 중요한 점은? (개인적인 순위)1순위 : 배터리2순위 : 가격3순위 : 시인성⠀갤럭시워치랑 아이워치 왜 안쓰냐 질문을 종종 받는다내 대답은??시계까지 자주 충전하긴 쫌,,,,안드로이드 워치도 마찬가지!!쓰다보면 결국 메신저, 문자, 전화알림이 메인임,,스마트워치로 전화통화는 전격Z작전의 ""키트 도와줘!!!"" 느낌?? (내용은 정확힌 모르지만 이 대사는 왜 기억하는거지? ㅋㅋㅋ)⠀Amazfit GTR 장점0. 배터리 : 와 3주는 충전안하고 쓰것네 👍1. 시계스럽게 생겼다2. 크다!! 시원한 액정크기 47mm3. 가성비4. e-ink 대비 화질 굿⠀Amazfit GTR 단점1. 페블의 e-ink type이 시인성과 배터리면에는 최고2. 베젤 기스 넘 잘난다 ㅠㅠ 그래서 다들 배젤링을 붙이나?3. 갤럭시워치 대비 약간 버벅임? 크게 문제는 되지 않는 수준⠀#웨어러블 #wearable #스마트워치 #smartwatch #안드로이드 #android #미밴드 #miband #페블 #pebble #아이워치 #iwatch #어메이즈핏 #amazfit #GTR #42mm #47mm #내무부장관님 #thx Lg도 있었어요? 몰랐네요 ㅎㅎ 갤럭시 워치가 디자인이 예뻐서 사고 싶었는데 배터리가 짧다고 해서 고민 중이었는데 Lg 것도 예쁘네요 ㅎㅎ 득템 축하! 미밴드도 썼었구나?! 아내가 미밴드4 썼었는데 하나하나 연결해야 해서 넘 열받아함 😅"
2020-05-19 00:00:00+00:00, 샤오미 스마트워치 아메이즈핏 GTR 47mm. 해상도와 착용감. 기능이 정말 어메이징하네~ 역시 가성비 갑 샤오미! #샤오미 #스마트워치 #어메이즈핏 #GTR47mm
2020-05-19 00:00:00+00:00, 미밴드3 안녕~그동안 손목에서 알림해주냐고 고생 많았다. 이제 어메이즈핏GTR에게 바톤 터치~!!!!#미밴드3 #miband3 #amazfitgtr #어메이즈핏gtr #어메이즈핏
2020-05-14 00:00:00+00:00, 혼자 생각없이 달리는게 최고...#흑백사진 #충북대 > #무심천 > #문암생태공원 #갤럭시s8 #기본카메라 #프로모드 #어메이즈핏 #스트라토스 #야간 #야경 #라이딩 #bnwphotography #galaxys8 #amazefit #stratos 😍 ㅁㅊ넘
2020-05-07 00:00:00+00:00," #스마트워치 새로 장만했어요.#아부다비 에서 쓰던 #애플워치 는 큰 딸에게 넘기고 이번에는 #샤오미 자회사에서 나온 #어메이즈핏 #어메이즈핏gtr 47mm로 구입했네요.#아이나비 에서 수입한 거라 서비스로 #액보필름 도 넣어 줬어요.하필이면 오늘 어메이즈핏 서버가 문제라 아직 사용은 못하고 착용만 해보는데, 팔목이 가는 제게 47mm는 크지 않을까 걱정했는데 괜찮네요. #실리콘 이지만 #가죽 같은 #밴드 도 맘에 들구요.#시계스타그램"
2020-05-03 00:00:00+00:00," 매일 매일 1만보 이상 걷기#샤오미 #스마트워치 #어메이즈핏#GTR 47 저는 이번에 상해에 있는 샤오미 매장 다녀왔는데 진짜 안파는게 없더라구요! IT제품만 파는게 아니라 수건, 안경같은 생활잡화같은것도 엄청 많이 팔더라구요.다른분들이랑 공유할려고 영상까지 찍어서 유튜브에 올렸어요"
2020-04-23 00:00:00+00:00, #어메이즈핏#GTR#47mm#엘지트윈스#워치페이스#LGTwins#LG_Twins#amazfit#watchface
2020-04-23 00:00:00+00:00, 인증됨 인증됨
2020-04-22 00:00:00+00:00, #청주#용암동#금천동#분평동#샤오미#스마트워치#어메이즈핏#gtr #gts #GTR47#amazfit#아이나비#정식발매#한글화#mi#스마트워치#smartwatch 정식발매가된 어메이즈핏 GTR47아이나비와 손을잡다!!🤗AS도 아이나비에서 1년무상리퍼로 진행별다른 기능은 없는데....한번 완충으로 20일이상사용가능고급스러운 워치페이스로 꾸미자꾸나!!
2020-04-21 00:00:00+00:00, 하루 3만보.30년동안 처음이지 싶다.6시에 일어나서 산책 한시간점심시간에 테니스벽치기 한시단오후에 테니스벽치기 한시간퇴근하고 산책 한시간 남짓.11시 20분 지금까지 3만보. #하루삼만보 #3만보 #발아파#어메이즈핏 #gtr47 #꿀잠예약 #다이어트 #6일차 #배는왜안들어가지😔 대박
2020-04-19 00:00:00+00:00, 오늘도 아버지와운동 요즘 컨디션이 좋아보이셔서 너무좋다...#주말 #주말일상 #운동#걷기#어메이즈핏 #어메이즈핏gtr #스마트워치
2020-04-18 00:00:00+00:00, 자도자도 피곤한이유 깊은잠이 부족하다 만성피로 인가 어찌해야할까 근데 궁굼한건 내가 이정도면 나보다 점수가 아래인 저 33%가 궁굼해지네 ㅎㅎ...#수면#깊은잠부족😴 #피곤피곤 #피곤해😴 #어메이즈핏 #어메이즈핏gtr
2020-04-01 00:00:00+00:00, Amazfit T-Rex20만 원짜리 스마트워치밀스펙이라 영하/영상에서오래가며 방수 방진에 강함정발이라 AS 지원됨운동측정/나침반/고도/기압GPS탑재/알림/날씨/음악제어등등 다양한 기능 지원함모래색 군용색 등여러가지 색상 제공동생 부사관 임관하면주려고 미리 구매했음#스마트워치 #smartwatch #어메이즈핏#amazfit #화미 #huami #밀스펙 #워치#방수 #방진 #군용등급 #milstd #티렉스#military #어메이즈핏티렉스 #trex #구매#스포츠시계 #sportwatch #amazfittrex#지름 #선물 #동생 #평일 #일상 #buy #정발 형만한 아우없네 감자링
2020-03-31 00:00:00+00:00, #샤오미#어메이즈핏 여성분이신가요?! 47mm같은데 사용하실때 너무 크거나 불편하지않으세요??
2020-03-28 00:00:00+00:00, amazfit♥️😍best smartwatch in the universe! handsdown!!! #어메이즈핏gts #어메이즈핏 #amazfit #amazfitbip #amazfitgts #amazfitgtr
2020-03-26 00:00:00+00:00, #어메이즈핏gtr #어메이즈핏 #스마트워치 #스마트워치추천 #가성비 #워치페이스 #남자시계 #구미 #대구 #맞팔 #소통 #일상 #시계스타그램 #amazfit #amazfitgtr 멋있노 반갑습니다:)
2020-03-23 00:00:00+00:00, 오예~ 스마트워치 생선받음. 이번엔 오래오래 썼으면.......#어메이즈핏 #스트라토스3 #stratos3 내 생일도 다가온다! 와...
2020-03-19 00:00:00+00:00, 살 빼는 거 기록 좀 하려고 구입함.생각보다 좋네.진작 살 걸 그랬다....#다이어트#어메이즈핏#어메이즈핏gts#골드 흐미 고딩때처럼 레슬링한판해야한디
2020-03-16 00:00:00+00:00, #스마트워치 #어메이즈핏 #어메이즈핏gts #어메이즈핏gtr #샤오미 #뉴토이 #스마트시대어메이즈핏gtr괴물배터리 지속시간 24일 이건뭐야??👍
2020-03-16 00:00:00+00:00, 미밴드2의 2% 부족한 알림 기능과 밴드보다 시계스러운 아이를 갖고 싶어 지른..어메이즈핏 GTR 47mm 스테인리스#샤오미 #화미 #어메이즈핏 #amazfitgtr #amazfitgtr47mm 진짜 시계같다👍
2020-03-15 00:00:00+00:00, #샤오미 #화미 #어메이즈핏 #어메이즈핏gts #직구스타그램 #쇼핑스타그램 #2020년세번째구매아이템 #미밴드3안녕 #애플워치사고싶었으나경제적압박 #자세히안보면애플워치처럼보임 #가격은5분에1 #기능은차이나겠지만가성비에만족 #시계줄은알리익스프레스3천원짜리 애플워치인줄알았으요!!
2020-03-04 00:00:00+00:00, #샤오미 #미지아 #4K #액션캠 #올레포빅 #액정보호필름0415549504 문자문의:01032729504  https://www.instagram.com/applesquare2/ #어메이즈핏 #홍미노트8 #홍미k30 #헬로우 #미패드3 #미밴드4 #홍미노트7 #미패드4 #미맥스3 #천안아이폰수리 #신부동아이폰수리 #애플스퀘어 #천안아이폰
2020-02-25 00:00:00+00:00, ✔️
2020-02-23 00:00:00+00:00, 인증됨 인증됨
2020-02-20 00:00:00+00:00, ✔️
2020-02-20 00:00:00+00:00, ✔️
2020-02-18 00:00:00+00:00, #샤오미 #어메이즈핏gts #어메이즈핏 #샤오미어메이즈핏 #샤오미어메이즈핏gts #스마트워치 #스마트웨어러블 #웨어러블기기 #웨어러블디바이스 #첫워치 ...첫 스마트 워치를 샤오미로 입문 했다.가격은 저렴하고 배송은 해외 배송이었는데 거의 국내배송 급으로 빨리왔다.성능은 타 워치들과 비슷하지만 배터리만큼은 샤오미 라인을 따라갈 수가 없다.현재 꽤나 만족스럽다.😆😆😆👍👍👍 영어만 보고 아마즈핏이라 읽은 난 바보 .. ㅋㅋ 너도? 어메이즈핏 써보니까 좋은가요?ㅎ제가 샤오미 미밴드5랑 고민중인데 어메이즈핏이 화면이 더커서 좋을것같아서 여쭈어봐요ㅎ
2020-02-15 00:00:00+00:00, 시계삿다이쁘네.....#스마트워치 #태그호이어 #아날로그시계 #어메이즈핏 #gtr47mm #일상 #소통 #시계
2020-02-14 00:00:00+00:00, #운동 은 #템빨 #AmazefitGTR #어메이즈핏 #스마트워치 #헬린이FitBit앱이 가독성이나 앱편의성은 훨 낫지만 현재까진 만족~ 짱 이쁜데?👍 써보고싶었는데ㅎㅎ후기좀..ㅎㅎ
2020-02-12 00:00:00+00:00, #어메이즈핏#amazfit#gts#보호필름#몇장을#붙여야#성공#할려나허허허 떼고붙였다 세번만에 먼지없이 기포없이 성공했다 아놔 왜 난 금손으로 태어나지 못한 것일까
2020-02-11 00:00:00+00:00, #샤오미#어메이즈핏#GTR#47mm#amazfit#smartwatch
2020-02-07 00:00:00+00:00, #애플워치 #42미리 #액정교체 #전문점 #애플스퀘어천안 0415549504 문자문의:01032729504  https://www.instagram.com/applesquare2/ #갤럭시워치 #기어s3 #액티브 #프론티어 #갤럭시핏 #어베인 #가민 #포러너 #디센트 #비보스마트 #포러너 #델타 #인스팅트 #어프로치 #비보액티브 #피닉스#미밴드 #헬로우 #샤오미 #미밴드4 #어메이즈핏 #레노버모토
2020-02-06 00:00:00+00:00, #애플워치 #42미리 #액정교체 #전문점 #애플스퀘어천안 0415549504 문자문의:01032729504  https://www.instagram.com/applesquare2/ #갤럭시워치 #기어s3 #액티브 #프론티어 #갤럭시핏 #어베인 #가민 #포러너 #디센트 #비보스마트 #포러너 #델타 #인스팅트 #어프로치 #비보액티브 #피닉스#미밴드 #헬로우 #샤오미 #미밴드4 #어메이즈핏 #레노버모토
2020-01-31 00:00:00+00:00, 샤오미 어메이즈핏 GTR도 당연히 보호가 필요하겠지?정식 한글 업데이트 완료 🙃스코코 보호필름 제작도 완료 🙂.#샤오미 #어메이즈핏 #GTR #보호필름 #정말 #웨어러블 은 #보호필름 #필수 #스코코 #보호필름 #스코코보호필름 #스마트폰보호필름 #노트북보호필름 #가전제품보호필름 #액정보호필름 #외부보호필름 #스마트폰 #태블릿 #노트북 #차량용PPF #팔로우 는 언제나 대환영! #선팔후맞팔 #좋아요
2020-01-31 00:00:00+00:00, #스마트워치#어메이즈핏#gts#샤오미#짭플워치아하하 갤럭시 기어S2 쓰다가 갈아탔다모양이 거의 애플워치...역시나 샤오미는 카피캣으로 먹고 사는구먼...그래도 장점은 배터리가 2주일 간다는 것이다 갤럭시워치나 애플워치는 하루쓰기 빠듯한데...
2020-01-30 00:00:00+00:00, Amazfit GTR#amazfit #amazfitgtr #smartwatch #xiaomi #xiaomiamazfit #샤오미 #스마트와치 #스마트워치 #어메이즈핏 #어메이즈핏gtr
2020-01-29 00:00:00+00:00, 스마트시계 아버지 조공으로.. 타키미터 튜닝하니 귀엽네.. #어메이즈핏 #gtr 워치페이스는 태그호이어로 ㅋㅋㅋ
2020-01-26 00:00:00+00:00," #샤오미 #어메이즈핏 #어메이즈핏GTS #가성비갑 #장시간배터리 #아이워치안부럽 #일상스타그램 #사진스타그램 저는 이번에 상해에 있는 샤오미 매장 다녀왔는데 진짜 안파는게 없더라구요! IT제품만 파는게 아니라 수건, 안경같은 생활잡화같은것도 엄청 많이 팔더라구요.다른분들이랑 공유할려고 영상까지 찍어서 유튜브에 올렸어요"
2020-01-26 00:00:00+00:00," 시계를 사면 줄질하는 맛이 있음 #샤오미 #어메이즈핏 #GTR #amazfit #gtr 저는 이번에 상해에 있는 샤오미 매장 다녀왔는데 진짜 안파는게 없더라구요! IT제품만 파는게 아니라 수건, 안경같은 생활잡화같은것도 엄청 많이 팔더라구요.다른분들이랑 공유할려고 영상까지 찍어서 유튜브에 올렸어요 샤오미이이?!"
2020-01-16 00:00:00+00:00," 애플 와치 9세대. 버튼은 하나로 되고 조금 더 커졌다. 는 뻥. 샤오미 산하 디비전 amazefit. 4분의 1 가격에 비슷한 기능, 무엇보다 다른 비애플 기기 중에서는 제일 덜 덜떨어진 소프트웨어라 자꾸 샤오미 기기에 손이 가게 됨. #어메이즈핏 #새오미 #스마트워치 그리고 내게 팍스콘 노동자에게 명령하는 말투로 일어서라고 한다"
2020-01-05 00:00:00+00:00," 스마트위치 변경~~워치페이스 변경하는 재미가 있다.⬇#부산#화명동#가성비갑#스마트워치#샤오미#어메이즈핏#gtr#47mm#취미#사진#팔로우미#맞팔#소통해요🙏#smartwatch#amazfit#gtr#panasonic#gx85#20.7#mirroless#photography 저는 이번에 상해에 있는 샤오미 매장 다녀왔는데 진짜 안파는게 없더라구요! IT제품만 파는게 아니라 수건, 안경같은 생활잡화같은것도 엄청 많이 팔더라구요.다른분들이랑 공유할려고 영상까지 찍어서 유튜브에 올렸어요 행님 저도 사주세요...👏👏👏 저도 줄서봅니다 나도 줄 서보께....ㅋㅋ"
2019-12-28 00:00:00+00:00, #스마트워치#샤오미 #지름신 #대륙의실수 #어메이즈핏 #어메이즈핏gtr #iwc #가성비갑#운동해야지 샤오미버리시고애플로넘어오시져
2019-12-23 00:00:00+00:00, .넋놓고 걷다보니만보찍었네⠀⠀⠀#만보 #걷기#어메이즈핏 #GTS#다시 #정신차리자 저는 걷는걸 잘안해서😭 만보 걷기 쉽지않은데👍👍 어디서 그리 많이 걸엇엉~넘예쁘당❤️ 이쁘다ㅠㅠ머야이거
2019-12-20 00:00:00+00:00, 팔룬스토어  애플워치.갤럭시워치 스트랩 밴드 #applewatch #애플워치5 #애플워치 #애플워치3 #애플워치에르메스 #애플워치4 #애플워치밴드 #애플워치스트랩 #애플워치줄질 #갤럭시워치액티브2 #갤럭시워치 #갤럭시워치액티브 #갤럭시워치스트랩 #갤럭시액티브2 #어메이즈핏빕 #어메이즈핏gts #어메이즈핏gts #어메이즈핏 #어메이즈핏버지 #샤오미어메이즈핏빕라이트 입흐네용
2019-12-19 00:00:00+00:00," 2019년 샤오미 펀딩으로 5일 만에 10만 대 완판 신화를 기록한 헬로우 스마트워치가 국내에 상륙합니다. ✔잦은 충전에서 해방! 최대 13일 지속되는 놀라운 배터리 수명✔ 깔끔한 디자인, 34g 가벼운 무게✔ IP68 방수 방진 등급 획득, 동급 최강 마그네틱 충전 방식✔ 카카오톡, 인스타, 페이스북 등 SNS 알림, 문자 & 전화 알림 등 실시간 알림✔ 와이드 터치스크린 방식의 시원한 와치 컬러 페이스✔ 애플리케이션과 연동되어 더 많은 기록 확인✔ 6가지 스트랩 컬러로 매일 새롭고 감각적인 연출! ▶▶ 샤오미 펀딩 10만 대 완판 신화! 극강 배터리 샤오미 헬로우 스마트워치 구매하기 https://bit.ly/36Mmmfd#샤오미#헬로우스마트워치#스마트워치#스마트워치추천#가성비스마트워치#스마트워치스트랩#스마트워치가격#예약판매#스마트워치예약판매#저렴한스마트워치#IP68방수지원#샤오미펀딩#스마트워치가격#smartwatch#xiaomi #haylou#LS01#스마트워치순위#웨어러블기기#방수스마트워치#심박수측정기#대륙의실수#미밴드#미밴드3#애플워치#갤럭시워치#갤럭시핏#어메이즈핏#미워치#스마트밴드 #와이엘샵 저는 이번에 상해에 있는 샤오미 매장 다녀왔는데 진짜 안파는게 없더라구요! IT제품만 파는게 아니라 수건, 안경같은 생활잡화같은것도 엄청 많이 팔더라구요.다른분들이랑 공유할려고 영상까지 찍어서 유튜브에 올렸어요 가성비아 후덜덜 합니다 인정 혹시 충전기케이블만 별도로 판매안하나요?"
2019-12-17 00:00:00+00:00, 뭐 이 정도 ㅋㅋㅋㅋㅋㅋ폰 알리미 리모콘#샤오미 #미밴드3 졸업 #화미#华米 #어메이즈핏#Amazfit #智能手表 #GTR42 #樱花粉 #GPS #수영장방수 예쁜데??.. かわいい😍いいなぁ❤️色はピンク？日本では多分シャンパンゴールドというかも。 오오~ 머시쪄👍 나 이거 구경할래요~~~ ^^ 애플워치보다 좋은걸요!!😍
2019-12-17 00:00:00+00:00, 크리스마스 선물이 벌써 왔지 뭐야?!티몬 직구 구매 대행 주문하고 6일 만에 받았다#화미 #어메이즈핏 #GTR42 바로 한글 되네? 캬~😍😘😄😃😀😀😄 당연히 통화는 안됨!#샤오미 #미밴드 대신 시계 모양 알림 밴드#华米 #Amazfit #智能手表 #GTR42 #樱花粉 #GPS 모야모야 디게조타
2019-12-15 00:00:00+00:00, #선물 #생선 #샤오미 #어메이즈핏 #GTR #47직구로 구매한  시계ㅎ 한번 충전에 한달ㅎ조쿠나ㅎ워치페이스는  태그호이어
2019-12-01 00:00:00+00:00, #지름신고 #애플워치3 그동안 #미밴드 고생했다#미밴드 #페블 #어메이즈핏 그리고 이름도 기억안는 싼맛에 샀던 녀석들#충전기추천해주세요 애플와치는 일반 무선충전기 안되요. 전용 사시고. 풀충전 하면 3일은 버티니. 좋아요. 여행용만 쿠팡 같은데서 사시면 될듯. 저희 캐로타 4in1 강추드립니당 ㅎㅎ https://smartstore.naver.com/carota/products/5178133938
2019-12-01 00:00:00+00:00," *2.41km, *1시간46분#오늘은_다소_뺑끼였습니다만 #진짜_뺑끼였네 #허허허#수영 #어메이즈핏 #수영모드_없어 #믿을건 #시간뿐#여기에도 #좋은사람들 #취미와감동을나누는 #주변에온통#swimmer #amazefitbip 실망입니다 이미지가 참 좋으세요!!!"
2019-11-28 00:00:00+00:00, 시계로 달리기만 따로 측정해봤는데 오키로정도 뛰네 ㅎㅎ오늘 아침 운동 9.3km 근데 시계이거 기록 제대로 안되는거 같다 ㅠㅠ보폭이랑 케이던스 측정은 하는거 같은데 앱에는 기록 없다고 뜨네 ㅎㅎ#치앙마이 #아침운동기록 #달리기 #어메이즈핏 #amazfitgtr
2019-11-21 00:00:00+00:00, IWC태그호이어는 개뻥! 워치페이스~스마트워치는 이런 재미가 있구나 ㅎ#어메이즈핏 #GTR #47mm 왠만한거 다 되더라구요 ㅋㅋㅋ 메이커별로
2019-11-18 00:00:00+00:00," 가격 오류로 3만원대에 겟!#Amazfit #GTR 47mm #스마트워치배터리가 장난아님... 10일 사용 20% 소진이렇게 사용하면 완충해서 50일 사용 가능!!! #샤오미 #화미 #어메이즈핏 #직구 #지름신 저는 이번에 상해에 있는 샤오미 매장 다녀왔는데 진짜 안파는게 없더라구요! IT제품만 파는게 아니라 수건, 안경같은 생활잡화같은것도 엄청 많이 팔더라구요.다른분들이랑 공유할려고 영상까지 찍어서 유튜브에 올렸어요 우오오~ 시계 정말 이쁘네용~ 구매정보좀 주시면 감사하겠습니다~😊 와 싼가격 득템하셨네요 ㅇㅁㅇ"
2019-11-08 00:00:00+00:00, 한끼(!) 불태우다💪🔥🏃‍♂️🏋️‍♂️🔥 #헬스 #헬스타그램 #어메이즈핏 #운동강도측정 #칼로리소모 #예를들면 #두시간동안 #계단오르기운동 #800kcal #이제출근하자 😂😂
2019-11-08 00:00:00+00:00, 심장은 거짓말을 안해요 😊#어메이즈핏버지 #어메이즈핏 #심박수 #심박수측정 #운동강도측정 #자연스레 #운동의지불끈 #좀더쎄게 #칼로리 #밥한공기순삭 😄😄🏃‍♂️🏃‍♂️ 운동왕 👍🏻👍🏻
2019-11-07 00:00:00+00:00," 어메이즈핏 7일차 후기입니다.배터리 관련-AOD/자동켜짐 사용 시 하루 약 20퍼센트 소진-자동켜짐만 사용 시, 하루 약 10퍼센트 내로 소진-공통사항 : 이런저런 테스트를 위해 다수의 화면 켜짐과 알람 많이 울어재낌-실제로 AOD 또는 자동켜짐 한개만 사용시 7일은 충분히 사용할 수 있음글래스 관련-고릴라 3세대 글래스 적용-여기저기 쿵쿵찍어도 글래스엔 흠집 안생김-역시 쌩액정이 갑스트랩 관련-기본 고무 스트랩이 너무 편함-알리발 밀레니엄루프 퀄도 괜찮음-스트랩 핀 제거가 용이하도록 설계애플워치냐고 묻는 사람 다수 발생ㅋ#amazfit #amazfitGTS #GTS #어메이즈핏 #어메이즈핏GTS #스마트워치 #가성비스마트워치 #배터리강쇠 #애플워치짭 #유튜브 #유튜브에서스멀샵📷 안녕하세요 이거 혹시 배경화면으로 원하는 사진으로 아무거나 지정할수도 있나요? 그리고 워치페이스가 다양하다던데 전부 무료인지 아니면 유료도 섞여있는지 궁금합니다"
2019-11-05 00:00:00+00:00, (부착서비스) 샤오미 화미 어메이즈핏 GTR 47 보호필름xiaomi amazfit GTR 47 film#길라잡이보호필름 #길라잡이필름 #어메이즈핏 #샤오미gtr47 #gtr47보호필름
2019-10-28 00:00:00+00:00," 어메이즈핏 빕 (Amazfit Bip). 전화를 받고, 문자온걸 확인하고, 카톡을 답신하는걸 스마트워치에서 다 해야하는 분이라면 모르겠지만, 저처럼 정확한 시간 확인하고, 오는 전화 놓치지 않으면서, 만보계 보면서 되도록이면 많이 걸어야지 하는 정도로만 쓰시는 분에게는 딱인 스마트워치.샤오미의 자회사 Huami에서 만든 녀석으로 거하게 만든 스마트워치는 부담스럽고, 그렇다고 미밴드처럼 너무 단촐한 밴드는 심심하다고 생각한다면 좋은 선택지.요즘 유행인 짱짱한 OLED 같은건 절대 아닌 비교적 낮은 해상도의 전자잉크 시스템이지만, 그덕에 초저전력으로 버티는지라 Always On(항상 켜져 있고 손목을 들어 시계를 보면 백라이트가 들어옴)이면서도, 무려 45일간을 버틴다고 합니다. (실제로 써보니 제 기준으로 5주 갑니다)재질이 플라스틱이라 애플워치처럼 뽀대는 안나지만, 가격을 생각하면 정말 혜자스러운 제품입니다. 더군다나, 적당한 줄질을 한다면 뽀대도 대폭 상승 가능^^. 최근에 비슷한 디자인에 몸통 재질과 디스플레이를 대폭 상승시킨 GTS 제품이 나왔지만, 이건 Always On을 지원하지 않기 때문에, 당분간은 지금처럼 저와 잘 지낼 녀석입니다.#어메이즈핏빕 #어메이즈핏 #amazfit #amazfitbip #샤오미 #스마트워치"
2019-10-28 00:00:00+00:00, 샤오미 어메이즈 핏 빕 라이트 (3가지 색상 선택 가능)★미래상사가 영혼까지 끌어모아 준비 했습니다★가성비 끝판왕! 샤오미 어메이즈핏 빕 라이트샤오미 공식 수입 정품! 한글지원 되는 어메이즈핏 빕 라이트 :)국내 AS 및 워런티 보증 지원으로 안심하고 사용하세요한 번 충전으로 45일간 지속되는 배터리로 오래오래 사용할 수 있어요핑크 / 블랙 / 네이비블루 취향대로 골라 보세요!#샤오미어메이즈핏빕라이트 #샤오미스마트워치 #어메이즈핏 #스마트워치 #스마트밴드 #영혼까지끌어모은특가
2019-10-25 00:00:00+00:00, 아들이  사용해보면 괜찮을거라하며 강제로 채워 주내요 ㅋㅋㅋ 휴대폰  알림기능은 정확하게  알려 주네요ㅋㅋㅋ샤오미 어메이즈핏 빔  스마트워치 #샤오미 #어메이즈핏 빔  #스마트워치 #일상 #아버지 #5060 #웨어러블 #휴대폰 #중국산 #대륙의실수 #가성비 마라톤 하시면 좋습니다.
2019-10-22 00:00:00+00:00, #어메이즈핏 #어메이즈핏빕 시계줄이랑 #워치케이스 바꿔봄 ㅎㅎㅎ 별 게 다 있네... 안녕하세요❤️
2019-10-11 00:00:00+00:00, 규리생일 미리축하 식사^^#소한마리 #두번잡아먹기 #수면체크를위한 #커플시계 #어메이즈핏 #행복한결혼생활❤
2019-10-05 00:00:00+00:00, 인생최초 #지리산 종주 도전! 새벽 3시부터 걷고 중간중간 쉬면서 지금은 페이스 조절 중이다. 앞으로 약 24시간은 더 등반해야한다. 암튼 이번 등반에 #어메이즈핏 요 아이와 처음 했다. 일단 카톡과 전화 기능까지 있어서 등반 중에 핸드폰 안 꺼내고 손목에서 해결하니 넘넘 편하다.  게다가 #어메이즈핏 이 녀석이 고도체크에 나침반 기능까지 다 체크해주니 #등산 메이트에 최고! 안개 낀 지리산이 아쉽지만 안개 걷히면 사진도 공개^^ #지리산종주 #어메이즈핏버지 #앞으로24시간 더 걷고 올라야
2019-09-27 00:00:00+00:00, 월급받은기념 나를 위한 선물(엄마가 핑계가 좋다고). 아무튼 요즘 가장 반가운 분인 택배기사님이 #어메이즈핏을 소중하게 안겨주셨다. #언박싱이 유행이라 따라하기. 조심조심 개봉. 둑은둑은 텐션 올라간다. 기능은 차근차근 내 몸을 잘 부탁해 #기계치 #소확행 #스마트워치 #어메이즈핏#건강을부탁해#오늘부터1일 스포츠 활동에 아주 편한 어메이즈핏 버지!!!
2019-09-18 00:00:00+00:00, 하나는 #어메이즈핏 다른 하나는 #갤럭시노트10사은품 인 #갤럭시핏 #출근길 #웨어러블 이걸 왜 하고 있쥐 #wearables New watch?
2019-09-04 00:00:00+00:00, 네 제가 그 핵인싸 맞습니다(진지)_#응_사과시계아니야 #샤오미야 #아니 #왜가만히있는건데😂#본인꺼인줄 #어메이즈핏#나미 #집사그램 #고양이 #러블#러시안블루 #개냥이#cat #amazfit #노묘기르기 아 귀여워♡ 목에 딱 찬거봐 ㅋㅋ 얼굴은  왜 안보여주는건데~
2019-08-31 00:00:00+00:00, 그동안 사용하던 핏빗차지hr이 비닷가에서 사망한 연유로 샤오미 어메이즈핏 gtr을 샀다. 이래저래 가격대비 가장 현실적인 대안인듯. 목요일 밤에 풀충전하고 계속 차고 다녔는데. 이틀동안 3%달았음.  괴물 배터리 ..ㄷㄷㄷ#어메이즈핏 #샤오미 #gtr #47mm #운동 #스마트워치 #미키마우스 #맘에들어 #나쁘지않아 #가성비 #디자인굿 #배터리 #스냅사진 #시계 오~ gtr! 어메이즈핏으로 오신걸 환영합니다ㅋㅋ 전솨님.. 시계 사진 좀... 너무 젊게 사시는 거 같아여😂😂😂 우와 넘귀여운뎅? 잘 어울림~^^👍
2019-08-13 00:00:00+00:00," #어메이즈핏 #전자시계 #슈퍼마리오나의 요즘 시계. 완충시 기본 10일.- 아침마다 손목진동으로 나를 깨워줌- 나의 깜박증덕분에 하루에도 몇번씩 휴대폰찾기  소리를 쫓아 매일같이 내 폰을 찾음- 시계찾기도 있지만 잘 안 씀- 전화, 문자, 카톡 등 알림 잘 뜸 (밖에서 폰진동일때 꽤 유용함)- 장인들이 올려놓은 배경화면 많음(기본화면은 심플)- 같은 자세로 오래 뒹굴거리고있으면 적당히 쉬고 움직여보라고 함 무브무브"
2019-07-30 00:00:00+00:00, 꽤 괜찮은 UI 디자인을 보여주는 시계 착용. 가볍고 착용감이 좋다. #샤오미 #어메이즈핏 #손목시계 #시계 #스마트워치 #테스트 #watch 둥근형태도 나왔네요?? 이거 이쁘네 이뻐용👀 스마트와치는 가민 피닉스죠
2019-07-04 00:00:00+00:00, 간만에 맘에 드는 #워치페이스! #hermes ⌚️.#밀린사진 #서울 #부산 #에르메스 #스마트워치 #어메이즈핏빕 #샤오미 #어메이즈핏 #데일리룩 #오오티디 #시계 #정장 #seoul #busan #smartwatch #watch #ootd #outfit #xiaomi #amazfit #amazfitbip #watchface #首尔 #釜山 #着装 #只能手表 #手表 #小米 ???? 살거라고? big style 🌊 어메이즈핏 구매처알수있을까요~~
2019-06-21 00:00:00+00:00," _2년을 쓰던 미밴드2 밴드가 끊어졌다니, 네이버페이로 흔쾌히 어메이즈핏을 투척해주신 세수자매 아버님.플러스 가죽 시계줄까지 🎁일주일 동안 시계랑 알람으로 오던 깨진 메세지만보다 오늘은 시간내서 github에서 한글 폰트 받아서 인스톨하고, 스킨도 바꿨다.배터리 오래가고 알람과 메세지도 한글 넓찍하게 보이고 딱 좋다. 근데 오늘 진짜 안 걸었네 🤣#샤오미 #아이폰XS #어메이즈핏 #amazfit #amaztools #watchface1074#워킹맘 #일상 도통 무슨 소린지 ㅠㅠ i couldn’t find it 😩"
2019-05-25 00:00:00+00:00, D-1출격 준비완료목표는 44분대 👍화이팅!! #벤츠기브앤레이스#10km#어메이즈핏#amazfitstratos#젤카야노25 내일 인사해요👏 양말 넣엇어 ㅋㅋㅋㅋㅋㅋ디테일해
2019-05-18 00:00:00+00:00, 이거 가성비 진짜 좋네👍🏻디자인도 깔끔하고 배터리도 한달이상 가고 카톡 문자 전화 메일 운동량체크 등등 다되네~~...#배터리금방다는#애플워치#안부럽다🙄#어메이즈핏빕#어메이즈핏#스마트워치#가성비갑#추천#선물🎁
2019-05-04 00:00:00+00:00," 매년 5월 첫째주 일요일은 세계 웃음의 날입니다.올해는 우리나라의 어린이 날과 겹쳤네요..웃음이 건강이 도움이 된다는 사실 알고 계시나요?웃음은 몸과 마음에 아주 좋은 약이 됩니다. 면역력을 높이고, 기분을 좋게 해주며, 스트레스와 통증, 갈등 해소에 좋은 영향을 줍니다. 웃음은 또한 행복한 추억을 공유하며 사람과의 관계를 돈독하게 만들어 줍니다. 무엇보다도 웃음은 유쾌하면서도 무료랍니다. 아끼지 마시고 마음껏 웃으세요!#세계웃음의날 #WorldLaughterDay #웃음 #미소#어메이즈핏 #어메이즈핏코리아 #스마트워치#amazfit #amazfitkorea #smartwatch"
2019-04-26 00:00:00+00:00," 어메이핏 버지와 함께 즐거운 주말을 준비하세요!이메일, 카카오톡, 메시지, 그리고 당신의 스트레스 정도를 측정할 수 있는 심박수 체크#어메이즈핏 #어메이즈핏버지 #스마트워치 #스마트와치 #어메이즈핏스마트워치 #샤오미 #샤오미스마트워치"
2019-04-10 00:00:00+00:00, 너무 소녀소녀한가 #어메이즈핏빕 #생산성 #갑 #샤오미 #어메이즈핏 #xiaomi #amazfit #시계추천 #밀레니즈루프 #스마트워치추천 #daily #dailylook #ootd #like #좋아요 #outfitfashion #일상 #데일리 #데일리코디#아메카지 #워크웨어 #무신사 #무탠다드 앗 귀여워여 ㅠㅠㅠ
2019-03-31 00:00:00+00:00," #핸드메이드 #액정보호필름 #by남편ㅋㅋㅋㅋㅋㅋㅋ남편이가 집에 남는 필름으로 붙여줫다이러고 다니라고?ㅋㅋㅋㅋ동네문방구에서 산 시계도 이렇겐 안붙여주겟다ㅋㅋㅋㅋ,#쓰던 #어메이즈핏 #나한테넘기고#지는 #애플워치 #자타공인 #앱등이#오늘도즐거운 #결혼생활 죄송...똥손이라..... ㅋㅋㅋㅋㅋ 쓰던거 넘기고 ㅋㅋㅋㅋㅋㅋㅋㅋ 아... 나도 십일까지 육키로 빼면 사준다했는데... 4주전부터... 된장 포기다...😩 ㅋㅋㅋㅋ요즘 대웅이가 무서움을 상실했나봄ㅋㅋ ㅋㅋㅋㅋㅋㅋㅋㅋㅋㅋㅋㅋㅋㅋㅋㅋ아 정말 ㅋㅋㅋㅋㅋㅋㅋㅋㅋㅋㅋㅋㅋㅋㅋㅋㅋㅋㅋ 아인이가 한줄 🤣🤣🤣 포샵은 잘하시는거 같던데.... ㅋㅋㅋㅋㅋㅋㅋㅋㅋㅋㅋㅋㅋㅋ 필름 장인이 여기 계셨네요 ㅋㅋㅋㅋ ㅋㅋㅋㅋㅋㅋㅋㅋㅋ 일부러 그런거아님?ㅋㅋㅋ 방가!맥북,놋북,컴퓨터,패드 최고가매입"
2019-03-29 00:00:00+00:00, ⠀⠀⠀⠀⠀⠀⠀⠀⠀⠀⠀⠀⠀⠀⠀⠀⠀건강한 돼지 프로젝트😍 한시간 이상 걷기 ⠀⠀⠀⠀⠀⠀⠀⠀⠀⠀⠀⠀⠀⠀⠀⠀⠀리턴 할 땐 KFC와 함께ㅋㅋㅋ체력 보강 합시다아자아자!! 움직이자 돼지야🐖⠀⠀⠀⠀⠀⠀⠀⠀⠀⠀⠀⠀⠀⠀⠀⠀⠀⠀⠀⠀⠀⠀⠀⠀⠀⠀⠀⠀⠀⠀⠀⠀⠀⠀ ⠀⠀⠀⠀⠀⠀⠀⠀⠀⠀⠀⠀⠀⠀⠀⠀⠀#꿀꿀꿀#어메이즈핏#언제까지할런지#달밤에체조#미세먼지흡입중#건강한돼지프로젝트 지점장님 예쁘신데 돼지라니요~~~ ^^ 움직이자 돼지야 아니 다 안썼는데 또ㅜㅠ 저거 나 뜨끔했다고 쓰고싶었는데ㅜㅜ
2019-03-20 00:00:00+00:00, ⠀⠀⠀⠀⠀⠀⠀⠀⠀⠀⠀⠀⠀⠀⠀⠀⠀마음에 드는 워치페이스😍 러더 안 차도 됨ㅋㅋ ⠀⠀⠀⠀⠀⠀⠀⠀⠀⠀⠀⠀⠀⠀⠀⠀⠀여전히 운동 부족이지만시계 자꾸 보면서 운동하자밍기적 밍기적🦍 돼지야 움직여라⠀⠀⠀⠀⠀⠀⠀⠀⠀⠀⠀⠀⠀⠀⠀⠀⠀⠀⠀⠀⠀⠀⠀⠀⠀⠀⠀⠀⠀⠀⠀⠀⠀⠀ ⠀⠀⠀⠀⠀⠀⠀⠀⠀⠀⠀⠀⠀⠀⠀⠀⠀#샤오미#어메이즈핏#워치페이스#스마트와치#턴코디네이터#turncoordinator 헛.. 이거 어디서 샀어요? 오오 스마트 워치
2019-03-13 00:00:00+00:00, 이제 패키징은 상향평준화 된 것 같다.#amazfitbip 은 살짝 낮은 해상도가 아쉽지만 대신 기본적인 피트니스 트래커 기능에 집중한 것과 효율 좋은 배터리가 장점이다.#fitbit 에서 기변 완료...#샤오미#피트니스#어메이즈핏#스마트워치#xaomi#fitness#health#amazfit#amazfitbip#smartwatch
2019-03-11 00:00:00+00:00," 인형을 보는순간 만드느라 고생했을 시간에 너무 감사했다. 이 인형을 만든 손길, 시간과 노력의 모든 순간을 사랑한다♡정성이 들어간 선물, 하나부터 열까지 너무 고마워#오늘은내생일#0311#핸드메이드인형#졸귀#감동💕#스마트워치#어메이즈핏#빨간스트랩#조수석#꽃다발#깜짝선물#스시#갓덴스시#와사비사랑 꺄 꽃다발 이응미 럽스타그램❤️ 끼야아!! 무려 핸드메이드라니!! 무한감동💜 생일 축하해 응미쓰💛💚 언니 생일축하해!! ❤️❤️😍인형 졸귀당ㅋㅋㅋㅋ  밴드에 언니 생일축하하는글이 많은데 언니는 밴드가 안깔려있겠징..ㅋㅋㅋㅋㅋ 생츅❤️❤️❤️❤️❤️"
2019-03-08 00:00:00+00:00, #첫줄애플워치보다 어메이즈핏 빕 이 좋아!수영안해서 핏빕으로도 충분해..#어메이즈핏빕 #어메이즈핏 #스마트워치 #가성비 #가성비최강#그냥이거사세여 #한글화는카페에서#워치페이스도다양 #애플워치보다 #만족도굿#시계줄사야하는데 #알리는너무늦어 페이스 정보좀 주실수 있나요?
2019-03-02 00:00:00+00:00," 완전히 정착할 워치페이스를 찾았다. 시간 크게 나오고, 날씨랑 걸음수까지 보기 쉽게 나온다. 이제 알리익스프레스에서 주문한 시계줄만 오면 끝. 아마 보름쯤 걸릴 듯.#어메이즈핏 #Amazfit"
2019-03-01 00:00:00+00:00, #amazefit #대륙의실수 #어메이즈핏 #오빠의사랑 #미리해피벌스데이 #선물 #시계 #감사합니다 #thankyou @keeper1024
2019-02-26 00:00:00+00:00," 인민의 가민, 샤오미 Amazfit Verge 리뷰.어메이즈핏 빕을 5만원에 주고 사서, 이 가격에 자체 GPS 되서 시계만 차고도 러닝기록 남길 수 있다는 게 너무 획기적이라 혹했지만, 사람 욕심이 욕심인지라 왜 스트라바 연동은 안되는지 러닝말고 다른 건 뭐 없는지 아쉬워하던 차에 상위모델인 Verge가 중x나라에 떴길래 잽싸게 거래했다.샤오미 스마트워치 & 러닝기어로써 이 놈의 기능을 간략히 말하자면.. 기본적인 알람이나 앱 알림 기능은 제치고 gps 러닝, 만보계, 심박계, 수면분석, 날씨, 나침반, 내장 4GB메모리 등이 있다.러닝 기어로써, 이 놈에게 가장 먼저 만족스러운 것은 내가 빕을 사용하면서 가장 아쉬웠던 스트라바 연동을 제공한다는 것! 아싸 관종의 삶! 러닝기어로서 분석해줄 수 있는 기능은 시간/거리/페이스/심박수치/케이던스(1분당 👣 수)/스트라이드(보폭)/고도/경사  등이 있다. 아쉽게도 vo2max 같은 고급 기능은 무리.하지만 굉장히 만족스러운 것은 가민 235보다 많이 저렴한 가격에, 자체 내장메모리가 제공되는 GPS 러닝기어를 손에 넣을 수 있다는 사실이다. 이미 제공하는 기능만 해도 나에게는 이미 과분할뿐더러, 음악이 없으면 안 달리는 나에게는 이 놈 정도면 고마울 따름이다.중국제품의 신뢰성에 대한 문제만 제친다면 추천할 수 있을 놈이라 본다. 단 안드로이드 기반이라 그런지 조금 반응속도가 느리긴 하다.. #인민의가민 #어메이즈핏 #어메이즈핏버지 #샤오미 #나의정보는중국으로 #러닝기어 #내장메모리 #스마트워치 #달리기 #러닝 #running #만족함 가민은 솔직히 너무 비쌈; 대체할 기기가 없어서😱 폰없이 음악 재생 되요😳? 스트라바 연동되면 게임오버죠👍👍👍 몇세대 지나면 가민 바르는 게임체인저가 될수도👍 나 담달에 북경출장갈때 샤오미 들릴껀데 새제품으로 하나 얻어올까요?ㅎ 가성비가 갑인가봐요 👍👍 와~ 역시 대륙의실수 샤오미 가성비에서은 모든 제품이 앞도적이군요!ㅋ"
2019-02-24 00:00:00+00:00," 샤오미 어메이즈핏 버지 리뷰기본적인 기능으로는 헬스기능, 심장박동수 측정, 스포츠기능, 수면기능, 타이머, 스탑워치, 컴퍼스, 음악플레이어, 알람 기능으로 이루어져 있습니다. 스마트워치라면 있을 기본적인 기능들은 다 탑재가 되어있습니다. ​측정의 경우는 기존에 사용해왔던 스마트워치에서도 사용을 하지 않았던 기능인지라 측정되는 것만 확인하고 어느정도의 정확성을 가지고 있는지는 잘 모르겠습니다. 측정을 하는 기능들은 기본적으로 터치하면서 더 들어가면 상세 로그들이 나옵니다. 이는 운동 및 측정을 중요시 하는 분들에게는 좋은 기능일 것이라 생각됩니다. ​음악플레이어의 경우 시계에 기본적으로 4GB 라는 메모리가 있어서 컴퓨터로 직접 충전기와 연결해 옮겨 넣어서 재생을 할 수도 있고, 안드로이드 폰의 경우는 바로 옮겨넣을 수 있으나 아이폰에서는 이 기능이 지원이 되지않아서 컴퓨터를 통하여 옮기셔야 합니다. ​설정에 가면 여러 기능들이 있는데 연결 설정( 이하 와이파이 및 블루투스), Common에서는 언어 설정 및 시간포맷, 방해금지모드, 비행기모드, 볼륨조절, 밝기 조절, 진동 설정이 있습니다. 특히 진동 설정의 경우는 off, 약, 중, 강으로 조절이 가능하고 기본은 중으로 되어있습니다.약은 정말 미세한 진동이고 중은 강하진 않지만 알 수 있을정도, 강은 정말 강하게 진동이 울립니다. 진동 조절이 참 맘에듭니다.(이 또한 Zetime에 없던기능.....) ​Preferences 에서는 더블탭으로 화면을 켜고 끄는 기능, 락스크린 설정, 시계 깨우기 설정 등등의 기능들이 있는데 LG 스마트폰 처럼 화면을 두번 터치하여 키는 기능이 있는데 이 기능도 되게 유용하고 시계 깨우기 기능을 보면 항상 화면을 ON 해놓는 기능과 시계를 들어올리는 제스처시에 켜지는 기능도 있습니다. 저의 경우는 더블탭도 켜두고 제스쳐로 깨우는 기능도 켜두었습니다.제스쳐로 시계를 깨웠을 땐 스마트폰의 락스크린과 비슷한데 바탕화면만 나오고 따로 슬라이드 및 터치가 되지않습니다. 말 그대로 시간을 보기 위한 기능이라고 생각하시면 되겠습니다. ​이외에도 설정에서 추가적으로 설정가능한 부분들이 더 있는데 나머진 크게 중요한 기능들이 아니라 생략하도록 하겠습니다.오랜만에 기변을 하려고 해서 열심히 제품을 찾다가 정보가 많이 없지만 가성비는 좋을 것 같아서 도전한 제품인데 정말 마음에 드는 제품입니다.일단 저의 경우는 알림 및 시간만 보는 라이트한 유저인지라 딱 필요한 기능들이 잘 사용이 되어서 좋았습니다. 알림이 잘 오는지 기본적인 기능은 잘 동작하는지, 배터리는 어느정도 보장이 되는지가 중요했는데 이 모든것을 어느정도 충족을 하는 제품이라 생각합니다.  보면 장난감같아 보이기도 하는데 워치페이스를 이쁘게 해놓으면 또 그런생각이 안들기도 하네요 ㅎㅎ ​궁금하신거 있으면 질문해주시면 확인 하는데로 답글 달아드리겠습니다. 저도 오늘 하루만 만져본거라 좀 더 사용을 해보면서 더 적어보야 할 것 같네요. ​이상으로 샤오미 어메이즈핏 버지의 리뷰를 마치도록 하겠습니다. 감사합니다!#샤모이#샤오미스마트워치#어메이즈핏#버지#어메이즈핏버지#amazfit#verge#스마트워치#워치#시계#리뷰#talic#맞팔#팔로우​버지의 시계로서의 역할로 조금 넘어가보면 일단 아몰레드 디스플레이를 사용하고 있어서 화면이 꽤나 깔끔하게 보입니다. Zetime이나 페블과는 비교되는 디스플레이인지라 확실히 깔끔합니다. 시계의 무게 또한 가볍습니다. 시계줄도 가벼운터라 무게감이 거의 느껴지지 않습니다. ​2시 53분에 풀 충전후에 사용을 하면서 글쓰는 시점인 5시가 될때까지 약 2시간 정도 사용을 하였는데 10퍼센트가 떨어졌습니다.이것만 보면 약 20시간을 사용하시는 걸로 보실 수 있는데 좀 더 사용을 해봐야 알 수 있을 것 같습니다.설명서 및 제품 설명에는 5일정도로 나와있는 것으로 기억을 하고 있는데 저처럼 알림 및 시계용도로만 사용한다면 그 이상 나오지 않을까 하는 기대를 가지고 있습니다. ​워치페이스의 경우는 기본적으로  최신버젼 기준 11가지 정도가 있는데 기본도 깔끔하지만 역시 스마트워치의 장점은 커스텀마이즈라고 생각을 합니다."
2019-02-10 00:00:00+00:00, 스킹 모드 테스트 아주 만족 #어메이즈핏 #어메이즈핏버지 #스킹 #amazfit #amazfitverge 실물을 봤어야 하는데.. 🤩
2019-02-07 00:00:00+00:00, #20190207 #대전 #휴무 #생일 #선물🎁 #어메이즈핏 #amazfit #투썸플레이스 #케이크 #🎂 #스트로베리초콜릿생크림케이크 #잘먹겠습니다🙏 #투썸미니텀블러 #텀블러선물은덤😄 #철릭원피스 #치마 #수제귤청 #현금선물💸 #베스킨라빈스쿠폰 #스타벅스쿠폰 #굽네치킨쿠폰 #넘쳐난다☺ #축하해주셔서감사합니다💕 #행복한생일🙋‍♀️ #이제시작이다! #빨리11일되라🤗 #갤럭시s8 선물 무지하게 많으시네요 😍 그중 현금이 제일인가요? 🤭😄 혹시 죄송한데 이 제품 충전기만 어디서  구입가능한지 아시나요..?
2019-02-01 00:00:00+00:00, #어메이즈핏 오빠취향😭사달라한적 없는데 사줌...강제로 착용중..#선물 #선물스타그램 #이거말고가방사줘 #아마즈핏 #미밴드가더이쁜데 #부산댁 이거말고빽🤣🤣🤣🤣🤣🤣 먼하는거고이건ㅋㅋ 강제로 착용ㅋㅋㅋㅋ 오늘 처럼 행복한 날들만 가득~하세요~^^ 구매 어디서했는지 알수 있을까요~~
2019-01-27 00:00:00+00:00, 미세 먼지 없는 따스러운 일요일 오전누가 아침에 전화만 안 했으면 지금 까지 꿀 잠 자고 있었을텐데... 무음 설정 안 해 놓은 내 탓이지 머.. 제길러닝 하고 청소년 김밥 사러 가야지 다들 누워서 인스타 그만 하고 운동 합시다 운동@lureat_official 운동 하시고 나면 오늘도 매장 방문 해주세요 #러닝 #트랙런 #부경대 #나이키 #어메이즈핏 #에어팟 #running #ランニング
2019-01-12 00:00:00+00:00, #amazfit #amazfitverge #어메이즈핏 #샤오미 #스마트워치 #가성비갑 #xiaomi #smartwatch
2018-12-25 00:00:00+00:00," '18.Happy Christmas@Haiphong,VietnamWhy is not holiday christmas in Vietnam? this is reviewing regarding Xiaomi amazefit pace.I really wish you to use this watch. it's very low price smart watch. also, good quality and long battery time for activity.#amazefit#pace#xiaomo#smartwatch#hoami#어메이즈핏#페이스"
2018-11-16 00:00:00+00:00," 어제 산을 뛰다가 문득 스마트 스포츠시계가 없었다면 이렇게 즐길 수 있었을까 생각이 들었다. 예전보다 더 많은 사람들이 수영이나 러닝, 트라이애슬론을 즐기는 동기 중 하나가 이런 스마트 디바이스가 아닐까 싶다. 어디든 근사한 훈련장소로 만들어주는 도구다.#샤오미 #어메이즈핏 #스트라토스 #추천!!! #의지가더중요 😀"
2018-11-15 00:00:00+00:00," 지난주 주말에 남편한테 말하길,폰 아웃포커싱이 너무 구려서 아이폰이 쓰고싶다고 했다. 인싸들은 다 아이폰이라고하면서. 회사 집 컴이 다 애플이고, 회사 디자이너 대부분이 아이폰 쓰는데... 갤럭시 쓰는 나는 너무 후져보인다고ㅋㅋㅋ(이폰 살때도 남편이 아이폰 사라는걸, 내가... 기계치라 그냥 쓰던거 쓴다고 한건데 인싸가 대체 뭐길래ㅋㅋㅋ)그래도 남편 눈썹이  꿈쩍 않길래,""사실 애플워치가 사고싶어;;;"" 했더니,결국 그게 아이폰을 사고싶은 본질이냐고 웃으면서, 내폰을 자기주고 나는 아이폰을 사란다.나도 기본적인 양심이 있는 사람인가보다. 그렇게는 못하겠어서... 남은 약정 1년은 일단 버텨보기로 한다.한달이나 남은 남편 생일선물로 대리만족하고싶은데, #갤럭시워치 쓰시는 분 계시나염? 가계에 좀 부담되서 #샤오미 #어메이즈핏 을 사야하나 고민. 갭이 너무 크쥬? 기계 1도 모르는데... 본인한테 물어보고 생선 사도되나...ㅜ 왜에 ㅋ 갤럭시도 조아 ㅋㅋ 나 갤노트9왔잖아 ㅋㅋ 아이폰xs 함께 하시죠~ 애플워치도ㅋㅋ 저두 갤러시예용 😆 나도 애플워치 원츄~~~!!! 😂 ㅋㅋㅋㅋㅋ선배 저 아이폰이긴한데 6s여서 아에 인물모드 안돼염돼염 ☺️ ㅋㅋㅋㅋㅋㅋ 나도 카메라때문에 갈아탐 아이폰7👉아이폰XS ㅋㅋㅋㅋㅋㅋ왜 인싸에 집착해 ㅋㅋㅋ언니 인싸포즈 되잖아 ㅋㅋㅋ난 안댐 ㅜ 저흰 갤럭시 워치 또 샀다죠🤦‍♀️ 하 인싸들의 아이폰은 항상 최신형인거 같은데요😗 전 결혼전에산 6s 아직써요ㅋㅋㅋㅋㅋ 딴거쓰긴 싫고 바꾸기엔 가계에 부담스럽고.. 하지만 호시탐탐 기회만 보고 있습니당 ㅋㅋㅋㅋㅋㅋㅋ 넘나 귀여운 우리 주영이 신랑이 안사랑할수없을듯 인생머있수 질러버리슈🤣🤣🤣 저도내지르는스타일 남편은 수습하는스타일 3년 다 된 6s 쓰는 중이라 신상 나오면 바꾸려고 봤더니 이번 아이폰 신모델들이 핵 비싸서.....😅 근데 아웃포커싱 저도 갖고 싶어요☺️☺️"
2018-10-15 00:00:00+00:00, 시작된 생일의 즐거움 4#amazfit #어메이즈핏 #스마트워치 #1017thx
2018-09-30 00:00:00+00:00," 극강의 가성비 샤오미 어메이즈핏 스트라토스밧데리만 받쳐준다면 가민도 긴장해야될거같다.수영, 런닝, 싸이클, 트라이애슬론 까지 지원좀 복잡하지만 한글설정 완료실제 운동에서 써보고 후기 올리겠습니다.#샤오미 #어메이즈핏 #어메이즈핏스트라토스 #스마트워치 #GPS시계 #트라이애슬론워치 후기 기대할께욤!👍👍👍 얼만데? 샤오미가 진짜 무섭네요~ 후기 기대됩니다!"
2018-09-16 00:00:00+00:00, 하반기 첫대회 러닝시계 개시로 5분 페이스대로 맞춰 뛰려했는데 나름 잘맞춘듯 했고.. 지나가다 양신님 계셔서 깜놀1처음 오신분들 너무잘뛰어서 깜놀2다음 일정이 빼곡하구나 #훈련만이살길 #형이왜거기서나와 #양준혁 #양신.10월3일 손기정평화마라톤10월7일 국제평화마라톤(하프) 10월14일 서울달리기대회10월28일 춘천마라톤(full)11월4일 JTBC서울마라톤 #아디다스 #마이런 #마라톤 #러닝 #어메이즈핏 #10k #adidas #mirun#jsrc #jsrcrunners #runningcrew #runclub #run #running #marathon #잠실러닝크루
2018-09-09 00:00:00+00:00, 오늘밤 갖고 놀 장난감#어메이즈핏
2018-09-09 00:00:00+00:00, #런온서울#어메이즈핏 은 #옳다#더건강해진 #내몸뚱이#재작년 보다 #무려 #8분 #단축#나는더건강해지고있다
2018-09-07 00:00:00+00:00, 샤오미 어메이즈핏 워치21일 후기 확실히 베터리는 오래가네21일사용중인데도 베터리 8프로남음약 25일은 사용가능하는듯한가성비치고 이정도면 뭐 쏘쏘하네.................#샤오미 #샤오미워치 #어메이즈핏빕 #어메이즈핏 #기능성 #가성비 #가성비갑 #무난 #굿 #최고 반갑습니다- 기분좋은 하루 되세요~
2018-09-06 00:00:00+00:00," #amazfit#amazfitbip#샤오미#어메이즈핏#웨어러블#얼리어답터#제가한번써보겠습니다#창원#진주 기어 우쨋노 😀😀😀 얼마줬노? ㅋㅋ 인생은 모두 함께하는 ""여행""이다. 여행 소품의 모든 것. 라미몰입니다."
2018-09-04 00:00:00+00:00, Amazfit pace이런이런 결국 또 도착했네기어S3 도착한지가 엊그저껜데... 왼손목 오른손목 하나 차고 다닐까... #지름신 ##지름스타그램 #해외직구 #알리익스프레스 #aliexpress #amazfit #amazfitpace #tech #wearable #smartwatch #어메이즈핏 #스마트워치#амазфит #смартчасы 발목에 하나 차고다녀라 사은품으로몇개풉시다
2018-07-30 00:00:00+00:00," #어메이즈핏#한글화#구글신높고위대하심을#내영혼이찬양하네외국판에 없는 한글을,한글화해서 무료배포하는 사람들,진짜 신기하고 대단함.나같은 사람도,금방 따라하니...대단하고 또 대단하다 할 수 밖에... #카르페디엠! 우와~~ 나도 뜨려나? ㅎㅎ 오빠 늦게나마 생일축하해요~~^^ 근데 넘 더워 죽갔어요~~~ㅠㅠ"
2018-07-29 00:00:00+00:00," 노안 때문에,다시는 스맡워치 안산다했는데,몇 가지가 불편해서 고민하던 중,#샤오미 #어메이즈핏 59달러에행사하더라!IP68 수준 방수는 대박,아들이 물통에 물 담아서1분간 실험했는데 끄떡 없음.초초초 대박인건 배터리 대기시간!45 시간도 아니고 45 일!!! 스맡워치 내가 써야하는 이유,1. 스마트본 덜 보려고2. 건강체크이 두 가지 이유면 끄읏!!! 안경벗고 확인하는 걸로 큭... #카르페디엠! Wow :-)"
2018-07-21 00:00:00+00:00, 동생이 생일 선물로 주문했다던 스마트워치가 왔다. 만든데가 샤오미 자회사라는 듯!#스마트워치 #어메이즈핏 #어메이즈핏페이스 #it #웨어러블 #샤오미 #생일 #생일선물 #동생 #땡큐 #dslr #100d #1855mm 쳇 😀😀😀
2018-07-10 00:00:00+00:00, #오누 #욜로 #홀로 #솔로 #술로 #슬로 #어메이즈핏 #페이스 #스마트워치 #덕분에시작한운동 #총트래킹거리 #300km #넘김 #짝짝짝 🌹
2018-07-02 00:00:00+00:00, 6.29 11st에서 해외직구로 구매한 샤오미 어메이지핏.. 액정이 계속 켜있고 밝은 햇빛 아래서도 시인성이 좋고 밧데리가 한번충전하면 40일이상 간다고 하고 가성비도 좋고해서 지름... 안드로이드폰으로만 비공식 한글 펌웨어를 직접 해야 표시된다는게 단점...#amazfit #어메이즈핏 빕 #스마트워치 #smartwatch
2018-07-02 00:00:00+00:00, 새로산 장난감(?) #어메이즈핏 #스트라토스 불과 2년전만해도 전자잉크로 겨우 일주일 유지하던 스마트워치가 이제 액정달고도 5일... 비만 안오면 GPS켜고 야외테스트 갈텐데 ㅠㅠ 어 저 amazfit bip인데 개잘쓰고잇음 오? 이거 뭥미 좋아보이는데..?
2018-06-27 00:00:00+00:00," 큐텐에서 구입한 어메이즈핏 빕가격이 스마트워치 치고 비싼 편이 아닌데도 심박수 측정, gps를 이용한 운동량 측정, 전화, 문자, 카카오톡 등의 알림 확인이 가능하고 무엇보다 배터리가 45일 이상 가는게 맘에 들고한글화가 좀 빡센거만 빼면 가성비 괜찮은 것 같다.#amazfit #amazfitbip #xiaomi #어메이즈핏 #어메이즈핏빕 #smartwatch #amazfitsmartwatch #큐텐 #가성비 오 형 가격이 어떻게 돼요? Great 🙌"
2018-06-05 00:00:00+00:00, #다이어트#샤오미#어메이즈핏#스마트워치#가성비갑#보라매공원#운동스타그램#건강#달리기
2018-05-31 00:00:00+00:00, #🇰🇷#🏃#Amazfitbip.#어메이즈핏빕 7만원 일시불로 구매함..오늘 처음으로 달리기에 써봤는데 매우 괜찮네?#🤔.전화가 되는 웨어러블 기기의 완성형이 발매되기 전까지 잘 써야지#😀.#amazfit#어메이즈핏#amazfitrun#익쓰런#💸 수고했습니다 형님 잘자요^^ 팔분 삼십오초 페이스는 좀 너무한디? ㅋㅋㅋㅋ 오빠 드디어 샀네요!!!🤗 쓰고나서 후기잘알려주세요 ㅋㅋ 좋나?
2018-05-31 00:00:00+00:00, 새 장난감!배터리 오래가서 마음에 든다.#xiaomi #amazfit #amazfitbip #어메이즈핏빕 #어메이즈핏 #스마트워치 #블랙야크 의도냐고 name face watch 손이둥글둥글하시네요. 혹시 호빵맨이신가요?
2018-05-27 00:00:00+00:00, 잘 쓰겠습니다😍#선물 #스마트워치 #어메이즈핏 #스킨로션 #메이크프렘 #열운동 #피부미남
2018-05-26 00:00:00+00:00," 'AMAZFIT' 가성비 최고의 스마트워치, 아내가 가장 저렴한 것으로 사달라해서 직구. 워치 페이스를 다양하게 만들수도 있어서 더욱 좋은듯.#스마트워치 #AMAZFIT #샤오미 #어메이즈핏"
2018-05-20 00:00:00+00:00, #가민 #vs #어메이즈핏 #춘천라이딩#북한강종주
2018-05-14 00:00:00+00:00, #중국 #짜이찌엔 #샤오미 #광저우 #광주 #어메이즈핏 #prolightsound2018 #guangzhou 뭐하고 지내냐고~~ 니가 젤 부럽 .. 창조 잘나가네~~
2018-05-13 00:00:00+00:00," 완충하고 이틀이나 지났는데 아직 80% 남았다. 사용해 보니 확실히 편하달까 알람을 설정하고 손목에 차고 잠들면 시끄러운 폰 알람소리가 아니라 손목에 진동이 전해져서 전처럼 신경이 날카롭게 곤두선채로 눈뜨는 아침이아니라는 점이 가장 맘에든다. 게다가 카드를 사용하고 영수증 대신 폰에 오는 알림으로 금액 확인을 더이상 안해도 되는점도 좋다. #smartwatch #대륙의실수 #xiaomiwatch #amazfit #f4f #맞팔 #어메이즈핏빕 #어메이즈핏 명탐정, spectacular insta, peep ours"
2018-05-11 00:00:00+00:00, 샤오미 어메이즈핏 빕 !! 오늘 하루 일하며 써보니 폰을 굳이 꺼내지 않아도 카톡이나 메세지 그리고 전화 알림등 을 바로 바로 진동으로 알려주고 내용도 읽을수 있어꽤나 편했고 일단 어젯밤에 100% 완충하고 오늘 하루 종일 차고 있었는데 배터리 94% 남았..😮😮😮😮아 정말 충전안하고 한달쓴다는 말이 사실인듯 심박수체크나 수면체크 기능을 사용하면 좀 빨리 닳는다 고 하는데 굳이 그런기능은 안써도 되니까 (운동시에는 따로 사용가능) 마침 오늘 따로 주문한 시계줄도 도착해서 여름용 검정 중광 메탈 하고 소가죽 브라운 으로 직접 메탈로 시계줄 갈고 줄도 줄이고(처음이라 오래걸림..) 매우 만족 또 만족 하는 중임 😭🙌 잘 샀다 너란 왓치 ! 선물용으로 나 스마트워치 입문용으로 적극 추천 합니다. #어메이즈핏빕 #어메이즈핏 #amazfitbip #amazfit #xiaomiwatch #샤오미어메이즈핏 #샤오미 #대륙의실수 #맞팔 #양산 #부산 #f4f #smartwatch 🌹
2018-05-11 00:00:00+00:00, 가성비 갑 #샤오미 #어메이즈핏 #어메이즈핏빕 #화미 #스마트시계 #갓샤오미 #가성비짱 #샤오미프랑스진출 #샤오미이탈리아진출 #xiaomi #xiaomiamazfit #xiaomiamazfitbip 😀😀😀 잘보고가요!
2018-05-11 00:00:00+00:00, #amazefit히히 고마워요이제 레스트갈때 핸드폰 안들고가도 되겠당#샤오미 #어메이즈핏#스마트워치 #xiaomi 어디서사셨어요? 한글호환되나요? 저도 구입하려는중이라 구매처 여쭤봐도 될까용~😎
2018-05-10 00:00:00+00:00," 홍콩 해외직구 로 열흘 정도 기다려서 받은 샤오미 어메이즈 핏 빕!! 스마트 워치 되시겠습니다. 애플을 좋아하는 샤오미라 그런지 애플 워치 스멜 폴폴😮한번 충전으로 최대 45일 간다는 쩌는 가성비 가격도 7만원대 입니다. 샤워할때나 수영할때 차도 되는 IP68 입니다. (배송비 까지 해서 66,500원에 샀음) 여튼 왠만한 기능은 다있음 심박수체크 수면체크 운동체크 알람 등  전화걸고 받거나 문자나 카톡은 보낼수 없지만 알림으로 카톡 내용이나 전화가 누구한테 왔는지 정도는 알수 있습니다. 다만 중국어 버전과 글로벌 영문 버전 뿐이라 한글화 작업은 개인이 해야하지만 생각보단 간단 합니다. (내가 헤맴..) 아이폰 사용자는 안드로이드폰이 있어야 한글화 작업이 가능! 여튼  앞으로 잘부탁해 😂 #어메이즈핏빕 #샤오미 #어메이즈핏 #스마트워치 #가성비 #맞팔 #amaizfitbip #f4f 기어핏프로2 유저인데, 기능이 비슷 ;;; Wow :-) 오호 좋아보이네요한글화는 어떻게 하나요~?"
2018-05-01 00:00:00+00:00, 5월 첫 휴일. 와이프하고 산행. 뛰어다니던 길인데 와이프와 걸으니 나름 운치있다. 5월은 휴일도 많으니 가족과 더욱 즐겁게 보내보자. #매봉산 #무룡임도 #산행스타그램 #어메이즈핏
2018-04-26 00:00:00+00:00, #smartwatch #hwami #amazfitpace 스마트폰으로 부터 자유를!! #화미 #어메이즈핏 #운동몬🏋🏻 #순토 #가민 이 사고 싶지만.. 돈이 음슴...
2018-04-25 00:00:00+00:00, #어메이즈핏 #stratos 콘트라스트가 아쉽고나!
2018-04-19 00:00:00+00:00, 미밴드를 쓰고 있는데 스트랩을 좀 특색있게 써본다고 흰색으로 사서 썼는데 때가 많이 타고 색도 나랑 안 어울리는거 같아서 2주전에 알리에서 할인한다고 추천해줘서 주문해놨는데 생각보다 빨리 왔네요 ^^*원래 미밴드 스트랩이 실리콘 재질이라 비슷한걸 산건데도 좀 안어울리고 이상했는데 이번꺼는 가격도 저렴하면서 탄소섬유라 그런지 고급스럽고 좋네요ㅋㅋㅋ지금 알리에서 주문해 놓은 물건이 많은데 다른거는 거의 한달이상 깜깜무소식인데 이건 주문한지 10일만에 ㅎㅎㅎ그러나 이제는 미밴드2보다는 샤오미 어메이즈핏 스마트 워치가 눈에 들어왔다는게 함정이죠 ㅋㅋㅋ조만간 이걸 또 살지도 모르겠네요#알리 #알리익스프레스 #중국 #무서움 #직구 #미밴드 #실리콘 #탄소섬유 #스트랩 #샤오미 #어메이즈핏 #스마트워치 #얼리어답터 #earlyadopter #aliexpress #ali #해외직구 저도 샤오미 미밴드 2 쓰는데 좋은거 같아요~! 한국쇼핑몰보다 직구가 역시 싸긴 하군요 ㅎㅎ ;
2018-04-19 00:00:00+00:00, #반미니 #라이딩 #감량 을 위한 #퇴사 #나는 #1200만원짜리 #다이어트 중#가민엣지520 님이 중도 에 튕기셔서#어메이즈핏 이 대신 지켜줌
2018-04-18 00:00:00+00:00, 하루 배터리 2%소모! 충전없이 #한달사용할기세 #잘가기어s3 #어메이즈핏 오~ 이건 처음 보는 거네요. 검색해봐야지:) 👍🏻
2018-04-18 00:00:00+00:00, #라이딩 #운동 #감량 을 위한 #퇴사#amazfitpace VS #가민520#에메이즈핏 은 #런닝 용 으로 샀지만 ... #물론 #라이딩 중점적으로 보면 가민의 승리이지만... #가성비 로는 #어메이즈핏 의 #승리 라는 개인적인 생각? 인친할까요?
2018-04-04 00:00:00+00:00, 새로 선물 받은 샤오미 어메이즈핏 빕⌚예전에 샤오미 미밴드2를 착용해섰는데 어디서 빠졌는지잃어버렸어요.ㅜㅜ미밴드2는 크기도 아담해서 일 할때도 부담없어서 좋았는데~어메이즈핏 빕은 좀 큰편이네요.가벼워서 큰부담은 없어요.카톡 메세지 내용도 바로 볼수 있고 밧데리도 미밴드2 보다 더 오래간답니다.계속 착용해봐야 장단점을 확실히 알수 있겠지만...처음 착용 했을때는 큰무리 없고 이쁘네요...#샤오미 #샤오미어메이즈핏 #샤오미어메이즈핏빕 #스마트워치 #어메이즈핏 #어메이스핏빕 #7 #독수리오냥이 저도 중국에서 구입해 잘 쓰고 있어요
2018-03-24 00:00:00+00:00, 우후후 나의 첫 웨어러블 기기#샤오미 계열이라 역시 가성비가 좋다.잘 적응해보고 활용도가 올라가면 더 좋은걸로 지르자^^#어메이즈핏 빕#amazfitbip #amazfit
2018-02-07 00:00:00+00:00, 21일 #상해#상하이#조이시티#샤오미매장#어메이즈핏#푸동#국제금융센터#야경
2017-12-04 00:00:00+00:00," 음...샤오미 미밴드3가 왔다.남편이 주문했고, 내가 쓰고 싶으면 쓰라는데, 너무 커서 글쎄올시다.난 일단 쓰던 미밴드2를 쓰겠다.커도 너무 크네.미밴드 강점은 가볍고 작고 군더더기 없는건데 커도 너무 커졌다.아빠 시계같다.시계줄 두꺼워진거 봐.😭😳....어라... 그런데 이거 미밴드가 아닌거 같은데?박스 어디에도 미밴드라고 안써있잖아?남편이 아무래도 잘못 주문 한 것 같다. 😩미밴드가 아니고 어메이즈핏 😭#keto #diet #다이어트 #샤오미 #미밴드3 #미밴드 #미밴드실망 #xiaomi #miband3 #miband #어메이즈핏 미밴드아님에 빵터짐ㅋㅋㅋㅋ 🤣🤣🤣🤣🤣 억 엄청 크네요ㅋㅋㅋㅋㅋㅋㅋ ㅋㅋㅋㅋㅋㅋ 근데 너무 멋집니다 쿨 👍👍"
2017-11-20 00:00:00+00:00, 어메이즈핏 스마트워치 (Amazfit Smartwatch) A1608 : 샤오미+화미 스마트워치 http://diziview.com/221144686654 #스마트워치 #헬스트랙커 #샤오미 #화미 #어메이즈핏 #amazfit
2016-09-06 00:00:00+00:00, 왔다...❣ #샤오미 #xiaomi #amazfit #어메이즈핏 #미밴드2 #miband2 #스마트워치 #스마트밴드 #신싱스타그램 #이쁘다 #팔찌스타그램 #태그완전전복을_꿈꾼다 #넘나_어려운_태그 #퇴근길 게이스타그램 @oh.ssj 뭔 🐶소리임
2016-06-16 00:00:00+00:00," 지치고 힘든 날 #나에게주는선물 #어메이즈핏 소중한 동생과 1+1  #대륙의기적 을 보여줘! 무엇에 쓰는 물건인고~ @zimu223 움직임측정, 핸폰전화오면 진동, 수면리듬측정 ㅋ 신기해요 생긴게 ㅋㅋ"
2016-05-27 00:00:00+00:00," 받는순간 이게 뭔가..했더니미밴드의 업글버전인 스마트밴드 어메이즈핏!샤오미의 자회사인 화미에서 만들었다는데수면패턴 측정과 칼로리소모량, 전화알림등상당히 똑똑한 녀석ㅎㅎ 갑자기 스마트맨 된기분😂스마트한 사람 만들어주셔서 감사합니다❤️ㅋㅋ#샤오미 #화미밴드 #어메이즈핏 #이큐에이터#미밴드 #스마트밴드 #코어 #세라믹 #굿굿굿 아 ~ 손목에 머리끈이 이거군요 ~ ^ㅋ^"
2016-05-15 00:00:00+00:00," 낮에 산에 다녀와서 기록시작 이후로 가장 많이 걸은 날, 오후에 비 안왔으면 2만 찍어봤을텐데.. 아쉽👧 #다이어트일기#걷기운동#running#workout#어메이즈핏"
2016-05-14 00:00:00+00:00, 그래도 오늘은 이정도로 걸었고 낮엔 힐신고 있었으니! 위안하고 잡니당!다이어트일기#다이어터#다이어트그램#어메이즈핏#healthylife#healthy#healthyliving#healthychoices
2016-05-13 00:00:00+00:00, 인증됨 사진잘봤어요😄✨ 인증됨 실물이 더 아름다우시네유!!! 🙌🙌
2016-05-12 00:00:00+00:00, 요새 나에게 커플링같은 아이.절대 빼지않지요~시계인듯 팔찌인듯.#어메이즈핏 #화미밴드#문빔 예쁘고 똑똑한 아이.근데 내가 잠든건 어뜨케 알지?이제 전화도 잘받아요ㅋㅋ#샤오미#코마트레이드#이큐에이터 남친사주고시픈데솔로인게함정. 계춘할망 시사회때 봤는데 언니 너무 이쁘세요😘❤ @hi_ssongnew 까불지마~ㅋㅋ @_sojung85 악 들켰당!😲히히 언니새끼랑두 찍어줘요!!!🤔 @hi_ssongnew 너 저랑 사진 안찍으시자나여ㅜㅜ 아니 누나 왜 리즈 갱신중이죠? @_sojung85 잘지내고있나봐요! 요즘 뭔 작품하세요?
2016-05-10 00:00:00+00:00," 2주정도 써보니 핸드폰보단 정확한편,오늘도 만보넘었다. 내일은 더 생각없이 걸을 예정.#어메이즈핏"
2016-04-29 00:00:00+00:00, #Xiaomi #Huami #HuamiBand #Amazfit #Moonbeam #샤오미 #화미 #화미밴드 #어메이즈핏 #문빔 하루 찼으니 후기를 찍어야한드 이벤트땀시.... 잠이 덜 깼구만 후기를 찍는다는게 먼소리.... Looks great!
2016-04-28 00:00:00+00:00, #Xiaomi #Huami #Huamiband #Amazfit #MoonBeam #샤오미 #화미 #화미밴드 #어메이즈핏 #문빔 왔다 흐흫 지금은 충전중이심
2016-02-04 00:00:00+00:00, 일주일전에 앱 영문지원은 언제돼냐고 문의메일 보냈는데 이시간에 급 업뎃돼더니 영문지원 뙇!! 나때문에 만들진않았을거니 준비는 하고있었겠지만ㅋㅋㅋ #개척자의_길은_험하다 #화미밴드 #amazfit #어메이즈핏
2016-01-28 00:00:00+00:00, 열심히 써보고있긔. 생각보다 하루에 빨빨거리고 돌아다니능가보댜. 단점이라면 폰 놓고 옆방으로 이동하면 블루투스 안돼서 그 사이건 인식안됨. 뭐이건 어쩔수 없는거지만ㅠㅋ #화미밴드 #어메이즈핏 #amazfit #피트니스밴드 #개척자의_길은_험하다  블루투스없어도 나중에연결시 동기화된다들었는데 안되는건가용? 잘쓰고계신지궁금하네요!
2016-01-27 00:00:00+00:00, 드디어 내손에 들어온 어메이즈핏. 좀써보고 후기를 올려야겠다. 다만 시작부터 치명적인 단점이있는데.. 어플 영어지원 된다고 해놓고 지원안돼☺️ 듕귁어만 나옴. 중국어하는 친구한테 폭풍카톡보냈는데 나머진 감으로 체험하겠긔. #어메이즈핏 #화미밴드 #amazfit #피트니스밴드 #개척자의_길은_험하다 이쁘다고 그랬는데 중국어만 나온다고.....???? @mrs.kong ㅜㅠ 그런가봐여... 홈페이지까진 영문지원하던데 어플은 중국어만 지원하고있어. 어메이즈용 어플 따로만든거보면 미핏이랑 호환안될것같고ㅠㅋㅋ 으앙 ㅠㅠ 보자마자 저거 사고싶다 그러고 있었는데 ㅠㅠ 초기 설정만 넘어가면 나머진 걍 감으로 쓸수있을것같긴한데 제품자체가 작년말에 예약주문받고 이번달에나 판매시작한걸거라...쫌더 있으면 지원언어 늘지않을까 싶어ㅠㅋ
