2020-04-25 00:00:00+00:00, μ¤ν¬F7μΉ¨μμ•΅μ •μλ¦¬ #μ¤ν¬ν°μλ¦¬ #μ™Έμ‚°ν°μλ¦¬#μ•΅νν°μλ¦¬ #μμ¬ν™•λ³΄ #μμ¬μ λ¬΄ #μ„ κ²°μ μμ•½#ν™”μ›¨μ΄ #νƒλΈ”λ¦Ώμλ¦¬ #ν°μλ¦¬ #λ λ…Έλ²„μλ¦¬#μƒ¤μ¤λ―Έ #ν™λ―Έλ…ΈνΈ #λ λ…Έλ²„Z5S #ν™λ―ΈK30ν”„λ΅#ν¬μ½”ν° #μ—μ§€ν° #μ•„μ΄ν° #OPPO
2018-07-20 00:00:00+00:00, μΈμ¦λ¨
2018-09-19 00:00:00+00:00, κ²λ‚ λΉ λ¥΄μ§€λ§ κ²μ„μ€ μ•„μ΄ν° λ³΄λ‹¤ λλ¦Όgpsμ„±λ¥ μ—¬μ „ν λ–¨μ–΄μ§. #μƒ¤μ¤λ―Έ #ν¬μ½” #ν¬μ½”ν° #xiaomi #pocof1 #poco #pocophonef1 #ν™λ―Έλ…ΈνΈ5 #ν™λ―Έλ…ΈνΈ #redmi #rednote5 #iphone #μ•„μ΄ν° μ €λ„ ν¬μ½”ν°μΈλ° μ  ν°μ— μ΄μƒμ΄ μμ–΄μ„ κ·Έλ°λ° ν”Όλ“μ— λ†€λ¬μ¤μ…”μ„ ν•λ²λ΄μ£Όμ„Έμ”γ…  μ €λ§ μ΄λ°κ±΄κ°€ν•΄μ„μ”...γ…  κ°€μ¥ μµμ‹ κΈ€λ³΄μ‹λ©΄λ©λ‹λ‹¤!
2018-06-20 00:00:00+00:00, μ΄κ²ƒμ€ μ κ°€ μ„Έμ»¨ν°μΌλ΅ μ‚¬μ©ν•λ” μ„Έκ³„μµκ³ μ κ°€μ„±λΉ„λ¥Ό λ³΄μ—¬μ£Όλ” μ¤λ§νΈν° μƒ¤μ¤λ―Έ ν™λ―Έλ…ΈνΈ5μ…λ‹λ‹¤. λ‹¨λ 20λ§μ›μ£Όκ³  ν•΄μ™Έμ§κµ¬λ΅ κµ¬λ§¤ν• μ΄ μ¤λ§νΈν°μ€ λ†€λΌμ΄μ†λ„μ™€ λΉ λ¥΄κ³  μ •ν™•ν μΈμ‹ν•λ” μ§€λ¬ΈμΈμ‹κΈ°λ¥μ„ ν†µν• λ†€λΌμ΄ λ³΄μ•λ¥λ ¥μ„ λ³΄μ—¬μ¤λ‹λ‹¤. κ²λ‹¤κ°€ 4000mha λ³€κ°•μ‡  λ°°ν„°λ¦¬λ” 30μΌμ„ μΌλ†”λ„ ν°μ΄ κΊΌμ§€μ§€μ•μ„μ •λ„μ λ°λ‹νƒ€μ„μ„ λ³΄μ—¬μ¤λ‹λ‹¤.μ—¬κΈ°μ— μ•λ°ν°μ”κΈμ λ΅ μ›” 9μ²μ›μ— μμ„±100λ¶„ λ¬Έμ 100λ¶„ λ°μ΄ν„° 1.5κΈ°κ°€μ™€ λ”λ¶μ–΄ μ„λΉ„μ¤λ΅ λ°›μ€ 350λ©”κ°€ λ°μ΄ν„° μ μ‹¬μ„ λ§¤μ›” μ‚¬μ©ν•κ³ μμ§€μ”. λΉ„μ¦λ‹μ¤λ΅ μλ§μ€ ν†µν™”λ¥Ό ν•λ” μ €μ—κ² μ„Έμ»¨ν°μ€ μ†μ¤‘ν• vvvvipλ¶„λ“¤κ³Όμ ν”„λΌμ΄λΉ—ν• μ—°λ½μ„ μ·¨ν•κΈ° μ„ν•΄ ν•„μμ…λ‹λ‹¤. μ „ν™”λ²νΈλ” κ°μΈμ •λ³΄λ³΄νΈλ²•μ— μκ±° κ³µκ°ν•μ§€ λ»ν•¨μ„ μ–‘ν•΄λ¶€νƒλ“λ¦½λ‹λ‹¤.#λ”κ°λΏ” #ν—μ„Έ #κ°λ»¥ #μ“Έλ°μ—†μ #λ„¤λΉ„λ΅μ‚¬μ©μ¤‘ #ν™λ―Έλ…ΈνΈ5νλ‹λ‹¤ #ν™λ―Έλ…ΈνΈ5 #ν™λ―Έλ…ΈνΈ #μƒ¤μ¤λ―Έ #ν•΄μ™Έμ§κµ¬ #μ¤λ§νΈν° #μ•λ°ν° #μ„Έμ»¨ν° μ‚¬λμ΄ μµκ³ λ‹κΉ μµκ³ μΈ μ‚¬λμ΄ μ‚¬μ©ν•λ” λ¨λ“ κ²ƒμ΄ μµκ³ μ•Ό!!
2015-06-10 00:00:00+00:00, #ν™λ―Έλ…ΈνΈLTE #ν™λ―Έλ…ΈνΈ #λ…ΈνΈμ§κµ¬κ°€κ²©μ΄λ‘ μ–Όλ§ μ°¨μ΄ μ•λ‚λ”λ“―ν•΄μ„ γ… .γ…  κ·Έλƒ¥ μ£Όλ¬Έν–λ„¤μ”...μ–΄λ¨Έλ‹ ν°μ΄ λΉ μ§€μ§... μλ¦¬λΉ„κ°€ 10λ§μ›μΈλ° 3λ…„μ°¨ μ‚¬μ©μ¤‘μΈλ°....μλ¦¬λ³΄λ‹¤λ” μ”κ±°κ°€ λ‚«κ²λ‹¤ μ‹¶μ–΄μ„ μ£Όλ¬Έ!!!
2021-03-25 00:00:00+00:00," λ€λ¥™μ μ‹¤μ, μƒ¤μ¤λ―Έ ν™λ―Έλ…ΈνΈ10/ν™λ―Έλ…ΈνΈ10ν”„λ΅κ°€ κµ­λ‚΄ μ •μ‹ μ •λ°μ„ ν–λ”λ° μ΄λλ“λ°μ—μ„ μ²μμΌλ΅ μµμ €κ°€λ΅ λ³΄μ—¬λ“λ¦΄ μ μμ–΄μ„ λ„ μ„¤λ¬μ–΄μ”..π–¤ μ‚¬μ „μμ•½μ λ΅ 3/23~3/29κΉμ§€ μμ•½ν•λ©΄ μ¶”μ²¨μ„ ν†µν•΄ mi tvλ¥Ό λ“λ¦¬λ” μ΄λ²¤νΈκΉμ§€π¤« μ΄λλ“λ°μ—μ„ λ§λ‚μ”π‘‹π»(ν™λ―Έλ…ΈνΈ10ν”„λ΅ μΉ΄λ©”λΌ μ§„μ§ μΆ‹λ”λΌλ”..) #μ‡ΌνΈμ¤νΈ #λ¨λ°”μΌμ‡ΌνΈμ¤νΈ #μ‡ΌνΈμ¤νΈκΉ€μ†” #μ‡ΌνΈμ¤νΈμ„­μ™Έ #μ‡ΌνΈμ¤νΈλ¬Έμ #λ„¤μ‡ΌλΌ #11λ²κ°€ #μΉ΄μΉ΄μ¤μ‡Όν•‘ #μ΄λλ“λ° #μƒ¤μ¤λ―Έ #ν™λ―Έλ…ΈνΈ10 #ν™λ―Έλ…ΈνΈ #μ†ν†µ #κ°€μ „μ‡ΌνΈμ¤νΈ μ¤λ§κ°“. λ€λ¥™μ μ‹¤μλ„ λ‚μ¤λ‹¤λ‹ μ°μ™€ κ·Έλƒ¥ μ°μ—λ”λ°λ„ μ΄μλ„¤μ”π™π™π κ·Έλ• λ§ν• μ΄κ±°κµ¬λ‚! μ—„ν…… μΆ‹μ€λ°? π™ μ²«λ²μ§Έ μ‚¬μ§„ μ΅΄μ μ•„μ΄λκ°™μ¤π–¤π¤ μμμ„Έμ” μΈμΉλ‹ ν•΄ν”Ό λ°μ΄ π™β¤οΈπ"
2020-06-05 00:00:00+00:00," Ringke Fusion X case for Redmi Note8 Pro unboxing / only1λ¶„μμƒ / just 1minute video /  λ§μΌ€ ν“¨μ „X μΌ€μ΄μ¤ ν™λ―Έλ…ΈνΈ8ν”„λ΅ μ–Έλ°•μ‹±.- Only one minute video.- Instagram : @jmjo_papa- YouTube : Charles Kim- π‡°π‡·π‘‹π» .Thank you.=============#ringke #fusionx #case #ringkefusionx #λ§μΌ€ #ν™λ―Έλ…ΈνΈ8ν”„λ΅ #redminote8pro #redmi #μƒ¤μ¤λ―Έ #ν™λ―Έλ…ΈνΈ #ν“¨μ „x #phonecase #defense .===========#DIY #doityourself #diyer#α„‹α…²α„α…²α„‡α…¥ #youtube #youtuber#unboxing #unboxer #α„‹α…¥α†«α„‡α…΅α†¨α„‰α…µα†Ό #α„‹α…¥α†«α„‡α…΅α†¨α„‰α…¥ #drive #drivs #driver #driving#α„‚α…Άα„ƒα…©α†«α„α…®α„€α…©α„‰α…΅α†«α„’α…®α„€α…µ #southKorea .============μ νλ²„ μ–Έλ°•μ‹± κΏλ‚λ¬΄ μ…λ‹λ‹¤.λ­ μ‚¬μ•Ό λ°•μ¤λ¥Ό μ—¬λ”λ°, μ‚¬λ”κ² λ§μ΄ μ—†λ„¤μ”. μΈμ¤νƒ€ ν”„λ΅ν•„μ— μ νλΈ μ£Όμ† λ„λ¥΄μ‹κ³  λ†€λ¬μ¤μ„Έμ”κµ¬λ…π¤π»/ μΆ‹μ•„μ”π‘π» λ¶€νƒν•΄μ”π€. μ–Έλ°•μ‹± μμƒ ν•­μƒ μΆ‹μ•„μ”π‘π»π‘π»"
2020-08-21 00:00:00+00:00, Redmi Note 8 Pro TearDownν™λ―Έλ…ΈνΈ8ν”„λ΅ λ¶„ν•΄#μƒ¤μ¤λ―Έ #ν™λ―Έλ…ΈνΈ #ν™λ―Έλ…ΈνΈ8 #ν™λ―Έλ…ΈνΈ8ν”„λ΅ #teardown #fixathome
2018-10-20 00:00:00+00:00," μƒ¤μ¤λ―Έ ν™λ―Έλ…ΈνΈ5 ν…μ¤νΈ μ¤‘~~μ‚¬μ§„ μ μ°νκ³  μΆ‹λ„¤~~~λ“€μ–Όμ‹¬ ν…μ¤νΈ ν•΄μ•Όν•λ”λ°...μ‹¬ ν•λ‚κ°€ λ¶λ‰μ΄λΌ... ν…μ¤νΈ μ‹¤ν¨.μ‚¬μ§„μ€ μ΄ μ •λ„λ©΄ Good~~~299,000μ›μ§λ¦¬ μ¤‘κµ­μ‚° μ¤λ§νΈν°μ μ„λ ¥!μ°λ¦¬λ‚λΌν° λ„λ¬΄λ„λ¬΄ λΉ„μ‹Έλ‹¤γ… γ… κ³µκΈ°κ³„ 299,000μ›SKμ•½μ •κ±Έλ©΄ 100μ›#camera #xiaomi #redminote5 #redminote #phonecamera #test #μƒ¤μ¤λ―Έ #ν™λ―Έλ…ΈνΈ #ν™λ―Έλ…ΈνΈ5 #μ§€λ¨λΉ„μ½”λ¦¬μ•„ #globalversion #photo #μ‚¬μ§„ #μΈμ² #μ—°μκµ¬ #μ†΅λ„λ™ #dualsim Wow π‘"
2021-08-07 00:00:00+00:00, ν™λ―Έλ…ΈνΈ5#ν™λ―Έλ…ΈνΈ5 #μƒ¤μ¤λ―Έ #ν™λ―Έλ…ΈνΈ
2021-08-06 00:00:00+00:00, μΈμ¦λ¨ μΈμ¦λ¨
2021-08-03 00:00:00+00:00, #μ΅μ•„ν΄μ§ #1μΌμ°¨#μ μλ¦¬ #λ§¤λ―Έ #μ²΄ν¬ #μ„±κ³µμ #ν™λ―Έλ…ΈνΈ #μ‹¤μ‚¬ #μ²«λ‚ 
2021-08-02 00:00:00+00:00, 1μ–µλ§ν™”μ† μ¤λ§νΈν° μΉ΄λ©”λΌ κ¶κΈν•΄μ„ μ§€λ¦„μ‹  μμ ‘SK κµ­λ‚΄μ •λ° #μƒ¤μ¤λ―Έ #ν™λ―Έλ…ΈνΈ #μ•λ…•#λ½λΏ #λ‹Ήκ·Όλ§μΌ“ νλ§¤μ μ•κ³ λ³΄λ‹ #μ΄μ›ƒ#xiaomi #redmi #note #10 #pro#μ¨κ°€μ΅± #LG #μ¤λ§νΈν°#μ¤λλ§μ— #μΌνƒ
2021-07-21 00:00:00+00:00," μƒ¤μ¤λ―Έκ°€ Redmi Note 10T 5Gλ¥Ό μΈλ„μ— λ°ν‘ν–μµλ‹λ‹¤.20:9 λΉ„μ¨ 6.5μΈμΉ FHD+ (1080x2400) LCD λ””μ¤ν”λ μ΄, 4GB RAM + 64GB μ¤ν† λ¦¬μ§€, 6GB RAM + 128GB μ¤ν† λ¦¬μ§€, 4800λ§ ν™”μ† + 200λ§ ν™”μ† + 200λ§ ν™”μ† νΈλ¦¬ν” λ©”μΈ μΉ΄λ©”λΌ, 800λ§ ν™”μ† μ „λ©΄ μΉ΄λ©”λΌ, 5000mAh λ°°ν„°λ¦¬, Android 12(MIUI 12+), microSD μΉ΄λ“ μ¬λ΅―, Dimensity 700 λ“±μ μ‚¬μ–‘μ…λ‹λ‹¤.- μΈ΅λ©΄ μ§€λ¬ΈμΈμ‹ μ„Όμ„- κ³ λ¦΄λΌ κΈ€λΌμ¤ 3- μƒν™ λ°©μ μ½”ν…- μµκ³  500λ‹νΈ λ°κΈ°- UFS 2.2 μ¤ν† λ¦¬μ§€- 90Hz μ£Όμ‚¬μ¨- λ©”μΈ f/1.8 κ΄‘κ°(μ„μƒμ°¨ AF) + f/2.4 μ ‘μ‚¬ + f/2.4 μ‹¬λ„ μ„Όμ„- μ „λ©΄ f/2.0 μΉ΄λ©”λΌ- μ „λ©΄/λ©”μΈ FHD 30fps μ΄¬μ- USB-C- FM λΌλ””μ¤- 18W κ³ μ† μ¶©μ „- 5G NR- Bluetooth 5.1- κ²μ„ ν„°λ³΄ 3.0- 3.5mm ν—¤λ“ν° μ­- LPDDR4X RAM + UFS 2.2 μ¤ν† λ¦¬μ§€- 161.8 x 75.4 x 8.9mmμ— 190g- Chromium White/Graphite Black/Metallic Blue/Mint Green6GB RAM + 64GB μ¤ν† λ¦¬μ§€λ” INR 13,999, 8GB RAM + 128GB μ¤ν† λ¦¬μ§€λ” INR 15,999μΌλ΅ 7/26λ¶€ν„° νλ§¤ν•©λ‹λ‹¤.#μƒ¤μ¤λ―Έ #ν™λ―Έλ…ΈνΈ #μƒ¤μ¤λ―Έν™λ―Έλ…ΈνΈ #ν™λ―Έλ…ΈνΈ10T5G #ν™λ―Έλ…ΈνΈ10t5g #μƒ¤μ¤λ―Έν™λ―Έλ…ΈνΈ10t5g"
2021-07-20 00:00:00+00:00, λ‚¨μ‚° μ•„λ μ‘μ€ κ³¨λ©μ—μ„ λ‚¨μ‚°μ›κΈΈ μ κ°€ν–‰λ ¬ λ²½ν™”λ¥Ό λ§λ‚¬λ„¤μ”. λ‚¨μ‚°μ€ κ°€λ³΄μ•μ§€λ§ λ‚¨μ‚°μ„ λ”°λΌ μ¨μ–΄μλ” μ΄λ° κ³¨λ©κ³Ό λ²½ν™”κ°€ μλ”μ§€λ” λ°λλ„¤μ” κ³ μΈµ κ±΄λ¬Όλ’¤ λ‚¨μ•„μλ” μ„μΈμ μ›μ΄μ•ΌκΈ°λ¥Ό μ°Ύμ•„λ³΄μ„Έμ”~ μƒ¤μ¤λ―Έλ΅λ³Έ μ„μΈ! μ—μ΄λ£¨νΈμ€μµλ‹λ‹¤#μƒ¤μ¤λ―Έ #ν™λ―Έλ…ΈνΈ #ν™λ―Έλ…ΈνΈ10ν”„λ΅ #μ—μ΄λ£¨νΈλ° #λ‚¨μ‚°μ›κΈΈ #μ¤λλκ³¨λ© ππ
2021-07-13 00:00:00+00:00, β¤οΈToday'sμ¤‘κ³ ν°β¤οΈμ¤λμ€ μƒ¤μ¤λ―Έ ν™λ―Έλ…ΈνΈ9S μ”λ…€μ„μ„ λ“¤κ³  μ™”μ–΄μ”π‘κ°€μ„±λΉ„μ ν°μΌλ΅ μ•λ ¤μ§„ μƒ¤μ¤λ―Έ ν™λ―Έλ…ΈνΈ9Sπ κ°€μ„±λΉ„ ν°μ„ μ°Ύλ”λ‹¤λ©΄ μ–Έμ λ‚ κ²½μ„±λ€ μ†λ…€ν°κ³Ό ν•¨κ» ν•μ„Έμ” βοΈβοΈ#κ²½μ„±λ€μ¤‘κ³ ν°#κ²½μ„±λ€μ¤‘κ³ ν°λ§¤μ…#κ²½μ„±λ€μ¤‘κ³ ν°λ§¤λ§¤#κ²½μ„±λ€μ¤‘κ³ μ•„μ΄ν°#κ²½μ„±λ€μ¤‘κ³ μ•„μ΄ν°λ§¤λ§¤#κ²½μ„±λ€μ¤‘κ³ μ•„μ΄ν°λ§¤μ…#κ²½μ„±λ€μ¤‘κ³ μ•„μ΄ν°νλ§¤#κ²½μ„±λ€μ¤‘κ³ μ•„μ΄ν°λ§¤λ§¤#κ²½μ„±λ€μ¤‘κ³ μ•„μ΄ν°λ§¤μ…#λ¶€μ‚°μ¤‘κ³ μ•„μ΄ν°λ§¤μ…#λ¶€μ‚°μ¤‘κ³ μ•„μ΄ν°νλ§¤#λ¶€μ‚°μ¤‘κ³ μ•„μ΄ν°λ§¤λ§¤#μ¤‘κ³ ν°#μ†λ…€ν°#μƒ¤μ¤λ―Έ#μ¤‘κ³ μ‚¬μ•Όλ«Ό#ν™λ―Έλ…ΈνΈ#μ¤‘κ³ ν™λ―Έλ…ΈνΈ#μ¤‘κ³ ν™λ―Έλ…ΈνΈ9s
2021-07-13 00:00:00+00:00," μƒ¤μ¤λ―Έ ν™λ―Έλ…ΈνΈ 10ν”„λ΅ μΉ΄λ©”λΌ 4λ μ¦κ΄‘κ°μΉ΄λ©”λΌμ΄κ΄‘κ°μΉ΄λ©”λΌν…”λ λ§¤ν¬λ΅μΉ΄λ©”λΌ(λ§μ› μ ‘μ‚¬)μ‹¬λ„μ„Όμ„νΉν™”λ 4μΆ… λ μ¦λ¥Ό ν†µν•΄ λ§μ΄ν¬λ΅ μ›”λ“, μ΄κ΄‘κ°, λ§μ›λ“± λ‹¤μ–‘ν• μ‚¬μ§„μ„ μ¦κ²¨λ³΄μ„Έμ”#ν™λ―Έλ…ΈνΈ10ν”„λ΅ #redminote10pro #μƒ¤μ¤λ―Έ #ν™λ―Έλ…ΈνΈ #μ—μ΄λ£¨νΈλ° # μƒ¤μ¤λ―Έν°"
2021-07-12 00:00:00+00:00, μκΎΈ λ­μ‚¬μ¤€λ‹¤...λλ§μ΄ λ²μ–΄μ¤λΌκµ¬......#lgκ·Έλ¨#ν™λ―Έλ…ΈνΈ#νν‹°μ•¤λ΄‰λ΄‰#μ¥μ‚¬μ¥@party_n_bongbong λ―“μ°λ„¤μ”!! λ‚¨ν‘  μ§±μ΄λ„¤μ”~~κ°‘μκΈ° μ™κ·Έλμ”?π‚π‚ λ‚¨ν‘  μ§±μΈλ°?
2021-06-29 00:00:00+00:00," #μƒ¤μ¤λ―Έ #Xiaomi #Redminote10pro #ν™λ―Έλ…ΈνΈ10ν”„λ΅ #μ•„λ²„μ§€ν°μƒ¤μ¤λ―Έ ν™λ―Έλ…ΈνΈ 10 ν”„λ΅μ‚¬μ–‘ : ν€„μ»΄μ¤λƒ…λ“λκ³¤ 732Gμ•΅μ • : μ•„λ°λ λ“ 6.67μΈμΉμΉ΄λ©”λΌ :  ν›„λ©΄ 1μ–µ 800λ§ ν™”μ†λ°°ν„°λ¦¬ : 5020mAh 25λ¶„ μ¶©μ „μ‹ 50% Fast chargingμƒ‰μƒ :  λΈ”λ™ λΈ”λ£¨ μ¤λ μ§€ μ¤‘ μ¤λ μ§€κµ¬μ„± : ν° / μ‹¤λ¦¬μ½μΌ€μ΄μ¤ / μ¶©μ „κΈ°ν†µμ‹ μ‚¬ : 3μ‚¬ λ¨λ‘ νΈν™κ°€κ²© : ν•ν™” 30λ§ 5μ²μ›νλ§¤μ² : μΏ ν΅(μ§μμ…)μ‚¬μ–‘μ€ λ€~μ¶© μ΄λ¬ν•©λ‹λ‹¤.μ €ν¬ μ•„λ²„μ§€μ LG G6κ°€ μ‘μ—…μ¤‘μ— μΉ΄λ©”λΌκ°€ νμ†λμ–΄λ¶€λ“μ΄ν• κ±΄ μ•„λ‹μ§€λ§ μ–΄μ¨λ“  λ°”κΎΈκ² λμ–΄μ”..μ²μμ— μ €ν¬ μ•„λ²„μ§€λ” κ°¤λ­μ‹Zν΄λ“λ¥Ό μ›ν•μ…¨μ§€λ§,μ†”μ§ν 74μ„Έ μ•„μ§λ„ ν„μ—­μ—μ„ μƒμ‚°μ§ κ·Όλ¬΄λ¥Ό ν•κ³ κ³„μ‹λ” ν„°λΌ μ‰½κ² νμ†λ κΉ μ°λ ¤ - μ €κ°€λΈλλ“μ‘μ—… μ¤‘ νμ†λμ–΄λ„ κ°€μ΄μ΄ λ μ•„ν” ν°μ„ μ°Ύμ•μ£ .μ†”μ§ν 200λ§μ› μƒλ‹Ήμ ν°μ΄ μ‘μ—… μ¤‘ νμ†λλ©΄ λ”μ°π±κ·Έλμ„ μ°Ύμ€ κ² μƒ¤μ¤λ―Έ ν™λ―Έλ…ΈνΈ μ‹λ¦¬μ¦.ν™λ―Έλ…ΈνΈ9SPRO / 10 / 10PRO3κ°€μ§€ μ¤‘μ— κ°€μ¥ μµμ‹ μ‘μΈ 10 ν”„λ΅λ¥Ό μ„ νƒν–μ–΄μ”.μ΄μ λ” λ‹¨μ§€ LTEν°μ΄λΌλ” μ κ³Ό NFCκ°€ λκΈ°μ—~~μ €λ” μ”μ¦ν°μ€ λ‹¤ NFC λλ” μ¤„ μ•μ•λ”λ°,μ €κ°€ ν°μ€ μ•„μ§λ„ κΈ°λ¥μ΄ μ—†λ” κ² κ½¤ μλ”λΌκµ¬μ”.ν™λ―Έλ…ΈνΈ 10μ€ μ•λλ”λΌκµ¬μ”. λ‘κ°™μ΄ μƒκ²¨λ†“κ³ ..κ·Έλ¦¬κ³  λ°°ν„°λ¦¬ μ„±λ¥κ³Ό μΉ΄λ©”λΌν™”μ†.5020mAhμ λ€μ©λ‰μ— 25λ¶„λ§μ— 50% ν€µμ°¨μ§€.μ €ν¬ μ•„λ²„μ§€ μΌμ€ μΉ΄λ©”λΌλ¥Ό κΌ­ μ‚¬μ©ν•΄μ•Ό ν•μ‹ λ°μ”.κ·Έλμ„ ν™”μ†κ°€ λ†’μ€ μΉ΄λ©”λΌκ°€ ν•„μ”ν•μ…¨λ°μ”.λ‹¤ν–‰ν 10ν”„λ΅κ°€ 1μ–µ800λ§ ν™”μ†λΌλ‹ λ”±μ΄μ—μ£ ..================30λ§μ›μ΄λΌλ” κ°€κ²©λ€μ— μ΄ μ •λ„λ©΄ μΆ‹μ€ κ±° μ•„λ‹κ°€μ”?μ €λ” λ”±ν μ¤‘κµ­ λΈλλ“λΌν•΄μ„ λ°κ°μ€ λν• νΈμ…λ‹λ‹¤.μ‹¤μ λ΅ ν™”μ›¨μ΄ νƒλΈ”λ¦Ώμ„ 3λ…„μ§Έ μ‚¬μ©μ¤‘μ΄μ£ .κ³ μ¥λ„ μ—†κ³ , 3λ…„μ΄ μ§€λ‚¬μ§€λ§ λ€κΈ°μ‹κ°„μ΄ 12μΌ,μ™ λ§ν• μ•± νΈν™ λ‹¤ λλ‹ μ΄λ§ν• κ² μ—†μ£ .λ‹Ήμ‹ κµ¬μ…λ• μ›” 2μ²μ›λ§ μ¶”κ°€ν•΄μ„ λ‚΄λ©΄ λκΈ°μ—λ¶€λ‹΄λ„ μ—†μ—μ£ . κ·Έλ¬λ‹¤λ³΄λ‹ μ¤‘κµ­μ ν’μ΄λΌν•΄μ„λ¬΄μ‘μ • λ¶μ‹ ν•λ λ²„λ¦‡λ„ μ‚¬λΌμ΅λ‹¤λ” κ±°~~μƒ¤μ¤λ―Έ ν™λ―Έλ…ΈνΈ 10 ν”„λ΅λΉ„μ‹Ό μ‚Όμ„±μ ν¨λ„ν°λ³΄λ‹¤ μ‹Ό μƒ¤μ¤λ―Έκ°€ μΆ‹λ‹¤κ³  λ΄…λ‹λ‹¤.μ‘λ…„μ— μ¶μ‹λ 9Sλ” ν„μ¬ 17λ§μ›μ— νλ§¤λ©λ‹λ‹¤.λ„ κΈΈκ² μ μ—λ„¤μ”, κ°„λ§μ΄λΌ.. γ…γ…μ΄μƒ μ…λ‹λ‹¤..Richard Remarque#μƒ¤μ¤λ―Έν° #ν¨λ„ν° #μ‚Όμ„±ν¨λ„ν° #ν¨λ„ν°λ€λΉ„ #ν™”μ›¨μ΄ #ν™λ―Έλ…ΈνΈ #REDMI μ λ³΄κ³  κ°‘λ‹λ‹¤π®"
2021-06-24 00:00:00+00:00," μƒ¤μ¤λ―Έκ°€ Redmi Note 10Tλ¥Ό λ°ν‘ν–μµλ‹λ‹¤.6.5μΈμΉ FHD+ (1080x2400) λ””μ¤ν”λ μ΄, 4GB RAM + 64GB/128GB μ¤ν† λ¦¬μ§€, 6GB RAM + 128GB μ¤ν† λ¦¬μ§€, Dimensity 700, 5000mAh λ°°ν„°λ¦¬, microSD μΉ΄λ“ μ¬λ΅―, Android 11(MIUI 12), 4800λ§ ν™”μ† + 200λ§ ν™”μ† + 200λ§ ν™”μ† νΈλ¦¬ν” λ©”μΈ μΉ΄λ©”λΌ, 800λ§ ν™”μ† μ „λ©΄ μΉ΄λ©”λΌ λ“±μ μ‚¬μ–‘μ…λ‹λ‹¤.- μΈ΅λ©΄ μ§€λ¬ΈμΈμ‹ μ„Όμ„- 90Hz μ£Όμ‚¬μ¨- Google Pay- 3.5mm ν—¤λ“ν° μ­- USB-C- μ μ™Έμ„  ν¬νΈ- λ“€μ–ΌSIM- Bluetooth 5.1- LPDDR4X RAM λ° UFS 2.2 μ¤ν† λ¦¬μ§€- 18W κ³ μ† μ¶©μ „RUB 19,990μ— νλ§¤ν•©λ‹λ‹¤.#μƒ¤μ¤λ―Έ #ν™λ―Έλ…ΈνΈ #μƒ¤μ¤λ―Έν™λ―Έλ…ΈνΈ #ν™λ―Έλ…ΈνΈ10t #μƒ¤μ¤λ―Έν™λ―Έλ…ΈνΈ10t #ν™λ―Έλ…ΈνΈ10T #μƒ¤μ¤λ―Έν™λ―Έλ…ΈνΈ10T"
2021-06-23 00:00:00+00:00, π³ λ΅―λ°ν•μ΄λ§νΈ λ²”μ–΄μ  6μ›”3μ£Όμ°¨ μ¤λ§νΈν°ν–‰μ‚¬λ¨λΈμ•λ‚΄λ“λ¦½λ‹λ‹¤π‰ ν–‰μ‚¬κΈ°κ°„: 6μ›” 23μΌ λ¶€ν„° ~ 6μ›” 30μΌ κΉμ§€β μκΈ‰μ  ν™λ―Έλ…ΈνΈ10ν”„λ΅  μ¨λΌμΈλ³΄λ‹¤ μ €λ ΄ν• κ°€κ²©μΌλ΅ νλ§¤   ν•©λ‹λ‹¤.1οΈβƒ£ κΈ°λ³Έμ μΈ λ²”μ–΄μ  μ¶”κ°€ ν• μΈ 2οΈβƒ£ ν•μ΄λ§νΈμ ν΄μΉ΄λ“ μ΄μ©μ‹ μµλ€ 7λ§μ› ν• μΈ ννƒ3οΈβƒ£ μ „κµ­ λ¬΄λ£ λ°°μ†΅π‘‰ μ¨λΌμΈμ—μ„ ν•«ν–λ μκΈ‰μ   ν™λ―Έλ…ΈνΈ10ν”„λ΅   μ΄μ  μ¤ν”„λΌμΈμ—μ„λ„ μµμ €κ°€λ΅ λ§λ‚λ³΄μ„Έμ”.π‘‰  μ „ν™”λ¬Έμ: 053-746-0111π‘‰ μ¨λΌμΈλ¬Έμ:  http://naver.me/52ljU8ZC#μκΈ‰μ  #μκΈ‰μ ν° #ν•μ΄λ§νΈ #ν™λ―Έλ…ΈνΈ10ν”„λ΅ #ν™λ―Έλ…ΈνΈ
2021-06-16 00:00:00+00:00, μ†κ·Έλ μ΄λ“#μƒ¤μ¤λ―Έ #ν™λ―Έλ…ΈνΈ #redmi
2021-06-15 00:00:00+00:00, π·οΈβ€Άβ€Άβ€Ά#λ‹¬ #moon #μƒ¤μ¤λ―Έν° #ν™λ―Έλ…ΈνΈ #κ°μ„±μ‚¬μ§„
2021-06-09 00:00:00+00:00, μΈμ¦λ¨ μΈμ¦λ¨
2021-05-25 00:00:00+00:00," μƒ¤μ¤λ―Έκ°€ Helio G85λ¥Ό νƒ‘μ¬ν• Redmi Note 8μ„ λ°ν‘ν–μµλ‹λ‹¤.μ§€λ‚ 2019λ…„ μ¶μ‹λΌ μ„Έκ³„μ μΌλ΅ 2,500λ§ λ€ μ΄μƒμ„ νλ§¤ν• Redmi Note 8μ λ¦¬ν”„λ μ‹ λ¨λΈμ…λ‹λ‹¤.19.5:9 λΉ„μ¨ 6.3μΈμΉ FHD+ (1080x2340) IPS LCD λ””μ¤ν”λ μ΄, 4GB RAM, 64GB/128GB μ¤ν† λ¦¬μ§€, 4800λ§ ν™”μ† + 800λ§ ν™”μ† + 200λ§ ν™”μ† + 200λ§ ν™”μ† μΏΌλ“ λ©”μΈ μΉ΄λ©”λΌ, 1300λ§ ν™”μ† μ „λ©΄ μΉ΄λ©”λΌ, 4000mAh λ°°ν„°λ¦¬, Android 11(MIUI 12.5+), microSD μΉ΄λ“ μ¬λ΅―, Helio G85 λ“±μ μ‚¬μ–‘μ…λ‹λ‹¤.- ν›„λ©΄ μ§€λ¬ΈμΈμ‹ μ„Όμ„- κ³ λ¦΄λΌ κΈ€λΌμ¤ 5- μƒν™ λ°©μ μ½”ν…- USB-C- Bluetooth 5.0- 18W κ³ μ† μ¶©μ „(22.5W μ¶©μ „κΈ° ν¬ν•¨)- λ©”μΈ κ΄‘κ° + μ΄κ΄‘κ° + μ ‘μ‚¬ + μ‹¬λ„ μ„Όμ„- λ©”μΈ FHD 30fps μ΄¬μ- Neptune Blue/Moonlight White/Space Black#μƒ¤μ¤λ―Έ #ν™λ―Έλ…ΈνΈ #μƒ¤μ¤λ―Έν™λ―Έλ…ΈνΈ #ν™λ―Έλ…ΈνΈ8 #μƒ¤μ¤λ―Έν™λ―Έλ…ΈνΈ8"
2021-04-18 00:00:00+00:00, ν‚μΉ΄ν‚μΉ΄π½ π® μ†λμΉλ‚΄μ¤ν‡„ λ°λƒ„μƒ #ν™λ―Έλ…ΈνΈ λ” μ™ν–λƒκ³  γ…‹γ…‹γ…‹γ…‹γ…‹γ…‹γ…‹γ…‹γ…‹ γ…‹γ…‹γ…‹γ…‹γ…‹γ…‹γ…‹γ…‹γ…‹ γ…‹γ…‹γ…‹γ…‹γ…‹γ…‹γ…‹γ…‹ μ•„ λ―Όμ§€ μ–Όκµ΄μ΄ νλ§μ΄κ³ λ§
2021-04-13 00:00:00+00:00, ν™λ―Έλ…ΈνΈ10 !!...#μƒ¤μ¤λ―Έ #ν™λ―Έλ…ΈνΈ #ν™λ―Έλ…ΈνΈ10 #redmi #redminote10 #xiaomi μ¨λ³΄μ‹λ‹ μ–΄λ•μ”? μ„λΈν°μΌλ΅
2021-03-23 00:00:00+00:00," μƒ¤μ¤λ―Έκ°€ Redmi Note 10 Proμ κµ­λ‚΄ μ¶μ‹λ¥Ό λ°ν‘ν–μµλ‹λ‹¤.μ‚¬μ „ μμ•½μ€ 3/29κΉμ§€ μ§„ν–‰λλ©°, μ •μ‹ νλ§¤λ” 4/9 0μ‹μ— μ‹μ‘λ©λ‹λ‹¤.20:9 λΉ„μ¨ 6.67μΈμΉ FHD+ (1080x2400) OLED λ””μ¤ν”λ μ΄, 6GB RAM, 128GB μ¤ν† λ¦¬μ§€, 1μ–µ 800λ§ ν™”μ† + 800λ§ ν™”μ† + 500λ§ ν™”μ† + 200λ§ ν™”μ† μΏΌλ“ λ©”μΈ μΉ΄λ©”λΌ, 1600λ§ ν™”μ† μ „λ©΄ μΉ΄λ©”λΌ, Snapdragon 732G, micro SDμΉ΄λ“ μ¬λ΅―, Android 11(MIUI 12) λ“±.- Bluetooth 5.1- μµκ³  1,100λ‹νΈ λ°κΈ°- λ©”μΈ f1.9 κ΄‘κ°(λ“€μ–Όν”½μ…€ μ„μƒμ°¨ AF) + f2.2 118λ„ μ΄κ΄‘κ° + f2.4 μ ‘μ‚¬ + f2.4 μ‹¬λ„ μ„Όμ„ μΉ΄λ©”λΌ- λ©”μΈ 4K 30fps μ΄¬μ- μ „λ©΄ f2.5 μΉ΄λ©”λΌ- μ „λ©΄ FHD 30fps μ΄¬μ- FM λΌλ””μ¤- HDR10- 120Hz μ£Όμ‚¬μ¨- 240Hz ν„°μΉμƒν”λ§- μΈ΅λ©΄ μ§€λ¬ΈμΈμ‹ μ„Όμ„- κ³ λ¦΄λΌ κΈ€λΌμ¤ 3- USB-C- μ μ™Έμ„  ν¬νΈ- λ“€μ–ΌSIM- λ“€μ–Ό μ¤ν…λ μ¤ μ¤ν”Όμ»¤- IP53 λ°©μ/λ°©μ§„- LPDDR4X RAM λ° UFS 2.2 μ¤ν† λ¦¬μ§€- 33W κ³ μ† μ¶©μ „- 319,000μ›#μƒ¤μ–΄λ―Έ #ν™λ―Έλ…ΈνΈ #ν™λ―Έλ…ΈνΈ10ν”„λ΅ #μƒ¤μ¤λ―Έν™λ―Έλ…ΈνΈ10ν”„λ΅"
2021-03-23 00:00:00+00:00," μƒ¤μ¤λ―Έκ°€ Redmi Note 10μ κµ­λ‚΄ μ¶μ‹λ¥Ό λ°ν‘ν–μµλ‹λ‹¤.μ‚¬μ „ μμ•½μ€ 3/29κΉμ§€ μ§„ν–‰λλ©°, μ •μ‹ νλ§¤λ” 4/9 0μ‹μ— μ‹μ‘λ©λ‹λ‹¤.20:9 λΉ„μ¨ 6.43μΈμΉ FHD+ (1080x2400) OLED λ””μ¤ν”λ μ΄, 4GB RAM, 128GB μ¤ν† λ¦¬μ§€, 4800λ§ ν™”μ† + 800λ§ ν™”μ† + 200λ§ ν™”μ† + 200λ§ ν™”μ† μΏΌλ“ λ©”μΈ μΉ΄λ©”λΌ, 1300λ§ ν™”μ† μ „λ©΄ μΉ΄λ©”λΌ, 5000mAh λ°°ν„°λ¦¬, Snapdragon 678, micro SDμΉ΄λ“ μ¬λ΅―, Android 11(MIUI 12) λ“±.- Bluetooth 5.0- μµκ³  1,100λ‹νΈ λ°κΈ°- λ©”μΈ f1.8 κ΄‘κ°(μ„μƒμ°¨ AF) + f2.2 118λ„ μ΄κ΄‘κ° + f2.4 μ ‘μ‚¬ + f2.4 μ‹¬λ„ μ„Όμ„ μΉ΄λ©”λΌ- λ©”μΈ 4K 30fps μ΄¬μ- μ „λ©΄ f2.5 μΉ΄λ©”λΌ- μ „λ©΄ FHD 30fps μ΄¬μ- κ·Έλ μ΄/ν™”μ΄νΈ- μΈ΅λ©΄ μ§€λ¬ΈμΈμ‹ μ„Όμ„- κ³ λ¦΄λΌ κΈ€λΌμ¤ 3- USB-C- μ μ™Έμ„  ν¬νΈ- λ“€μ–ΌSIM- λ“€μ–Ό μ¤ν…λ μ¤ μ¤ν”Όμ»¤- IP53 λ°©μ/λ°©μ§„- LPDDR4X RAM λ° UFS 2.2 μ¤ν† λ¦¬μ§€- 33W κ³ μ† μ¶©μ „- 218,900μ›#μƒ¤μ¤λ―Έ #ν™λ―Έλ…ΈνΈ #μƒ¤μ¤λ―Έν™λ―Έλ…ΈνΈ10 #ν™λ―Έλ…ΈνΈ10"
2021-03-23 00:00:00+00:00, #ν™λ―Έλ…ΈνΈ #μ„ ν”ν•λ©΄λ§ν” λ‚λ” λ¨Έλ΅ λ°”κΎΈμ§€?
2021-03-04 00:00:00+00:00," Redmi, λ…ΈνΈ 10 μ‹λ¦¬μ¦ κ³µκ°λ…ΈνΈ 106.43μΈμΉ FHD+ (AMOLED)μ¤λƒ…λ“λκ³¤ 6784/6GB λ¨64/128G μ¤ν† λ¦¬μ§€ (UFS 2.2)48MP f/1.79 λ©”μΈ8MP f/2.2 μ΄κ΄‘κ°2MP f/2.4 μ ‘μ‚¬13MP f/2.45 μ „λ©΄μ¤ν…λ μ¤ μ¤ν”Όμ»¤IP535,000mAh (33W)μ•λ“λ΅μ΄λ“11/MIUI 12κ°€κ²©4+64GB:11,999λ£¨ν”Ό(μ•½18λ§ 5μ²μ›)6+128GB:13,999λ£¨ν”Ό(μ•½21λ§ 6μ²μ›)λ…ΈνΈ 10 Pro6.67μΈμΉ FHD+ 120Hz (AMOLED)μ¤λƒ…λ“λκ³¤ 732G6/8GB λ¨64/128GB μ¤ν† λ¦¬μ§€ (UFS 2.2)64MP f/1.79 λ©”μΈ8MP f/2.2 μ΄κ΄‘κ°5MP f/2.4 μ ‘μ‚¬2MP f/2.4 μ‹¬λ„16MP f/2.45 μ „λ©΄μ¤ν…λ μ¤ μ¤ν”Όμ»¤IP535,020mAh (33W)μ•λ“λ΅μ΄λ“11/MIUI 12κ°€κ²©6+64GB:15,999λ£¨ν”Ό(μ•½24λ§ 7μ²μ›)6+128GB:16,999λ£¨ν”Ό(μ•½26λ§ 2μ²μ›)8+128GB:18,999λ£¨ν”Ό(μ•½29λ§ 3μ²μ›)λ…ΈνΈ 10 Pro Max6.67μΈμΉ FHD+ 120Hz (AMOLED)μ¤λƒ…λ“λκ³¤ 732G 6/8GB λ¨64/128GB μ¤ν† λ¦¬μ§€ (UFS 2.2)108MP f/1.9 λ©”μΈ8MP f/2.2 μ΄κ΄‘κ°5MP f/2.4 μ ‘μ‚¬2MP f/2.4 μ‹¬λ„16MP f/2.45 μ „λ©΄μ¤ν…λ μ¤ μ¤ν”Όμ»¤IP535,020mAh (33W)μ•λ“λ΅μ΄λ“11/MIUI 12κ°€κ²©6+64GB:18,999λ£¨ν”Ό(μ•½29λ§ 3μ²μ›)6+128GB:19,999λ£¨ν”Ό(μ•½30λ§ 9μ²μ›)8+128GB:21,999λ£¨ν”Ό(μ•½34λ§μ›)...#Redmi #RedmiNote #RedmiNote10 #RedmiNote10Pro #RedmiNote10ProMax #Note10 #Note10Pro #Note10ProMax #ν™λ―Έ #ν™λ―Έλ…ΈνΈ #ν™λ―Έλ…ΈνΈ10 #ν™λ―Έλ…ΈνΈ10ν”„λ΅ #ν™λ―Έλ…ΈνΈ10ν”„λ΅λ§¥μ¤ #μ¤λ§νΈν° #IT #Smartphone #News"
2021-02-26 00:00:00+00:00," #μ²«μ¤„ #ν™λ―Έλ…ΈνΈ #redmi #ν™λ―Έλ…ΈνΈ9pro #μƒν•Έλ“ν° #μƒ¤μ¤λ―Έ #μ§κµ¬ κ·Έλƒ¥ μ§λ €λ‹¤.... κ·Έλƒ¥ μ΄κ±° μ“Έλ€λ‹¤... μ‹Έκ³  μΆ‹λ„¤ γ…‹γ…‹γ…‹γ…‹ ν€„μ»΄ μ¤λƒ…λ“λκ³¤ 720G 6.67inch display 5,020mAh battery #νΉμ΄ν• μ μ—†λ”ν° #κ·Έλƒ¥ #μ“΄λ‹¤ #κ·Έλ­μ €λ­ #κ°€μ„±λΉ„κ°‘"
2021-02-23 00:00:00+00:00, κµ¬μ…ν•μ§€ 6κ°μ›” λ... ν™λ―Έλ…ΈνΈλ°§λ°λ¦¬ κ³ μ† μ¶©μ „μ΄λƒ?? μ‹λ ¥μ΄ λ‚λΉ μ§„ μ¤„... μλ»λ³Έ μ¤„ γ… γ… #ν™λ―Έλ…ΈνΈ #μ¤‘κµ­μ‚° #λ²μ¨κ³ μ¥
2021-02-16 00:00:00+00:00, μƒ¤μ¤λ―Έκ°€ Redmi Note 10 μ‹λ¦¬μ¦μ ν‹°μ €λ¥Ό κ³µκ°ν–μµλ‹λ‹¤.μ†λ¬Έμ— λ”°λ¥Έ μΌλ¶€ μ‚¬μ–‘μ€ μ•„λμ™€ κ°™μµλ‹λ‹¤.Xiaomi Redmi Note10- 4GB RAM + 64GB μ¤ν† λ¦¬μ§€- 6GB RAM + 64GB μ¤ν† λ¦¬μ§€- ν™”μ΄νΈ/κ·Έλ¦°/κ·Έλ μ΄Xiaomi Redmi Note 10 Pro- 6GB RAM + 64GB μ¤ν† λ¦¬μ§€- 6GB RAM + 128GB μ¤ν† λ¦¬μ§€- 8GB RAM + 128GB μ¤ν† λ¦¬μ§€- λΈλ΅ μ¦/λΈ”λ£¨/κ·Έλ μ΄3/4μ— κ³µκ°ν•©λ‹λ‹¤.β–¶ https://blog.naver.com/master_sky_/222245798405#μƒ¤μ¤λ―Έ #ν™λ―Έλ…ΈνΈ10 #ν™λ―Έλ…ΈνΈ #μƒ¤μ¤λ―Έν™λ―Έλ…ΈνΈ
2021-02-08 00:00:00+00:00," β €β €#repost @oblradi β €2019.03.31. μ¬ μ²«μΊ .λ™κ°• μ „λ§ μμ—°ν΄μ–‘λ¦Ό. λ·°κ°€ ν™μƒμ μ΄λΌλ” μ†λ¬Έμ„ λ“£κ³  μ™”μ–΄μ”. κ·Έλ°λ°.....μ¬ν•΄ μ„¤μ¤‘μΊ μ„,.μ§‘μ‚¬λμ΄ μ„ μ°©μ μ„ μ°©μμ΄λΌλ” λ§μ— λ¬΄λ£μΊ ν•‘μ¥μΈμ¤„λ΅λ§, μ „κΈ°λλ” μ¥λΉ„ν•λ‚ μ±™κ²¨μ¤μ§€λ„ μ•μ.μλ­μ΄λ” μ²«μ£Όν–‰μ— λλΉ„ λ§κ³ , μ΄λ²μ—” λλ°”λ λ§κ³ ... λ°”λ΅ μ¤‘κ³ μ°¨λ¨.λ‚ μ”¨ μΆ‹μ€ λ‚ . μ „λ§μ‚¬μ§„, μ•Όκ²½ μ°μΌλ΅ λ‹¤μ‹ μ¤κ³  μ‹¶κΈ΄ ν•¨.#λ™κ°•μ „λ§μμ—°ν΄μ–‘λ¦Ό #2019μ²«μΊ ν•‘ #μλ­μ΄ #ν€μ°¨ #λ°μΉ΄νΈλ΅  #arpenazfamily4.1 #μ„¤μ¤‘μΊ  #ν™λ―Έλ…ΈνΈ μ•„ν ... λ„λ¬΄ μΆ‹μΌμ…¨κ² μ–΄μ”. μ „ κ²¨μΈ μ¥λΉ„λ” μ—†μ–΄μ„ λ»κ°€μ©.. μ°¨μ—λ„ λ»μ‹£κ³  ^^ μ–Όλ¥Έ λ”°λ»ν•κΈΈ κΈ°μ› ν•©λ‹λ‹¤ @601kim  μ—¬κΈ° μ¶”μ²λ“λ¦½λ‹λ‹¤π‘π‘π‘"
2021-02-02 00:00:00+00:00," μƒ¤μ¤λ―Έκ°€ Redmi Note 9Sμ— Android 11 μ†ν”„νΈμ›¨μ–΄ μ—…λ°μ΄νΈ λ°°ν¬λ¥Ό κ°μ‹ν–μµλ‹λ‹¤.μ†ν”„νΈμ›¨μ–΄ λ²„μ „μ€ MIUI 12.0.1.0 RJWMIXMλ΅, λ° 1/1/2021μ λ³΄μ• ν¨μΉ λ° MIUI 12κ°€ ν¬ν•¨λμ–΄ μμµλ‹λ‹¤.#μƒ¤μ¤λ―Έ #ν™λ―Έλ…ΈνΈ #ν™λ―Έλ…ΈνΈ9s #miui12 #μƒ¤μ¤λ―Έν™λ―Έλ…ΈνΈ9sβ–¶ http://m.blog.naver.com/master_sky_/222229245241"
2021-01-14 00:00:00+00:00," μΈμ¦λ¨ the sender sent me a counterfeit product. but does not want my money back. how can you help me?? Comprei um vestido em 25/11/2020, pedido 8121708326925990 atΓ© hoje nΓ£o recebi o vestido, aguardo resposta EstΓ΅ no nome do meu filho Diogo de Oliveira Gaspar FiyatΔ±nΔ± Γ¶Δrenebilirmiyim"
2021-01-12 00:00:00+00:00," μƒ¤μ¤λ―Έκ°€ λ³΄κΈ‰ν• μ¤λ§νΈν°, Redmi Note 9T 5Gλ¥Ό λ°ν‘ν–μµλ‹λ‹¤.19.5:9λΉ„μ¨ 6.53μΈμΉ FHD+ (1080x2340) IPS LCD λ””μ¤ν”λ μ΄, 4GB RAM, 64GB/128GB μ¤ν† λ¦¬μ§€, λ©”μΈ 4800λ§ ν™”μ† + 200λ§ ν™”μ† + 200λ§ ν™”μ† νΈλ¦¬ν” μΉ΄λ©”λΌ, μ „λ©΄ 1300λ§ ν™”μ† μΉ΄λ©”λΌ, 5000mAh λ°°ν„°λ¦¬, Dimensity 800U μ¥νƒ€μ½”μ–΄, micro SDμΉ΄λ“ μ¬λ΅―, Android 10(MIUI 12) λ“±μ μ‚¬μ–‘μ…λ‹λ‹¤.- USB-C- Bluetooth 5.1- 18W κ³ μ† μ¶©μ „- λ©”μΈ f1.8 κ΄‘κ°(μ„μƒμ°¨ AF) + f2.4 μ‹¬λ„ + f2.4 μ ‘μ‚¬ μ„Όμ„ μΉ΄λ©”λΌ- μ „λ©΄ f2.3 μΉ΄λ©”λΌ- λ©”μΈ 4K 30fps μ΄¬μ- μ „λ©΄ FHD 30fps μ΄¬μ- μµλ€ 450λ‹νΈ λ°κΈ°- μƒν™ λ°©μ μ½”ν…- κ³ λ¦΄λΌ κΈ€λΌμ¤ 5- λ“€μ–Ό μ¤ν…λ μ¤ μ¤ν”Όμ»¤- 120Hz ν„°μΉ μƒν”λ§- Daybreak Purple, Nightfall Black64GB μ¤ν† λ¦¬μ§€λ” EUR 229, 128GB μ¤ν† λ¦¬μ§€λ” EUR 269μ— νλ§¤ν•©λ‹λ‹¤.#μƒ¤μ¤λ―Έ #μƒ¤μ¤λ―Έν™λ―Έλ…ΈνΈ #ν™λ―Έλ…ΈνΈ #ν™λ―Έλ…ΈνΈ9t #μƒ¤μ¤λ―Έν™λ―Έλ…ΈνΈ9t #μ¤λ§νΈν°"
2020-11-26 00:00:00+00:00," ν™λ―Έ, λ…ΈνΈ 9 μ‹λ¦¬μ¦ κ³µκ°λ…ΈνΈ 9 Pro 5G6.67μΈμΉ FHD+ 120Hz (LCD)μ¤λƒ…λ“λκ³¤ 750G6/8GB λ¨128/256GB μ¤ν† λ¦¬μ§€108MP λ©”μΈ13MP μ΄κ΄‘κ°2MP μ‹¬λ„2MP μ ‘μ‚¬16MP μ „λ©΄4,820mAh (33W)μ•λ“λ΅μ΄λ“10/MIUI 12κ°€κ²©6+128GB:1,599μ„μ•(μ•½26λ§ 9μ²μ›)8+128GB:1,799μ„μ•(μ•½30λ§ 3μ²μ›)8+256GB:1,999μ„μ•(μ•½33λ§ 7μ²μ›)λ…ΈνΈ 9 5G6.53μΈμΉ FHD+ (LCD)λ―Έλ””μ–΄ν… λ””λ©μ‹ν‹° 800U6/8GB λ¨128/256GB μ¤ν† λ¦¬μ§€48MP λ©”μΈ8MP μ΄κ΄‘κ°2MP μ‹¬λ„13MP μ „λ©΄5,000mAh (22.5W)μ•λ“λ΅μ΄λ“10/MIUI 12κ°€κ²©6+128GB:1,299μ„μ•(μ•½21λ§ 9μ²μ›)8+128GB:1,499μ„μ•(μ•½25λ§ 2μ²μ›)8+256GB:1,599μ„μ•(μ•½26λ§ 9μ²μ›)λ…ΈνΈ 9 4G6.53μΈμΉ FHD+ (LCD)μ¤λƒ…λ“λκ³¤ 6624/6/8GB λ¨128/256GBμ¤ν† λ¦¬μ§€48MP λ©”μΈ2MP μ ‘μ‚¬2MP μ‹¬λ„13MP μ „λ©΄6,000mAh (22.5W)μ•λ“λ΅μ΄λ“10/MIUI 12κ°€κ²©4+128GB:9,99μ„μ•(μ•½16λ§ 8μ²μ›)6+128GB:1,099μ„μ•(μ•½18λ§ 5μ²μ›)8+128GB:1,299μ„μ•(μ•½21λ§ 9μ²μ›)8+256GB:1,499μ„μ•(μ•½25λ§ 2μ²μ›)...#Xiaomi #Redmi #Redmi94G #Redmi95G#Redmi9Pro5G #Smartphone #ν™λ―Έλ…ΈνΈ#μƒ¤μ¤λ―Έ #ν™λ―Έλ…ΈνΈ94G #ν™λ―Έλ…ΈνΈ95G#ν™λ―Έλ…ΈνΈ9ν”„λ΅5G μ§„μ§ λ•…νμ„ μ¥μ‚¬ν•λ‚... λ””μμΈμ„ μ–΄λ–»κ² μ €λ ‡κ² λ§μ— μ•λ“¤κ² λ§λ“¤μ μλ”μ§€..."
2020-09-22 00:00:00+00:00, #λ¬Έμκ³¨νλ§μΊ ν•‘μ¥ μΊ ν•‘ λ• λ¶λ©μ λ§›μ„ μ•μ•„λ²„λ Έμ–΄μ”μ΄μ  λ λ‚΄κ³  λ‚΄ λ νƒμ°λ” κ²ƒ λ§μ£ ? TT#λ¶λ© #μ•Όκ°„μ‚¬μ§„ #μƒ¤μ¤λ―Έ #ν™λ―Έλ…ΈνΈ#μΊ ν•‘ #κ°μ„±μΊ ν•‘
2020-09-19 00:00:00+00:00, μ¤λμ μ‚°μ±…π¤—A walk of the dayπ¤—#Fiona #Yumi #μ •ν”Όμ–΄λ‚μ λ―Έ #μ§‘μ•μ‚°μ±… #μ‚°μ±… #spazieren #baby #cutebaby #μ•„κΈ° #μΌμƒ #μ†ν†µ #μ΅μ•„ #redminote9 #redminote #ν™λ―Έλ…ΈνΈ #ν™λ―Έλ…ΈνΈ9s μ λ―Έ μ‚°μ±…ν•λ”κµ¬λ‚~κΈ°λ¶„μ΄κ°€ μΆ‹μ•„λ³΄μ—¬~~
2020-09-11 00:00:00+00:00, #.λ“€μ–Όμ μ‹¬μ„ μ‚¬μ©ν•΄ λ³΄κ³  μ‹¶μ–΄μ„ κµ¬λ§¤ν• μ•λ“λ΅μ΄λ“ν°2λ²μ λ°°μ†΅ μ‹¤μλ΅ 3μ£Όλ§μ— λ°›μ•λ‹¤..λ¬΄μ„ μ¶©μ „μ΄ μ•λμ§€λ§ μƒ‰μ΄ μμ™Έλ΅ λ„λ¬΄λ‚ μ΄λ»μ„ μΆ‹λ‹¤...#DaN #redmi #note8 #redminote8 #android #dualusim #xiaomi #mi #μ•λ“λ΅μ΄λ“ #ν™λ―Έ #ν™λ―Έλ…ΈνΈ #ν™λ―Έλ…ΈνΈ8 #λ“€μ–Όμ μ‹¬ #νν… #qoo10 #smartphone μ»¬λ¬ μ΄μμ΄μ~~~
2020-08-28 00:00:00+00:00, .μ΄κ±°λ‚ λ¨Ήμ–΄λΌfffffff...μ”μ¦ λ‰΄μ¤μ— λ‚μ¤λ” λ¶„λ…Έμ λ°μ λ†λ“¤μ•„λ…ΈμΈλ„¤λ“¤ μ λ° μΆ€ λ‹¥μ³λΌ.............#ν™λ―Έν¬μ°¨ #ν™λ―Έλ‹­λ° #ν™λ―Έν¬μ°¨μ‹ μ‚¬μ  #ν™λ―Έλ‹­λ°π” #ν†µλ‹­λ° #λ¬΄λΌλ‹­λ° #κ³„λ€μ° #ν™λ―Έλ…ΈνΈ #ν™λ―Έμλ―Έ#λ¨λ“¬μ†μ„Έμ§€ #κµ­λ¬Όλ–΅λ³¶μ΄ #fuckcorona #fuckcovid19 #λ§µμ¤νƒ€κ·Έλ¨ #κ°λ§¤μ›€ #μ‹ μ‚¬μ—­ fffffffλ‹¬κ°€λ½μ΄ λ­”κ°€ νμ΄μ—†.. λ¬ν•κ² λ‹¥λ»‘μ΄λ„¤μ” γ…γ… λ‹¥μ³λΌ!!κ³µκ°λ°±λ°° κ³±κ²λ™μ–΄μ•Όμ§€λ‚λ” λΉµν„°μ§ γ…‹γ…‹γ…‹γ…‹γ…‹γ…‹γ…‹γ…‹γ…‹γ…‹γ…‹γ…‹γ…‹ μµκ³ λ„¤μ”π¤£π‘π»π‘π» γ…‹γ…‹γ…‹ μ‹μ›ν•λ„¤ π‘π»π‘π»π‘π» λ„λ‚ μ™„μ „ ν•µμ‚¬μ΄λ‹¤ π‘ γ…‹γ…‹γ…‹μ£Όλ―Έλ‹ λΉ΅μ³¤λ„¤..π¤£π¤£π¤£ μ•„λ‚°γ…‹γ…‹γ…‹γ…‹γ…‹γ…‹γ…‹γ…‹γ…‹λ„λ¬΄ μ μΎν•΄μ”β¤οΈ μ‚¬λ‘μ¤λ¬μ΄μ°λ¦¬μ–Έλ‹β¤οΈ λ»‘ν γ…‹γ…‹γ…‹γ…‹ π‘π‘π‘ ν™”λ‚΄μ§€λ§μ
2020-07-20 00:00:00+00:00," ν™λ―Έλ…ΈνΈ9sκ°€ μ¶μ‹λμ—μµλ‹λ‹¤π‘α†μ¤λ§νΈν°μ μ „μμΈ μ”μ¦ ν™λ―Έλ…ΈνΈ9sλ„ λ‹¤λ¥Έ ν΄λ€ν°μ— λΉ„ν•΄ κ°€μ„±λΉ„κ°€ λ–¨μ–΄μ§€μ§€ μ•λ” λ›°μ–΄λ‚ μ¤λ§νΈν°μ΄λΌκ³  ν• μ μμµλ‹λ‹¤. μ§€λ‚ 5μ›” κµ­λ‚΄μ— μ •μ‹μΌλ΅ μ¶μ‹ λ ν™λ―Έλ…ΈνΈ9Sλ” μ¶κ³ κ°€ 128GB κΈ°μ¤€ 29λ§9200μ›μ΄λ©° LTEμ „μ©μΌλ΅ μ¶μ‹κ°€ λμ—μµλ‹λ‹¤. μ¶μ‹ μ΄ν›„ μ „μ„Έκ³„μ—μ„ 3000λ§λ€ μ΄μƒ νλ§¤ λμ—μ„λ§νΌ μ¤‘μ €κ°€ν°μΌλ΅ μΈκΈ°κ°€ μμΌλ©°, 30λ§μ› λ―Έλ§μ μ €λ ΄ν• κ°€κ²©μΌλ΅ ν¥ν–‰μ„ μ‡κ³  μμµλ‹λ‹¤.α†μ‚¬μ΄μ¦λ” 6.67μΈμΉλ΅ μ΄μ „ ν™λ―Έλ…ΈνΈ8λ³΄λ‹¤ μ΅°κΈ μ»¤μ΅μΌλ©° 2400X1080 FULL HD+λ¥Ό μ§€μ›ν•μ—¬ κ³ ν•΄μƒλ„μ μ΄λ―Έμ§€μ™€ μμƒμ‹μ²­μ΄ κ°€λ¥ν•©λ‹λ‹¤. μΉ΄λ©”λΌ μ¤ν™ λν• μƒ¤μ¤λ―Έμ μλ‘κ±°λ¦¬ μ¤‘ ν•λ‚μΈλ°μ”. ν›„λ©΄μ—λ” μ΄ 4κ°μ μΉ΄λ©”λΌκ°€ λ“¤μ–΄κ°€λ”λ° 4800λ§ν™”μ†μΈ λ©”μΈμΉ΄λ©”λΌ, 800λ§ ν™”μ†μ μ΄κ΄‘κ° μΉ΄λ©”λΌ, 500λ§ ν™”μ†μ λ§¤ν¬λ΅μΉ΄λ©”λΌ, 200λ§ ν™”μ†μ μ‹¬λ„μΉ΄λ©”λΌκ°€ μ¥μ°©λμ–΄ μμ–΄ μ΄¬μμ‹ κ΄‘ν•™μ¤μ„ μ§€μ›ν•μ—¬ λ””μ§€ν„Έμ¤μΌλ΅ μ•½ 10λ°°κΉμ§€ μ΄¬μν•  μ μμµλ‹λ‹¤. α†μμ•… μ¬μƒμ„ 147μ‹κ°„, κ²μ„μ„ 13μ‹κ°„ μ΄μƒ ν• μ μλ” λ§νΌ 5020mAHμ ν° λ€μ©λ‰ λ°°ν„°λ¦¬κ°€ νƒ‘μ¬λμ–΄ μμ–΄ λ°°ν„°λ¦¬ λ¶€μ΅±ν•  κ±±μ •μ—†μ΄ μ‚¬μ© ν•  μ μκ³ , 18Wμ κ³ μ†μ¶©μ „μ„ μ§€μ›ν•μ—¬ μ¶©μ „μ†λ„λ„ ν•μΈµ λΉ¨λΌμ΅μµλ‹λ‹¤.μ¶©μ „ λ‹¨μλ” 5ν•€μ—μ„ Cν•€μΌλ΅ λ³€κ²½λμ—κ³  μ§€λ¬Έμ„Όμ„λ” ν΄λ€ν° μ† μΈ΅λ©΄μ— μλ¦¬ν•κ³  μμ–΄ λ²„νΌμ— μ†κ°€λ½μ„ κ°€μ Έλ‹¤ λ€λ©΄ μ§€λ¬ΈμΈμ‹μ΄ κ°€λ¥ν•©λ‹λ‹¤.α†ν΄λ€ν° μƒ‰μƒμ€ κΈ€λ μ΄μ…” ν™”μ΄νΈ, μΈν„°μ¤ν…”λΌ κ·Έλ μ΄κ°€ μκ³ , μ΄ μ™Έμ— μ΄μ–΄ν°λ‹¨μ, νμ΄μ¤ μ–Έλ½, λ“€μ–Όμ‹¬ μ§€μ›, μ μ™Έμ„  λ¦¬λ¨μ»¨ κΈ°λ¥ λ“±μ„ μ§€μ›ν•©λ‹λ‹¤.α†ν™λ―Έλ…ΈνΈ9Sλ” 2λ…„κ°„ λ¬΄μƒA/S κ°€λ¥ν•λ©°, μ „κµ­μ— μ„μΉν• μƒ¤μ¤λ―Έ κ³µμ‹ μ„λΉ„μ¤μ„Όν„°μ—μ„ μ„λΉ„μ¤ μ κ³µλ°›μ„ μ μμµλ‹λ‹¤.α†#soultz #μ†”μΈ  #μ†”μΈ κ°•ν™”μ λ¦¬ #ν΄λ€ν°μ•…μ„Έμ‚¬λ¦¬ #μ•΅μ •ν•„λ¦„ #ν΄λ€ν°μ•΅μ •μ λ¦¬ #κ°•ν™”μ λ¦¬ #ν΄λ€ν° #ν™λ―Έλ…ΈνΈ #ν™λ―Έλ…ΈνΈ9Sμ¶μ‹ #ν™λ―Έλ…ΈνΈμ¶μ‹"
2020-07-18 00:00:00+00:00, κ³§μμ λΉ„κ°€ μ¨λ‹¤ ν–λ”λ°~ λ² λ€λ‹¤μ—μ„ λ³΄λ” μ•„μΉ¨ λ·°κ°€ μ¥‘μ΄λ„¤?!#κµ¬λ¦„κ°€λ“ #κµ¬λ¦„κ°€λ“ ν•λ #ν•΄λ¨κΈ°μ „ #ν•΄λ¨κΈ°μ§μ „ #μ•„λ¦„λ‹¤μ΄ν•λ #ν¬ν†  #ν¬ν† κ·ΈλνΌ #λΉ„μ¤κΈ°μ§μ „ #ν™λ―Έλ…ΈνΈ #μ‚¬μ§„ #μ‚¬μ§„μ¤νƒ€κ·Έλ¨ #μ‚¬μ§„μ°λ”λ‚¨μ
2020-07-15 00:00:00+00:00, λ―Έ10λΌμ΄νΈ μ‚¬μ „μμ•½γ…γ…β— #μ΄μ•”λ™#μ΄μ•”λ™λ§›μ§‘#μ΄μ•”λ™ν•Έλ“ν°#μ΄μ•”λ™μ¤‘κ³ ν°#ν•Έλ“ν°μµμ €κ°€#follow4followback#λ§ν”#κ΄‘μ£Ό#skλ§¤μ§#μΊ΅μ¤#κ°¤λ­μ‹#me10lite#μ• ν”#μ„ ν”ν•λ©΄λ§ν”#insta#like#instargram#μ§μ¥μΈ#λ―Έ10λΌμ΄νΈ#ν™λ―Έλ…ΈνΈ#f4f#follow#μ—¬μ#λ‚¨μ#μ†ν†µ#μΈμΉ#dm#λ¬Έμν™μ#μ¤‘μ €κ°€#μƒ¤μ¤λ―Έ
2020-07-11 00:00:00+00:00," μ—¬κΈ° μ–΄λ”κ°€ κ°κµ¬λ¦¬κ°€ μ¨μ–΄λ“¤μ—λ‹¤. λ¶€λ”” ν›λ¥­ν• κ°κµ¬λ¦¬λ΅ μλΌλ‚κ³ , λ‹¤μμ— λ λ³΄μ.#shotbymi #xiaomi #redmi #redminote9s #xiaomikorea #quadcamera #aiquadcamera #πΈ #μƒ¤μ¤λ―Έ #ν™λ―Έλ…ΈνΈ #ν™λ―Έλ…ΈνΈ9s #πΏ μ°μΌμ‹ κ² ν™λ―Έλ…ΈνΈμ΄μ‹ κ±°μ£ ? μΉ΄λ©”λΌμ©μΌλ΅λ§ μ‚¬μ©ν• λ ¤ν•λ”λ° μ¶”μ²ν• λ§ν•μ‹ κ°€μ”?"
2020-07-11 00:00:00+00:00, μ•„κΈ° κ°κµ¬λ¦¬μ λΉ„μƒ#shotbymi #xiaomi #redmi #redminote9s #xiaomikorea #quadcamera #aiquadcamera #frog #μƒ¤μ¤λ―Έ #ν™λ―Έλ…ΈνΈ #ν™λ―Έλ…ΈνΈ9s #κ°κµ΄κ°κµ΄
2020-07-11 00:00:00+00:00," μ„ΈμƒμΌλ΅μ μ²« λ°μ„ λ‚΄λ”›μ€ μ‘μ€ μ•„κΈ° κ°κµ¬λ¦¬. λ„κµ¬λ“ μ§€ μ‘μ€ μ•„κΈ° κ°κµ¬λ¦¬λ¥Ό κ±΄λ“λ¦¬λ©΄ β™¥λλ”κ±°μ•Ό#shotbymi #xiaomi #redmi #redminote9s #xiaomikorea #quadcamera #aiquadcamera #frog #μƒ¤μ¤λ―Έ #ν™λ―Έλ…ΈνΈ #ν™λ―Έλ…ΈνΈ9s #κ°κµ¬λ¦¬ #πΈ μ €λ” μ΄λ²μ— μƒν•΄μ— μλ” μƒ¤μ¤λ―Έ λ§¤μ¥ λ‹¤λ…€μ™”λ”λ° μ§„μ§ μ•νλ”κ² μ—†λ”λΌκµ¬μ”! ITμ ν’λ§ νλ”κ² μ•„λ‹λΌ μκ±΄, μ•κ²½κ°™μ€ μƒν™μ΅ν™”κ°™μ€κ²ƒλ„ μ—„μ²­ λ§μ΄ ν”λ”λΌκµ¬μ”.λ‹¤λ¥Έλ¶„λ“¤μ΄λ‘ κ³µμ ν• λ ¤κ³  μμƒκΉμ§€ μ°μ–΄μ„ μ νλΈμ— μ¬λ Έμ–΄μ”"
2020-07-11 00:00:00+00:00," μ¤λμ ν•«π”¥ λ§¤λ¬Όμ„Έμ»¨ν°, ν¨λ„ν°, ν…μ¤νΈμ©ν°μΌλ΅ λ¶€λ‹µμ—†μ΄ κ°€μ„±λΉ„κ°‘ λ€λ¥™μμ‹¤μ~μƒ¤μ¤λ―Έ ν™λ―Έλ…ΈνΈ 8Tβ €β €β €β €β € β €β €β €β €β €β €β € β €β €β €β €β €β €β € β €β €β €β €β €β €β € β €β €β €β €β €β € β €β €β €β €β €β €β € β €β €β €β €β €β €β € β €β €β €β €β €β €β € β €β €β €β €β €β €β € β €β €π‘‰κ°€κ²©: 55,000μ›π‘‰μƒνƒ: SκΈ‰ (ν’€λ°•)μμ„Έν• μ •λ³΄λ” allpal.page.link/fb μ—μ„!#μ¬λ¦¬λ©΄ν”λ¦°λ‹¤ #allpal #μ¬ν” #μ΄κ°„λ‹¨μ¤‘κ³ κ±°λ ο»Ώ#λ―Ώκ³ μ“°λ”μ¤‘κ³ κ±°λμ•± ο»Ώο»Ώ#ν™λ―Έλ…ΈνΈ #μƒ¤μ¤λ―Έ #μƒ¤μ¤λ―Έν™λ―Έλ…ΈνΈ #μƒ¤μ¤λ―Έμ¤λ§νΈν°#ν™λ―Έλ…ΈνΈ8T #νμ£Όμ§κ±°λ#νμ£Όμ¤λ§νΈν°κ±°λ #νμ£Όμ¤‘κ³ μ¤λ§νΈν°#μ¤‘κ³ μ¤λ§νΈν°κ±°λο»Ώ μ €λ” μ΄λ²μ— μƒν•΄μ— μλ” μƒ¤μ¤λ―Έ λ§¤μ¥ λ‹¤λ…€μ™”λ”λ° μ§„μ§ μ•νλ”κ² μ—†λ”λΌκµ¬μ”! ITμ ν’λ§ νλ”κ² μ•„λ‹λΌ μκ±΄, μ•κ²½κ°™μ€ μƒν™μ΅ν™”κ°™μ€κ²ƒλ„ μ—„μ²­ λ§μ΄ ν”λ”λΌκµ¬μ”.λ‹¤λ¥Έλ¶„λ“¤μ΄λ‘ κ³µμ ν• λ ¤κ³  μμƒκΉμ§€ μ°μ–΄μ„ μ νλΈμ— μ¬λ Έμ–΄μ”"
2020-07-07 00:00:00+00:00, μƒ¤μ¤λ―Έ ν™λ―Έλ…ΈνΈ9S μ–Έλ°•μ‹± ν›„κΈ°. λ¬΄μ΅°κ±΄ μ‚¬μ„Έμ”. κ°€μ„±λΉ„ λνμ™•. #μƒ¤μ¤λ―Έ #ν™λ―Έλ…ΈνΈ #ν™λ―Έλ…ΈνΈ9s #xiaomi #redmi #redminote #redmonote9s
2020-07-04 00:00:00+00:00," μ•λ…•ν•μ„Έμ” ν€κΈ°μ…λ‹λ‹¤ πππμ¤λμ€ κ°“μ„±λΉ„ ν΄λ€ν° 3μΆ…μ„ μ•λ ¤λ“λ¦¬κΈ° μ„ν•΄ μ™”μ–΄μ”!!!μ‚Όμ„±, lg, μƒ¤μ¤λ―Έ μ„Έ νμ‚¬μ ν΄λ€ν° μ΄μ  μ‹μ‘ν•λ„λ΅ ν• κ²μ”π’π’π’μ„Έ μ¤λ§νΈν°μ€ λ¨λ‘ κ°™μ€ μ¤λ§νΈ ν°μΈλ° κ°κ° μ¤ν™μ΄ λ‹¬λΌμ”π™π™π™μ²«μ§Έ μ‚Όμ„± μ¤λ§νΈν°( a31)6.4μΈμΉ μΈν”Όλ‹ν‹° Uλ””μ¤ν”λ μ΄4800λ§ ν™”μ†μ μΏΌλ“μΉ΄λ©”λΌ5000mAh λ€μ©λ‰ λ°°ν„°λ¦¬64G μ €μ¥κ³µκ°„μ‚Όμ„± νμ΄λ‘μ§Έ lg μ¤λ§νΈν°(Q51)6.5μΈμΉ λ€ν™”λ©΄ λ””μ¤ν”λ μ΄κ³ ν’κ²© μ‚¬μ΄λ“ μ¤ν…λ μ¤ μ¤ν”Όμ»¤, DTS X 3D1300λ§ ν™”μ†μ νΈλ¦¬ν”μΉ΄λ©”λΌ32G μ €μ¥κ³µκ°„ (2TB μ™Έμ¥λ©”λ¨λ¦¬μ§€μ›)4000mAh λ€μ©λ‰ λ°°ν„°λ¦¬LG νμ΄λ―Έκµ­ κµ°μ‚¬κ·κ²© ν…μ¤νΈ ν†µκ³Όμ…‹μ§Έ μƒ¤μ¤λ―Έ μ¤λ§νΈν°(ν™λ―Έλ…ΈνΈ 9s)6.67μΈμΉμ FHD+ λ””μ¤ν”λ μ΄4800λ§ ν™”μ†μ μΏΌλ“μΉ΄λ©”λΌ5000mAh λ€μ©λ‰ λ°°ν„°λ¦¬128GB μ €μ¥κ³µκ°„μ΄λ ‡κ² κ°“μ„±λΉ„ 3μΆ…μ„ μ•μ•„ λ³΄μ•λ”λ°μ”!! μ¶”κ°€μ μΈ ννƒμ΄ κ¶κΈν•μ‹λ‹¤λ©΄ λ“κΈ€μ΄λ‚ DMμΌλ΅ λ³΄λ‚΄μ£Όμ‹λ©΄ μΉμ ν λ‹µλ³€ν•΄ λ“λ¦¬κ² μµλ‹λ‹¤!!#q51 #a31 #ν™λ―Έλ…ΈνΈ #ν™λ―Έλ…ΈνΈ9s #skt #skμ²νΈμ‚¬κ±°λ¦¬μ  #sktμ²νΈμ‚¬κ±°λ¦¬μ  #κ°“μ„±λΉ„ #ν΄λ€ν° #ν• μΈ #ννƒ #μΉμ λ§¤μ π‘"
